regime,theta,response,width,iteration,intrinsic_time,batch,true_sgd_noisy_centered,true_sgd_noisy_centered_se,finite_w_noisy_centered,de_noisy_centered,true_sgd_noise_gap,true_sgd_noise_gap_se,finite_w_noise_gap,de_noise_gap
IM,0.0,boundary,512,0,0.0,16,2.2152687691469755,2.778272043934457e-17,2.2152687691469763,2.2138388888836813,0.0,0.0,0.0,0.0
IM,0.0,boundary,512,1,0.1542358173412625,16,1.9255819218139583,0.004531681482063257,1.9292063860888549,1.9143459080516319,0.0537226576402942,0.0020121060032316303,0.05256398403356702,0.05278546144570467
IM,0.0,boundary,512,2,0.308471634682525,16,1.7055425395072037,0.005396085453047751,1.7125568939734621,1.6891765449425802,0.09166289855668386,0.0033003050179094434,0.09320344439864017,0.09350276773627192
IM,0.0,boundary,512,3,0.4627074520237875,16,1.5405561714288751,0.005622216270968308,1.54675627244487,1.518213374500394,0.11998817844400204,0.0037723811644813825,0.1250607415354707,0.12535371777705925
IM,0.0,boundary,512,4,0.61694326936505,16,1.4134699605292496,0.005808575274692382,1.4183842403006262,1.386955408404404,0.14574176595641075,0.004466953364640886,0.15040997820557828,0.1506512465561625
IM,0.0,boundary,512,5,0.7711790867063124,16,1.3119268504955839,0.005570019544489054,1.3177163030967596,1.2849293837157711,0.1629746687654387,0.004534885435105393,0.170901773159348,0.17107062440537474
IM,0.0,boundary,512,6,0.925414904047575,16,1.233997045020335,0.005682889291967104,1.237686889054268,1.2045533452471044,0.1831994491552737,0.004906749500648271,0.18773831775450456,0.18782907955812672
IM,0.0,boundary,512,7,1.0796507213888373,16,1.1672604791561696,0.005806187048784146,1.1731462212907036,1.140323281032988,0.19447404408113675,0.005224671660247444,0.2017986948757126,0.20181432947943356
IM,0.0,boundary,512,8,1.2338865387301,16,1.1214409597068387,0.0059516879704384325,1.1203272101082133,1.0882305929615754,0.214889251793687,0.005537369150934526,0.213728689567593,0.21367662690024078
IM,0.0,boundary,512,9,1.3881223560713625,16,1.07274681588856,0.005903698716071475,1.076462612085602,1.0453445806316755,0.2218383339412562,0.005574656873405762,0.22400523108173231,0.2238947379917583
IM,0.0,boundary,512,10,1.5423581734126248,16,1.0432664851295144,0.006360469238284483,1.0395097826800233,1.0095129413172634,0.23782746959265064,0.006098802714591145,0.23298269586560255,0.23282328542860015
IM,0.0,boundary,512,11,1.6965939907538874,16,1.015376436252421,0.006446500591088623,1.0079525289394589,0.9791467180779203,0.24886709485466352,0.006231833667690213,0.24092622921030651,0.2407267615900607
IM,0.0,boundary,512,12,1.85082980809515,16,0.9815919795305775,0.006404297851025154,0.980658258920818,0.953065710927695,0.24899552058295532,0.006213403901072687,0.24803576757906187,0.24780400018472276
IM,0.0,boundary,512,13,2.0050656254364125,16,0.9489298210650532,0.006330647197265719,0.9567748277109152,0.930387206293305,0.24683261258464728,0.006166700122066883,0.25446339199344925,0.2542058125959029
IM,0.0,boundary,512,14,2.1593014427776747,16,0.9283470891182359,0.005859283726525444,0.9356559105569591,0.9104457642177721,0.25274912608889305,0.005706804023860409,0.26032589299474374,0.2600477232447263
IM,0.0,boundary,512,15,2.3135372601189372,16,0.9101993917509594,0.006152866267038374,0.9168068999093479,0.8927352914384163,0.25885694110429147,0.006030052112596628,0.26571389271049556,0.2654191872440882
IM,0.0,boundary,512,16,2.4677730774602,16,0.8935159628245644,0.006006987369905511,0.8998455872978164,0.8768671212123906,0.2642278099212537,0.005899418409567336,0.270698487634085,0.2703902801662286
IM,0.0,boundary,512,17,2.6220088948014624,16,0.8842161660375982,0.006293835134773388,0.8844735109797034,0.8625396025565965,0.27471459301670864,0.006205445259674176,0.27533610289381594,0.27501656869232016
IM,0.0,boundary,512,18,2.776244712142725,16,0.8686940025814427,0.0064915275864062755,0.8704550102219197,0.8495159756893884,0.2770073059333099,0.006414278953581378,0.2796720537492896,0.27934267005598346
IM,0.0,boundary,512,19,2.930480529483987,16,0.8602297490170889,0.0066798578054800915,0.8576018581624121,0.8376082219487777,0.2853700836511826,0.006612244378721286,0.28374317051841447,0.2834048645791657
IM,0.0,boundary,512,20,3.0847163468252496,16,0.8529083237511186,0.00702621086410111,0.8457619411175328,0.8266652288319731,0.2933295459220554,0.006967704883886245,0.28757974322969965,0.28723302285856805
IM,0.0,boundary,512,21,3.238952164166512,16,0.8462504587898645,0.007209757581863559,0.8348108798467113,0.8165640779556784,0.3014556747064031,0.007157784597435035,0.29120697069316115,0.2908520356165476
IM,0.0,boundary,512,22,3.393187981507775,16,0.8318117671332241,0.007211889372085031,0.8246457954412448,0.8072035984507168,0.30070375653290654,0.007163008021931267,0.29464604731742694,0.29428288154966464
IM,0.0,boundary,512,23,3.5474237988490374,16,0.8236691158524386,0.007316525848006464,0.8151806433277597,0.7984995682780218,0.3053835321376754,0.007272142540185769,0.29791498411076994,0.2975434307430758
IM,0.0,boundary,512,24,3.7016596161903,16,0.8074120619252411,0.0070846103234276795,0.8063426977991126,0.7903811181250407,0.30113400155626313,0.007042658850491749,0.30102923377759416,0.30064905412288356
IM,0.0,boundary,512,25,3.855895433531562,16,0.7950195244212939,0.006696567217771112,0.7980698839893091,0.7827880161686885,0.30013080367122585,0.006656056262537614,0.30400217072158264,0.3036130899577469
IM,0.0,boundary,512,26,4.010131250872825,16,0.7799444585461317,0.006612213555586877,0.7903087368136585,0.7756686008428211,0.2956271077911811,0.006574114128238952,0.3068454629921885,0.3064472044278373
IM,0.0,boundary,512,27,4.164367068214087,16,0.77354326114434,0.006449409172580086,0.7830128260713733,0.7689781926745758,0.2992823809590648,0.006412479903502862,0.30956936326010837,0.30916167320391785
IM,0.0,boundary,512,28,4.318602885555349,16,0.771869546776794,0.006654908739555686,0.7761415300873218,0.7626778623035787,0.3073782766260137,0.006621768308179268,0.31218293870435,0.3117656037136682
IM,0.0,boundary,512,29,4.472838702896612,16,0.7686941630895497,0.006811766409856437,0.769659071568002,0.7567334650171964,0.31331523808145045,0.006782160530601406,0.3146942544679966,0.314267112523312
IM,0.0,boundary,512,30,4.6270745202378745,16,0.7695648234916551,0.007468423784523647,0.7635337520782863,0.7511148761381714,0.3224025409162161,0.0074435495629757795,0.31711052153926333,0.3166734684623991
IM,0.0,boundary,512,31,4.7813103375791375,16,0.7663719862484023,0.007618735688148047,0.7577373380920802,0.7457953789782541,0.3273110266273521,0.007595666785483861,0.31943821714240583,0.31899120936151787
IM,0.0,boundary,512,32,4.9355461549204,16,0.7574789366792758,0.007148772761970492,0.7522445636450797,0.7407511696800402,0.3263697205192771,0.00712622428129782,0.32168318369456417,0.32122623826522106
IM,0.0,boundary,512,33,5.089781972261662,16,0.7505625712169244,0.006743594388968385,0.7470327234550473,0.7359609524416217,0.32698639319828654,0.006720316912501413,0.32385071089479356,0.32338390351639024
IM,0.0,boundary,512,34,5.244017789602925,16,0.7432515633564143,0.006876875315313877,0.7420813368635865,0.7314056053115283,0.3269783063909071,0.006855542699700738,0.3259456044127575,0.3254690660334596
IM,0.0,boundary,512,35,5.398253606944187,16,0.7345364751567212,0.006957660120787914,0.7373718677349856,0.7270679016422268,0.32492176734610345,0.006938014524841656,0.3279722438304177,0.327486156310446
IM,0.0,boundary,512,36,5.55248942428545,16,0.7373729903743345,0.007635629166988395,0.7328874889858835,0.7229322758935226,0.3344211895237881,0.007618398553232352,0.3299346318836677,0.3294392230839221
IM,0.0,boundary,512,37,5.706725241626712,16,0.7322367845841561,0.007181735097844921,0.7286128830497149,0.7189846251385301,0.3356508130724325,0.007163836166055965,0.33183643659660167,0.3313319751749771
IM,0.0,boundary,512,38,5.860961058967974,16,0.7320370905716329,0.0067955387082731964,0.7245340715451977,0.7152121396009872,0.3413621149303728,0.006777532791067878,0.33368102755866574,0.3331678176874596
IM,0.0,boundary,512,39,6.015196876309237,16,0.7192714319779665,0.006630066941251298,0.7206382688949607,0.7116031570287893,0.3343443685756271,0.006612629280816329,0.3354715073349948,0.33494988349720467
IM,0.0,boundary,512,40,6.169432693650499,16,0.7115539098246236,0.006462605122380358,0.7169137557571248,0.7081470368185852,0.33190071101893104,0.006445448609669573,0.33721073880146507,0.33668106077937676
IM,0.0,boundary,512,41,6.323668510991762,16,0.708855304381339,0.006677694130775088,0.7133497689827777,0.7048340506470764,0.33462079479248796,0.006662055134633479,0.33890136904278967,0.33836401717716114
IM,0.0,boundary,512,42,6.477904328333024,16,0.7064200580106016,0.0064782085159017086,0.709936405464205,0.7016552870067068,0.33710423775761467,0.00646280060927501,0.340545850332931,0.34000122110363706
IM,0.0,boundary,512,43,6.632140145674287,16,0.7074169052063839,0.0067229252039867045,0.7066645377425251,0.6986025675379159,0.3429575674454154,0.006709082542024013,0.3421464586238008,0.34159496058159916
IM,0.0,boundary,512,44,6.78637596301555,16,0.712294420923738,0.007087394790822833,0.7035257396358585,0.6956683734344695,0.3527685745992953,0.007074986287174763,0.34370530989445003,0.34314735995738127
IM,0.0,boundary,512,45,6.940611780356812,16,0.7139668097014942,0.007010551599069732,0.7005122204575172,0.692845780499928,0.35887684656310714,0.006998327667102081,0.34522437465413613,0.34466039476997057
IM,0.0,boundary,512,46,7.094847597698075,16,0.7085361858803798,0.0074072445803751875,0.6976167666380064,0.6901284016722128,0.35780794847395164,0.007396510228777392,0.34670549084533225,0.3461359050126166
IM,0.0,boundary,512,47,7.249083415039337,16,0.7034612152081041,0.00691033353238059,0.694832689759906,0.6875103360243273,0.35701772032915335,0.006899286999207856,0.348150375354374,0.34757560698832024
IM,0.0,boundary,512,48,7.4033192323806,16,0.6989319405576214,0.0066462619847916975,0.6921537801720693,0.6849861234036246,0.3565163704087502,0.006635563935093796,0.3495606343060562,0.34898110393121184
IM,0.0,boundary,512,49,7.557555049721862,16,0.6911452037366139,0.00667895478858114,0.6895742654775023,0.6825507039978127,0.35269436627843376,0.006668654755722954,0.350937772292638,0.3503538955415314
IM,0.0,boundary,512,50,7.711790867063124,16,0.6741289861284083,0.0059465018334820445,0.6870887732940822,0.680199382219334,0.3394656503174405,0.00593556911475305,0.3522832006662625,0.3516953865616615
IM,0.0,boundary,512,51,7.866026684404387,16,0.6714922679314219,0.006171595194113129,0.6846922977737906,0.6779277943855315,0.34061963067193746,0.006161366798232457,0.35359824500587067,0.3530068945036486
IM,0.0,boundary,512,52,8.02026250174565,16,0.6732087975989234,0.006142657763959839,0.6823801694380841,0.6757318797436835,0.34600192424392967,0.006132810489226284,0.3548841518546283,0.35428965662425893
IM,0.0,boundary,512,53,8.174498319086911,16,0.6682788521432759,0.006058679411057837,0.6801480279472403,0.6736078544502755,0.34461432159599426,0.006049034309777897,0.3561420948111509,0.3555448362313758
IM,0.0,boundary,512,54,8.328734136428174,16,0.6719581388255096,0.0063872606247916625,0.677991797472241,0.6715521881649436,0.35172500163187426,0.006378131705675692,0.357373180046998,0.35677352839507864
IM,0.0,boundary,512,55,8.482969953769437,16,0.6716792568641069,0.0064574908269099,0.67590766438072,0.6695615829629853,0.3548215190995363,0.006448848534394025,0.3585784513136808,0.35797676512775434
IM,0.0,boundary,512,56,8.637205771110699,16,0.6726447720471791,0.00638403576927869,0.673892056985073,0.6676329543075388,0.3589171436640569,0.006375803684591513,0.359758894494516,0.35915552008983037
IM,0.0,boundary,512,57,8.791441588451962,16,0.6664432296930669,0.0062597036218862935,0.6719416271321255,0.665763413854501,0.35587496768928273,0.006251583713752489,0.3609154417498623,0.3603107128710043
IM,0.0,boundary,512,58,8.945677405793225,16,0.6643671339671664,0.00657479709517964,0.6700532334406218,0.6639502538908558,0.35687713960719447,0.006567318611871451,0.36204897529840796,0.3614432128910098
IM,0.0,boundary,512,59,9.099913223134486,16,0.6648337412117689,0.006450099672060892,0.6682239260159817,0.6621909332309631,0.36015552486218444,0.00644253830153057,0.36316033087209576,0.36255384295887294
IM,0.0,boundary,512,60,9.254149040475749,16,0.6575903505444705,0.006118026654001126,0.6664509324918161,0.6604830644161173,0.3558281373954958,0.006110220776925675,0.36425030087787,0.3636433825251776
IM,0.0,boundary,512,61,9.408384857817012,16,0.6634918096222963,0.006332863432706279,0.6647316452651058,0.6588244020807477,0.36445609203877116,0.006325643771765816,0.36531963729559036,0.3647125706579704
IM,0.0,boundary,512,62,9.562620675158275,16,0.6636370790828201,0.006726698270560674,0.6630636098070948,0.6572128323644006,0.3672985580688696,0.0067202007363308365,0.36636905433812,0.3657621087695284
IM,0.0,boundary,512,63,9.716856492499536,16,0.6570664138228788,0.0067385992354987425,0.6614445139451739,0.6556463632624442,0.36339426535953256,0.006732326711617808,0.3673992308966676,0.36679266311822023
IM,0.0,boundary,512,64,9.8710923098408,16,0.6618272221920548,0.006600989385231569,0.6598721780225981,0.6541231158205156,0.3707531770234031,0.006594714766792321,0.3684108127919108,0.36780486710705357
IM,0.0,boundary,512,65,10.025328127182062,16,0.6585477484972861,0.006565972336343838,0.6583445458530277,0.6526413160883501,0.37006883431866455,0.006559972520096815,0.3694044148491804,0.3687993233981815
IM,0.0,boundary,512,66,10.179563944523323,16,0.6587430792583668,0.006817332494065362,0.6568596763957886,0.6511992877579513,0.37263190211144637,0.006811700215099712,0.3703806228140146,0.3697766058605892
IM,0.0,boundary,512,67,10.333799761864586,16,0.6565561316712802,0.006915598687018867,0.6554157360856034,0.6497954454192829,0.37285032729409406,0.006910180104493241,0.37133999512265886,0.37073726136636803
IM,0.0,boundary,512,68,10.48803557920585,16,0.6601347274077255,0.006970128701738587,0.6540109917574536,0.6484282883738994,0.37868925866959413,0.006964776409883549,0.3722830645405528,0.3716818114493849
IM,0.0,boundary,512,69,10.642271396547113,16,0.6566633674402441,0.007147320962394967,0.6526438041133568,0.6470963949533233,0.37747101498551894,0.007142209183562223,0.373210339680499,0.3726107538387271
IM,0.0,boundary,512,70,10.796507213888374,16,0.658742808837181,0.007036668703263842,0.651312621683249,0.6457984172946313,0.3816973692080737,0.0070315276773815875,0.37412230641101,0.3735245638780476
IM,0.0,boundary,512,71,10.950743031229637,16,0.6591562622382061,0.007159628254438179,0.650015975236961,0.6445330765307054,0.3843226658238654,0.007154708239387387,0.37501942916427367,0.37442369584081076
IM,0.0,boundary,512,72,11.1049788485709,16,0.6521940616439706,0.006868694679582038,0.6487524726085362,0.6432991583570338,0.37951465233338955,0.00686372018554124,0.3759021521522383,0.37530858415044593
IM,0.0,boundary,512,73,11.259214665912161,16,0.6493174865306279,0.006894313423472379,0.6475207938979266,0.6420955089408771,0.37880955010116846,0.0068895172098792255,0.3767709004984834,0.3761796445135272
IM,0.0,boundary,512,74,11.413450483253424,16,0.6541828946055126,0.007440453309619712,0.6463196870184742,0.6409210311420919,0.38577939253911353,0.00743611084447976,0.37762608129280134,0.3770372749733064
IM,0.0,boundary,512,75,11.567686300594687,16,0.6456230581421343,0.006958356147181554,0.645147963561598,0.639774681018014,0.3791011147132001,0.006953835771475046,0.3784680845747558,0.377881856890225
IM,0.0,boundary,512,76,11.721922117935948,16,0.6365297746877772,0.006537318376803039,0.6440044949527898,0.6386554645875493,0.3718853947823372,0.006532535110514191,0.37929728425188836,0.3787137558553943
IM,0.0,boundary,512,77,11.876157935277211,16,0.6477071056199109,0.00670787228300956,0.6428882088754286,0.6375624348320794,0.3850126054226011,0.006703464231311113,0.38011403895772433,0.37953332254247457
IM,0.0,boundary,512,78,12.030393752618474,16,0.6528937763911984,0.0066712699312548905,0.641798085941077,0.6364946889129783,0.39218711059176237,0.006667011558501339,0.3809186928542512,0.3803408935028777
IM,0.0,boundary,512,79,12.184629569959737,16,0.6464741594788537,0.006877531417574234,0.640733156586853,0.6354513655874872,0.38760893162970456,0.00687345012937108,0.3817115763831259,0.38113679190876315
IM,0.0,boundary,512,80,12.338865387300999,16,0.6419117552349137,0.0068668104093057986,0.6396924981822063,0.63443164280644,0.3848872209039854,0.0068628152181921705,0.38249300696948507,0.38192132824789543
IM,0.0,boundary,512,81,12.493101204642262,16,0.6316296938736482,0.006830542571280481,0.6386752323289907,0.6334347354788967,0.3764095864510435,0.006826538492104969,0.38326328968189205,0.3826948009740626
IM,0.0,boundary,512,82,12.647337021983525,16,0.6286357322868255,0.006470447840269824,0.6376805223401262,0.63245989339013,0.37520299554989156,0.006466430039911583,0.3840227178516503,0.38345749711642857
IM,0.0,boundary,512,83,12.801572839324786,16,0.6351784554780928,0.006752617454878324,0.6367075708834139,0.631506399260676,0.3835869782293739,0.006748809827597671,0.3847715736544335,0.384209692850898
IM,0.0,boundary,512,84,12.955808656666049,16,0.6342970860350655,0.006708549521165075,0.6357556177782132,0.6305735669352726,0.38428396777191876,0.006704727648124319,0.3855101286569372,0.3849516540363034
IM,0.0,boundary,512,85,13.110044474007312,16,0.6367702473008204,0.006749627815927971,0.6348239379337217,0.6296607396915261,0.3884239453895494,0.006745935400710269,0.3862386443310283,0.3856836367179866
IM,0.0,boundary,512,86,13.264280291348573,16,0.6371918239487895,0.006653944675954799,0.6339118394185389,0.6287672886590503,0.3905521001844636,0.006650338253286578,0.3869573725376675,0.38640588760112726
IM,0.0,boundary,512,87,13.418516108689836,16,0.6363137573550254,0.006475990694712828,0.6330186616520408,0.6278926113406422,0.39117465830134734,0.006472350434913953,0.38766655598269384,0.387118644495975
IM,0.0,boundary,512,88,13.5727519260311,16,0.6384028149883529,0.007075953038600968,0.632143773708867,0.6270361302277954,0.3948016082917083,0.007072709871290836,0.38836642864639503,0.38782213673696597
IM,0.0,boundary,512,89,13.726987743372362,16,0.644269723193681,0.007216955385244766,0.6312865727285177,0.6261972915035152,0.40210121907129615,0.007213763807465957,0.3890572161886324,0.3885165855775397
IM,0.0,boundary,512,90,13.881223560713623,16,0.6421646532752756,0.0071141714433829864,0.6304464824226983,0.6253755638260017,0.4015547482590901,0.0071110338155285745,0.3897391363311541,0.38920220456232846
IM,0.0,boundary,512,91,14.035459378054886,16,0.6427605052998675,0.007388782896834646,0.6296229516736271,0.6245704371873095,0.4035368575556969,0.0073858268956502405,0.3904123992186014,0.38987919987825775
IM,0.0,boundary,512,92,14.18969519539615,16,0.6293518780683311,0.006613516189904103,0.6288154532170528,0.6237814218415841,0.39167142550653977,0.006610259373727981,0.39107720775960125,0.390547770685974
IM,0.0,boundary,512,93,14.34393101273741,16,0.6279577930513253,0.006740785618019757,0.6280234824042084,0.6230080472979197,0.39172734505961576,0.006737704711675883,0.39173375794923115,0.39120810943290757
IM,0.0,boundary,512,94,14.498166830078674,16,0.6206212433599101,0.006514223841029907,0.6272465560373708,0.62224986137329,0.3857491722679141,0.006511051366413993,0.3923822391740461,0.39186040214917617
IM,0.0,boundary,512,95,14.652402647419937,16,0.6258181662941479,0.0065638406789004945,0.6264842112740979,0.6215064293013673,0.39236211439096746,0.006560737153886601,0.3930228345007736,0.3925048287274451
IM,0.0,boundary,512,96,14.8066384647612,16,0.6294672613976481,0.006797530523969817,0.6257360045955846,0.620777332893381,0.3974086919241395,0.006794521274713255,0.39365572094969703,0.3931415631877734
IM,0.0,boundary,512,97,14.960874282102461,16,0.6334722560026123,0.0070090419071434295,0.6250015108349167,0.6200621697474682,0.40282150876494616,0.007006306157980258,0.39428106975367916,0.39377077392840165
IM,0.0,boundary,512,98,15.115110099443724,16,0.6335013019128175,0.00713686161845413,0.6242803222613136,0.6193605525032507,0.4042636763506805,0.007134224548114169,0.39489904660370645,0.39439262396336505
IM,0.0,boundary,512,99,15.269345916784987,16,0.6299832070691144,0.007351026289176771,0.6235720477167311,0.6186721081386157,0.40210868582727977,0.007348610939291881,0.3955098118817738,0.3950072711477502
IM,0.0,boundary,512,100,15.423581734126248,16,0.6344364301796375,0.007433406715770453,0.6228763118014666,0.617996477305921,0.4079047452400522,0.007431034656011097,0.39611352088187346,0.39561486839135984
IM,0.0,boundary,512,101,15.577817551467511,16,0.6360527628556178,0.007469782625798345,0.6221927541056371,0.6173333137050419,0.41071487173287213,0.0074675171398595865,0.3967103240197979,0.3962155638614884
IM,0.0,boundary,512,102,15.732053368808774,16,0.6326255989091973,0.007091423111970531,0.6215210284836328,0.6166822834908796,0.40853379098576414,0.007089025485356742,0.39730036703241695,0.3968095011754671
IM,0.0,boundary,512,103,15.886289186150035,16,0.6334276373549649,0.006855281256321795,0.6208608023688496,0.6160430647131259,0.41056270705736153,0.006852764820444984,0.39788379116704853,0.3973968195835905
IM,0.0,boundary,512,104,16.0405250034913,16,0.6226096438129451,0.0067182738237515,0.6202117561261871,0.6154153467862333,0.40094734318518166,0.006715737111781686,0.39846073336149546,0.39797765414299174
IM,0.0,boundary,512,105,16.19476082083256,16,0.6218729433075862,0.006355005500893376,0.6195735824399833,0.6147988299876991,0.40143669239890345,0.006352359152883742,0.39903132641528916,0.3985521358829975
IM,0.0,boundary,512,106,16.348996638173823,16,0.6111902183807922,0.006172840968759273,0.6189459857352058,0.6141932249828979,0.39200299271874306,0.006170244424094663,0.39959569915263937,0.39912039196245663
IM,0.0,boundary,512,107,16.503232455515086,16,0.6097039855046436,0.006163783518276877,0.6183286816298746,0.6135982523748297,0.39165911569630496,0.006161263968284986,0.4001539765775607,0.3996825458195044
IM,0.0,boundary,512,108,16.65746827285635,16,0.6016377694843176,0.006202449997672938,0.6177213964168287,0.6130136422772614,0.38476976792665535,0.006199977606886326,0.4007062800216149,0.4002387173141917
IM,0.0,boundary,512,109,16.811704090197612,16,0.6048048923676207,0.006145912404669238,0.6171238665730704,0.6124391339098456,0.38908959465126225,0.006143509240484871,0.40125272728468,0.4007890228643818
IM,0.0,boundary,512,110,16.965939907538875,16,0.6138346486455025,0.0065085270859676,0.6165358382950448,0.6118744752139029,0.3992518765037347,0.0065062543030433885,0.40179343276913076,0.4013335755752924
IM,0.0,boundary,512,111,17.120175724880138,16,0.6185915387341256,0.0064635808823199975,0.6159570670583154,0.6113194224876362,0.4051042332503534,0.006461370112652131,0.40232850760779126,0.40187248536303233
IM,0.0,boundary,512,112,17.274411542221397,16,0.6146648465812956,0.006498912770508005,0.6153873172002032,0.610773740039638,0.4022188929131887,0.006496750142434743,0.4028580597859983,0.40240585907246434
IM,0.0,boundary,512,113,17.42864735956266,16,0.6220309297768427,0.007141388660805554,0.6148263615240426,0.6102371998596179,0.41054940161861175,0.007139421314700999,0.40338219425809246,0.40293380058970135
IM,0.0,boundary,512,114,17.582883176903923,16,0.6139026070923825,0.006965728010233619,0.6142739809238043,0.6097095813053592,0.40345967253589354,0.006963719135363152,0.40390101305863463,0.4034564109495268
IM,0.0,boundary,512,115,17.737118994245186,16,0.6197458662932699,0.007192074979688681,0.6137299640279055,0.6091906708049706,0.4103745184274156,0.007190164035131508,0.40441461540862844,0.40397378843800835
IM,0.0,boundary,512,116,17.89135481158645,16,0.6209660722303056,0.007221415567850649,0.6131941068611118,0.6086802615735643,0.4126019889403213,0.007219473873504924,0.40492309781701,0.4044860286905614
IM,0.0,boundary,512,117,18.045590628927712,16,0.6176426033109261,0.006960076797257657,0.6126662125234982,0.6081781533435492,0.4103760644349806,0.006958099598965449,0.40542655417765383,0.40499322478570093
IM,0.0,boundary,512,118,18.199826446268972,16,0.6183174265272523,0.006868711258371065,0.612146090885505,0.607684152107773,0.41213067020957456,0.006866782339448878,0.40592507586212534,0.4054954673347047
IM,0.0,boundary,512,119,18.354062263610235,16,0.6214946789925495,0.006771593758018416,0.6116335582981851,0.607198069874807,0.41631127844782134,0.006769644646551216,0.40641875180840054,0.40599284456740214
IM,0.0,boundary,512,120,18.508298080951498,16,0.6232098891257941,0.006946086238487104,0.6111284373177925,0.6067197244356994,0.41900921082792797,0.006944149577804529,0.4069076686057578,0.4064854424142834
IM,0.0,boundary,512,121,18.66253389829276,16,0.6208337838779012,0.007051882560968464,0.6106305564439178,0.6062489391415782,0.41754637052210786,0.0070499869521833255,0.4073919105760343,0.40697334458511936
IM,0.0,boundary,512,122,18.816769715634024,16,0.622491581118942,0.007387621549613019,0.6101397498704209,0.6057855426915091,0.42018412659469784,0.007385861221034765,0.40787155985143336,0.4074566326442648
IM,0.0,boundary,512,123,18.971005532975287,16,0.6151961221091962,0.007329433197881279,0.6096558572484629,0.6053293689300648,0.41386502884351395,0.007327697857413615,0.40834669644905114,0.40793538608281366
IM,0.0,boundary,512,124,19.12524135031655,16,0.6148862996961661,0.007225295514426228,0.6091787234609762,0.6048802566540835,0.41444932424341857,0.007223559571772635,0.40881739834228725,0.4084096823877599
IM,0.0,boundary,512,125,19.27947716765781,16,0.6072116493854813,0.00709156397579652,0.6087081984079515,0.6044380494281334,0.4077162145731378,0.0070897810492658525,0.40928374152929226,0.4088795971083126
IM,0.0,boundary,512,126,19.433712984999072,16,0.5997977585364297,0.006649288049503919,0.608244136801964,0.6040025954082253,0.4012611657738974,0.006647443307742459,0.40974580009859585,0.4093452039195039
IM,0.0,boundary,512,127,19.587948802340335,16,0.6063034939076211,0.007087738735111959,0.6077863979733868,0.6035737471733462,0.40867393829673293,0.007086007598173662,0.41020364629205386,0.40980657468322046
IM,0.0,boundary,512,128,19.7421846196816,16,0.6014165776960096,0.006782228478159706,0.6073348456847794,0.6031513615644067,0.40468894678128914,0.006780467504304445,0.41065735056524183,0.41026377950678217
IM,0.0,boundary,512,129,19.89642043702286,16,0.6038134579373606,0.006786694412208547,0.6068893479539641,0.6027352995302255,0.4080538363548071,0.006784996093359209,0.41110698164541737,0.4107168867991861
IM,0.0,boundary,512,130,20.050656254364124,16,0.6038489109837855,0.00649353236560351,0.6064497768853342,0.6023254259801905,0.40895304316528214,0.006491756781376587,0.41155260658716697,0.4111659633251241
IM,0.0,boundary,512,131,20.204892071705387,16,0.6008929448945202,0.006523769817880569,0.6060160085089654,0.6019216096432611,0.4068281903637093,0.006522036541863425,0.4119942908258467,0.4116110742568803
IM,0.0,boundary,512,132,20.359127889046647,16,0.6038919800778226,0.0064693126825582405,0.6055879226271237,0.6015237229329935,0.41065177757273,0.0064675338754449545,0.41243209822891846,0.41205228322420656
IM,0.0,boundary,512,133,20.51336370638791,16,0.6074603061139277,0.006789122426318528,0.6051654026677864,0.6011316418182882,0.41505612916354956,0.0067874252598091,0.41286609114528133,0.4124896523622689
IM,0.0,boundary,512,134,20.667599523729173,16,0.6086055764486233,0.007014021114924638,0.6047483355448201,0.6007452456995783,0.41711154761997016,0.00701246310149639,0.4132963304526893,0.4129232423577548
IM,0.0,boundary,512,135,20.821835341070436,16,0.6133543149795142,0.007273041564391273,0.6043366115244717,0.6003644172901925,0.422635901347704,0.007271558257202121,0.4137228756033433,0.4133531124932231
IM,0.0,boundary,512,136,20.9760711584117,16,0.6183917413364565,0.007073124714750453,0.6039301240978544,0.5999890425026375,0.4285704737245368,0.007071586994546435,0.414145784667741,0.41377932068977785
IM,0.0,boundary,512,137,21.130306975752962,16,0.6225342930923647,0.007486565682841494,0.6035287698591245,0.5996190103395675,0.43351829457609015,0.007485175743109897,0.41456511437686194,0.4142019235481403
IM,0.0,boundary,512,138,21.284542793094225,16,0.6248296198102724,0.0076314754880146265,0.603132448389065,0.5992542127892103,0.4366035055826947,0.007630082343943098,0.41498092016276444,0.41462097638819057
IM,0.0,boundary,512,139,21.438778610435484,16,0.6231836569287241,0.007653446160552147,0.6027410621438043,0.5988945447250407,0.4357182165443563,0.007652053448594837,0.4153932561976632,0.4150365332870467
IM,0.0,boundary,512,140,21.593014427776748,16,0.6196794142705133,0.007286743774300258,0.6023545163484161,0.5985399038095003,0.4331036846749786,0.007285338723623706,0.4158021754315557,0.4154486471157456
IM,0.0,boundary,512,141,21.74725024511801,16,0.6217586974002669,0.007538028609963945,0.6019727188951591,0.5981901904015723,0.43603776916303316,0.007536701396536757,0.4162077296284613,0.4158573695745863
IM,0.0,boundary,512,142,21.901486062459274,16,0.6104126749628644,0.0069466457158123,0.6015955802461297,0.5978453074680316,0.42539319397919056,0.0069452113148887485,0.4166099694013339,0.416262751227194
IM,0.0,boundary,512,143,22.055721879800537,16,0.61235303724293,0.0071071500403147555,0.6012230133401091,0.5975051604982002,0.4280929845076017,0.007105797016274603,0.4170089442457036,0.4166648415333592
IM,0.0,boundary,512,144,22.2099576971418,16,0.6128716836518426,0.006915728290674315,0.6008549335034058,0.597169657422048,0.42940167859200995,0.006914364808142981,0.4174047025721058,0.41706368888070544
IM,0.0,boundary,512,145,22.36419351448306,16,0.6075450065820893,0.007097461309665689,0.6004912583644957,0.5968387085314815,0.4247840056402125,0.007096136301578317,0.41779729173734537,0.4174593406152337
IM,0.0,boundary,512,146,22.518429331824322,16,0.601439788001171,0.006714871086442288,0.6001319077722808,0.5965122264046818,0.4194674299001469,0.006713513077202278,0.4181867580746489,0.4178518430707919
IM,0.0,boundary,512,147,22.672665149165585,16,0.6029353167103502,0.006953041066055576,0.5997768037177907,0.5961901258333491,0.4217684521696054,0.0069517855178178704,0.41857314692275027,0.4182412415975143
IM,0.0,boundary,512,148,22.826900966506848,16,0.600246029306938,0.007037621511108465,0.5994258702591664,0.5958723237527261,0.41983237500383525,0.007036380668095318,0.41895650265395384,0.418627580589273
IM,0.0,boundary,512,149,22.98113678384811,16,0.6008460671042518,0.0071130898157111015,0.5990790334497673,0.5955587391742765,0.42114315234636546,0.0071118776564868804,0.4193368687012198,0.41901090351018333
IM,0.0,boundary,512,150,23.135372601189374,16,0.5983369698820912,0.007020491786874938,0.5987362212692576,0.5952492931208995,0.4193746253464026,0.0070193050176888625,0.4197142875843098,0.4193912529202001
IM,0.0,boundary,512,151,23.289608418530637,16,0.6011880967357429,0.007017429429734111,0.5983973635575317,0.5949439085645709,0.42294989914001113,0.007016282575391017,0.4200888009350334,0.4197686704998443
IM,0.0,boundary,512,152,23.443844235871897,16,0.5970180413755843,0.006765451717393098,0.5980623919513445,0.5946425103663048,0.41942199307171335,0.006764230283186239,0.4204604495216311,0.4201431970740935
IM,0.0,boundary,512,153,23.59808005321316,16,0.5931764445084077,0.00651290809093736,0.5977312398235246,0.5943450252183319,0.41626096182749517,0.006511639183908742,0.42082927327232866,0.42051487263546894
IM,0.0,boundary,512,154,23.752315870554423,16,0.592387642553881,0.006291475568151563,0.5974038422246487,0.5940513815884039,0.4161039474851217,0.006290126746530917,0.42119531129809784,0.42088373636635423
IM,0.0,boundary,512,155,23.906551687895686,16,0.5922970802891231,0.006212064043427695,0.5970801358270645,0.5937615096661294,0.416683400349535,0.006210762821506326,0.42155860191465333,0.4212498266605731
IM,0.0,boundary,512,156,24.06078750523695,16,0.5941608115052694,0.006365212081093602,0.5967600588711575,0.5934753413112555,0.4192400792530219,0.00636394410100898,0.4219191826637173,0.4216131811442571
IM,0.0,boundary,512,157,24.21502332257821,16,0.5972075926254344,0.006590097856349522,0.5964435511137552,0.5931928100038146,0.4229492917963693,0.006588926950551787,0.42227709033358063,0.42197383669603056
IM,0.0,boundary,512,158,24.369259139919475,16,0.5921830052675533,0.006448470442802392,0.5961305537785777,0.592913850796055,0.4185917076992158,0.006447252054056319,0.42263236097898826,0.4223318294665392
IM,0.0,boundary,512,159,24.523494957260734,16,0.5914652317841829,0.006566479361787936,0.5958210095086373,0.5926384002660834,0.4185797423629942,0.006565256739909625,0.422985029940375,0.4226871948973482
IM,0.0,boundary,512,160,24.677730774601997,16,0.5990133829402251,0.0067028972674901405,0.5955148623205039,0.5923663964731471,0.4267938540845725,0.006701723533311528,0.4233351318624772,0.4230399677392331
IM,0.0,boundary,512,161,24.83196659194326,16,0.5995854501831143,0.0069802745550765375,0.595212057560351,0.5920977789144893,0.427945948728609,0.006979149396629587,0.42368270071234404,0.4233901820698887
IM,0.0,boundary,512,162,24.986202409284523,16,0.5965325592351984,0.00687904578921129,0.5949125418617047,0.5918324884837098,0.4255816589213034,0.006877889228757082,0.4240277697967718,0.42373787131107427
IM,0.0,boundary,512,163,25.140438226625786,16,0.6050649943379103,0.0072210429096649644,0.594616263104819,0.591570467430575,0.43489363457895047,0.007219997107917362,0.42437037177918346,0.4240830682452209
IM,0.0,boundary,512,164,25.29467404396705,16,0.6084417805958883,0.007333378975407062,0.5943231703776077,0.5913116593222134,0.438835062804264,0.007332301804359815,0.42471053869597347,0.4244258050315177
IM,0.0,boundary,512,165,25.448909861308312,16,0.6004603705007538,0.0069054921350086215,0.5940332139380646,0.591056009005644,0.4315078890420921,0.006904373786471251,0.4250483019723387,0.42476611322149727
IM,0.0,boundary,512,166,25.60314567864957,16,0.5956909224428055,0.00683694791099692,0.5937463451781069,0.5908034625715839,0.42738331882757236,0.006835879157434584,0.4253836924376154,0.42510402377414014
IM,0.0,boundary,512,167,25.757381495990835,16,0.5975085151349602,0.006962917133126778,0.5934625165887787,0.5905539673194815,0.429706554670246,0.006961855565919673,0.4257167403401386,0.4254395670705138
IM,0.0,boundary,512,168,25.911617313332098,16,0.5979710473734198,0.006793680888561532,0.5931816817267613,0.5903074717237311,0.4307980650302151,0.0067925891416308025,0.42604747536164367,0.4257727729279649
IM,0.0,boundary,512,169,26.06585313067336,16,0.5986775661551589,0.006817539111064094,0.5929037951821274,0.5900639254010189,0.43217160806393995,0.006816477200891831,0.4263759266312257,0.42610367061388066
IM,0.0,boundary,512,170,26.220088948014624,16,0.6059204616841882,0.007136387067683683,0.5926288125472919,0.5898232790787579,0.44000089256697406,0.007135423036061364,0.4267021227388731,0.4264322888590333
IM,0.0,boundary,512,171,26.374324765355887,16,0.5977942119162747,0.006887335053261719,0.5923566903871047,0.5895854845645694,0.43245336590806926,0.006886362033635762,0.4270260917485911,0.42675865587052647
IM,0.0,boundary,512,172,26.528560582697146,16,0.592328824798799,0.006786380321759015,0.5920873862100403,0.5893504947167688,0.42763729458752475,0.006785414956960664,0.42734786121112955,0.4270827993443522
IM,0.0,boundary,512,173,26.68279640003841,16,0.5834292299017935,0.006177308716254865,0.5918208584404353,0.5891182634158205,0.41931275140124147,0.006176238613758683,0.42766745817632945,0.4274047464775782
IM,0.0,boundary,512,174,26.837032217379672,16,0.5905383677230841,0.0069149563907420445,0.5915570663917327,0.5888887455367212,0.4270453882309777,0.006914023398126382,0.42798490920510246,0.42772452398017363
IM,0.0,boundary,512,175,26.991268034720935,16,0.5859042066306188,0.006733811392594717,0.5912959702406886,0.5886618969222789,0.4230638211318389,0.006732877281115739,0.42830024038105485,0.4280421580864889
IM,0.0,boundary,512,176,27.1455038520622,16,0.5872132141556914,0.006872540948957991,0.5910375310025031,0.5884376743572527,0.42489448061479335,0.006871630070291853,0.4286134773217697,0.4283576745664008
IM,0.0,boundary,512,177,27.29973966940346,16,0.5828612810716052,0.006368890807206895,0.5907817105068376,0.5882160355433211,0.42111449988923766,0.00636791413355977,0.42892464518975926,0.4286710987361342
IM,0.0,boundary,512,178,27.453975486744724,16,0.5864040214391188,0.006700471959598144,0.5905284713746792,0.5879969390748483,0.42515560167005173,0.006699543757168059,0.4292337687030986,0.42898245546877195
IM,0.0,boundary,512,179,27.608211304085984,16,0.5903152801396782,0.0070163816884384654,0.5902777769960221,0.5877803444154179,0.4296169169498413,0.007015479062393962,0.4295408721457512,0.42929176920446344
IM,0.0,boundary,512,180,27.762447121427247,16,0.5888102825447907,0.006574067075072965,0.5900295915083287,0.5875662118751069,0.42865467369941157,0.006573088677141532,0.42984597937759844,0.42959906396034186
IM,0.0,boundary,512,181,27.91668293876851,16,0.5863256389485034,0.006638992059645286,0.5897838797757413,0.587354502588472,0.42669970818939684,0.006638003144113888,0.4301491138441813,0.4299043633401612
IM,0.0,boundary,512,182,28.070918756109773,16,0.5892264830747385,0.006519116354851893,0.5895406073690135,0.5871451784932217,0.43010865136325294,0.006518136498081782,0.430450298586166,0.4302076905436601
IM,0.0,boundary,512,183,28.225154573451036,16,0.5885434189369272,0.00638376895907999,0.589299740546132,0.5869382023095515,0.42997289969255703,0.006382760345589081,0.4307495562485416,0.43050906837566505
IM,0.0,boundary,512,184,28.3793903907923,16,0.5903289588704653,0.006425342859791874,0.5890612462336016,0.5867335375201146,0.4323372946358222,0.00642439021357324,0.4310469090895584,0.4308085192549379
IM,0.0,boundary,512,185,28.533626208133562,16,0.5907638820464974,0.00652626357054723,0.5888250920083674,0.5865311483506078,0.433336603559518,0.006525332729977268,0.43134237898941785,0.4311060652227793
IM,0.0,boundary,512,186,28.68786202547482,16,0.5977774332424258,0.006934790088039949,0.5885912460803486,0.586330999750952,0.4408879004605949,0.006933951243034278,0.43163598745871923,0.4314017279513943
IM,0.0,boundary,512,187,28.842097842816084,16,0.5998946721519068,0.006949629094631744,0.5883596772755595,0.5861330573770409,0.44349624442793,0.006948802116279825,0.43192775564667407,0.4316955287520288
IM,0.0,boundary,512,188,28.996333660157347,16,0.6019813818561073,0.0069450056754049505,0.5881303550197962,0.5859372875730438,0.4461453421965831,0.0069441814629223626,0.4322177043490937,0.4319874885828836
IM,0.0,boundary,512,189,29.15056947749861,16,0.5958697798405174,0.007285739849771116,0.5879032493228639,0.5857436573542387,0.4405281002523932,0.007284955002907644,0.4325058540161588,0.4322776280568138
IM,0.0,boundary,512,190,29.304805294839873,16,0.591049571193089,0.00728919800256962,0.5876783307633282,0.5855521343903589,0.43625370536597413,0.007288410792635948,0.43279222475997775,0.43256596744882037
IM,0.0,boundary,512,191,29.459041112181136,16,0.5940858231521606,0.006900058790614403,0.5874555704737662,0.5853626869894359,0.439841062043838,0.006899195172705341,0.4330768363619397,0.4328525267033408
IM,0.0,boundary,512,192,29.6132769295224,16,0.5838263700952251,0.006825009165592627,0.5872349401264993,0.5851752840821192,0.43002902639853646,0.006824145462404174,0.43335970827987075,0.43313732544134453
IM,0.0,boundary,512,193,29.76751274686366,16,0.5895709875514991,0.006882108999593953,0.5870164119197918,0.5849898952064582,0.43624205810134176,0.006881268941319583,0.43364085965499743,0.4334203829672401
IM,0.0,boundary,512,194,29.921748564204922,16,0.590243766932419,0.00688382472230994,0.5867999585644933,0.5848064904931303,0.4374311424418721,0.006882992646929449,0.433920309318726,0.4337017182755998
IM,0.0,boundary,512,195,30.075984381546185,16,0.5945171238277813,0.006995801392415177,0.5865855532711108,0.5846250406510995,0.4421393020706559,0.006994983878587485,0.43419807579924086,0.43398135005770694
IM,0.0,boundary,512,196,30.230220198887448,16,0.5909567024091724,0.006655560924390412,0.5863731697372954,0.5844455169536904,0.43915052285080386,0.006654735677835193,0.4344741773279305,0.4342592967079327
IM,0.0,boundary,512,197,30.38445601622871,16,0.5925451795674747,0.006762963507481396,0.5861627821357231,0.5842678912250645,0.4411884071698338,0.006762175361762649,0.43474863184564333,0.43453557632994594
IM,0.0,boundary,512,198,30.538691833569974,16,0.5977422499637176,0.006708480010318799,0.585954365102362,0.5840921358270853,0.446909050615762,0.006707687013725076,0.4350214570087819,0.4348102067427632
IM,0.0,boundary,512,199,30.692927650911233,16,0.5986035514598461,0.006965938496307029,0.5857478937251038,0.5839182236465579,0.4483378116272827,0.006965187109438959,0.4352926701952382,0.4350832054866421
IM,0.0,boundary,512,200,30.847163468252496,16,0.5974309194352225,0.007027389186046274,0.585543343532754,0.5837461280828318,0.4476172469667007,0.00702666729521409,0.4355622885101757,0.43535458982882363
IM,0.0,boundary,512,201,31.00139928559376,16,0.5993850202069193,0.007105706903091145,0.5853406904843603,0.5835758230357551,0.4500501477968882,0.007104986954688493,0.4358303287916636,0.43562437676912863
IM,0.0,boundary,512,202,31.155635102935022,16,0.5972350307628937,0.00689701999343672,0.5851399109588722,0.5834072828939674,0.44833173515642677,0.00689628447404675,0.43609680761616626,0.4358925830454117
IM,0.0,boundary,512,203,31.309870920276285,16,0.5934434090002276,0.007074577270320189,0.5849409817451168,0.5832404825235206,0.4449680876076624,0.007073876450831564,0.4363617413038934,0.4361592251388771
IM,0.0,boundary,512,204,31.46410673761755,16,0.5991604286753798,0.007061060011634353,0.5847438800320803,0.5830753972568176,0.45115135176999677,0.007060329285703457,0.43662514592401547,0.4364243192792618
IM,0.0,boundary,512,205,31.61834255495881,16,0.5953565647296264,0.006939463260004992,0.5845485833994841,0.5829120028818581,0.4477968431831474,0.006938747231484547,0.436887037299747,0.43668788144988835
IM,0.0,boundary,512,206,31.77257837230007,16,0.5912746785373082,0.007300091029181065,0.5843550698086442,0.5827502756317808,0.4441539503477833,0.00729943874436319,0.4371474310133027,0.43694992739259214
IM,0.0,boundary,512,207,31.926814189641334,16,0.5892676247785222,0.007078055374594771,0.5841633175936054,0.5825901921746948,0.44265263137392735,0.007077397641207149,0.43740634241073106,0.4372104726125267
IM,0.0,boundary,512,208,32.0810500069826,16,0.5915347565705182,0.006870881248722543,0.5839733054525387,0.5824317296037868,0.4453343671506422,0.0068701992974581115,0.43766378660662686,0.4374695323828505
IM,0.0,boundary,512,209,32.23528582432386,16,0.5861542728114688,0.006771139355147994,0.5837850124393931,0.5822748654277001,0.4404528013003143,0.006770448802642502,0.43791977848872765,0.4377271217492988
IM,0.0,boundary,512,210,32.38952164166512,16,0.5869564481947422,0.006788185196181103,0.5835984179557931,0.582119577561174,0.4416632390965143,0.0067874873404194375,0.43817433272239775,0.43798325553464407
IM,0.0,boundary,512,211,32.543757459006386,16,0.5873724259306055,0.006685343940950653,0.5834135017431744,0.581965844315935,0.442608938822743,0.006684645519527179,0.43842746375500286,0.4382379483430478
IM,0.0,boundary,512,212,32.697993276347646,16,0.582760327136238,0.006799674375590526,0.5832302438751467,0.5818136443918329,0.43842846912344297,0.006798998028223409,0.43867918582017734,0.438491214564307
IM,0.0,boundary,512,213,32.85222909368891,16,0.5785480257857252,0.0066893133620856676,0.5830486247500768,0.5816629568682151,0.43456885643406107,0.006688617972422937,0.43892951294198895,0.43874306837799926
IM,0.0,boundary,512,214,33.00646491103017,16,0.5794788335046677,0.00706119187976709,0.5828686250838878,0.5815137611955293,0.43588848200784913,0.007060536897863153,0.43917845893900304,0.43899352375752765
IM,0.0,boundary,512,215,33.16070072837144,16,0.5754567383527589,0.0069042932007990125,0.5826902259030602,0.5813660371871493,0.43227646208064574,0.006903634352219854,0.4394260374282492,0.43924259447406927
IM,0.0,boundary,512,216,33.3149365457127,16,0.5793027006487266,0.006618814034618828,0.5825134085378341,0.5812197650114161,0.4364900714560145,0.006618141345359322,0.4396722618290936,0.439490294100431
IM,0.0,boundary,512,217,33.46917236305396,16,0.5757270636967796,0.0065407214605241225,0.5823381546156028,0.5810749251838889,0.4334062094238893,0.006540050925130106,0.43991714536701876,0.43973663601481316
IM,0.0,boundary,512,218,33.623408180395224,16,0.58078978765254,0.006276457885755243,0.5821644460544912,0.5809314985597978,0.43888964959730625,0.006275758413913757,0.4401607010773144,0.4399816334044853
IM,0.0,boundary,512,219,33.77764399773648,16,0.5765083263370745,0.006204964211868692,0.5819922650571139,0.5807894663266924,0.43501771079888085,0.006204253284560513,0.44040294180868145,0.4402252992693757
IM,0.0,boundary,512,220,33.93187981507775,16,0.5789169518093003,0.006433466264714728,0.581821594104506,0.5806488099972834,0.4377656227156095,0.006432785732354387,0.44064388022675127,0.44046764642557734
IM,0.0,boundary,512,221,34.08611563241901,16,0.5756768431077428,0.0065714331056196396,0.5816524159502214,0.5805095114024664,0.4349378001574872,0.006570739780995207,0.44088352881752324,0.44070868750877273
IM,0.0,boundary,512,222,34.240351449760276,16,0.5750026701465638,0.00672802279008678,0.5814847136145934,0.5803715526845253,0.43470610801453524,0.006727368303240131,0.4411218998907222,0.4409484349775792
IM,0.0,boundary,512,223,34.394587267101535,16,0.5854420554038322,0.006892123640801047,0.5813184703791494,0.5802349162905109,0.44553557113291375,0.006891525834460412,0.4413590055830787,0.441186901116818
IM,0.0,boundary,512,224,34.548823084442795,16,0.5921000914767247,0.007376798636008739,0.5811536697811797,0.5800995849657873,0.4526348226241471,0.007376237814242432,0.4415948578615334,0.44142409804070865
IM,0.0,boundary,512,225,34.70305890178406,16,0.5939682657348209,0.007126687508501249,0.5809902956084508,0.5799655417477407,0.4548637258028198,0.007126110613178831,0.44182946852636806,0.44166003769598905
IM,0.0,boundary,512,226,34.85729471912532,16,0.5791012162881934,0.006736351915636372,0.5808283318940607,0.5798327699596495,0.44044366318760114,0.006735754310106958,0.44206284921426586,0.4418947318649673
IM,0.0,boundary,512,227,35.01153053646659,16,0.5776207573334792,0.006787435353858922,0.58066776291143,0.5797012532047063,0.4393582576927839,0.0067868205986131,0.44229501140130145,0.44212819216850235
IM,0.0,boundary,512,228,35.16576635380785,16,0.5818952655442905,0.0071627657880156395,0.5805085731694277,0.5795709753601912,0.44404736836045644,0.007162206042417503,0.44252596640586356,0.4423604300689194
IM,0.0,boundary,512,229,35.32000217114911,16,0.5791853744460701,0.006719052932455265,0.5803507474076226,0.5794419205717884,0.4417249396997664,0.006718455753197148,0.44275572539151264,0.4425914568728586
IM,0.0,boundary,512,230,35.47423798849037,16,0.5792377519715068,0.006755870029659717,0.5801942705916604,0.5793140732480466,0.4421848313886445,0.006755285196328046,0.44298429936977335,0.4428212837340619
IM,0.0,boundary,512,231,35.62847380583163,16,0.5756010145452356,0.006246825740237655,0.5800391279087607,0.5791874180549729,0.4388939183842454,0.006246181163226562,0.44321169920286574,0.44304992165609647
IM,0.0,boundary,512,232,35.7827096231729,16,0.5864850704680795,0.006852139012653638,0.579885304763329,0.5790619399107628,0.4501492525818968,0.006851546706088404,0.443437935606375,0.44327738149501905
IM,0.0,boundary,512,233,35.93694544051416,16,0.5894453949204443,0.00707134665921068,0.5797327867726838,0.578937623980658,0.4534792255671025,0.007070773101901895,0.4436630191518631,0.44350367396198187
IM,0.0,boundary,512,234,36.091181257855425,16,0.5786566253976025,0.006997688414928404,0.5795815597628903,0.578814455671929,0.44297097792268497,0.006997096164172878,0.4438869602694222,0.44372880962578026
IM,0.0,boundary,512,235,36.245417075196684,16,0.5812192322266352,0.006841760819551399,0.5794316097647009,0.5786924206289813,0.44593734261846285,0.006841156931354339,0.444109769250172,0.4439527989153459
IM,0.0,boundary,512,236,36.399652892537944,16,0.5828087355714021,0.006672996928481089,0.5792829230095984,0.578571504728579,0.4479182434734441,0.006672399262806064,0.4443314562487033,0.4441756521221861
IM,0.0,boundary,512,237,36.55388870987921,16,0.5784331450173089,0.006491636706257309,0.5791354859259381,0.5784516940751834,0.4438785605479477,0.006491012800222916,0.44455203128546816,0.44439737940276924
IM,0.0,boundary,512,238,36.70812452722047,16,0.5813875319662083,0.00644360077664252,0.5789892851351859,0.5783329749964039,0.4472201622838866,0.006442975419494343,0.44477150424911804,0.4446179907808595
IM,0.0,boundary,512,239,36.862360344561736,16,0.5706841018574125,0.006479567361829555,0.5788443074482497,0.5782153340385584,0.43693751955490945,0.0064789618854293315,0.4449898848987916,0.44483749614980217
IM,0.0,boundary,512,240,37.016596161902996,16,0.5748487976963419,0.0066286684345464916,0.5787005398619017,0.5780987579623373,0.44146144282758465,0.006628073602751917,0.4452071828663541,0.4450559052747588
IM,0.0,boundary,512,241,37.17083197924426,16,0.5758521879028606,0.0067142688650759005,0.5785579695552877,0.5779832337385731,0.44286506516186364,0.006713711858176831,0.4454234076585878,0.4452732277948966
IM,0.0,boundary,512,242,37.32506779658552,16,0.5771313479310285,0.006509344907851719,0.5784165838865216,0.5778687485441073,0.4445188948914498,0.00650876287416033,0.44563856865933676,0.4454894732255295
IM,0.0,boundary,512,243,37.47930361392678,16,0.5719114015656594,0.006231436235326562,0.5782763703893632,0.5777552897577563,0.4396156610063596,0.006230821616506601,0.44585267513160565,0.4457046509602158
IM,0.0,boundary,512,244,37.63353943126805,16,0.5724067778398995,0.006472268009931013,0.5781373167699742,0.5776428449563714,0.44043324867925526,0.0064716713068887505,0.44606573621961443,0.44591877027281107
IM,0.0,boundary,512,245,37.78777524860931,16,0.5776465051580151,0.006310807082710365,0.5779994109037541,0.5775314019109904,0.44601872945456167,0.0063101713892916985,0.44627776095080957,0.44613184031947806
IM,0.0,boundary,512,246,37.942011065950574,16,0.5792708049600054,0.006624618267684074,0.5778626408322496,0.5774209485830788,0.4479856015507554,0.006624035164401538,0.4464887582378338,0.4463438701406549
IM,0.0,boundary,512,247,38.09624688329183,16,0.5887627744747381,0.00702068602956318,0.5777269947601382,0.5773114731208586,0.4578345362690477,0.007020132005382314,0.446698736880454,0.4465548686629826
IM,0.0,boundary,512,248,38.2504827006331,16,0.5839613385833988,0.007090118750815868,0.5775924610522822,0.5772029638557206,0.4533205875785828,0.00708957360650071,0.44690770556744963,0.44676484470119265
IM,0.0,boundary,512,249,38.40471851797436,16,0.5760987619958013,0.006615201887897419,0.5774590282308523,0.5770954092987205,0.44580778037415014,0.006614628800721448,0.44711567287846166,0.4469738069599559
IM,0.0,boundary,512,250,38.55895433531562,16,0.5707221786323079,0.006564805383175601,0.5773266849725168,0.5769887981371545,0.440852499444236,0.006564263580504424,0.4473226472858042,0.4471817640356934
IM,0.0,boundary,512,251,38.713190152656885,16,0.5683670736336941,0.0063808713083397944,0.5771954201056984,0.5768831192312126,0.4388151757192976,0.006380295803314174,0.4475286371562375,0.44738872441835004
IM,0.0,boundary,512,252,38.867425969998145,16,0.5690513110886926,0.0063725782684709515,0.5770652226078905,0.5767783616107087,0.4398785782818768,0.0063720209588280655,0.4477336507527063,0.4475946964931333
IM,0.0,boundary,512,253,39.02166178733941,16,0.576557790103197,0.006809428234261199,0.5769360816030391,0.5766745144718841,0.4476984248778487,0.0068089148152723905,0.44793769623604235,0.4477996885422155
IM,0.0,boundary,512,254,39.17589760468067,16,0.5761266700038221,0.006937780905052149,0.5768079863589795,0.5765715671742835,0.4475829672585954,0.006937269469465154,0.44814078166663085,0.44800370874640233
IM,0.0,boundary,512,255,39.33013342202194,16,0.5743195747049419,0.007042667337454233,0.5766809262849361,0.5764695092377007,0.4460855560557092,0.0070421810835894876,0.44834291500604606,0.4482067651867676
IM,0.0,boundary,512,256,39.4843692393632,16,0.5778504999092129,0.0069593244112843575,0.5765548909290741,0.5763683303391927,0.44991592977898176,0.00695880766542158,0.4485441041186514,0.44840886584625617
IM,0.0,boundary,512,257,39.638605056704456,16,0.5785383526642589,0.006867950545188776,0.5764298699761086,0.5762680203101607,0.4509154158497618,0.00686743330547989,0.4487443567731694,0.44861001861125344
IM,0.0,boundary,512,258,39.79284087404572,16,0.570530890160986,0.006891041686568574,0.5763058532449661,0.5761685691334953,0.4431824548693113,0.006890495944335375,0.4489436806442183,0.4488102312731252
IM,0.0,boundary,512,259,39.94707669138698,16,0.5679556241872677,0.007131926037063251,0.5761828306864972,0.576069966940786,0.4408875149574332,0.0071314206115910325,0.44914208331382055,0.4490095115297264
IM,0.0,boundary,512,260,40.10131250872825,16,0.5686570142947487,0.00680779482968899,0.5760607923812411,0.5759722040095898,0.44190775570517304,0.006807261416586025,0.449339572272879,0.44920786698687953
IM,0.0,boundary,512,261,40.25554832606951,16,0.5643049748295008,0.006989676759196057,0.5759397285372372,0.5758752707607628,0.4379099968653092,0.0069891835924556,0.4495361549226261,0.44940530515982546
IM,0.0,boundary,512,262,40.409784143410775,16,0.5633057730888894,0.007200962852940447,0.5758196294878857,0.575779157755848,0.43725752402391327,0.007200480218258666,0.44973183857604226,0.4496018334746447
IM,0.0,boundary,512,263,40.564019960752034,16,0.5636912743542513,0.006529231000415251,0.5757004856898542,0.5756838556945205,0.43797720790920097,0.0065286910180744236,0.4499266304592491,0.4497974592696517
IM,0.0,boundary,512,264,40.718255778093294,16,0.5685585267524365,0.006678695634898182,0.5755822877210293,0.5755893554120889,0.4431532773090226,0.0066781646537466205,0.4501205377128732,0.4499921897967617
IM,0.0,boundary,512,265,40.87249159543456,16,0.5733983493804568,0.007040992734812493,0.5754650262785117,0.5754956478770497,0.44826730125929376,0.0070404971499791885,0.4503135673933846,0.4501860322228316
IM,0.0,boundary,512,266,41.02672741277582,16,0.5689150104372118,0.007037388560426968,0.5753486921766546,0.575402724188695,0.44409108417996435,0.007036887997446026,0.45050572647440906,0.4503789936309744
IM,0.0,boundary,512,267,41.18096323011709,16,0.5674515097732498,0.006760075723240901,0.5752332763451438,0.5753105755747718,0.4429566878971063,0.00675957562674097,0.4506970218480151,0.45057108102184923
IM,0.0,boundary,512,268,41.335199047458346,16,0.5661668487003344,0.006544479298974422,0.5751187698271172,0.5752191933891904,0.442011083818459,0.006543961776749773,0.4508874603259755,0.4507623013149262
IM,0.0,boundary,512,269,41.48943486479961,16,0.5667428929382514,0.006737027408675105,0.5750051637773252,0.5751285691097828,0.4429195313856521,0.006736572431545807,0.4510770486410065,0.45095266134972717
IM,0.0,boundary,512,270,41.64367068214087,16,0.5750977489602884,0.007115323129345382,0.5748924494603284,0.5750386943361081,0.45154978473583574,0.007114899374242601,0.451265793447981,0.4511421678870434
IM,0.0,boundary,512,271,41.79790649948213,16,0.5704217175917436,0.007236828028147535,0.5747806182487328,0.5749495607873041,0.4471653902329275,0.007236411479121885,0.4514537013251205,0.4513308276101298
IM,0.0,boundary,512,272,41.9521423168234,16,0.5693072010058025,0.0067482941453605805,0.5746696616214624,0.5748611602999849,0.4463418273912678,0.006747838207658488,0.45164077877516356,0.4515186471258771
IM,0.0,boundary,512,273,42.10637813416466,16,0.5730805088333021,0.007084526719657814,0.5745595711620659,0.574773484826183,0.45045355023554606,0.0070840899703324585,0.45182703222651255,0.45170563296596167
IM,0.0,boundary,512,274,42.260613951505924,16,0.5624470465697371,0.0065511541715668,0.5744503385570592,0.5746865264313318,0.4400887905152585,0.006550690791230172,0.4520124680343587,0.4518917915879737
IM,0.0,boundary,512,275,42.41484976884718,16,0.5610091371677404,0.0065609725237245065,0.5743419555943001,0.5746002772922946,0.43888947023313885,0.006560502933189562,0.452197092481786,0.45207712937652555
IM,0.0,boundary,512,276,42.56908558618845,16,0.5713953153233742,0.006521467395067272,0.5742344141613982,0.5745147296954308,0.4495887601136309,0.006521004582432557,0.4523809117808547,0.4522616526443378
IM,0.0,boundary,512,277,42.72332140352971,16,0.570312931801034,0.006788403626338435,0.5741277062441547,0.574429876034704,0.4487738231905464,0.006787960120957823,0.4525639320736644,0.45244536763330684
IM,0.0,boundary,512,278,42.87755722087097,16,0.564833723052826,0.006512209024482472,0.5740218239250334,0.5743457088098286,0.44364399762450385,0.006511751767334146,0.4527461594333977,0.45262828051555165
IM,0.0,boundary,512,279,43.031793038212236,16,0.5620630547976981,0.0064642614389899605,0.5739167593816649,0.5742622206244551,0.4411338059438749,0.0064638071079905985,0.45292759986534414,0.4528103973944421
IM,0.0,boundary,512,280,43.186028855553495,16,0.5637964642372986,0.0064572052212723,0.5738125048853759,0.5741794041843914,0.44309107397912073,0.006456725650576481,0.4531082593079059,0.4529917243056081
IM,0.0,boundary,512,281,43.34026467289476,16,0.5659498352853445,0.0066317010754532715,0.5737090527997528,0.5740972522958625,0.4455297218942419,0.006631247237091627,0.4532881436335845,0.4531722672179307
IM,0.0,boundary,512,282,43.49450049023602,16,0.5696185120632038,0.007187062357591436,0.5736063955792284,0.5740157578638031,0.4495169346804168,0.007186662497688141,0.45346725864994963,0.4533520320345147
IM,0.0,boundary,512,283,43.64873630757728,16,0.5622723481838383,0.0067138648086730555,0.5735045257676998,0.5739349138901868,0.4424896394796508,0.0067134372757293205,0.4536456101005905,0.453531024593644
IM,0.0,boundary,512,284,43.80297212491855,16,0.5616081820360379,0.0065760144860860705,0.5734034359971718,0.5738547134723888,0.44210381031875234,0.006575581135692086,0.4538232036660499,0.45370925066972023
IM,0.0,boundary,512,285,43.95720794225981,16,0.5604342389890198,0.006335380470327819,0.5733031189864264,0.5737751498015802,0.441188272643635,0.006334939634671289,0.45400004496474083,0.45388671597418295
IM,0.0,boundary,512,286,44.11144375960107,16,0.559006266939406,0.006335099761829616,0.5732035675397182,0.5736962161611566,0.4400183037197355,0.00633463504539474,0.4541761395538475,0.4540634261564157
IM,0.0,boundary,512,287,44.26567957694233,16,0.5619521622298689,0.0066885635475365975,0.5731047745454949,0.5736179059251971,0.4432530120120227,0.006688126994003374,0.45435149293020927,0.4542393868046338
IM,0.0,boundary,512,288,44.4199153942836,16,0.5648017372616216,0.006640562401620137,0.5730067329751416,0.5735402125569531,0.4463504955475842,0.006640116308075593,0.4545261105311894,0.4544146034467574
IM,0.0,boundary,512,289,44.57415121162486,16,0.5658674810412225,0.006668798598290885,0.5729094358817499,0.5734631296073697,0.4476730829005283,0.006668354246030956,0.4546999977355282,0.45458908155126915
IM,0.0,boundary,512,290,44.72838702896612,16,0.5692717814168902,0.006827368721493036,0.5728128763989093,0.5733866507136336,0.45136917810548816,0.006826923514377916,0.45487315986418025,0.4547628265280563
IM,0.0,boundary,512,291,44.882622846307385,16,0.5650201542387678,0.006532472637204363,0.5727170477395218,0.5733107695977515,0.4474196778881272,0.006532018194695908,0.4550456021811381,0.45493584372923807
IM,0.0,boundary,512,292,45.036858663648644,16,0.5658589947246135,0.006790421362050188,0.5726219431946382,0.5732354800651565,0.4485149872374081,0.006789985935617736,0.45521732989424035,0.4551081384499791
IM,0.0,boundary,512,293,45.19109448098991,16,0.5655913954709739,0.006932964417987943,0.5725275561323173,0.5731607760033399,0.4485180843406753,0.006932543234621824,0.455388348155966,0.45527971592928773
IM,0.0,boundary,512,294,45.34533029833117,16,0.5628100300856033,0.00716360621331128,0.5724338799965045,0.5730866513805128,0.4459657569544446,0.007163190124503159,0.45555866206421447,0.45545058135080124
IM,0.0,boundary,512,295,45.49956611567244,16,0.5647725711184918,0.007318358836017879,0.572340908305932,0.5730131002442915,0.44817048868909326,0.007317941567168766,0.4557282766630727,0.4556207398435571
IM,0.0,boundary,512,296,45.653801933013696,16,0.5681554269888485,0.00744022077054864,0.5722486346530395,0.5729401167204085,0.4518321703499276,0.007439810368572582,0.4558971969435679,0.4557901964827509
IM,0.0,boundary,512,297,45.808037750354956,16,0.5668191373014474,0.006986390821139174,0.5721570527029143,0.5728676950114497,0.45072803233323855,0.006985968106945174,0.4560654278444083,0.45595895629048094
IM,0.0,boundary,512,298,45.96227356769622,16,0.5666011668111266,0.006999800754755155,0.5720661561922499,0.5727958293956161,0.4507733529657191,0.006999379717900754,0.45623297425271025,0.45612702423648116
IM,0.0,boundary,512,299,46.11650938503748,16,0.5685975483183886,0.00701232396164313,0.571975938928325,0.5727245142255071,0.4529901727853115,0.007011889820982851,0.45639984100471287,0.4562944052388399
IM,0.0,boundary,512,300,46.27074520237875,16,0.5679734483551531,0.006610453293850106,0.5718863947879993,0.5726537439269299,0.4526610109047759,0.006610015138511014,0.45656603288648084,0.456461104164708
IM,0.0,boundary,512,301,46.42498101972001,16,0.5756101192568331,0.006925844263588899,0.5717975177167293,0.5725835129977295,0.4605121385915169,0.00692543344818765,0.45673155463459514,0.4566271258309932
IM,0.0,boundary,512,302,46.579216837061274,16,0.5783114384775001,0.0068604666583931585,0.5717093017275989,0.5725138160066425,0.46347005569107336,0.006860057284361928,0.4568964109368311,0.45679247500504455
IM,0.0,boundary,512,303,46.733452654402534,16,0.5755162505845743,0.007036926507000069,0.5716217409003703,0.5724446475921722,0.46098696954830687,0.007036549243100853,0.4570606064328262,0.45695715640532414
IM,0.0,boundary,512,304,46.88768847174379,16,0.5704422083910704,0.006628385439103837,0.5715348293805492,0.5723760024614843,0.4561459202891134,0.006627974307510181,0.4572241457147356,0.4571211747020676
IM,0.0,boundary,512,305,47.04192428908506,16,0.5662799752044527,0.006741729040109973,0.5714485613784681,0.5723078753893247,0.4522337693659965,0.006741334562543791,0.45738703332787656,0.45728453451793394
IM,0.0,boundary,512,306,47.19616010642632,16,0.5714469512515064,0.006857158350471936,0.5713629311683851,0.5722402612169561,0.4576007092623373,0.006856748434963514,0.4575492737713631,0.45744724042864404
IM,0.0,boundary,512,307,47.350395923767586,16,0.5710968402240102,0.006885647348460395,0.5712779330875979,0.5721731548511171,0.4574702036862274,0.006885244845663249,0.45771087149872847,0.4576092969636094
IM,0.0,boundary,512,308,47.504631741108845,16,0.5731668672535583,0.006893161149216058,0.5711935615355748,0.5721065512629971,0.45979315841471324,0.006892765248361258,0.45787183091853834,0.45777070860654917
IM,0.0,boundary,512,309,47.65886755845011,16,0.5730320081411897,0.006896496983279979,0.5711098109730985,0.5720404454872339,0.45994054437302734,0.006896115911334458,0.45803215639499284,0.4579314797960977
IM,0.0,boundary,512,310,47.81310337579137,16,0.5734162398838516,0.006767417547422203,0.5710266759214274,0.5719748326209277,0.4605618877892738,0.006767019379252383,0.45819185224851977,0.45809161492640277
IM,0.0,boundary,512,311,47.96733919313263,16,0.5744014550534948,0.006739519453079233,0.5709441509614683,0.5719097078226741,0.46178779025560135,0.006739113649268788,0.4583509227563568,0.458251118347712
IM,0.0,boundary,512,312,48.1215750104739,16,0.5683304736878158,0.006180890435331632,0.5708622307329665,0.5718450663116151,0.45594806212590766,0.006180444315586018,0.45850937215312454,0.45840999436695185
IM,0.0,boundary,512,313,48.27581082781516,16,0.5738608726887469,0.006597092883136498,0.570780909933706,0.5717809033665072,0.4616615327759044,0.006596663577725255,0.45866720463139016,0.45856824724829587
IM,0.0,boundary,512,314,48.43004664515642,16,0.5806125490220524,0.006843259497047015,0.5707001833187274,0.5717172143248068,0.46868595098530946,0.006842875575564803,0.4588244243422218,0.45872588121372365
IM,0.0,boundary,512,315,48.58428246249768,16,0.5774201965403571,0.006529626694637638,0.5706200456995552,0.5716539945817727,0.465761806868329,0.006529236850820702,0.45898103539573365,0.45888290044357183
IM,0.0,boundary,512,316,48.73851827983895,16,0.5740336335244516,0.006555609767643028,0.5705404919434409,0.5715912395895836,0.4626028356856259,0.006555217642791525,0.4591370418616226,0.45903930907707435
IM,0.0,boundary,512,317,48.89275409718021,16,0.5695143128844855,0.006466494045827703,0.570461516972617,0.5715289448564741,0.45827356272924885,0.0064660828650459235,0.4592924477696953,0.45919511121289625
IM,0.0,boundary,512,318,49.04698991452147,16,0.5738873414683067,0.006962434001464635,0.5703831157635649,0.5714671059458836,0.4629069379263368,0.006962069784653596,0.4594472571103878,0.45935031090965656
IM,0.0,boundary,512,319,49.201225731862735,16,0.5669355960128781,0.006428231118029077,0.5703052833462934,0.5714057184756228,0.4562231941982565,0.00642785759057643,0.4596014738352758,0.45950491218644485
IM,0.0,boundary,512,320,49.355461549203994,16,0.5701635538039121,0.006452607043154457,0.5702280148036305,0.5713447781170539,0.4596564310498614,0.006452224802583948,0.45975510185757706,0.45965891902332795
IM,0.0,boundary,512,321,49.50969736654526,16,0.5766477013989122,0.00685295078602659,0.5701513052705263,0.571284280594286,0.46638142710174907,0.006852602687667046,0.45990814505264604,0.4598123353618498
IM,0.0,boundary,512,322,49.66393318388652,16,0.5751104173352182,0.006927956872472354,0.5700751499333675,0.5712242216833852,0.4651068262480307,0.006927618400917107,0.46006060725846004,0.45996516510552227
IM,0.0,boundary,512,323,49.81816900122779,16,0.5839579067989039,0.007583504090924742,0.5699995440293029,0.5711645972115977,0.4741805954697461,0.007583195420677025,0.46021249227609784,0.46011741212030927
IM,0.0,boundary,512,324,49.972404818569046,16,0.5886349614301245,0.007991516889252624,0.5699244828455797,0.5711054030565887,0.47908464462400696,0.007991213569928072,0.46036380387021075,0.46026908023510243
IM,0.0,boundary,512,325,50.126640635910306,16,0.5870237482440228,0.008314250556926188,0.5698499617188919,0.5710466351456931,0.4777067259731963,0.008313962013488382,0.46051454576948614,0.46042017324218987
IM,0.0,boundary,512,326,50.28087645325157,16,0.5836157185763712,0.008046131800934709,0.5697759760347373,0.570988289455179,0.47452824115814307,0.008045830344613931,0.4606647216671037,0.46057069489771674
IM,0.0,boundary,512,327,50.43511227059283,16,0.5786959519057256,0.0073195996025509575,0.5697025212267861,0.5709303620095274,0.4698276977816527,0.0073192696418132855,0.46081433522118415,0.46072064892214
IM,0.0,boundary,512,328,50.5893480879341,16,0.5728074991244003,0.007216193978730247,0.56962959277626,0.5708728488807203,0.46418804499428024,0.007215871702563826,0.4609633900552318,0.4608700390006746
IM,0.0,boundary,512,329,50.74358390527536,16,0.5677560290322834,0.006956448797895791,0.5695571862113193,0.5708157461875448,0.45935650405127265,0.00695611094829422,0.46111188975856865,0.46101886878373377
IM,0.0,boundary,512,330,50.897819722616624,16,0.5627817708185454,0.006636363729847528,0.5694852971064626,0.570759050094907,0.45458501093028203,0.0066360221804377595,0.46125983788676317,0.4611671418873617
IM,0.0,boundary,512,331,51.052055539957884,16,0.5662081654185296,0.006791994241871732,0.5694139210819329,0.5707027568131596,0.45818540266542007,0.006791653571490387,0.46140723796205185,0.46131486189366067
IM,0.0,boundary,512,332,51.20629135729914,16,0.5626324091839129,0.006606397059823175,0.5693430538031363,0.57064686259744,0.4548115581786698,0.006606036587055685,0.46155409347375365,0.4614620323512102
IM,0.0,boundary,512,333,51.36052717464041,16,0.5690006778531838,0.007160402328578338,0.569272690980067,0.5705913637470201,0.4613886209086777,0.007160073528701137,0.461700407878679,0.4616086567754806
IM,0.0,boundary,512,334,51.51476299198167,16,0.5601489579877706,0.0067192007342254,0.5692028283667432,0.5705362566046687,0.4527688169007712,0.006718852818960966,0.461846184601532,0.4617547386492404
IM,0.0,boundary,512,335,51.668998809322936,16,0.561633356433392,0.006625622423199207,0.5691334617606507,0.5704815375560222,0.454520565770517,0.00662528770170701,0.46199142703530593,0.461900281422957
IM,0.0,boundary,512,336,51.823234626664195,16,0.553696180601831,0.0064164594846143124,0.5690645870021965,0.5704272030289688,0.446782828765054,0.006416109910804201,0.4621361385416739,0.4620452885151913
IM,0.0,boundary,512,337,51.977470444005455,16,0.5509845382857232,0.006381395270630574,0.5689961999741691,0.5703732494930416,0.4442549328479286,0.006381030330748119,0.46228032245137207,0.46218976331298656
IM,0.0,boundary,512,338,52.13170626134672,16,0.5584642074490349,0.0069242059697422545,0.5689282966012087,0.5703196734588233,0.45195511415256207,0.0069238906743927025,0.46242398206457835,0.4623337091722515
IM,0.0,boundary,512,339,52.28594207868798,16,0.5587989657353212,0.006618708584030591,0.568860872849285,0.5702664714773593,0.45253567354256935,0.006618373914270049,0.46256712065128447,0.46247712941813707
IM,0.0,boundary,512,340,52.44017789602925,16,0.5556048297576691,0.006290258782196419,0.5687939247251825,0.5702136401395829,0.44952673633104234,0.006289899194428552,0.46270974145166255,0.4626200273454083
IM,0.0,boundary,512,341,52.59441371337051,16,0.5546857495409079,0.006564097962978655,0.5687274482759948,0.5701611760757485,0.4487997426287287,0.0065637599215257756,0.4628518476764266,0.46276240621880993
IM,0.0,boundary,512,342,52.74864953071177,16,0.5610302862536543,0.006887760727501462,0.5686614395886254,0.5701090759548756,0.455346845645701,0.006887434414583295,0.4629934425071876,0.46290426927342687
IM,0.0,boundary,512,343,52.90288534805303,16,0.5603877061991887,0.006611310119008119,0.5685958947892971,0.5700573364842012,0.45486089390891765,0.006610960605382415,0.46313452909680464,0.4630456197150393
IM,0.0,boundary,512,344,53.05712116539429,16,0.5628415286250005,0.006726517479023984,0.5685308100430682,0.5700059544086423,0.45754264371349807,0.006726182800558062,0.46327511056972914,0.4631864607204726
IM,0.0,boundary,512,345,53.21135698273556,16,0.5592676478925049,0.0068162458057595176,0.5684661815533565,0.5699549265102667,0.45417949715133044,0.006815915594907488,0.4634151900223456,0.46332679543794153
IM,0.0,boundary,512,346,53.36559280007682,16,0.5554641020927349,0.0066224308762261735,0.5684020055614698,0.5699042496077729,0.45061448942016963,0.0066220979673080535,0.46355477052330574,0.46346662698739016
IM,0.0,boundary,512,347,53.519828617418085,16,0.5511590872662685,0.006295612946447494,0.5683382783461439,0.5698539205559788,0.44645215669579863,0.006295262958262126,0.46369385511385874,0.46360595846082625
IM,0.0,boundary,512,348,53.674064434759345,16,0.554342981332484,0.0062228579872151205,0.5682749962230876,0.5698039362453191,0.44980191628011107,0.006222508623704548,0.46383244680817626,0.4637447929226507
IM,0.0,boundary,512,349,53.82830025210061,16,0.5484314230879331,0.0060051842853195555,0.5682121555445341,0.56975429360135,0.44415287624615757,0.006004832513327681,0.46397054859367215,0.46388313340998244
IM,0.0,boundary,512,350,53.98253606944187,16,0.5503349982308954,0.00612853402236697,0.5681497526987995,0.5697049895842637,0.4462628630957901,0.00612818320577,0.46410816343131855,0.46402098293297867
IM,0.0,boundary,512,351,54.13677188678313,16,0.5534315546790145,0.006316046964905051,0.5680877841098473,0.5696560211884095,0.4495790698696749,0.006315713256180335,0.4642452942559562,0.4641583444751498
IM,0.0,boundary,512,352,54.2910077041244,16,0.5553231084070771,0.006354815297365895,0.5680262462368599,0.5696073854418233,0.4516495800954545,0.006354480291591655,0.46438194397660104,0.4642952209936706
IM,0.0,boundary,512,353,54.445243521465656,16,0.5557798264443039,0.006704899256981063,0.5679651355738156,0.569559079405765,0.4522865240657047,0.006704585060879125,0.4645181154767456,0.46443161541968603
IM,0.0,boundary,512,354,54.59947933880692,16,0.5504478302203646,0.006452701173630425,0.5679044486490729,0.5695111001742633,0.4471436071672355,0.0064523703287696806,0.4646538116146568,0.46456753065861395
IM,0.0,boundary,512,355,54.75371515614818,16,0.5571004081437,0.006541889423546803,0.5678441820249602,0.569463444873668,0.4539930284424933,0.0065415670009450035,0.46478903522366877,0.4647029695904418
IM,0.0,boundary,512,356,54.90795097348945,16,0.5609926302350543,0.006556740670370806,0.5677843322973708,0.5694161106622091,0.4580836953567624,0.006556401996995632,0.4649237891124714,0.46483793507002025
IM,0.0,boundary,512,357,55.06218679083071,16,0.5629909972084155,0.006790758487854687,0.5677248960953658,0.5693690947295639,0.4602801369906825,0.00679043964618863,0.4650580760653958,0.46497242992735216
IM,0.0,boundary,512,358,55.21642260817197,16,0.5566453414456564,0.00630067653085856,0.56766587008078,0.5693223942964305,0.45414436951764425,0.006300337095054654,0.4651918988426938,0.46510645696787767
IM,0.0,boundary,512,359,55.370658425513234,16,0.5546081024021149,0.006594552638049937,0.567607250947836,0.5692760066141086,0.45230182588805523,0.00659424082610735,0.4653252601808153,0.4652400189727549
IM,0.0,boundary,512,360,55.524894242854494,16,0.5619953683067771,0.006982063789923749,0.5675490354227628,0.5692299289640861,0.45985801212492106,0.006981768239520117,0.4654581627926805,0.465373118699137
IM,0.0,boundary,512,361,55.67913006019576,16,0.5601433678755146,0.006975871589440165,0.5674912202634187,0.5691841586576338,0.4582071348095986,0.0069755783652337726,0.4655906093679481,0.46550575888044476
IM,0.0,boundary,512,362,55.83336587753702,16,0.5594876085975959,0.006893337880823102,0.5674338022589223,0.5691386930354053,0.45775273396848504,0.0068930361171359615,0.46572260257328113,0.4656379422266363
IM,0.0,boundary,512,363,55.987601694878286,16,0.5566681689150821,0.00660832439111523,0.567376778229286,0.5690935294670444,0.4551277860559906,0.0066080028643885486,0.46585414505260697,0.465769671424472
IM,0.0,boundary,512,364,56.141837512219546,16,0.5661297738294202,0.006919682300602636,0.5673201450250562,0.5690486653507971,0.4647760011899231,0.0069193874578434515,0.46598523942737535,0.46590094913777613
IM,0.0,boundary,512,365,56.296073329560805,16,0.5692925434303315,0.006934292832873647,0.5672638995269588,0.5690040981131322,0.4681462587549017,0.006934021496247909,0.46611588829681194,0.4660317780076951
IM,0.0,boundary,512,366,56.45030914690207,16,0.5679393552947343,0.007063140779234635,0.5672080386455483,0.5689598252083656,0.466897125891275,0.007062835243116773,0.4662460942381681,0.46616216065295135
IM,0.0,boundary,512,367,56.60454496424333,16,0.5659026402174694,0.007244215780783376,0.5671525593208635,0.5689158441182913,0.46501332606377743,0.007243916067867491,0.46637585980696844,0.46629209967009444
IM,0.0,boundary,512,368,56.7587807815846,16,0.5626992469698364,0.007293055390846711,0.5670974585220865,0.5688721523518195,0.46205703469576664,0.007292788588325129,0.4665051875372528,0.4664215976337485
IM,0.0,boundary,512,369,56.91301659892586,16,0.5587938991112009,0.00676903173222561,0.567042733247208,0.5688287474446181,0.4583249259318726,0.006768753493851839,0.46663407994181705,0.46655065709685584
IM,0.0,boundary,512,370,57.067252416267124,16,0.5563270144889852,0.006690379717812161,0.5669883805226957,0.5687856269587617,0.4560599337602048,0.0066901058005803616,0.46676253951244895,0.46667928059091773
IM,0.0,boundary,512,371,57.22148823360838,16,0.560555383962563,0.006881163164934781,0.5669343974031686,0.5687427884823848,0.46047693546108553,0.006880901576102408,0.46689056872016144,0.4668074706262311
IM,0.0,boundary,512,372,57.37572405094964,16,0.5626163864813527,0.0068987056774115684,0.5668807809710754,0.5687002296293419,0.46274395588770284,0.006898435467007127,0.46701817001542256,0.4669352296921234
IM,0.0,boundary,512,373,57.52995986829091,16,0.5642017072168464,0.006708249975065561,0.566827528336376,0.5686579480388709,0.4645222787500519,0.006707966044012409,0.46714534582838246,0.4670625602571826
IM,0.0,boundary,512,374,57.68419568563217,16,0.5743635498048396,0.006979114019956787,0.5667746366362303,0.5686159413752638,0.47487097093059666,0.006978855969024756,0.46727209856909635,0.4671894647694852
IM,0.0,boundary,512,375,57.838431502973435,16,0.5751019014268649,0.006908806113147492,0.5667221030346888,0.5685742073275408,0.4757643884482479,0.0069085544435983645,0.4673984306277459,0.4673159456568204
IM,0.0,boundary,512,376,57.992667320314695,16,0.5790071899355944,0.007276504222363832,0.566669924722388,0.5685327436091302,0.479834958764266,0.007276255038762981,0.467524344374856,0.46744200532691177
IM,0.0,boundary,512,377,58.14690313765596,16,0.5727053647244253,0.007134421597609887,0.5666180989162503,0.568491547957554,0.47370628893691047,0.007134176788685779,0.46764984216150984,0.4675676461676361
IM,0.0,boundary,512,378,58.30113895499722,16,0.5777715611818393,0.007452402976621807,0.5665666228591881,0.5684506181341158,0.4789483859196046,0.007452170871143256,0.4677749263195602,0.46769287054723774
IM,0.0,boundary,512,379,58.45537477233848,16,0.5758367282309551,0.007347456297293527,0.5665154938198118,0.5684099519235973,0.47712885384563397,0.007347195771424393,0.4678995991618382,0.46781768081454267
IM,0.0,boundary,512,380,58.60961058967975,16,0.5767634389843794,0.006981133463579491,0.5664647090921409,0.5683695471339557,0.4782303247241326,0.006980871444497704,0.46802386298235965,0.4679420792991672
IM,0.0,boundary,512,381,58.763846407021006,16,0.5728672745793804,0.006922053703193192,0.5664142659953205,0.5683294015960277,0.47453124320431705,0.006921793312553709,0.46814772005652766,0.4680660683117252
IM,0.0,boundary,512,382,58.91808222436227,16,0.5722347919421875,0.006886860619398059,0.5663641618733406,0.5682895131632381,0.474104213212816,0.006886610949450968,0.4682711726413332,0.4681896501440323
IM,0.0,boundary,512,383,59.07231804170353,16,0.572509945796021,0.006978535330722584,0.5663143940947593,0.5682498797113119,0.4745612721947733,0.006978288286744216,0.4683942229755529,0.4683128270693076
IM,0.0,boundary,512,384,59.2265538590448,16,0.5660859494565837,0.006965340540916319,0.5662649600524294,0.5682104991379914,0.46831852943028063,0.006965107770772499,0.46851687327994385,0.4684356013423717
IM,0.0,boundary,512,385,59.38078967638606,16,0.566758263098292,0.0069628200267223056,0.5662158571632305,0.568171369362757,0.4691799567529338,0.0069625934558871835,0.4686391257574364,0.46855797519984366
IM,0.0,boundary,512,386,59.53502549372732,16,0.5669792161274478,0.006862589880375318,0.5661670828678018,0.5681324883265536,0.46955715200512194,0.006862348733237864,0.46876098259332366,0.46867995086033387
IM,0.0,boundary,512,387,59.689261311068584,16,0.5644986329543257,0.007046199016077152,0.56611863463028,0.5680938539915188,0.46723293440510594,0.007045964943678919,0.46888244595544915,0.4688015305246357
IM,0.0,boundary,512,388,59.843497128409844,16,0.5609186871153657,0.006925817160886618,0.5660705099380414,0.5680554643407167,0.46383934268609306,0.006925577230458391,0.4690035179943912,0.4689227163759128
IM,0.0,boundary,512,389,59.99773294575111,16,0.5651969697616892,0.0070789491934567204,0.566022706301446,0.568017317377877,0.46828802097103067,0.007078709604004984,0.4691242008436459,0.46904351057988686
IM,0.0,boundary,512,390,60.15196876309237,,0.5657527519939419,0.00755953852732067,0.5659752212535858,0.5679794111271338,0.4690544607449867,0.0075593189993938955,0.4692444966198067,0.46916391528501933
IM,0.25,changed,512,0,0.0,16,2.2152687691469755,2.778272043934457e-17,2.2152687691469763,2.2138388888836813,0.0,0.0,0.0,0.0
IM,0.25,changed,512,1,0.1542358173412625,17,1.9283353842423923,0.004381881634248258,1.9292063860888549,1.9143459080516319,0.05542140823693461,0.0018897441459004324,0.05256398403356702,0.05278546144570467
IM,0.25,changed,512,2,0.308471634682525,18,1.706649099168429,0.005115787184342182,1.709151436698146,1.6857547149420113,0.09280675858868506,0.002864397864367426,0.09010144333206743,0.09038764422207565
IM,0.25,changed,512,3,0.4627074520237875,18,1.5381830066434425,0.005493556489173415,1.5377733074769364,1.5091976661450381,0.12244343065681113,0.0038363624316438616,0.11679014697273471,0.11705359135532355
IM,0.25,changed,512,4,0.61694326936505,19,1.4082260156381534,0.005703283268599191,1.405124989215154,1.3736636323363227,0.14453910865840108,0.004501130843940307,0.13810899486114242,0.13831682376892226
IM,0.25,changed,512,5,0.7711790867063124,19,1.3045611359088694,0.006097860046183382,1.2984981112376257,1.26567861234715,0.16409360734021744,0.005268407334145761,0.1529334030950159,0.15306151805174298
IM,0.25,changed,512,6,0.925414904047575,19,1.220639976097718,0.005839631305810354,1.2138173818217668,1.1806623768982272,0.17691321555223152,0.005169740247208322,0.16529188147031368,0.16534505090731766
IM,0.25,changed,512,7,1.0796507213888373,20,1.1493243334741359,0.00594189419875276,1.1455864820069575,1.112758201728513,0.18345971695028307,0.005431713830923752,0.17575908510721888,0.17574573087111567
IM,0.25,changed,512,8,1.2338865387301,20,1.0889093184025267,0.005619681158192722,1.0874550280375899,1.0553632915035356,0.18783864906396988,0.005199220334629373,0.1825234867858618,0.18244388867090372
IM,0.25,changed,512,9,1.3881223560713625,20,1.0388664681634872,0.00542193085197898,1.0393480334440817,1.0082501816833496,0.19073463667920515,0.005090604537999691,0.18864409009682123,0.18851407874363166
IM,0.25,changed,512,10,1.5423581734126248,21,0.9904326303256727,0.005036378124273464,0.9989492513974669,0.968989331494838,0.18849614094143793,0.004750666746900438,0.19422254539146938,0.19405459759217938
IM,0.25,changed,512,11,1.6965939907538874,21,0.9535402708846988,0.004937524227668839,0.962447892089324,0.9336886131635366,0.1901917566394959,0.004706326526201783,0.19731507330277204,0.1971102618244844
IM,0.25,changed,512,12,1.85082980809515,21,0.9220065677255731,0.004917880870942542,0.9311442252053221,0.9036112646863932,0.19242389332252263,0.004721557514287027,0.20047169277342222,0.20024285860222377
IM,0.25,changed,512,13,2.0050656254364125,22,0.896986268228626,0.0049347155492274536,0.9039530162277469,0.8776388076862454,0.19705550015231504,0.0047651397136342965,0.20362320928519123,0.2033789868870436
IM,0.25,changed,512,14,2.1593014427776747,22,0.8750626908300287,0.005147498113158745,0.8781609461522001,0.8530312006250353,0.20239483140770975,0.005010226184645552,0.20488361249525056,0.20462183464770803
IM,0.25,changed,512,15,2.3135372601189372,22,0.8523928747269651,0.004916516049757245,0.855480682615365,0.8314996521880288,0.20418354357615437,0.004793563212297983,0.20648512910525463,0.2062143162533749
IM,0.25,changed,512,16,2.4677730774602,22,0.8336991756112291,0.00477333154634551,0.8353235468203537,0.8124467251061631,0.2075410092594117,0.004662037014560467,0.20830023576081705,0.20802531932210078
IM,0.25,changed,512,17,2.6220088948014624,23,0.816508208045913,0.004741231268429163,0.8172402470463341,0.7954186287799849,0.21023981675651,0.004644955591957798,0.21024001247406765,0.20996353441664967
IM,0.25,changed,512,18,2.776244712142725,23,0.8012861390812973,0.004715617945541514,0.799158871675621,0.7783358327025267,0.21321897502766546,0.004629748207889729,0.2105616479938655,0.21027750482829652
IM,0.25,changed,512,19,2.930480529483987,23,0.784830498471664,0.004914253323682996,0.7829294270490628,0.7630584623065633,0.21364972342977004,0.0048404318719404696,0.21128725115331148,0.21100009040786114
IM,0.25,changed,512,20,3.0847163468252496,23,0.7722031734867374,0.004882251942938859,0.7682345411988383,0.7492682689191191,0.21661454104134414,0.004815103778204877,0.21228681999308952,0.21199881733110215
IM,0.25,changed,512,21,3.238952164166512,23,0.7569139900508477,0.004803342769675426,0.7548287986801252,0.7367202041138317,0.21625579260183903,0.004742339859164842,0.21346807048419647,0.21317986302194797
IM,0.25,changed,512,22,3.393187981507775,24,0.7512218462224796,0.005168016894993056,0.7425201883263615,0.7252233823004284,0.22414367929169698,0.0051175390449177864,0.21476561631140312,0.21447693632098302
IM,0.25,changed,512,23,3.5474237988490374,24,0.7383535721158383,0.004885913992485074,0.7295800197809468,0.7130450334757703,0.2241104886937737,0.004835780510260283,0.2145920565061133,0.21429564858867814
IM,0.25,changed,512,24,3.7016596161903,24,0.7233837089672097,0.0044897749991881925,0.7178231152630137,0.7020114562192203,0.22094783404983515,0.0044394027146714725,0.21480747761431945,0.2145066110698119
IM,0.25,changed,512,25,3.855895433531562,24,0.7133099648746489,0.004534657217275518,0.7070549280860112,0.6919282809216338,0.22202447390398322,0.004489296360382242,0.21529611369313886,0.21499226715056707
IM,0.25,changed,512,26,4.010131250872825,24,0.7003076162306678,0.004516378542568715,0.6971249034483282,0.6826457475847422,0.21976879204895527,0.004474006496819836,0.2159749590715196,0.21566853146769022
IM,0.25,changed,512,27,4.164367068214087,25,0.6876565889119428,0.004461915137127547,0.687915051283512,0.674047042833881,0.21693952415620846,0.004420592682711337,0.21678446544930818,0.21647525053405375
IM,0.25,changed,512,28,4.318602885555349,25,0.6749155758042003,0.004223261327473388,0.6778845843331496,0.664587386956796,0.2138564645376901,0.0041831574772394995,0.21626404547485953,0.21594555933033768
IM,0.25,changed,512,29,4.472838702896612,25,0.6641704568622682,0.004174592088813115,0.6687357370576358,0.655979690397558,0.21206814675074595,0.0041363058091629145,0.2161243026911791,0.21579983262945887
IM,0.25,changed,512,30,4.6270745202378745,25,0.6587967687113636,0.004291699709588984,0.6603193625878103,0.6480747718459052,0.21518754455703826,0.004257297673583246,0.21625760822472545,0.2159288435884512
IM,0.25,changed,512,31,4.7813103375791375,25,0.648558449715184,0.004359942378355333,0.652521218869315,0.6407589114780555,0.2130080518923631,0.0043286215525422545,0.21658633023572924,0.21625398800496667
IM,0.25,changed,512,32,4.9355461549204,25,0.64286034816736,0.004458216528031596,0.6452527033416515,0.6339443837383382,0.2150803694297773,0.004429971323620673,0.21705436318343518,0.21671860481996913
IM,0.25,changed,512,33,5.089781972261662,26,0.6316742376706002,0.004269130972088077,0.6384441673790027,0.6275626316071713,0.21124851335641243,0.004241933270653664,0.21762107313300832,0.2172817756920266
IM,0.25,changed,512,34,5.244017789602925,26,0.6263987627884078,0.004389440095752455,0.6307071249256093,0.6202212425917508,0.21302795148602116,0.004364689762454724,0.21694828637401192,0.21659969495830497
IM,0.25,changed,512,35,5.398253606944187,26,0.6210705249269635,0.004491404826858216,0.6236341156318579,0.6135226837773842,0.2144417447286514,0.004468463653744966,0.21662184772012852,0.21626730616674839
IM,0.25,changed,512,36,5.55248942428545,26,0.6165451409874776,0.004429648787475945,0.6171075978939751,0.6073492061116872,0.21633292173934685,0.0044078424562707585,0.21654702426164846,0.21618843249299433
IM,0.25,changed,512,37,5.706725241626712,26,0.611364887192603,0.004390204388171563,0.6110385725752161,0.6016121039021357,0.2172324204548065,0.004369746746051731,0.21665524484546056,0.21629360417604618
IM,0.25,changed,512,38,5.860961058967974,26,0.6002778290929124,0.004078015428581961,0.6053588602466526,0.5962438131897725,0.21212820724872153,0.0040573751037711265,0.21689673367996423,0.21653251209981053
IM,0.25,changed,512,39,6.015196876309237,27,0.5950456346939715,0.004087526074502145,0.6000155490242842,0.5911922345637788,0.2124624351418427,0.004067925782035,0.21723524320891935,0.21686861476208727
IM,0.25,changed,512,40,6.169432693650499,27,0.5895133993072108,0.004016886113227479,0.5937347982630904,0.5851795932138747,0.21248923806051812,0.003998162915364738,0.2164326865066807,0.21605857704505577
IM,0.25,changed,512,41,6.323668510991762,27,0.5874117974372849,0.003930104989112171,0.5879970521018947,0.5796954606658205,0.21567043781172074,0.003912249877436027,0.21595779162854467,0.21557951091266458
IM,0.25,changed,512,42,6.477904328333024,27,0.5807860216413752,0.004034731604382543,0.582700743941452,0.5746378785143869,0.21405172490539412,0.004018363628671461,0.2157229774553048,0.21534246082405847
IM,0.25,changed,512,43,6.632140145674287,27,0.5778471385650175,0.0041055964024094335,0.5777697612339027,0.5699308118582793,0.2160422094578147,0.004090581435886528,0.21566472295111477,0.21528303864970566
IM,0.25,changed,512,44,6.78637596301555,27,0.575738561945737,0.004259937552881797,0.5731464652598853,0.5655170028723099,0.2185244306443272,0.004246349394684686,0.2157368011292597,0.21535449167268048
IM,0.25,changed,512,45,6.940611780356812,27,0.5711533010087093,0.004196215252188891,0.568786684216224,0.5613528476778454,0.21842985057127207,0.004183009670811275,0.21590544083035362,0.21552274808625496
IM,0.25,changed,512,46,7.094847597698075,27,0.567425345116745,0.004097239319329734,0.5646561146123799,0.5574047175865313,0.21907068302603755,0.004084698574238118,0.21614586279294942,0.21576287259886182
IM,0.25,changed,512,47,7.249083415039337,28,0.5579295140200349,0.0037677784864180554,0.5607277288351321,0.5536463122867644,0.213831313865607,0.0037548226855250275,0.2164397962270619,0.21605652811468345
IM,0.25,changed,512,48,7.4033192323806,28,0.5547149476828264,0.0037881116644681483,0.5558376256509517,0.5489098856913728,0.21473830486362994,0.003775604376908657,0.2156487927016168,0.21526051304124783
IM,0.25,changed,512,49,7.557555049721862,28,0.548687894941551,0.0037944199454794337,0.5513714932706544,0.5445895323054292,0.2126867323374576,0.003782618106822857,0.21514450139427976,0.21475431937380454
IM,0.25,changed,512,50,7.711790867063124,28,0.5439168279906333,0.00370737114716625,0.5472456638804529,0.5406010114597485,0.21174489801945512,0.0036958493117300777,0.2148512834673509,0.21446105524910472
IM,0.25,changed,512,51,7.866026684404387,28,0.5403681593311088,0.003933109027417233,0.5433980089858603,0.5368820403872799,0.2118983951685083,0.003922795719571692,0.2147142485811041,0.21432502633453657
IM,0.25,changed,512,52,8.02026250174565,28,0.5386052723383654,0.003795965574265104,0.5397819701397375,0.533386180279072,0.2137477727740304,0.003785668777934746,0.2146934172798453,0.2143057537401391
IM,0.25,changed,512,53,8.174498319086911,28,0.5371536102793872,0.003986933838304157,0.5363622846995056,0.5300784605845257,0.21566224546711132,0.003977381530692122,0.21475954788331675,0.21437369923223093
IM,0.25,changed,512,54,8.328734136428174,28,0.5346995009140474,0.003967550183207627,0.533111920228475,0.5269322432108874,0.21661357317414964,0.003958304609595024,0.21489114963110234,0.21450720765158882
IM,0.25,changed,512,55,8.482969953769437,29,0.5342054910757499,0.004187157659644948,0.5300098715360738,0.5239269717531041,0.21938067622966062,0.004178707688282603,0.21507234192608884,0.21469031760712295
IM,0.25,changed,512,56,8.637205771110699,29,0.5281217776287078,0.004021249083722782,0.5259774628786539,0.5199801301067853,0.21642507359296967,0.004012812872720373,0.2142441446128379,0.213859607251375
IM,0.25,changed,512,57,8.791441588451962,29,0.5235388422479712,0.003871897188039807,0.5223062408215797,0.5163909290473372,0.21505291350068628,0.0038634718839527034,0.21368406049879488,0.21329986491041275
IM,0.25,changed,512,58,8.945677405793225,29,0.5171779558148982,0.0037647735782425458,0.5189210825059221,0.5130835054093477,0.21181813845760808,0.0037564362899911953,0.21332203914721415,0.21293986058646588
IM,0.25,changed,512,59,9.099913223134486,29,0.5131049846543441,0.0035500255777742252,0.5157665911384217,0.5100021215439371,0.2106466515453432,0.0035416828093872053,0.21310723252775662,0.21272798744777782
IM,0.25,changed,512,60,9.254149040475749,29,0.5146622849228693,0.003821856080347726,0.5128015937043688,0.5071055280511815,0.2150426691677656,0.003814218489117034,0.2130025899413009,0.2126267220276135
IM,0.25,changed,512,61,9.408384857817012,29,0.5072338010236219,0.003545711872213652,0.5099952048643696,0.5043629328774587,0.21049769262395376,0.003537715032231967,0.21298099487697053,0.21260866613013457
IM,0.25,changed,512,62,9.562620675158275,29,0.5037768299607137,0.0036364797397622794,0.5073240071308818,0.5017511157690173,0.20974215051174416,0.003628883051769818,0.21302250058302735,0.21265371624476362
IM,0.25,changed,512,63,9.716856492499536,29,0.5013351304497804,0.0035655812980571505,0.5047700273519644,0.4992523598751929,0.20988999840621325,0.0035582064471245322,0.21311234916124766,0.21274703713706597
IM,0.25,changed,512,64,9.8710923098408,30,0.49991179051498197,0.0037457974113515825,0.5023192817962713,0.4968529667464181,0.21094159189337391,0.0037390786484802433,0.21323954990606303,0.21287760935631836
IM,0.25,changed,512,65,10.025328127182062,30,0.5008285399355088,0.003763552624333179,0.49897059122620896,0.4935480069472761,0.2143123134397512,0.0037569934813283428,0.21241864979775635,0.2120558620323282
IM,0.25,changed,512,66,10.179563944523323,30,0.49808449627424023,0.003691804781351623,0.495931522538973,0.49055207614278856,0.21401622851294314,0.003685337406360862,0.21184386489100682,0.21148282577695166
IM,0.25,changed,512,67,10.333799761864586,30,0.4933086439432387,0.0037331190917621105,0.49313487010169876,0.4877971261635759,0.21170234137334648,0.003726875351663624,0.21145125922423041,0.21109347083194552
IM,0.25,changed,512,68,10.48803557920585,30,0.49354893154014745,0.0038053789965267785,0.4905313262222681,0.4852333827701537,0.2141765853199333,0.003799358522709229,0.21119442916552814,0.21084068814425785
IM,0.25,changed,512,69,10.642271396547113,30,0.4896782868580555,0.003733330760298371,0.48808446701575836,0.48282420733290277,0.2126101581091024,0.003727335182737162,0.21103956458381928,0.2106902268130446
IM,0.25,changed,512,70,10.796507213888374,30,0.4901385104823964,0.003779346574547322,0.4857671678366807,0.48054242483275544,0.2152162966127134,0.0037735360347261123,0.2109619198248892,0.21061707772147378
IM,0.25,changed,512,71,10.950743031229637,30,0.49084218364228915,0.0038534890334682085,0.48355903728593796,0.4783676970672117,0.2181464525761459,0.0038479759595844783,0.2109432890546103,0.2106028879083422
IM,0.25,changed,512,72,11.1049788485709,30,0.4849657556880279,0.0037295842854431606,0.48144457755710457,0.4762846413102607,0.21441810286181268,0.0037240750583675325,0.2109701976943688,0.21063410997426282
IM,0.25,changed,512,73,11.259214665912161,30,0.48471201106488765,0.003960931479282367,0.47941186320289336,0.4742814809794653,0.21627298132897033,0.003955989430629205,0.21103260485764283,0.2107006759658225
IM,0.25,changed,512,74,11.413450483253424,31,0.4793613366751632,0.003869331183588465,0.4774515902963381,0.4723490762556734,0.2130528639941559,0.003864475091740145,0.2111229707848069,0.21079504575008218
IM,0.25,changed,512,75,11.567686300594687,31,0.474256110484002,0.003534783961179511,0.4746311137976306,0.46955115678220327,0.2099761114658162,0.003529601586883921,0.21032157247511885,0.20999365847018803
IM,0.25,changed,512,76,11.721922117935948,31,0.4716350153008473,0.003493796682557714,0.4720812802346774,0.4670250457668262,0.2093149868366534,0.00348867376368213,0.20974691508121,0.20942140167615553
IM,0.25,changed,512,77,11.876157935277211,31,0.46932044563094816,0.003419645995855211,0.4697411690172514,0.4647089269365544,0.2089050085297797,0.003414614934598383,0.20934025388573713,0.20901850987196802
IM,0.25,changed,512,78,12.030393752618474,31,0.4648467858934397,0.0034937784283018912,0.4675662567492933,0.4625577365597303,0.2062542950675925,0.0034890856614257547,0.2090589702245546,0.20874170466980796
IM,0.25,changed,512,79,12.184629569959737,31,0.46525966176999456,0.003442136028834239,0.4655238091139545,0.4605384401587179,0.20851813116091059,0.003437529402064072,0.2088720245111121,0.20855953330128826
IM,0.25,changed,512,80,12.338865387300999,31,0.463627789598983,0.003469101946608007,0.46358958814321694,0.4586266584992945,0.20873445429402354,0.0034646685051049324,0.20875670805704374,0.2084490394745251
IM,0.25,changed,512,81,12.493101204642262,31,0.4634640313437244,0.003535501974622085,0.46174549646730634,0.4568042551483881,0.21040141378243568,0.003531229395433583,0.2086963199959313,0.20839338368533827
IM,0.25,changed,512,82,12.647337021983525,31,0.46139177365045303,0.0034072108493117766,0.45997788952717167,0.4550576096684696,0.21007848277877286,0.003402815323957862,0.20867850364876286,0.20838014048272438
IM,0.25,changed,512,83,12.801572839324786,31,0.4620664381432894,0.0036219907054830854,0.458276364387073,0.45337637999429325,0.21248822940345288,0.003617966472524341,0.20869405335965976,0.20840007868112437
IM,0.25,changed,512,84,12.955808656666049,31,0.46367500037279985,0.003748723445403267,0.4566328889368397,0.45175261406628286,0.21579295980149232,0.003744940087960765,0.2087360572978918,0.20844628633970308
IM,0.25,changed,512,85,13.110044474007312,32,0.4613923967009544,0.003626414395081814,0.45504117446458203,0.4501801110138365,0.21519904083909852,0.003622591354186522,0.20879928042612417,0.2085135420488682
IM,0.25,changed,512,86,13.264280291348573,32,0.455530829011629,0.0034243744690967384,0.4526296033439587,0.447783782362072,0.21091512964955142,0.0034204287810198,0.20802297439611628,0.20773750591169146
IM,0.25,changed,512,87,13.418516108689836,32,0.4519355257133347,0.003345748075473086,0.45045888004099566,0.4456303394950145,0.20897763570986042,0.0033418053100623033,0.2074566052111316,0.20717363087971932
IM,0.25,changed,512,88,13.5727519260311,32,0.4492827714622394,0.003407688900019166,0.44847315624055745,0.4436630280759573,0.20791893631799666,0.003403842843629122,0.2070458301938922,0.20676661738811464
IM,0.25,changed,512,89,13.726987743372362,32,0.44527848470633313,0.0033081706906592455,0.44663173277713686,0.4418405787253345,0.205430327485009,0.003304230273989111,0.20675124384118027,0.20647644046803454
IM,0.25,changed,512,90,13.881223560713623,32,0.44161299646252933,0.0032952980453493986,0.44490479273204897,0.4401328327101648,0.20327557618733158,0.0032914609559931726,0.20654416223073946,0.20627402749975918
IM,0.25,changed,512,91,14.035459378054886,32,0.44129705327653446,0.0033463244721276017,0.44327035359770905,0.43851761816487805,0.20446753038294013,0.00334264455531167,0.2064036122786399,0.20613817197446072
IM,0.25,changed,512,92,14.18969519539615,32,0.4399925580278682,0.003183693502465952,0.44171208763695247,0.4369785173593419,0.2046226271991181,0.003179972794715762,0.20631417903702098,0.20605332793367015
IM,0.25,changed,512,93,14.34393101273741,32,0.43784678029977897,0.0030941711455209258,0.4402177610314789,0.4355032692006692,0.20395120841242892,0.003090406022599545,0.20626446451656524,0.20600803223006908
IM,0.25,changed,512,94,14.498166830078674,32,0.4393087881327588,0.0033482559111031986,0.43877811443439174,0.4340826248615294,0.20678874731566005,0.0033449026609894787,0.20624598270681188,0.20599377460878435
IM,0.25,changed,512,95,14.652402647419937,32,0.43711227180019396,0.0033435054233815487,0.43738605868694175,0.4327095268458736,0.2059651030808804,0.003340234955434489,0.20625236602125435,0.2060041874215122
IM,0.25,changed,512,96,14.8066384647612,32,0.4391851991256846,0.0034939282378932393,0.4360360957982354,0.43137851909337055,0.20941497258047698,0.003490827215309424,0.20627879431240748,0.20603446364564712
IM,0.25,changed,512,97,14.960874282102461,32,0.4377490890903968,0.0036257629282753705,0.43472390111899745,0.43008532226101454,0.20932121345862226,0.003622878537145937,0.20632158313526971,0.20608093811127998
IM,0.25,changed,512,98,15.115110099443724,33,0.4373365732477621,0.0037112914593576823,0.4334460210143859,0.42882652721173997,0.21020518863796667,0.0037085657102162383,0.20637788609859073,0.20614078551203383
IM,0.25,changed,512,99,15.269345916784987,33,0.43745371493389984,0.0035773141464949835,0.4313863032602506,0.42678267653739116,0.2116773819484703,0.003574573319413655,0.20564079115255243,0.20540372088225867
IM,0.25,changed,512,100,15.423581734126248,33,0.43644931555594496,0.0037628548928957174,0.42954176024873114,0.42495638484678566,0.21191471752770621,0.0037602440709756813,0.20509718160288004,0.2048622506046922
IM,0.25,changed,512,101,15.577817551467511,33,0.43746493491381944,0.003737300858062783,0.42786113422042993,0.4232955016348542,0.2142152687927461,0.0037347082181437984,0.2046968607238468,0.20446527501565767
IM,0.25,changed,512,102,15.732053368808774,33,0.42697618521052483,0.003330767244532917,0.42630716581832767,0.4217621918981485,0.20499665025723884,0.0033279327869091494,0.2044034600518538,0.20417583916199553
IM,0.25,changed,512,103,15.886289186150035,33,0.4233802700169883,0.00337147767406729,0.4248526431111732,0.4203288848706113,0.20267076106651316,0.0033686899287672426,0.20419053191921344,0.20396712580730847
IM,0.25,changed,512,104,16.0405250034913,33,0.4226782663341742,0.0033916869414933122,0.4234775804447716,0.41897538181599936,0.20321076772340702,0.0033889594910204365,0.2040387595926917,0.20381959500533092
IM,0.25,changed,512,105,16.19476082083256,33,0.4216481001109058,0.003331160366907835,0.4221672017580391,0.4176867895436672,0.20339367398232971,0.003328428133399108,0.2039339631587832,0.20371894048960507
IM,0.25,changed,512,106,16.348996638173823,33,0.42252505132812385,0.0034385205950766286,0.42091049712792483,0.4164520424740067,0.20548571529494208,0.003435929600492324,0.20386567241260595,0.2036546282553858
IM,0.25,changed,512,107,16.503232455515086,33,0.4179819539185404,0.0032922265875948284,0.4196991881097304,0.41526284443836703,0.20210991184811583,0.0032895552392568058,0.2038261040909714,0.20361885033393465
IM,0.25,changed,512,108,16.65746827285635,33,0.4185090497109137,0.003415149286585792,0.41852698487181406,0.4141129100079159,0.203785312086801,0.0034126683668941663,0.20380942771203797,0.20360577484679943
IM,0.25,changed,512,109,16.811704090197612,33,0.41925631272008257,0.003284671260562109,0.4173890518194179,0.4129974197228456,0.20570304999063854,0.003282185050576072,0.20381123761679265,0.2036110076331252
IM,0.25,changed,512,110,16.965939907538875,33,0.4146526257682963,0.003208726631292668,0.41628162235215505,0.41191262819653696,0.20218816001656906,0.003206118850829478,0.2038281724993149,0.20363120508188118
IM,0.25,changed,512,111,17.120175724880138,34,0.41546059621313214,0.003287147436917469,0.4152017204318225,0.41085558158167473,0.20410842466708573,0.0032846881816269878,0.2038576405612441,0.2036637951250555
IM,0.25,changed,512,112,17.274411542221397,34,0.4108872442108147,0.003234690574558063,0.4133820495787066,0.40905585054588034,0.20059665023644663,0.0032322626352105917,0.20314039119390415,0.2029463522869946
IM,0.25,changed,512,113,17.42864735956266,34,0.4124157950487995,0.003340186736799922,0.4117604983804459,0.4074565833535304,0.20321147030583858,0.0033379184861934844,0.20260519683256212,0.20241294241927707
IM,0.25,changed,512,114,17.582883176903923,34,0.40922043708119493,0.003227025147915125,0.41028905612004163,0.40600891397300287,0.20113403677182407,0.0032247280963162185,0.2022048541910911,0.20201551272243037
IM,0.25,changed,512,115,17.737118994245186,34,0.4093756694664126,0.0032519885851153433,0.4089328678051802,0.40467743163343073,0.20236154781745788,0.0032497128075626514,0.20190517141012881,0.20171931983729158
IM,0.25,changed,512,116,17.89135481158645,34,0.40301223716658696,0.0030777052459065018,0.407666517916148,0.4034363701156267,0.1970487004887358,0.0030753542409912953,0.2016812899846688,0.20149915803238505
IM,0.25,changed,512,117,18.045590628927712,34,0.40184590108178664,0.003022955625440641,0.4064713772232763,0.40226688762130663,0.1968998446485705,0.00302063383189982,0.20151505895709604,0.20133666693149788
IM,0.25,changed,512,118,18.199826446268972,34,0.4027787632331571,0.0031360355798554537,0.405333706467626,0.4011551235162786,0.19886044183742663,0.0031338104889736718,0.20139315827300336,0.20121840824765333
IM,0.25,changed,512,119,18.354062263610235,34,0.40231962977192115,0.0032148567222038456,0.4042432993002503,0.40009080875592984,0.19939892687091063,0.0032127205020965137,0.2013057559018498,0.20113449058784752
IM,0.25,changed,512,120,18.508298080951498,34,0.39945633694739036,0.0032417262108071863,0.4031925097518285,0.3990662711413716,0.19756059251412753,0.0032396423782634813,0.2012455455642415,0.20107758508285456
IM,0.25,changed,512,121,18.66253389829276,34,0.3991508773381096,0.0032549533685256645,0.4021755541461271,0.39807572230367494,0.19824207208457598,0.0032529644862272595,0.20120705609701867,0.201042219883207
IM,0.25,changed,512,122,18.816769715634024,34,0.4019654049590524,0.003231111316000751,0.40118800908164265,0.3971147458536292,0.20203475512751998,0.0032291544636178257,0.2011861548768359,0.201024273773642
IM,0.25,changed,512,123,18.971005532975287,34,0.4024890534354023,0.0033793433539653283,0.4002264496431722,0.396179929286707,0.20354730963295709,0.0033775207708677205,0.20117969003178934,0.20102061207657854
IM,0.25,changed,512,124,19.12524135031655,34,0.3998177174085191,0.0033558952404262343,0.3992881880315308,0.3952685987113729,0.20180107639535738,0.0033540455349276815,0.20118523203453764,0.2010288243271056
IM,0.25,changed,512,125,19.27947716765781,34,0.3952524152463021,0.0030874468652946937,0.3983710842028124,0.39437862720152783,0.19811965301445839,0.003085461743187916,0.2012008865577966,0.2010470348160194
IM,0.25,changed,512,126,19.433712984999072,35,0.39246220831186374,0.0030887759691177203,0.3974734082272283,0.39350829593073905,0.19625317015864713,0.00308680503475997,0.20122515850928052,0.20107376536982793
IM,0.25,changed,512,127,19.587948802340335,35,0.39217066120776156,0.003092370074456236,0.3958730851614045,0.3919325582773484,0.1969094794235643,0.0030904522037160137,0.2005430118524808,0.200390982472659
IM,0.25,changed,512,128,19.7421846196816,35,0.39483444709229737,0.0033384508604710284,0.3944544150475791,0.3905406693735383,0.20045133490914893,0.0033366834961225064,0.20003056789378076,0.19987979472661715
IM,0.25,changed,512,129,19.89642043702286,35,0.3943806804102698,0.0032833992090547685,0.3931726662660961,0.3892870805217496,0.20086474561277,0.0032815870577773566,0.19964372234067534,0.19949529227700535
IM,0.25,changed,512,130,20.050656254364124,35,0.3931763582690017,0.003321568217252395,0.39199540790929394,0.38813882692585006,0.20051897442711106,0.003319803799230967,0.19935054828541174,0.1992050239871529
IM,0.25,changed,512,131,20.204892071705387,35,0.3878451150667821,0.002976615455630272,0.39089903107857144,0.3870719601116945,0.19610211846649775,0.0029746371619576817,0.1991278509280902,0.19898546394778052
IM,0.25,changed,512,132,20.359127889046647,35,0.387385085085933,0.0029558319054834234,0.38986626585350226,0.3860690018309219,0.1964894474415395,0.002953934524002598,0.19895870846687305,0.19881948975815544
IM,0.25,changed,512,133,20.51336370638791,35,0.38701921917208626,0.0030429609170465103,0.38888440703478744,0.38511712553037636,0.19696239384108688,0.003041135737634675,0.19883071499105132,0.1986945814535473
IM,0.25,changed,512,134,20.667599523729173,35,0.38624219291701084,0.003078711908746308,0.3879440448015708,0.3842068562929977,0.19699654679381903,0.0030769303381604452,0.19873472346092436,0.19860153397130106
IM,0.25,changed,512,135,20.821835341070436,35,0.3842905510477838,0.0030336797283904487,0.38703815534628283,0.3833311404469132,0.195908995993347,0.0030319275970730006,0.19866394521996084,0.19853353576606517
IM,0.25,changed,512,136,20.9760711584117,35,0.38072867161252033,0.0030033880452739175,0.38616144838023775,0.3824846789057199,0.19315606729275336,0.0030016309040990343,0.19861330391628512,0.19848550864380715
IM,0.25,changed,512,137,21.130306975752962,35,0.3824647575080894,0.0029440488098435537,0.3853098981136583,0.38166344878980746,0.1957122873786318,0.0029422743092847523,0.19857897113785064,0.1984536340815158
IM,0.25,changed,512,138,21.284542793094225,35,0.38203513087094365,0.002965845067845356,0.38448040542705153,0.3808643595680339,0.19610080010671693,0.00296412274642488,0.19855803197763316,0.19843501278291842
IM,0.25,changed,512,139,21.438778610435484,35,0.3824067582679768,0.003034940883037876,0.383670553962849,0.38008500539493695,0.19727937443596177,0.0030332501051761837,0.19854824361400292,0.1984274195097739
IM,0.25,changed,512,140,21.593014427776748,35,0.3831605914457614,0.0032003674960534895,0.38287843354625506,0.37932348630790813,0.19884270230348833,0.0031987768860890246,0.1985478605695689,0.1984291261131468
IM,0.25,changed,512,141,21.74725024511801,35,0.38258161054773226,0.0034384199623557756,0.3821025119470531,0.37857827877529393,0.1990464054749244,0.003436952292382156,0.1985555078420238,0.1984387734412418
IM,0.25,changed,512,142,21.901486062459274,36,0.38364018615677,0.003383791552592295,0.38134154140987186,0.3778481416627132,0.20087000885878256,0.003382327168921429,0.19857008846455984,0.19845527832371912
IM,0.25,changed,512,143,22.055721879800537,36,0.384422587761148,0.003374102516950304,0.3799143414719962,0.37644907504573455,0.20246738309501894,0.0033726140870876014,0.19791664205151238,0.19780084685501506
IM,0.25,changed,512,144,22.2099576971418,36,0.3833696611938422,0.0032841897657157255,0.37865578316468407,0.3752206367589631,0.20218991684566778,0.0032827022855332665,0.1974226964788494,0.1973077154809116
IM,0.25,changed,512,145,22.36419351448306,36,0.37600824440718217,0.0031454286935141936,0.37752384509658027,0.374120030736172,0.1955984363465288,0.0031439090819816314,0.19704673862493044,0.19693360826145853
IM,0.25,changed,512,146,22.518429331824322,36,0.37818746360548516,0.003120068540133287,0.37648808745498996,0.3731163104535668,0.19849204873374934,0.003118559123631203,0.196758729248498,0.19664798918603718
IM,0.25,changed,512,147,22.672665149165585,36,0.37625785828744074,0.0029923517261078074,0.3755263744077526,0.37218701738158344,0.19730054923454976,0.0029908076101026982,0.19653685502761986,0.19642873088071283
IM,0.25,changed,512,148,22.826900966506848,36,0.3734701160301158,0.002956151819551365,0.3746225349432391,0.3713157822284302,0.19525809031252375,0.00295463104046984,0.19636521058554812,0.1962597374683478
IM,0.25,changed,512,149,22.98113678384811,36,0.37248847032705457,0.00293338006702062,0.3737646916765786,0.3704906118865696,0.19498406723304013,0.0029318841562901558,0.1962321424643497,0.19612924697781606
IM,0.25,changed,512,150,23.135372601189374,36,0.37105696116183995,0.002847711400598338,0.3729440654502977,0.36970266497407944,0.1942691792859652,0.0028461916131368105,0.1961290646035287,0.196028617962147
IM,0.25,changed,512,151,23.289608418530637,36,0.36909462592514236,0.0027949833871630195,0.3721541191135937,0.3689453757079221,0.19299923326046625,0.0027934893370699,0.196049609937458,0.195951461320734
IM,0.25,changed,512,152,23.443844235871897,36,0.36913295313639455,0.003012944372020146,0.3713899433015203,0.3682138262598163,0.19374231991400084,0.003011550164127713,0.1959890218078647,0.1958930183719676
IM,0.25,changed,512,153,23.59808005321316,36,0.3702957037765314,0.002957719826419645,0.370647815043982,0.36750429648602234,0.19558735560896215,0.002956331044894043,0.19594371664428956,0.19584971470551643
IM,0.25,changed,512,154,23.752315870554423,36,0.3680682353680911,0.0030249654229881533,0.36992487993671797,0.3668139403680677,0.1940460298515969,0.003023647720340321,0.1959109690886534,0.19581883960582508
IM,0.25,changed,512,155,23.906551687895686,36,0.370327571067273,0.0032449325221584075,0.369218922756278,0.366140553051134,0.19702873377340913,0.0032437208380972464,0.19588868476252497,0.19579831525759672
IM,0.25,changed,512,156,24.06078750523695,36,0.3697274373903221,0.0030853701331829326,0.36852820146679865,0.3654824027244211,0.19709105589921946,0.0030840888780467096,0.19587523585086347,0.19578653020872278
IM,0.25,changed,512,157,24.21502332257821,36,0.3706336151361048,0.0031998044842724968,0.3678513267313135,0.3648381089639122,0.19865284185099485,0.0031985880738132125,0.19586934177640147,0.19578221887607228
IM,0.25,changed,512,158,24.369259139919475,36,0.37137454141913806,0.0031304368926722906,0.36718717414371316,0.3642065544129592,0.20003148583200464,0.003129196123730804,0.19586998229623603,0.19578437408740565
IM,0.25,changed,512,159,24.523494957260734,36,0.36832917508350393,0.003118037278417556,0.3665348200350134,0.3635868204215692,0.19765648871781508,0.0031168152586101778,0.1958763339569478,0.19579218336454535
IM,0.25,changed,512,160,24.677730774601997,37,0.36549272349091955,0.003009484392595757,0.3658934943022785,0.36297813993612404,0.19545722523647152,0.003008208295313359,0.19588772341586455,0.19580498229981882
IM,0.25,changed,512,161,24.83196659194326,37,0.36170155884628935,0.002880110550094862,0.36461958642626147,0.36173422087188245,0.19231039105023034,0.002878802823024747,0.1952660577429453,0.19518199354545623
IM,0.25,changed,512,162,24.986202409284523,37,0.3640752276459376,0.0030184903928609235,0.36350259887083003,0.36064901023477863,0.19533480795857164,0.003017266067990899,0.19479425053530947,0.19471058161852123
IM,0.25,changed,512,163,25.140438226625786,37,0.3632142236212921,0.002845989783617576,0.3625030086176047,0.35968225003877097,0.19512596312356173,0.0028447229682892544,0.19443319967711176,0.194350919762698
IM,0.25,changed,512,164,25.29467404396705,37,0.3627793453664988,0.002967790117533227,0.361592209078226,0.35880485284552954,0.19527605441312126,0.0029665652660308232,0.19415462475303313,0.19407425513947343
IM,0.25,changed,512,165,25.448909861308312,37,0.36151598994463435,0.0028087705196325596,0.36074941848067743,0.3579957306827193,0.19467177357378898,0.0028075113099718225,0.19393800177208165,0.19385976467468896
IM,0.25,changed,512,166,25.60314567864957,37,0.36121139060273305,0.0029591746708085005,0.359959473779474,0.35723953250848484,0.19502466516919392,0.0029580041483272847,0.19376837589085277,0.19369231175055224
IM,0.25,changed,512,167,25.757381495990835,37,0.3605880930922009,0.0029410762263152868,0.35921125480206995,0.35652502868641095,0.19501218094392092,0.0029399366052957863,0.1936347990158695,0.19356084442353946
IM,0.25,changed,512,168,25.911617313332098,37,0.3598369064741508,0.002876038915677372,0.35849655726371443,0.3558439564401794,0.1948089268614746,0.002874829513211553,0.1935292124573516,0.19345725071380906
IM,0.25,changed,512,169,26.06585313067336,37,0.36096714348093295,0.0029498622200138927,0.357809285727126,0.3551901939176376,0.19654878788734614,0.0029487019297194956,0.19344564680586301,0.19337553971756433
IM,0.25,changed,512,170,26.220088948014624,37,0.3620712854751984,0.003171053846187029,0.3571448748084833,0.3545591686410485,0.19825556388555093,0.0031700119184639736,0.19337964811244424,0.1933112551176274
IM,0.25,changed,512,171,26.374324765355887,37,0.3575361707731838,0.0030112006214659966,0.35649987336678096,0.3539474332471412,0.19433009372297738,0.003010112936192171,0.19332786566394816,0.1932610545644795
IM,0.25,changed,512,172,26.528560582697146,37,0.3560444448060147,0.002940250650101757,0.35587164519655007,0.3533523607169269,0.1934371183588219,0.00293911978976408,0.1932877552687376,0.19322240753285583
IM,0.25,changed,512,173,26.68279640003841,37,0.3579557069098428,0.003024139263144346,0.35525815309680364,0.3527719250260189,0.19592909714175388,0.0030230698972373857,0.19325736520734207,0.19319337787340932
IM,0.25,changed,512,174,26.837032217379672,37,0.3572462772357412,0.003007993979536671,0.35465780268709857,0.35220454292008463,0.19579593673484083,0.0030069147552405527,0.19323518141999566,0.19317246697002008
IM,0.25,changed,512,175,26.991268034720935,37,0.35302200052609883,0.0029243530250158203,0.354069329101744,0.35164895947992947,0.1921370204884011,0.0029232416831584747,0.1932200152056663,0.19315850031422244
IM,0.25,changed,512,176,27.1455038520622,37,0.3503938259407929,0.002829528267503245,0.3534917145077846,0.35110416509875203,0.19006379814194538,0.0028284097253761945,0.19321092148084978,0.19315054522424127
IM,0.25,changed,512,177,27.29973966940346,37,0.35162491543543173,0.002852374032221334,0.3529241278237293,0.35056933502760956,0.19184076523829613,0.0028512674312781757,0.19320713904856351,0.19314785093968415
IM,0.25,changed,512,178,27.453975486744724,37,0.35236768478788766,0.002778778641556986,0.3523658804633273,0.35004378516458573,0.19315158573026292,0.0027776717610462232,0.19320804675449105,0.19314980482103636
IM,0.25,changed,512,179,27.608211304085984,38,0.3515091799230964,0.002762067490423796,0.3518163936756241,0.3495269395605072,0.19284150525397759,0.002760998154253974,0.19321313113928643,0.19315590016522405
IM,0.25,changed,512,180,27.762447121427247,38,0.35081777544293413,0.00293470000002954,0.35066642291445704,0.348407000833591,0.19272594493620315,0.0029336980335162555,0.1926180764114074,0.19255927652576235
IM,0.25,changed,512,181,27.91668293876851,38,0.35130015207414256,0.0029997841126936636,0.349663588741549,0.347435815341288,0.1937592477316098,0.0029987967722182427,0.19216457404315848,0.19210584089764177
IM,0.25,changed,512,182,28.070918756109773,38,0.350851436857187,0.0028765893312738947,0.34877054815914155,0.34657534392005723,0.19384484486729803,0.0028755471437377778,0.19181563925793843,0.19175792090204313
IM,0.25,changed,512,183,28.225154573451036,38,0.3462725994693836,0.0027667104420839414,0.34796028578496774,0.34579811608999167,0.18982008006955114,0.0027656381923711376,0.19154453061270021,0.19148832668377147
IM,0.25,changed,512,184,28.3793903907923,38,0.34478248420501717,0.0026969094884487965,0.3472131877570105,0.3450842286130097,0.18883700631298547,0.0026958166854502727,0.19133184748366466,0.19127737362840316
IM,0.25,changed,512,185,28.533626208133562,38,0.345888946230664,0.0027955810708807775,0.34651495395259835,0.3444192041831128,0.1904846640453521,0.0027945317101156944,0.19116345912211638,0.1911107582964046
IM,0.25,changed,512,186,28.68786202547482,38,0.34657087449311597,0.00290273039903193,0.3458551068008138,0.343792462609095,0.1916851318611012,0.0029017136258825756,0.19102902550257211,0.1909780419251917
IM,0.25,changed,512,187,28.842097842816084,38,0.3501257644792545,0.0029339340299843657,0.345225924969738,0.34319622835338026,0.19577943553141564,0.0029329756332522414,0.1909209396256704,0.1908715667786556
IM,0.25,changed,512,188,28.996333660157347,38,0.34795818547533003,0.003038315567338397,0.3446216798719802,0.34262474910448837,0.19414128105368852,0.0030374042723523343,0.19083357020093314,0.19078568102906895
IM,0.25,changed,512,189,29.15056947749861,38,0.3432108183299095,0.002779091925706617,0.344038088180109,0.3420737361820363,0.1899061673990176,0.0027780934266150867,0.19076271859937619,0.19071618368734536
IM,0.25,changed,512,190,29.304805294839873,38,0.3424267250265457,0.0027866531227346285,0.34347191857366044,0.34153996325814107,0.18961965955556576,0.0027856712768232167,0.19070522879476637,0.19065992657612882
IM,0.25,changed,512,191,29.459041112181136,38,0.34320184798334474,0.002807417140223723,0.34292070872262825,0.3410209781487443,0.1909095325977614,0.00280645511888185,0.1906587066525387,0.19061452846298585
IM,0.25,changed,512,192,29.6132769295224,38,0.342550362130594,0.0028033411868168168,0.34238256115368215,0.3405148954278398,0.19075747527236783,0.0028023882357825617,0.19062131746505376,0.19057816936593938
IM,0.25,changed,512,193,29.76751274686366,38,0.34114696337488437,0.00283043600693158,0.3418559956367042,0.34002024687036037,0.18985906884840142,0.002829512178659739,0.19059163955087785,0.19054944222198378
IM,0.25,changed,512,194,29.921748564204922,38,0.3445934872147327,0.0028925356300201453,0.34133984212831625,0.3395358733178886,0.19377970635161168,0.002891626646935189,0.19056855808335887,0.1905272456446605
IM,0.25,changed,512,195,30.075984381546185,38,0.3447293223082969,0.0029617125334189726,0.3408331628662067,0.33906084625446503,0.19442440132188243,0.0029608473813516217,0.19055118783422526,0.1905107061521607
IM,0.25,changed,512,196,30.230220198887448,38,0.34063559187379666,0.0029598086684291696,0.3403351954556867,0.33859441072425167,0.1908011912775659,0.0029589502449224375,0.19053881673941045,0.19049912156501667
IM,0.25,changed,512,197,30.38445601622871,38,0.3396399600339172,0.0027960208264775728,0.3398453111060335,0.3381359436073262,0.1902897105914515,0.0027951089397855815,0.19053086449178006,0.19049191963779033
IM,0.25,changed,512,198,30.538691833569974,38,0.33724160165098904,0.002798391252079698,0.3393629838273157,0.3376849229708473,0.18836460507102706,0.0027974713283551896,0.1905268520052611,0.19048862767645852
IM,0.25,changed,512,199,30.692927650911233,38,0.33750307943903257,0.00272334183126774,0.33888776757936356,0.33724090542689467,0.18911094272548978,0.0027224233057983986,0.19052637876632167,0.19048885009749514
IM,0.25,changed,512,200,30.847163468252496,39,0.33845568131499437,0.0027573986358846916,0.33841927920901016,0.33680350929537417,0.1905247467379268,0.0027564831448001876,0.19052910592641017,0.1904922517447663
IM,0.25,changed,512,201,31.00139928559376,39,0.3368945230901096,0.0028138862099908587,0.3373799842906574,0.33579276420658044,0.18945484169991483,0.002813020683992175,0.18996191464276957,0.18992329740720393
IM,0.25,changed,512,202,31.155635102935022,39,0.33642402827882756,0.002749694017192974,0.33647888439790075,0.33492169627471147,0.18948147813005056,0.002748831492477898,0.18952846586870825,0.18948964548544558
IM,0.25,changed,512,203,31.309870920276285,39,0.3370577193236943,0.0026708138574332726,0.3356806554035441,0.33415432031500214,0.1905706733511292,0.00266993654388389,0.18919374449330273,0.18915562698096858
IM,0.25,changed,512,204,31.46410673761755,39,0.337607064635887,0.0027714781893002434,0.334959755210523,0.3334646623388924,0.1915587260770762,0.002770625679177515,0.1889324421522206,0.18889550692584345
IM,0.25,changed,512,205,31.61834255495881,39,0.33222847639014574,0.002601223655580022,0.33429765093803354,0.332833915164106,0.18664942687731856,0.002600326264337241,0.18872620556860376,0.18869066172535448
IM,0.25,changed,512,206,31.77257837230007,39,0.3341785600021647,0.0026821705158505517,0.3336808407163374,0.3322484093462702,0.18904406478211846,0.0026812931717232267,0.18856167344750985,0.18852756559741063
IM,0.25,changed,512,207,31.926814189641334,39,0.33484703036748736,0.002768225672023142,0.3330994409277101,0.331698164653691,0.19015481631276476,0.0027673734138723336,0.18842907450670288,0.18839635312263234
IM,0.25,changed,512,208,32.0810500069826,39,0.33500522300026336,0.002826849433195247,0.332546176107249,0.3311758551063277,0.19076481195026274,0.0028260251464217604,0.1883212250975255,0.18828979220087447
IM,0.25,changed,512,209,32.23528582432386,39,0.3350182001638493,0.0029109462839312194,0.3320156558037498,0.33067606877913014,0.19123407326586805,0.0029101608560655086,0.18823281159756367,0.18820254952128102
IM,0.25,changed,512,210,32.38952164166512,39,0.33513961972873063,0.002854470894350028,0.3315038561190366,0.33019477781655165,0.1917888801743434,0.00285370732546191,0.18815987592050423,0.18813066463818562
IM,0.25,changed,512,211,32.543757459006386,39,0.33241200123339887,0.002802151756121914,0.3310077473732327,0.3297289584555865,0.189494661956091,0.002801372541556807,0.18809944603695067,0.1880711729098217
IM,0.25,changed,512,212,32.697993276347646,39,0.33072921884227985,0.002655137316383417,0.330525026201304,0.3292763181741829,0.18823690938585064,0.002654313358672202,0.18804927012938988,0.1880218347440907
IM,0.25,changed,512,213,32.85222909368891,39,0.3336125865958181,0.0028551713360360936,0.33005392236897135,0.32883509940456856,0.19156270804358455,0.0028544220371280256,0.1880076248959629,0.18798094082425237
IM,0.25,changed,512,214,33.00646491103017,39,0.33544230643420314,0.0028945301053259352,0.3295930591184168,0.32840393802156265,0.1938201021160837,0.0028937935170187047,0.18797317697507687,0.18794717169098243
IM,0.25,changed,512,215,33.16070072837144,39,0.33705825532219796,0.0031136185079059762,0.3291413519190892,0.32798176106058824,0.19586441143880912,0.003112950473936919,0.1879448824815496,0.18791949625421103
IM,0.25,changed,512,216,33.3149365457127,39,0.3363179542044338,0.003104668713578902,0.32869793481772624,0.3275677125680557,0.19555544967194294,0.003103998565184363,0.1879219139308592,0.1878970982221514
IM,0.25,changed,512,217,33.46917236305396,39,0.3333296784511933,0.0029240484817328978,0.32826210665925687,0.32716109965633844,0.19296419679845167,0.002923337408308645,0.18790360688215668,0.18787932258028495
IM,0.25,changed,512,218,33.623408180395224,39,0.32992406198259816,0.0028391990574606375,0.3278332916449091,0.32676135309520693,0.18997483242476731,0.0028384683112222865,0.1878894208086178,0.1878656364954584
IM,0.25,changed,512,219,33.77764399773648,39,0.32634163921880777,0.002585169585155269,0.32741101026015174,0.32636799838334374,0.1868003032194584,0.0025843658291852677,0.1878789102580662,0.18785560061970158
IM,0.25,changed,512,220,33.93187981507775,39,0.32325227394814465,0.0024458341366520643,0.3269948577239321,0.3259806343938628,0.1841028593050501,0.0024449861382037177,0.18787170347709597,0.18784884790989043
IM,0.25,changed,512,221,34.08611563241901,39,0.3246013988007933,0.002698187431283129,0.3265844879106269,0.32559891750922626,0.18588067749862106,0.0026974443782697625,0.18786748646577223,0.18784506789457972
IM,0.25,changed,512,222,34.240351449760276,39,0.32608148436042095,0.0028162617608955,0.3261796012686944,0.32522254974802356,0.1877757313200415,0.0028155515887319147,0.18786599099818604,0.18784399490191564
IM,0.25,changed,512,223,34.394587267101535,40,0.32715825442523283,0.002774652376484469,0.32577993567030694,0.3248512698059659,0.18927229913871318,0.0027739565812160147,0.18786698555129844,0.18784539917922227
IM,0.25,changed,512,224,34.548823084442795,40,0.32663452961686823,0.0027183865659145046,0.3248372159610583,0.32393447498326633,0.18912848453556663,0.002717665922423495,0.18732616316451073,0.18730267699269718
IM,0.25,changed,512,225,34.70305890178406,40,0.3239385832635856,0.0026657259820415703,0.32402471505250985,0.3231492773478426,0.18683276239696006,0.0026650111051967477,0.18691197850491775,0.18688807934435825
IM,0.25,changed,512,226,34.85729471912532,40,0.3203139566820591,0.0025302020725871304,0.3233089458840608,0.32246156148000915,0.18357817380349273,0.00252943574157509,0.18659121431136877,0.18656776691155252
IM,0.25,changed,512,227,35.01153053646659,40,0.32151806959335394,0.0025840003138625812,0.32266570446101495,0.3218467130967683,0.18516151047342463,0.0025832751354357792,0.18633986885088394,0.1863173320613865
IM,0.25,changed,512,228,35.16576635380785,40,0.3209115443986348,0.002660567082788437,0.3220774374737355,0.32128691858519576,0.18493541072459796,0.0026598583754447046,0.18614054257144907,0.18611911800302736
IM,0.25,changed,512,229,35.32000217114911,40,0.32123821119714474,0.0026004189195428895,0.32153136444752606,0.320769238762052,0.18566379129088184,0.002599706618501097,0.18598057383463637,0.1859603065442212
IM,0.25,changed,512,230,35.47423798849037,40,0.3210016716929042,0.0025733012166429276,0.3210181367833048,0.32028423388138105,0.18583584086373686,0.0025725826101448386,0.1858507076596737,0.18583155309281518
IM,0.25,changed,512,231,35.62847380583163,40,0.31985633184317896,0.002661866260880174,0.3205308790968099,0.31982498131192194,0.18504974862602883,0.0026611615568273897,0.18574414400317174,0.18572601147654338
IM,0.25,changed,512,232,35.7827096231729,40,0.3192697105259964,0.0027902888057655334,0.32006450298690914,0.31938637306741907,0.18485265025403813,0.002789623389082082,0.18565585649869365,0.18563863658333762
IM,0.25,changed,512,233,35.93694544051416,40,0.320285948518679,0.002873492420204962,0.3196152151025117,0.3189646128993206,0.1862354409791887,0.002872843251564217,0.18558210409011078,0.18556568511465574
IM,0.25,changed,512,234,36.091181257855425,40,0.3161739408964611,0.002688799910364273,0.3191801639130541,0.3185568557875701,0.18250746555272765,0.002688112996128406,0.18552008036543163,0.18550435770262194
IM,0.25,changed,512,235,36.245417075196684,40,0.3170274863931505,0.002735359197007051,0.31875718559650074,0.31816094911306064,0.18376370799617037,0.002734703509515497,0.18546766129113162,0.18545254197020888
IM,0.25,changed,512,236,36.399652892537944,40,0.31601826163330426,0.0027811839319394653,0.3183446208375101,0.317775246497231,0.183132746807048,0.0027805439235738592,0.18542322334352818,0.18540862773063516
IM,0.25,changed,512,237,36.55388870987921,40,0.3140883909354857,0.0026448606287418925,0.31794118242066743,0.3173984736225479,0.18155024909818246,0.002644178335565274,0.18538551206753168,0.18537137378994223
IM,0.25,changed,512,238,36.70812452722047,40,0.3116560280064052,0.002623347057067265,0.3175458592621494,0.31702963127702866,0.17949242250174646,0.0026226838837435274,0.1853535468099533,0.18533981170307223
IM,0.25,changed,512,239,36.862360344561736,40,0.3147919679424034,0.0026729150451274375,0.3171578466235381,0.3166679250891389,0.18297817803794375,0.0026722627317163545,0.18532655144527244,0.18531317602628145
IM,0.25,changed,512,240,37.016596161902996,40,0.31473553624673584,0.0027066071265374374,0.3167764951731935,0.3163127144286068,0.18329044538907785,0.002705973877051897,0.18530390381233466,0.18529085359608025
IM,0.25,changed,512,241,37.17083197924426,40,0.31570135905806185,0.0027405071689802748,0.31640127364396037,0.31596347509388045,0.1845965119739438,0.0027398917592427116,0.1852850986487573,0.1852723464944974
IM,0.25,changed,512,242,37.32506779658552,40,0.3122458062141608,0.002639679024098512,0.3160317413227572,0.3156197719369753,0.18149038210363383,0.002639038980128785,0.1852697202858391,0.18525724487937836
IM,0.25,changed,512,243,37.47930361392678,40,0.3122537218556464,0.0025827317207328592,0.3156675276695321,0.31528123866834734,0.1818523416221373,0.00258208414805934,0.18525742242102755,0.18524520694238325
IM,0.25,changed,512,244,37.63353943126805,40,0.3118950380708361,0.0026303324620875466,0.3153083171222873,0.31494756286411857,0.18184896562434844,0.0026297056967997303,0.18524791303872,0.18523594403138202
IM,0.25,changed,512,245,37.78777524860931,40,0.31236855375578854,0.0026583680874557583,0.3149538376882305,0.3146184747551526,0.18268778875318814,0.0026577523152188074,0.18524094308960243,0.1852292095270673
IM,0.25,changed,512,246,37.942011065950574,40,0.3114993235495979,0.002676895702796854,0.314603852310438,0.31429373877594424,0.18213761446841908,0.0026762958843719225,0.18523629792523438,0.1852247904591779
IM,0.25,changed,512,247,38.09624688329183,41,0.31240540596521205,0.0027649079912938274,0.3142581522787242,0.3139731471365215,0.18335722139738253,0.002764309090581301,0.18523379076188085,0.18522250113088803
IM,0.25,changed,512,248,38.2504827006331,41,0.31185346449192763,0.002690025085826211,0.3133955017066511,0.31313323830771633,0.183177956922853,0.002689413211708198,0.18471577060401856,0.18470250558935525
IM,0.25,changed,512,249,38.40471851797436,41,0.31206394253802805,0.0027199834581540356,0.3126560574211914,0.31241783569385917,0.18374190383507383,0.0027193986317286226,0.18431802979566536,0.18430420670022407
IM,0.25,changed,512,250,38.55895433531562,41,0.31178888555490364,0.002745339672218539,0.31200800090544123,0.31179452288345133,0.18380435070342865,0.002744763584980339,0.18400898849327024,0.1839954326021622
IM,0.25,changed,512,251,38.713190152656885,41,0.3133826329953582,0.0026771975289894626,0.3114283396532677,0.3112399171317741,0.18573905347675637,0.002676604749572029,0.18376583190254536,0.18375298219544262
IM,0.25,changed,512,252,38.867425969998145,41,0.31536030346677346,0.0027716417361621035,0.3109004038140125,0.3107371011784732,0.1880426668225623,0.0027710819509966468,0.18357202413520854,0.18356007476596686
IM,0.25,changed,512,253,39.02166178733941,41,0.3132894383659918,0.00259082856189844,0.3104120604945652,0.31027379147296735,0.18629316739483598,0.002590227339573647,0.1834155347922714,0.18340453091293019
IM,0.25,changed,512,254,39.17589760468067,41,0.314413686623668,0.0026500407327627977,0.30995443868829153,0.3098410306955768,0.1877443277283903,0.002649469870507549,0.1832875726652102,0.18327747413813403
IM,0.25,changed,512,255,39.33013342202194,41,0.310088625784644,0.0026685454579409625,0.30952101778163754,0.309432253730792,0.18371820455055135,0.002667985137983544,0.18318168051590053,0.18317240329884213
IM,0.25,changed,512,256,39.4843692393632,41,0.3089862058424329,0.002588727448217918,0.30910697513497876,0.3090426197832724,0.18296569250098185,0.0025881543914973238,0.18309308714981176,0.18308452935852718
IM,0.25,changed,512,257,39.638605056704456,41,0.30679667904829366,0.0026382985507387067,0.3087087184267507,0.3086685342692346,0.18110338489391475,0.002637757207366226,0.18301824298208763,0.18301030059747014
IM,0.25,changed,512,258,39.79284087404572,41,0.3061553458410682,0.002635033433741126,0.3083235498863433,0.30830730611467927,0.1807938731175117,0.0026344858521634394,0.18295448658535302,0.182947062291499
IM,0.25,changed,512,259,39.94707669138698,41,0.30838930645049056,0.0027926714298187245,0.3079494247687408,0.3079569017372325,0.1833512399841539,0.002792153367150576,0.18289980483098703,0.18289281240403912
IM,0.25,changed,512,260,40.10131250872825,41,0.3084068248345815,0.0026354235910750054,0.3075847772466474,0.30761576811880775,0.18368206560553452,0.002634884456543027,0.18285265998400413,0.18284602588994067
IM,0.25,changed,512,261,40.25554832606951,41,0.30904557596546667,0.002724093069091317,0.30722839459233076,0.30728270529748525,0.18463558041582978,0.0027235702028527314,0.18281186475529337,0.18280552807583297
IM,0.25,changed,512,262,40.409784143410775,41,0.3092108914342666,0.00268796327253667,0.30687932599799445,0.30695677424633244,0.1850977482132684,0.0026874281778220092,0.1827764917539051,0.18277040318199658
IM,0.25,changed,512,263,40.564019960752034,41,0.30802986329983834,0.0026923669508368744,0.30653681628292995,0.3066372301232655,0.18424517680775615,0.0026918425752521296,0.18274580765471438,0.18273992803928504
IM,0.25,changed,512,264,40.718255778093294,41,0.3099333982930419,0.002883369101039447,0.3062002575140903,0.30632347373777147,0.18645989255541745,0.0028828777816078356,0.18271922515607664,0.1827135238965084
IM,0.25,changed,512,265,40.87249159543456,41,0.30961230456073474,0.0027752003347368912,0.30586915354780864,0.30601501612024784,0.18644424956580588,0.0027747064508696086,0.18269626776955497,0.1826907212394922
IM,0.25,changed,512,266,41.02672741277582,41,0.3070630930443916,0.0026602216102104546,0.3055430939140873,0.30571145253460275,0.18421925558662516,0.0026597073721514194,0.18267654388777504,0.18267113398782478
IM,0.25,changed,512,267,41.18096323011709,41,0.30519313860433783,0.002560713936383742,0.30522173447457457,0.3054124433129684,0.182665803467464,0.0025601737120758234,0.18265972757921206,0.18265444046631957
IM,0.25,changed,512,268,41.335199047458346,41,0.30259950955739395,0.002500283575308013,0.3049047830071684,0.30511769963270297,0.18036921625347366,0.002499733923245542,0.18264554427556856,0.18264036928440358
IM,0.25,changed,512,269,41.48943486479961,41,0.3012740178493983,0.0024946856245225907,0.3045919883867503,0.3048269728855767,0.17933001727318176,0.0024941447871888065,0.18263376003041365,0.18262868878269087
IM,0.25,changed,512,270,41.64367068214087,41,0.300419272329735,0.002431648959009243,0.30428313240165833,0.3045400466678506,0.17877925993900268,0.0024310919405982636,0.1826241733953091,0.18261919908218593
IM,0.25,changed,512,271,41.79790649948213,41,0.3020868381474172,0.0025776594952417443,0.3039780235110114,0.30425673069110193,0.180754503302871,0.0025771368572130157,0.18261660922332612,0.18261172604082956
IM,0.25,changed,512,272,41.9521423168234,41,0.3027296585173822,0.002543031451082454,0.3036764920387458,0.3039768561079403,0.18170563896233893,0.002542515591061236,0.18261091389929177,0.182606116615041
IM,0.25,changed,512,273,42.10637813416466,41,0.302061263415634,0.0025749700027976417,0.3033783864374851,0.3037002718861398,0.181315255044896,0.002574446176220517,0.18260695163241533,0.18260223526232594
IM,0.25,changed,512,274,42.260613951505924,42,0.3008664248486157,0.002455142487138363,0.3030835703543126,0.3034268419648538,0.18041862957977345,0.0024546035571583547,0.18260460154521607,0.18259996112046578
IM,0.25,changed,512,275,42.41484976884718,42,0.30080651966770544,0.0026328518585202964,0.30229592089032664,0.3026583122814594,0.1806187363940224,0.002632345231201507,0.18211098227375014,0.18210433145810326
IM,0.25,changed,512,276,42.56908558618845,42,0.29893755411833944,0.0025159298425871408,0.3016248762549582,0.30200762645162627,0.17902681103193802,0.002515416635023033,0.18173157684679525,0.1817242670284993
IM,0.25,changed,512,277,42.72332140352971,42,0.3004252527917187,0.002639140469769008,0.3010401805340216,0.30144395859738893,0.18082809313988832,0.0026386687066004754,0.18143634132573044,0.18142915968707218
IM,0.25,changed,512,278,42.87755722087097,42,0.2992357307705864,0.002589223758640896,0.30051997742978265,0.3009450805141888,0.17991260538729503,0.002588745281801356,0.18120357631795947,0.1811969419064445
IM,0.25,changed,512,279,43.031793038212236,42,0.3011369943961253,0.002677361242880247,0.30004842707975704,0.3004949166703961,0.18209778266864035,0.002676896921966669,0.18101755936718422,0.18101165795254767
IM,0.25,changed,512,280,43.186028855553495,42,0.30053607627933965,0.002787611639991577,0.29961400621105727,0.300081800419089,0.1817786637961659,0.002787168935236015,0.18086685621712376,0.1808617316346648
IM,0.25,changed,512,281,43.34026467289476,42,0.30138108250140605,0.0029162879735226176,0.2992082944728698,0.29969722942074817,0.18291010608141342,0.002915870452155257,0.18074311507814847,0.1807387299641978
IM,0.25,changed,512,282,43.49450049023602,42,0.2957890990825959,0.0026401420916200755,0.2988251069175675,0.29933497663020897,0.17758904306594891,0.002639671132802839,0.18064020478146883,0.1806364800256507
IM,0.25,changed,512,283,43.64873630757728,42,0.29565837179134247,0.0025507608241919274,0.29845987312082445,0.2989904546631808,0.1777449460347973,0.002550275434785103,0.18055359796096018,0.1805504375510435
IM,0.25,changed,512,284,43.80297212491855,42,0.2953768012655474,0.002420304309116177,0.29810919218454135,0.29866026082559516,0.17773298623583994,0.0024198003317390288,0.18047992896848353,0.18047723496201154
IM,0.25,changed,512,285,43.95720794225981,42,0.29470826997817895,0.002470229023752908,0.29777051328015286,0.29834185103886113,0.17733624553318467,0.0024697356108245544,0.18041667650907173,0.18041435745509135
IM,0.25,changed,512,286,44.11144375960107,42,0.2952737558421137,0.002553443998847839,0.2974419058902118,0.29803330579273757,0.1781751357321449,0.002552976253622731,0.18036193538800885,0.18035991050577702
IM,0.25,changed,512,287,44.26567957694233,42,0.2960544748504139,0.0024937143305896747,0.29712189421155466,0.2977331618562608,0.17920428617361062,0.0024932324256405716,0.18031425199994983,0.18031245269555696
IM,0.25,changed,512,288,44.4199153942836,42,0.2951406412529851,0.0024671081971711206,0.29680933751156746,0.297440291019603,0.17858404516507698,0.002466633918866274,0.180272505470586,0.1802708752586848
IM,0.25,changed,512,289,44.57415121162486,42,0.30003863452473034,0.002634089994132148,0.2965033434433165,0.2971538125091497,0.18375809939991733,0.0026336543959484464,0.18023582154154913,0.180234315079337
IM,0.25,changed,512,290,44.72838702896612,42,0.29433288373108196,0.002514800262139253,0.2962032050377651,0.2968730295420445,0.17832390441864077,0.002514347811067787,0.18020350997745194,0.1802020916684734
IM,0.25,changed,512,291,44.882622846307385,42,0.29622982909186335,0.002610310253243049,0.29590835473630595,0.29659738321091106,0.18048711131844786,0.0026098814895111695,0.1801750189016882,0.18017366135615848
IM,0.25,changed,512,292,45.036858663648644,42,0.2947967726005938,0.0025847118645944893,0.2956183307127076,0.296326418831462,0.17931905769622375,0.0025842794979498976,0.18014990134116182,0.1801485838642533
IM,0.25,changed,512,293,45.19109448098991,42,0.2942927106013872,0.002577626689058757,0.2953327520792429,0.29605976127065337,0.1790669211128518,0.0025771930470903717,0.1801277905969878,0.18012649780017656
IM,0.25,changed,512,294,45.34533029833117,42,0.29304115639611994,0.0026042304601755777,0.2950513005328088,0.2957970967612829,0.17808924424656206,0.002603805980194232,0.18010838201296608,0.18010710259413576
IM,0.25,changed,512,295,45.49956611567244,42,0.2947581558155988,0.0026261763028027863,0.2947737066838366,0.2955381594145317,0.18007606011554678,0.0026257659331313777,0.18009141939612827,0.18009014510316126
IM,0.25,changed,512,296,45.653801933013696,42,0.2928853989298591,0.002612101979885826,0.29449973980239563,0.29528272114609866,0.17845898307568803,0.002611695143744853,0.18007668483204503,0.1800754096060935
IM,0.25,changed,512,297,45.808037750354956,42,0.29468904652559613,0.0026300113547784777,0.29422920006807857,0.2950305840920806,0.18052085159660936,0.00262961443109544,0.18006399098746378,0.18006271027178938
IM,0.25,changed,512,298,45.96227356769622,42,0.2901890598591521,0.0025576586175865856,0.2939619126628893,0.2947815748487679,0.17628949389362591,0.002557256100522404,0.1800531752438264,0.18005188543912531
IM,0.25,changed,512,299,46.11650938503748,42,0.29205806665417877,0.002574706091389016,0.29369772322783194,0.2945355400553856,0.17843283715017172,0.002574297988415833,0.18004409518550601,0.18004279323101197
IM,0.25,changed,512,300,46.27074520237875,42,0.2934982796429912,0.0026917991230482967,0.2934364943344736,0.29429234297141976,0.18012394432228268,0.002691412736025481,0.1800366250963224,0.18003530815636506
IM,0.25,changed,512,301,46.42498101972001,42,0.2928128072713734,0.0026606756502361535,0.29317810271687594,0.2940518607954201,0.17967623028527302,0.002660283925945366,0.18003065321139922,0.18002931844860331
IM,0.25,changed,512,302,46.579216837061274,43,0.2911625275694257,0.0026824196050943467,0.29292243707726845,0.293813982540717,0.17826064971616676,0.0026820331784130355,0.18002607953896294,0.18002472395733057
IM,0.25,changed,512,303,46.733452654402534,43,0.2947961395907611,0.0028361745959053436,0.2921966748349805,0.2931038443187266,0.18213869145214356,0.0028358100747654267,0.17955302717679417,0.17954966342818882
IM,0.25,changed,512,304,46.88768847174379,43,0.2900343746442682,0.0026470664878187034,0.29158167946248936,0.2925056634215848,0.1776063981987428,0.002646671958203792,0.17918875989720506,0.17918467799250315
IM,0.25,changed,512,305,47.04192428908506,43,0.28859208512728285,0.0026134102501916517,0.2910486222347668,0.29199006729614047,0.17642640265350878,0.0026130264325185766,0.1789046390750234,0.17890059099184305
IM,0.25,changed,512,306,47.19616010642632,43,0.28771300981092196,0.0026272529518829835,0.29057668118817714,0.29153587915509027,0.1757807329368965,0.00262686988738332,0.17867998282694286,0.17867636949917576
IM,0.25,changed,512,307,47.350395923767586,43,0.28781763355199275,0.0024421381230400915,0.2901507690148586,0.2911277868794744,0.17611670938962687,0.002441729777694699,0.1784998080619703,0.17849680798916245
IM,0.25,changed,512,308,47.504631741108845,43,0.28561143579440534,0.002357751788792289,0.289759912523479,0.2907546805460438,0.1741581371673117,0.0023573267759258968,0.17835322004113585,0.17835087639817138
IM,0.25,changed,512,309,47.65886755845011,43,0.2868394984903968,0.0025227608621315916,0.2893960956547894,0.2904084659458401,0.1756393511190017,0.00252236872467578,0.17823226260507163,0.17823054116047501
IM,0.25,changed,512,310,47.81310337579137,43,0.2860178473506477,0.0024527852965774695,0.28905343252381266,0.2900832171142704,0.17505848166747448,0.002452385167834686,0.17813109637251148,0.17812992310853823
IM,0.25,changed,512,311,47.96733919313263,43,0.2869489539692299,0.002487452403966363,0.28872757560308326,0.2897745704344797,0.1762470015843436,0.002487063685534826,0.17804541061488594,0.17804469541637283
IM,0.25,changed,512,312,48.1215750104739,43,0.28498526368890426,0.0025229066895152232,0.28841529158152085,0.28947929097778136,0.17451803393925158,0.002522518488645469,0.1779720017617052,0.17797165268890058
IM,0.25,changed,512,313,48.27581082781516,43,0.2837230826345264,0.0025063591578957036,0.28811415689990927,0.2891949617228161,0.17350230357996407,0.0025059654215473033,0.17790847083664663,0.17790840215163628
IM,0.25,changed,512,314,48.43004664515642,43,0.28504189372562205,0.0024741869989984007,0.28782233879077246,0.2889197605020001,0.1750602567729289,0.002473795945025719,0.1778530058650043,0.1778531420119062
IM,0.25,changed,512,315,48.58428246249768,43,0.2873668315226663,0.002484684208435544,0.2875384374767764,0.28865229963005795,0.17762401449087084,0.0024843044001082106,0.17780422505831361,0.17780450210504345
IM,0.25,changed,512,316,48.73851827983895,43,0.2895232127591303,0.002624553648406462,0.2872613721690449,0.2883915103611124,0.1800326037497996,0.002624195600426552,0.1777610635257112,0.17776142908512008
IM,0.25,changed,512,317,48.89275409718021,43,0.2891965574373069,0.0026076445797677443,0.2869902984782161,0.28813655944030425,0.17994859525064388,0.0026072933537479425,0.17772269120206075,0.17772310350685505
IM,0.25,changed,512,318,49.04698991452147,43,0.28881913320075747,0.0025386843766440157,0.2867245483904926,0.2878867886617448,0.17978635952751443,0.0025383196254132687,0.1776884532002585,0.17768887976806974
IM,0.25,changed,512,319,49.201225731862735,43,0.2855203462681035,0.002474658039683418,0.2864635864825714,0.28764167094205007,0.1767209121936117,0.002474291802874302,0.17765782630104765,0.17765824246305786
IM,0.25,changed,512,320,49.355461549203994,43,0.2885549185443113,0.0027473264015140334,0.2862069778471569,0.28740077827008587,0.17998637521555672,0.0027469901855400962,0.17763038708028714,0.17763077453688944
IM,0.25,changed,512,321,49.50969736654526,43,0.2878807937873448,0.002604820985365353,0.28595436448354894,0.28716375821382434,0.17953620774598722,0.0026044710163422324,0.17760578844841451,0.17760613394257654
IM,0.25,changed,512,322,49.66393318388652,43,0.2869308830994025,0.0024030786754114493,0.28570544782388774,0.28693031660725354,0.17882076366175156,0.0024027069029948973,0.17758374228721763,0.17758403643910248
IM,0.25,changed,512,323,49.81816900122779,43,0.2830434067225984,0.0023510779624535886,0.28545997572046855,0.2867002047128749,0.17516303307599154,0.0023507066660136636,0.17756400651978088,0.17756424283664834
IM,0.25,changed,512,324,49.972404818569046,43,0.28467410897391343,0.0025103046572202263,0.2852177326881009,0.28647320963585887,0.1770115510913917,0.002509959336124632,0.17754637541510976,0.1775465494728427
IM,0.25,changed,512,325,50.126640635910306,43,0.2849023977126548,0.002544596336418164,0.2849785325311577,0.2862491471095353,0.17745606859153867,0.0025442511587792415,0.1775306722625144,0.17753078104528924
IM,0.25,changed,512,326,50.28087645325157,43,0.28738479289163643,0.0026304690846375343,0.284742212725726,0.2860278560178025,0.18015280561636393,0.002630141150416089,0.17751674379009674,0.1775167851699774
IM,0.25,changed,512,327,50.43511227059283,43,0.28409157550795383,0.002599338202981814,0.28450863010022076,0.2858091941962175,0.17709030891918065,0.0025989934282889342,0.1775044558735559,0.17750442821024237
IM,0.25,changed,512,328,50.5893480879341,43,0.2817254874540787,0.002347417155813382,0.2842776574822509,0.2855930351798975,0.17494813895732375,0.00234703170147892,0.1774936902051782,0.17749359204650927
IM,0.25,changed,512,329,50.74358390527536,43,0.2854354330941109,0.002476226041184108,0.28404918106921395,0.2853792656571376,0.1788924375373939,0.002475864266971739,0.17748434168200505,0.17748417154725418
IM,0.25,changed,512,330,50.897819722616624,43,0.28255537548580495,0.0025322084499515246,0.28382309834486985,0.2851677834529538,0.17622686574702684,0.0025318618058446755,0.17747631633654037,0.17747607256650677
IM,0.25,changed,512,331,51.052055539957884,43,0.28226953664336174,0.0025323249439291964,0.28359931641103797,0.2849584959138396,0.1761403268518854,0.0025319737668534786,0.17746952967996177,0.17746921033999924
IM,0.25,changed,512,332,51.20629135729914,44,0.2806270038582276,0.0025330359874345364,0.28337775063759835,0.2847513185990336,0.17470974099886144,0.0025326797985295428,0.17746390536162265,0.17746350818586004
IM,0.25,changed,512,333,51.36052717464041,44,0.2812112479970011,0.0024865918371899114,0.28270727636654297,0.28409317043528515,0.17550616354973297,0.002486231973282516,0.17701100342990383,0.17700863223714527
IM,0.25,changed,512,334,51.51476299198167,44,0.2822414041407212,0.0025222286045857556,0.28214215237604934,0.28354152113526276,0.17676392173746153,0.0025218702904575225,0.176661797895466,0.17665868442523222
IM,0.25,changed,512,335,51.668998809322936,44,0.28246789731022,0.002529216523682541,0.2816548811136522,0.28306835365307326,0.1772212405154503,0.0025288550027847364,0.17638896259325,0.1763858249850331
IM,0.25,changed,512,336,51.823234626664195,44,0.2810308922055371,0.002429397844551277,0.2812256054959286,0.2826534719751294,0.17599483484606543,0.002429033310152504,0.17617276626309292,0.17616998758840524
IM,0.25,changed,512,337,51.977470444005455,44,0.2807702810405846,0.002392163871735977,0.28083994034136994,0.2822822761970007,0.17593908538916941,0.0023917901257931766,0.17599891688652608,0.17599666793949537
IM,0.25,changed,512,338,52.13170626134672,44,0.2826914922412061,0.0023860812236764753,0.28048742575761065,0.281944175850256,0.1780782148951201,0.0023857100017746417,0.17585702427925987,0.17585534674255462
IM,0.25,changed,512,339,52.28594207868798,44,0.27979482179389453,0.0024265424519614655,0.2801604229967145,0.28163145757779134,0.17539565754658754,0.002426190292011002,0.17573950251992415,0.17573836425793168
IM,0.25,changed,512,340,52.44017789602925,44,0.27957863651080744,0.0023762949827921586,0.27985332531031964,0.28133847639231074,0.17539269722310388,0.002375944881412206,0.17564078550467285,0.17564011647532732
IM,0.25,changed,512,341,52.59441371337051,44,0.2778092728349021,0.002455415189871085,0.2795619932290295,0.2810610775039011,0.17382900087714115,0.0024550857016267702,0.17555676559061398,0.17555648045532468
IM,0.25,changed,512,342,52.74864953071177,44,0.2810430375627575,0.0025563851783584313,0.2792833498677839,0.2807961825312731,0.17727614214935855,0.0025560714079687413,0.17548439131279214,0.17548440305585794
IM,0.25,changed,512,343,52.90288534805303,44,0.2787068182639466,0.002425728441705794,0.2790150904422863,0.28054149298321546,0.17514376077117388,0.0024253930993429233,0.1754213786323255,0.17542160621639066
IM,0.25,changed,512,344,53.05712116539429,44,0.2777908331640149,0.0023670844024569603,0.2787554733806249,0.28029527745893684,0.17441317630491054,0.002366737468706853,0.17536600329388247,0.1753663754523145
IM,0.25,changed,512,345,53.21135698273556,44,0.2789029113669933,0.0024765658902392807,0.27850316979405587,0.2800562186631908,0.17573859477166665,0.002476236850860813,0.1753169511947415,0.17531740780068855
IM,0.25,changed,512,346,53.36559280007682,44,0.281073078827453,0.0025396360432614817,0.27825715474040436,0.2798233031968296,0.17811103748627805,0.002539316425883319,0.17527321029749204,0.17527370228148736
IM,0.25,changed,512,347,53.519828617418085,44,0.28297387001261703,0.002630275790812788,0.2780166284586864,0.27959574197003056,0.18020361015862985,0.0026299709100223068,0.17523399233535575,0.17523448079543616
IM,0.25,changed,512,348,53.674064434759345,44,0.28350975896117586,0.002733472290968235,0.27778095913173206,0.27937291256525737,0.18093816214786038,0.0027331873632858972,0.17519867591718644,0.1751991308381888
IM,0.25,changed,512,349,53.82830025210061,44,0.28093134884435444,0.002742832448642724,0.27754964114023983,0.27915431735609303,0.17855927627765805,0.00274255151334901,0.17516676503153056,0.17516716387461836
IM,0.25,changed,512,350,53.98253606944187,44,0.2796641421006723,0.00261591173226969,0.2773222644874568,0.27893955295501355,0.17749924528008104,0.0026156209412425005,0.1751378586546839,0.1751381849731867
IM,0.25,changed,512,351,54.13677188678313,44,0.2801412514069974,0.002535860344213388,0.2770984922978653,0.27872828782316694,0.17818031638927206,0.0025355527450430567,0.1751116283845793,0.17511187055270078
IM,0.25,changed,512,352,54.2910077041244,44,0.2806001308300342,0.0026023663268275256,0.2768780441674594,0.27852024577421597,0.178837425469272,0.0026020700349928356,0.17508780189133305,0.17508795198729463
IM,0.25,changed,512,353,54.445243521465656,44,0.2770657825675068,0.002423793619796494,0.27666068376804853,0.2783151937461255,0.17551010078922377,0.002423477485478837,0.1750661505964135,0.17506620345339916
IM,0.25,changed,512,354,54.59947933880692,44,0.27751693467860705,0.0025335404654213667,0.2764462095551215,0.2781129326733125,0.17614459321903927,0.002533240655962925,0.17504648043682605,0.17504643285821392
IM,0.25,changed,512,355,54.75371515614818,44,0.277643631550786,0.002662030582186787,0.2762344477490746,0.27791329061942904,0.17645674972954214,0.002661743112311018,0.17502862488907078,0.17502847501505378
IM,0.25,changed,512,356,54.90795097348945,44,0.2769308494659495,0.0025009558784718266,0.27602524698931946,0.2777161175656729,0.17594004487854314,0.0025006472089553885,0.17501243965597102,0.1750121864641429
IM,0.25,changed,512,357,55.06218679083071,44,0.2781958654802947,0.0025532900082906192,0.2758184742257807,0.27752128141760085,0.177391304529795,0.002552994041089327,0.1749977985834839,0.17499744150448845
IM,0.25,changed,512,358,55.21642260817197,44,0.27886257136465104,0.0026367457838449787,0.2756140115309963,0.2773286649139778,0.17824678413156775,0.00263646259724293,0.1749845904925964,0.17498412912229006
IM,0.25,changed,512,359,55.370658425513234,44,0.2801221651596302,0.0024824179072623093,0.27541175360158127,0.27713816320778034,0.17970240132001408,0.0024821156426175295,0.1749727166964497,0.17497215058740243
IM,0.25,changed,512,360,55.524894242854494,44,0.27946658249631495,0.0025831471194600907,0.2752116057796025,0.276949681951772,0.17924305609874502,0.0025828588121379254,0.17496208903425142,0.17496141755128608
IM,0.25,changed,512,361,55.67913006019576,44,0.27744595022094254,0.002647127883462847,0.27501348246913226,0.2767631357659614,0.17740546896449766,0.0026468436934618906,0.17495262829799052,0.17495185052450538
IM,0.25,changed,512,362,55.83336587753702,44,0.28133692931657517,0.0027139173301907703,0.2748173058557121,0.27657844699669526,0.1814935916410343,0.0027136458989131212,0.1749442629602369,0.17494337764407375
IM,0.25,changed,512,363,55.987601694878286,44,0.2796810244811774,0.0027100742938447435,0.27462300486008473,0.2763955447006258,0.18003131728371116,0.002709805629892953,0.17493692813479533,0.17493593366429244
IM,0.25,changed,512,364,56.141837512219546,44,0.2783229504600774,0.0027063245586449493,0.27443051427481346,0.27621436380386033,0.17885623414559115,0.0027060496370227335,0.1749305647191406,0.1749294591216929
IM,0.25,changed,512,365,56.296073329560805,45,0.2763381158024255,0.002640503719407022,0.27423977404506467,0.2760348443990388,0.17703790062747993,0.002640222999114211,0.17492511868014105,0.17492389963705607
IM,0.25,changed,512,366,56.45030914690207,45,0.27460904456911683,0.0025386867892002235,0.273619899043394,0.2754242253533251,0.17549381036800943,0.0025383980895517123,0.1744921558419764,0.1744890116650789
IM,0.25,changed,512,367,56.60454496424333,45,0.27626089388633124,0.002574413110732751,0.27310033082320506,0.27491502446531896,0.1773432179488701,0.0025741311058498956,0.17415811601774162,0.17415422354927595
IM,0.25,changed,512,368,56.7587807815846,45,0.2767247024273073,0.0026699309287914383,0.27265481406942027,0.27448048971702765,0.17800579188549845,0.002669659417412997,0.17389689891863713,0.1738929442985331
IM,0.25,changed,512,369,56.91301659892586,45,0.27563768145441864,0.00247629187524786,0.2722643921642618,0.27410134044376966,0.1771004859644527,0.0024759990177131547,0.17368966137905079,0.1736860106668283
IM,0.25,changed,512,370,57.067252416267124,45,0.2747668723527521,0.0023673386559772275,0.2719153352294546,0.27376364148682375,0.17639223376350438,0.002367036667609434,0.17352275717888221,0.1735195736996203
IM,0.25,changed,512,371,57.22148823360838,45,0.2763165388691989,0.0024890475502755897,0.271597662489516,0.27345728724939544,0.1781079650576923,0.0024887591021524338,0.17338626781013486,0.17338359162810507
IM,0.25,changed,512,372,57.37572405094964,45,0.2778366299199334,0.0024864635456360385,0.2713040874264934,0.2731749199044545,0.17982509728847673,0.0024861808606890246,0.1732729536322071,0.17327075438441855
IM,0.25,changed,512,373,57.52995986829091,45,0.2760492471555276,0.0024299302361409313,0.2710292639134135,0.2729111567889406,0.17821027874123047,0.002429639322714849,0.17317750429502565,0.17317571550076133
IM,0.25,changed,512,374,57.68419568563217,45,0.2745937380384202,0.0024554031611159115,0.2707692467728691,0.27266203809907363,0.17693593346423936,0.0024551181898510334,0.17309600236816491,0.1730945430253339
IM,0.25,changed,512,375,57.838431502973435,45,0.27725118908956226,0.002612971190752472,0.27052110522457856,0.2724246316416631,0.17976759138479517,0.0026127082546881864,0.17302553898944972,0.17302432657866473
IM,0.25,changed,512,376,57.992667320314695,45,0.2748183511077073,0.0025190086434475193,0.27028264544495684,0.2721967496227639,0.17752820558600885,0.0025187408359419036,0.17296393800489035,0.1729628957941167
IM,0.25,changed,512,377,58.14690313765596,45,0.27418922031686643,0.002594404647908979,0.270052211074974,0.2719767454154323,0.17707476291381058,0.0025941397817172626,0.1729095576133817,0.17290861827121104
IM,0.25,changed,512,378,58.30113895499722,45,0.2697858271632722,0.0023243800063090913,0.2698285394757397,0.27176336746718033,0.17284716065878664,0.002324087380060371,0.17286114744184145,0.17286025433551444
IM,0.25,changed,512,379,58.45537477233848,45,0.2694050438703792,0.0023099929414003707,0.2696106579042225,0.27155565406742005,0.1726449817845394,0.0023097058749903853,0.17281774531321545,0.1728168524202844
IM,0.25,changed,512,380,58.60961058967975,45,0.2690320699370832,0.0023100342373136426,0.26939780831551935,0.27135285736444864,0.17243535572897167,0.0023097452701506534,0.1727786024780104,0.17277767352711212
IM,0.25,changed,512,381,58.763846407021006,45,0.2698003016251046,0.002425878914693699,0.26918939272582004,0.2711543883464485,0.17335937143579094,0.0024255971169134167,0.17274312928939842,0.1727421365283394
IM,0.25,changed,512,382,58.91808222436227,45,0.2680904586877355,0.002425021460867925,0.2689849333695868,0.27095977686960643,0.17180858878141234,0.002424741213160395,0.17271085558823235,0.17270977842884971
IM,0.25,changed,512,383,59.07231804170353,45,0.26692538772911034,0.0023846187065497716,0.2687840435236839,0.270768642504601,0.17082579302092715,0.0023843411857088267,0.1726814016942068,0.17268022538313643
IM,0.25,changed,512,384,59.2265538590448,45,0.2673760752728147,0.0023938884557585718,0.26858640604071726,0.27058067317646717,0.17145465603611787,0.0023936168726229816,0.1726544570622665,0.1726531714602936
IM,0.25,changed,512,385,59.38078967638606,45,0.26668110048772353,0.00236222201523007,0.2683917574689638,0.2703956094316834,0.17093741188081388,0.0023619494422669972,0.1726297644937348,0.17262836300340412
IM,0.25,changed,512,386,59.53502549372732,45,0.26491018747080763,0.0021892724229253717,0.26819987623317104,0.27021323277944587,0.1693313364617377,0.0021889866123362455,0.17260710838513538,0.17260558703934556
IM,0.25,changed,512,387,59.689261311068584,45,0.2647689979134561,0.002240561750466351,0.26801057377757737,0.27003335699210806,0.16936630099880512,0.00224029361024139,0.17258630592232127,0.1725846626304933
IM,0.25,changed,512,388,59.843497128409844,45,0.26240237213206036,0.0021854731045303196,0.26782368787841193,0.2698558215629243,0.1671723391330674,0.0021852077462794486,0.17256720043168852,0.17256543437113508
IM,0.25,changed,512,389,59.99773294575111,45,0.26254112086207815,0.002146858079587628,0.2676390775525328,0.26968048674333184,0.1674822140628791,0.002146595125127383,0.17254965631840447,0.17254776745420136
IM,0.25,changed,512,390,60.15196876309237,,0.261287180932503,0.002127521593585862,0.2674566191464419,0.2695072297425394,0.16639968254529988,0.002127248041259253,0.172533555178261,0.17253154389351272
IM,0.75,preserved,512,0,0.0,16,2.2152687691469755,2.778272043934457e-17,2.2152687691469763,2.2138388888836813,0.0,0.0,0.0,0.0
IM,0.75,preserved,512,1,0.1542358173412625,18,1.9321458951475532,0.004122420409150308,1.9292063860888549,1.9143459080516319,0.051271142248376644,0.0017427965115258037,0.05256398403356702,0.05278546144570467
IM,0.75,preserved,512,2,0.308471634682525,20,1.7070653999287186,0.0049370331809835645,1.7061243635645311,1.682713088274839,0.08665643124389269,0.0028769271775282244,0.0873441090506694,0.08761864554279009
IM,0.75,preserved,512,3,0.4627074520237875,22,1.524870778217541,0.005158241085756052,1.530355098175872,1.5017527176896555,0.10667184818087679,0.0035742966580240374,0.10996229023459174,0.11020171348789375
IM,0.75,preserved,512,4,0.61694326936505,23,1.3893317084731507,0.0052001651014649646,1.3902242366572297,1.358721606948895,0.12438264945412553,0.004022272726671221,0.12425871221907009,0.12442355461181329
IM,0.75,preserved,512,5,0.7711790867063124,25,1.2750795462526558,0.004754428670093017,1.2786844180181678,1.2458310609038457,0.13188464362202681,0.003807433901649699,0.13440162057750676,0.13448725080086962
IM,0.75,preserved,512,6,0.925414904047575,27,1.1827043708170448,0.004687499073031571,1.187039181342129,1.1538549977987187,0.13675467544676478,0.004008705783651498,0.1400856005158462,0.1400910783006789
IM,0.75,preserved,512,7,1.0796507213888373,28,1.1174396157743014,0.004817147455524353,1.110710533017691,1.0778603866754661,0.14876472584816114,0.0043084212990397676,0.14275056847720985,0.14268492016511045
IM,0.75,preserved,512,8,1.2338865387301,30,1.0532396624150016,0.004316318178634853,1.0473615205343643,1.015270086165947,0.1498226077183476,0.0038816168292581253,0.14443035547183988,0.14431115334306804
IM,0.75,preserved,512,9,1.3881223560713625,31,0.9969807203792558,0.003998149994418562,0.9929383264454069,0.9618580623385228,0.14803759513771292,0.0036465371435032597,0.1443896896063627,0.14422740590695624
IM,0.75,preserved,512,10,1.5423581734126248,33,0.9455826233185417,0.0036403975814176736,0.9465122582683771,0.9165883467457827,0.14275022433397466,0.003349785819945942,0.14406747553997423,0.1438767899825564
IM,0.75,preserved,512,11,1.6965939907538874,34,0.9039871738766498,0.003465943089433603,0.9055043168957989,0.8768033639841226,0.1411107057578973,0.0032211618337840905,0.14271561319903686,0.1425039274219076
IM,0.75,preserved,512,12,1.85082980809515,36,0.8738464171251139,0.0034322932616375865,0.869683571320107,0.8422275693092189,0.14521662446748673,0.003226807318853409,0.14141202656158414,0.1411894851940854
IM,0.75,preserved,512,13,2.0050656254364125,37,0.8390236561028697,0.003297081389405471,0.8373112398987772,0.8110875626649023,0.14075628751772917,0.0031175108956539924,0.13945630714552681,0.13922678744191683
IM,0.75,preserved,512,14,2.1593014427776747,38,0.8122488542315043,0.0032659790374019036,0.8084904139628959,0.7834704702702524,0.14097872198185146,0.0031114672418953346,0.1376949160451609,0.13746466064166915
IM,0.75,preserved,512,15,2.3135372601189372,40,0.7858460568803946,0.003288119466368586,0.7825667659813965,0.758709363289276,0.1387313654146532,0.003159216868685587,0.13606668163514818,0.13583928992153618
IM,0.75,preserved,512,16,2.4677730774602,41,0.7619730128999885,0.003061663283814352,0.7584813719134791,0.7357365718764711,0.13667094710994784,0.0029410774878058225,0.13398671941833892,0.13376171030085923
IM,0.75,preserved,512,17,2.6220088948014624,43,0.7378327932595381,0.0029219310515255707,0.7365613379344733,0.7148792978206299,0.1325557208956118,0.0028106958830107567,0.13212074987544026,0.13190036075819264
IM,0.75,preserved,512,18,2.776244712142725,44,0.7163911911692278,0.0028161956955921478,0.7159805952754956,0.695308260086992,0.12943830808692958,0.002713830366929802,0.12993997250199912,0.12972301689381788
IM,0.75,preserved,512,19,2.930480529483987,45,0.6993223731212885,0.0026939591116426163,0.6970832063536581,0.6773705213767437,0.12944356982256247,0.002598160564101961,0.12800021821784097,0.12778797732919248
IM,0.75,preserved,512,20,3.0847163468252496,46,0.6840640686943376,0.002845092099492234,0.6796196255917973,0.6608170436273428,0.1300639046907442,0.0027634344866860417,0.12623736931875978,0.1260300129293641
IM,0.75,preserved,512,21,3.238952164166512,48,0.6706239517387447,0.0028465631409075594,0.6633925680108883,0.645451828793913,0.13123733724853215,0.002773824702413048,0.1246058873561103,0.12440294480527765
IM,0.75,preserved,512,22,3.393187981507775,49,0.6511947178285467,0.0026772490991171004,0.6478599812780179,0.6307331877764178,0.12559885572647012,0.0026088749203108156,0.12269818712926459,0.12249727943454207
IM,0.75,preserved,512,23,3.5474237988490374,50,0.6352197282470182,0.0024553941716960372,0.633381661159707,0.6170252554599674,0.12227340584763652,0.002388247449985356,0.1209678685410537,0.12076917283583297
IM,0.75,preserved,512,24,3.7016596161903,52,0.621449230277566,0.002319516726867654,0.6198242769331112,0.6041962588179217,0.12039612125881921,0.002253515217550798,0.11937134721950482,0.11917456818729993
IM,0.75,preserved,512,25,3.855895433531562,53,0.6074607894782457,0.002231036438038636,0.6067538309712333,0.5918127373877844,0.11759489556322848,0.002169759237159706,0.11755822394732521,0.11736149334537489
IM,0.75,preserved,512,26,4.010131250872825,54,0.5949099641177351,0.0022165056768413552,0.5944951073578182,0.5802033413993142,0.11566894967309074,0.002159821959339539,0.11591028400041073,0.1157139350212455
IM,0.75,preserved,512,27,4.164367068214087,55,0.5855843718367049,0.002219024039468844,0.5829511008008358,0.5692724667358511,0.11628694290229745,0.0021652980489207494,0.11438840605945337,0.11419239129457481
IM,0.75,preserved,512,28,4.318602885555349,57,0.5751208511815316,0.0021966266838507375,0.5720429328564791,0.5589427452764517,0.11532824966694127,0.002146984926122238,0.11296429442205601,0.11276838163292306
IM,0.75,preserved,512,29,4.472838702896612,58,0.5645169924691334,0.002240810995629399,0.5614351783764058,0.548879293103321,0.11379671441255367,0.0021962901993385136,0.11135239131636188,0.11115516998885337
IM,0.75,preserved,512,30,4.6270745202378745,59,0.5514893569807314,0.0019474702323736353,0.5514152234075517,0.5393728095109356,0.10938229344186076,0.00189973325907271,0.10987264671938976,0.10967460341627899
IM,0.75,preserved,512,31,4.7813103375791375,60,0.5411573242049625,0.0018562855364783765,0.5419178587336348,0.5303592903053151,0.10724349575060635,0.0018104465858982777,0.10849536220735326,0.10829670497986287
IM,0.75,preserved,512,32,4.9355461549204,61,0.5323450865087934,0.00186845974791905,0.5328897474098494,0.521786680319117,0.10619617635061576,0.0018264975908360212,0.10719890777163837,0.10699970256247539
IM,0.75,preserved,512,33,5.089781972261662,63,0.5243825520014117,0.0017701172124507697,0.524286608874076,0.5136120116895642,0.10574339059250187,0.0017289929343746082,0.10596744954481524,0.10576770565116064
IM,0.75,preserved,512,34,5.244017789602925,64,0.5163748260707881,0.0017556401023754358,0.5158506580077513,0.5055779633867081,0.10477439073655036,0.001717676981167075,0.1045728439666718,0.10437165302945492
IM,0.75,preserved,512,35,5.398253606944187,65,0.506751866045607,0.0016333542718983416,0.5078280830621027,0.4979334784846836,0.10187421186763007,0.001594595266851759,0.10327934620688048,0.10307735879121102
IM,0.75,preserved,512,36,5.55248942428545,66,0.4986217414191719,0.0016830572509644937,0.5001760093883734,0.4906366771479905,0.10017088306224524,0.0016484159109737028,0.10206541520551835,0.10186304869965829
IM,0.75,preserved,512,37,5.706725241626712,67,0.4926854921834364,0.0017539943651364305,0.4928592957086654,0.48365346802803133,0.10042554142704613,0.0017237192205093702,0.10091527204426073,0.1007128093383107
IM,0.75,preserved,512,38,5.860961058967974,68,0.48662282834930626,0.001689085323870534,0.48584867917391805,0.47695565888650376,0.10023208294246956,0.0016596633005206073,0.0998172858890933,0.09961493841613865
IM,0.75,preserved,512,39,6.015196876309237,69,0.4804174182737543,0.0017097525171091271,0.4791194185298072,0.47051957632923425,0.0996289830275218,0.0016824177997667898,0.09876281961891094,0.09856076607860456
IM,0.75,preserved,512,40,6.169432693650499,71,0.47644878601053214,0.0017938795457373984,0.4726502956617248,0.46432505174369043,0.10108776457542296,0.0017694859253990585,0.09774540308377708,0.09754381188126109
IM,0.75,preserved,512,41,6.323668510991762,72,0.46875331869799386,0.0017190998587493143,0.4662499692931053,0.4581810816503754,0.09872519330702004,0.001695275071423276,0.09659008400832031,0.09638840887332095
IM,0.75,preserved,512,42,6.477904328333024,73,0.4619056872518073,0.0016843526967176257,0.46011965363208074,0.45229103371145807,0.09691281004319942,0.0016611812481887383,0.09550691579953086,0.09530582168297157
IM,0.75,preserved,512,43,6.632140145674287,74,0.45767612331370255,0.0017809711911136376,0.45423309549189156,0.44662939376352007,0.09754460186747455,0.0017606269586301641,0.09448133381816859,0.09428128420659557
IM,0.75,preserved,512,44,6.78637596301555,75,0.45243398109778643,0.0017081985338612635,0.44856883160762306,0.44117547164933474,0.09701619302864645,0.0016882118841363828,0.09350262888438193,0.09330395831896426
IM,0.75,preserved,512,45,6.940611780356812,76,0.447918805807697,0.0017589897029358292,0.4431090106259774,0.43591219912175627,0.0969979628047255,0.0017409921957717506,0.0925628694514073,0.09236583153516269
IM,0.75,preserved,512,46,7.094847597698075,77,0.43934246299154406,0.001557986629832542,0.43783853669828704,0.4308252570025167,0.09281785869055864,0.0015387812154682291,0.09165613078876408,0.09146092922996393
IM,0.75,preserved,512,47,7.249083415039337,78,0.4327316685230028,0.001549172614112749,0.43274444361151176,0.425902438378272,0.09035637876190748,0.0015310505464105721,0.09077794290522706,0.09058475099674153
IM,0.75,preserved,512,48,7.4033192323806,79,0.42987513300068897,0.0016200327040157925,0.42781543456436233,0.42113318135462396,0.09154926691353568,0.0016035989532499522,0.08992489446510049,0.0897338668203553
IM,0.75,preserved,512,49,7.557555049721862,81,0.4254636884698044,0.0015677381116380629,0.42304154129034355,0.41650822391153514,0.09108405635898696,0.0015516647796421945,0.08909434806529024,0.08890562728232615
IM,0.75,preserved,512,50,7.711790867063124,82,0.4211943587994609,0.0015978536826330902,0.4182815342584588,0.41188647861662625,0.09059809695966325,0.0015830799450873782,0.0881538690765371,0.08796704019022451
IM,0.75,preserved,512,51,7.866026684404387,83,0.41443053202849384,0.001459984690296835,0.41369335801076657,0.40742743838444784,0.08752559648765319,0.0014441501888412815,0.08726527905418541,0.0870808416951644
IM,0.75,preserved,512,52,8.02026250174565,84,0.409936360135412,0.0013543073147636918,0.4092607902549753,0.4031153322115285,0.08663066678288522,0.0013378416516042413,0.08641843636823507,0.08623672448417251
IM,0.75,preserved,512,53,8.174498319086911,85,0.4056704127267168,0.0013826547539896178,0.40497071565201587,0.398937520810925,0.08584381504291863,0.0013671486335987842,0.0856058805497777,0.08542711821069941
IM,0.75,preserved,512,54,8.328734136428174,86,0.40059066878444155,0.001384538925062145,0.40081233263859906,0.39488368638960136,0.08420172943058077,0.0013696936660243944,0.08482208131349919,0.08464642057100956
IM,0.75,preserved,512,55,8.482969953769437,87,0.3955248103266156,0.001334887258055024,0.3967765807968364,0.3909452484083219,0.08239466620089726,0.0013201709452881115,0.08406290189205105,0.08389044805537449
IM,0.75,preserved,512,56,8.637205771110699,88,0.39067983953389246,0.0012920664602663514,0.3928557257695933,0.387114940805781,0.08065072941595497,0.0012776349385153509,0.08332521496616915,0.08315604316326589
IM,0.75,preserved,512,57,8.791441588451962,89,0.3866866472447883,0.001266121263173255,0.3890430569110236,0.3833865047521823,0.07981206839680963,0.0012520424951045182,0.08260662734459875,0.08244079313045685
IM,0.75,preserved,512,58,8.945677405793225,90,0.38482142378681805,0.001297778732060929,0.38533266577088277,0.3797544642057777,0.08093885680753474,0.0012845483874932625,0.08190528222376597,0.08174282818749651
IM,0.75,preserved,512,59,9.099913223134486,91,0.381991842172126,0.0013003622206875483,0.38171928267780575,0.37621396093763493,0.0810199497081305,0.0012878317165905687,0.08121971685307366,0.08106067658726793
IM,0.75,preserved,512,60,9.254149040475749,92,0.3785691806753322,0.0012393284671725162,0.37819815520012345,0.3727606323709999,0.08045214023255459,0.0012266677991861115,0.08054875981943838,0.08039316019244502
IM,0.75,preserved,512,61,9.408384857817012,93,0.3747120433378252,0.001262702567866551,0.3747649568943157,0.3693905203368521,0.07939159391063999,0.0012508750731982455,0.07989145670301147,0.07973931907379667
IM,0.75,preserved,512,62,9.562620675158275,94,0.37276460200272526,0.0013304264073418185,0.37141571804721973,0.366100002233724,0.08014341965555487,0.0013197192278529102,0.07924701608235703,0.0790983568855118
IM,0.75,preserved,512,63,9.716856492499536,95,0.36876756252658605,0.001282909163233487,0.36814677246585714,0.3628857384931602,0.07876561646229845,0.001272237799372374,0.07861477016248955,0.07846960114314375
IM,0.75,preserved,512,64,9.8710923098408,96,0.3665387004178809,0.0012653239961026108,0.36495471604270835,0.35974463197328094,0.07913886080033142,0.0012549797026673388,0.07799414593302717,0.07785247420971075
IM,0.75,preserved,512,65,10.025328127182062,97,0.3627535024108753,0.001186857626107921,0.3618363740192018,0.35667379613143363,0.077873237177084,0.0011764387640849844,0.07738464392771963,0.07724647199221991
IM,0.75,preserved,512,66,10.179563944523323,98,0.35953057172579267,0.0011358175845973437,0.3587887747242768,0.3536705297047241,0.07709183776132361,0.0011253632963042926,0.076785822486576,0.07665114820386075
IM,0.75,preserved,512,67,10.333799761864586,99,0.3558369759203626,0.0011490571671690212,0.3558091281762711,0.35073229625520114,0.0758191165041385,0.0011389391626595905,0.0761972860141551,0.07606610265545904
IM,0.75,preserved,512,68,10.48803557920585,100,0.35297779879386526,0.0011386458105830458,0.3528948083747955,0.3478567073863631,0.07531869865654288,0.0011288044773712603,0.07561867615075901,0.0754909724739591
IM,0.75,preserved,512,69,10.642271396547113,101,0.35143476778160365,0.0011383898763008301,0.3500433384242556,0.34504150876050566,0.07606981355492082,0.0011289907442375907,0.07504966507594243,0.07492542545582229
IM,0.75,preserved,512,70,10.796507213888374,102,0.3479802118786459,0.0010919292010714808,0.3472523778575448,0.34228456827858483,0.07484403720786795,0.0010824972922525507,0.07448995038050757,0.07436915498494588
IM,0.75,preserved,512,71,10.950743031229637,103,0.34467258133994444,0.0010538627889935365,0.3445197116922488,0.3395838659515965,0.07371041921286464,0.0010444108458634767,0.0739392510986075,0.07382187610338575
IM,0.75,preserved,512,72,11.1049788485709,104,0.34169041478544626,0.0010523378535324127,0.34184324087039064,0.3369374851134281,0.0728936635215992,0.001043251994658161,0.07339730460324792,0.07328332243687319
IM,0.75,preserved,512,73,11.259214665912161,105,0.33898438662705677,0.001053120067764495,0.3392209738190337,0.334343604712859,0.07228782105124479,0.0010443994543752467,0.0728638641488388,0.07275324375871418
IM,0.75,preserved,512,74,11.413450483253424,106,0.3362145180982463,0.0010357862994301767,0.3366510189320878,0.3318004924862675,0.07158359866376537,0.0010272579851418183,0.07233869690240137,0.07223140403431265
IM,0.75,preserved,512,75,11.567686300594687,107,0.33427744801497034,0.0010527757418488152,0.33413157781991454,0.32930649885933316,0.07164406293388155,0.0010446698744630185,0.07182158234692726,0.07171757983080537
IM,0.75,preserved,512,76,11.721922117935948,108,0.33212120862224037,0.0010684892951985559,0.3316609392074774,0.32686005146041347,0.07146428204794955,0.0010607173014177947,0.07131231097075194,0.071211559006793
IM,0.75,preserved,512,77,11.876157935277211,109,0.3291162853632661,0.0010130379556219761,0.3292374733871661,0.3244596501537247,0.07037811252938211,0.0010051384906501495,0.07081068317888127,0.07071313961922879
IM,0.75,preserved,512,78,12.030393752618474,110,0.327540175023856,0.0010270494426056476,0.32685962715142525,0.3221038625194552,0.07070427490008135,0.0010195234860424065,0.07031650837831782,0.07022212900055677
IM,0.75,preserved,512,79,12.184629569959737,111,0.3250565997339019,0.001028681535432844,0.3245259191446799,0.31979131972222197,0.0700746289613757,0.001021519627016423,0.06982960420123233,0.06973834297087675
IM,0.75,preserved,512,80,12.338865387300999,112,0.3232125362466405,0.0010624610362673563,0.3222349355849956,0.3175207127201307,0.0700593171842292,0.001055740049761318,0.06934979583850853,0.06926160515846509
IM,0.75,preserved,512,81,12.493101204642262,113,0.3199645074248232,0.000982886242553976,0.3199853263143495,0.31529078877503,0.06856649353965123,0.0009758458242440924,0.06887691546261016,0.06879174640827301
IM,0.75,preserved,512,82,12.647337021983525,114,0.31796255291555864,0.001003405448652976,0.317775801142961,0.31310034823100413,0.06830243504340036,0.0009966699876929968,0.06841080172349454,0.06832860426267726
IM,0.75,preserved,512,83,12.801572839324786,115,0.31544521975997125,0.0009678212382461457,0.31560512645831795,0.31094824153323286,0.06749252100713804,0.0009610546804832173,0.06795129930487176,0.06787202250222449
IM,0.75,preserved,512,84,12.955808656666049,116,0.3136090338296948,0.0009564409569858753,0.31347212207366854,0.3088333664633747,0.06733641178614921,0.0009498444520982147,0.0674982585308019,0.06742185073670781
IM,0.75,preserved,512,85,13.110044474007312,117,0.3116522504431745,0.0009782557742872187,0.3113756582940999,0.3067546655708864,0.06705432100342847,0.0009719910021913775,0.06705153501466699,0.06697794403887945
IM,0.75,preserved,512,86,13.264280291348573,118,0.31055377779867976,0.0010054133651228236,0.3093146531810539,0.30471112378233933,0.06756550982915453,0.0009994823103745979,0.06661098934412113,0.0665401626145998
IM,0.75,preserved,512,87,13.418516108689836,119,0.30776655347335463,0.0009519754496803579,0.3072880699984044,0.3027017661729843,0.06640384111784926,0.0009459074539296303,0.06617648679682853,0.06610837150437643
IM,0.75,preserved,512,88,13.5727519260311,120,0.3062308605025298,0.0009703565858644158,0.3052949148251157,0.3007256558866417,0.0664262924152583,0.0009645512538437432,0.06574789708274134,0.06568244031214202
IM,0.75,preserved,512,89,13.726987743372362,121,0.3043872079955964,0.0009762072737012941,0.3033342343211083,0.29878189219154055,0.06612619220830251,0.0009705669396183536,0.0653250941094077,0.06526224295782296
IM,0.75,preserved,512,90,13.881223560713623,122,0.3030049746331504,0.0009839092776599845,0.30140511363433625,0.29686960866104406,0.0662668316404969,0.0009784777049759545,0.06490795576738692,0.06484765745080948
IM,0.75,preserved,512,91,14.035459378054886,123,0.30096005394919223,0.0010177471554907113,0.2995066744382643,0.2949879714693333,0.06569954940870155,0.0010126088826337381,0.06449636373331791,0.06443856568188389
IM,0.75,preserved,512,92,14.18969519539615,124,0.2987506988163897,0.0010300327440071902,0.2976380730899647,0.2931361777931021,0.06493925969870665,0.0010251024041766901,0.06409020328856635,0.06403485323152738
IM,0.75,preserved,512,93,14.34393101273741,125,0.2958418724402078,0.0009377864054555515,0.2957984988999589,0.2913134543111767,0.06349059006664177,0.0009325692480222522,0.06368936315168441,0.06363640919282101
IM,0.75,preserved,512,94,14.498166830078674,125,0.2939002874976867,0.0009503294016340796,0.29398717250572437,0.2895190557947265,0.06297334256685821,0.0009453198391845741,0.0632937353231707,0.0632431260074016
IM,0.75,preserved,512,95,14.652402647419937,126,0.29214880316074476,0.0009048199587157752,0.2922574950389108,0.28780663707915255,0.06260442550093134,0.0008996791968121791,0.06295677801789451,0.0629086881440537
IM,0.75,preserved,512,96,14.8066384647612,127,0.2895955794856596,0.0008518011501489113,0.2905412995691524,0.28610768508987294,0.061411106464361646,0.0008464228681200493,0.06261167817203213,0.06256590598279735
IM,0.75,preserved,512,97,14.960874282102461,128,0.28771652489227295,0.0008030508804678833,0.28884142141398655,0.28442512518245494,0.06091048061278589,0.0007975401635806696,0.062261827365566076,0.062218235684691856
IM,0.75,preserved,512,98,15.115110099443724,129,0.2867586393211664,0.00090114986224889,0.28715973952877416,0.2827609012027714,0.061308140391216626,0.0008963761418125738,0.06190964867743112,0.061868142475105914
IM,0.75,preserved,512,99,15.269345916784987,130,0.2852585417414165,0.0008719587827701691,0.2854974544513694,0.28111626072327756,0.06113436511673574,0.0008671737202488224,0.06155687265680997,0.061517383674512316
IM,0.75,preserved,512,100,15.423581734126248,131,0.2827229343206197,0.0008535240331627529,0.2838552861046494,0.27949195805579863,0.05990351952370774,0.000848698320473123,0.06120473397224552,0.06116721035564816
IM,0.75,preserved,512,101,15.577817551467511,132,0.2811608991770553,0.0008369102222397346,0.2822336146467068,0.27788839879394994,0.0596088194107635,0.0008321311542694105,0.06085411167776367,0.06081851112333562
IM,0.75,preserved,512,102,15.732053368808774,133,0.2801314454784649,0.0008234545952976211,0.2806325808226283,0.2763057427599057,0.05982365123828403,0.0008186873462272533,0.06050562937287308,0.06047191470992532
IM,0.75,preserved,512,103,15.886289186150035,134,0.279151384362911,0.000789473581171136,0.27905215749876305,0.27474397734760686,0.06007718475594084,0.0007846056016237884,0.060159726812373776,0.060127863249933695
IM,0.75,preserved,512,104,16.0405250034913,135,0.27792739285782486,0.0008219905642468377,0.2774922006766784,0.27320296978758984,0.060063850043701295,0.0008173985183825272,0.05981671117507903,0.05978666466829487
IM,0.75,preserved,512,105,16.19476082083256,136,0.27566996009350686,0.0008237778562128234,0.27595248588403,0.2716825043962202,0.05901061108779397,0.0008193180224261383,0.05947679382671474,0.05944853018102567
IM,0.75,preserved,512,106,16.348996638173823,137,0.27415338295903535,0.0008515749018759426,0.2744327341364917,0.27018230912264896,0.05868941483775682,0.0008473967666927492,0.05914011672767425,0.05911360117662086
IM,0.75,preserved,512,107,16.503232455515086,137,0.2726080571456835,0.000827403266285012,0.2729326304556797,0.2687020744634629,0.05831207816543236,0.0008232265071314195,0.058806771440199586,0.058781968516606956
IM,0.75,preserved,512,108,16.65746827285635,138,0.27127576252669805,0.0007839970579299099,0.2714969086024384,0.2672867240654543,0.05814464585250029,0.0007796643373091248,0.058521424360721344,0.058498486000182814
IM,0.75,preserved,512,109,16.811704090197612,139,0.268706437407713,0.0007609196896680912,0.27006914022972994,0.2658795210891462,0.05671086319568561,0.0007565339985512279,0.058228600561828145,0.05820736429165259
IM,0.75,preserved,512,110,16.965939907538875,140,0.26814741616656657,0.0007927243751150523,0.26865188906263215,0.2644830851203851,0.05727620868586464,0.0007885949404667518,0.05793119992045968,0.05791155605229076
IM,0.75,preserved,512,111,17.120175724880138,141,0.266557422865342,0.0007778752640851562,0.26724690359795916,0.2630992009331681,0.05681737442722912,0.0007737675284052764,0.05763130314652528,0.05761317631836321
IM,0.75,preserved,512,112,17.274411542221397,142,0.26543075366806823,0.0008057765226861618,0.26585535165385327,0.2617290590129881,0.05678975912186786,0.0008018995355125201,0.057330404440962754,0.05731374100944168
IM,0.75,preserved,512,113,17.42864735956266,143,0.26459597874871615,0.0008187385528865598,0.2644779874625379,0.26037342689276605,0.057025400932865254,0.0008149985420138822,0.05702957736637296,0.05701433693850463
IM,0.75,preserved,512,114,17.582883176903923,144,0.26301130584483795,0.0008229437833240669,0.2631152708090139,0.25903277127584434,0.0564973737706827,0.0008193184855662543,0.056729593233464326,0.05671574309417214
IM,0.75,preserved,512,115,17.737118994245186,145,0.26207628406651434,0.0008257213137158951,0.2617674520554518,0.2577073451374901,0.056612346228772,0.0008221939030225979,0.056431005701748194,0.056418517241776024
IM,0.75,preserved,512,116,17.89135481158645,145,0.2601909748916027,0.0007955696803871261,0.2604346328779989,0.25639724989120627,0.05577220215348676,0.0007919841432736932,0.05613421132114979,0.05612305782695044
IM,0.75,preserved,512,117,18.045590628927712,146,0.2577875597828026,0.0007355006714269102,0.2591570401062557,0.2551428761130951,0.05439060664619441,0.0007317187320925345,0.05587932813233559,0.05586965142849137
IM,0.75,preserved,512,118,18.199826446268972,147,0.2571254515260817,0.0007621467382723803,0.2578845730239837,0.2538938412174569,0.05474164798127058,0.0007585967812788117,0.055617026275406885,0.055608687904747954
IM,0.75,preserved,512,119,18.354062263610235,148,0.25558594789626443,0.0007716284678645812,0.25661970160924497,0.25265265858374925,0.05419898745119862,0.0007681938606674531,0.055350019611578496,0.055342928046290873
IM,0.75,preserved,512,120,18.508298080951498,149,0.2548296714014689,0.0007365108578069676,0.2553641361694464,0.2514210646403011,0.054431233586402866,0.0007329622418235451,0.055080261467154425,0.05507435540782134
IM,0.75,preserved,512,121,18.66253389829276,150,0.25332579258554977,0.0007162472059956831,0.2541190446313174,0.25020024159156506,0.053900860611078835,0.0007126771834933932,0.05480916009980409,0.05480439712768253
IM,0.75,preserved,512,122,18.816769715634024,151,0.2527875516855321,0.0007529856301019646,0.25288520744317455,0.24899097616283727,0.054332509605148675,0.0007496697386353559,0.05453773238112969,0.05453408138476786
IM,0.75,preserved,512,123,18.971005532975287,152,0.2527030002907423,0.0008270653425422008,0.25166312811378727,0.24779377282508622,0.05519346167083885,0.0008240882124957578,0.05426671354175826,0.054264149773442905
IM,0.75,preserved,512,124,19.12524135031655,153,0.2519750393185628,0.0008216286670022768,0.25045311218055516,0.24660893461848782,0.05541699507063107,0.000818697295238684,0.05399663564542738,0.05399513758589859
IM,0.75,preserved,512,125,19.27947716765781,153,0.24993999688601695,0.0007495329132945134,0.24925532369197773,0.24543662089951335,0.05430844703154951,0.0007463502424664255,0.05372788378754168,0.05372743123510883
IM,0.75,preserved,512,126,19.433712984999072,154,0.24855592627261372,0.0007543039720360466,0.24810595503650867,0.24431316728157404,0.053839288837514224,0.0007511929345495275,0.053496523226091094,0.05349724708340241
IM,0.75,preserved,512,127,19.587948802340335,155,0.24725060390582973,0.0007654288734599026,0.246960098426786,0.2431934088746102,0.05345530338615336,0.0007624140970891487,0.05325828282134454,0.053260062026116016
IM,0.75,preserved,512,128,19.7421846196816,156,0.24618370989357508,0.0007596170826023999,0.24582002174932993,0.24207964904129176,0.05328565007422365,0.000756598701919693,0.05301561226390388,0.05301836764425754
IM,0.75,preserved,512,129,19.89642043702286,157,0.24487101567381753,0.0007497191046711747,0.24468730841764166,0.24097349146790778,0.05285860394021827,0.0007467484430094328,0.052770277450265336,0.0527739567939802
IM,0.75,preserved,512,130,20.050656254364124,158,0.24384144228186255,0.0007015443727386752,0.24356305256402164,0.23987604020569187,0.05269746047736702,0.0006984382566262651,0.05252355402254001,0.05252812193666054
IM,0.75,preserved,512,131,20.204892071705387,159,0.24224660338990023,0.000687609277767328,0.24244799822406793,0.23878804227773096,0.05197509508810416,0.000684500549478852,0.0522763654278715,0.05228179657450594
IM,0.75,preserved,512,132,20.359127889046647,159,0.24098061229673867,0.0006770751032806127,0.24134263869241168,0.23770998942271365,0.05157240744772851,0.0006739815219022726,0.05202938152167849,0.05203565620517995
IM,0.75,preserved,512,133,20.51336370638791,160,0.2403147851277282,0.0007045351118043275,0.24028073877363162,0.23667578040363324,0.05176454000047517,0.0007016313592063522,0.051816231267448075,0.05182347237688073
IM,0.75,preserved,512,134,20.667599523729173,161,0.23963253967606452,0.0006990491570706306,0.23922092831942102,0.2356438069197875,0.05193843406851627,0.0006961672798820559,0.051596099022355846,0.05160419762238932
IM,0.75,preserved,512,135,20.821835341070436,162,0.238629601235867,0.0006929876952851675,0.23816545087824112,0.2346163447777378,0.05176014733616521,0.0006901355611390222,0.05137137397439869,0.05138026058745511
IM,0.75,preserved,512,136,20.9760711584117,163,0.23777927405992877,0.0007080808867945041,0.23711588448684995,0.2335949898542285,0.05171703586683024,0.0007053234738538621,0.05114378149291608,0.05115341181765733
IM,0.75,preserved,512,137,21.130306975752962,164,0.23655660216918173,0.0007201034827696248,0.23607333090400628,0.23258085199966477,0.05131237580321661,0.0007174568496311277,0.05091457075366565,0.05092491600524647
IM,0.75,preserved,512,138,21.284542793094225,165,0.23539074545641897,0.0006905375774884665,0.23503855059449186,0.23157469330708497,0.05095347236188487,0.0006878299563234193,0.050684648614257574,0.05069568911329675
IM,0.75,preserved,512,139,21.438778610435484,165,0.23433764656532938,0.0006934157988345079,0.23401205912754625,0.2305770267940686,0.05069698814697087,0.0006907679823253753,0.05045467525814803,0.05046639627557044
IM,0.75,preserved,512,140,21.593014427776748,166,0.23393106239959102,0.0007229098071635094,0.23302525633562096,0.22961937586187733,0.05106713074916086,0.0007204207109549001,0.05025591285381202,0.05026843178513921
IM,0.75,preserved,512,141,21.74725024511801,167,0.2318178430726351,0.0006758252480400346,0.2320397842692124,0.22866316029363667,0.049731874283983735,0.0006731967423881302,0.050050491739039055,0.05006371043669434
IM,0.75,preserved,512,142,21.901486062459274,168,0.23013138287558,0.0006475022873250556,0.2310577588219505,0.22771052508023598,0.048816896828211345,0.0006448164773087479,0.049840646535373366,0.04985450319713979
IM,0.75,preserved,512,143,22.055721879800537,169,0.22982174422122684,0.0006860790033630229,0.230080674703247,0.22676298076050916,0.04927678576721201,0.0006835531033144705,0.04962799281273189,0.04964244876599895
IM,0.75,preserved,512,144,22.2099576971418,170,0.22862638897865298,0.0006515770493673786,0.22910958175922494,0.22582158406907754,0.048841497096734396,0.0006489409867679722,0.04941370192126772,0.0494287326949575
IM,0.75,preserved,512,145,22.36419351448306,171,0.22777327632831595,0.0006490954725107053,0.22814521076819766,0.22488706677214615,0.04873472380779113,0.000646518388585563,0.04919862575342282,0.04921421516148273
IM,0.75,preserved,512,146,22.518429331824322,171,0.2266863819600728,0.0006538339132706638,0.2271880632972187,0.2239599276345053,0.04838418106829025,0.0006513177467593444,0.04898338589009132,0.04899952220431631
IM,0.75,preserved,512,147,22.672665149165585,172,0.22638349918901873,0.0006580952284018123,0.2262673926644302,0.223069534890187,0.04881490243127991,0.0006556298071830874,0.0487970994505098,0.04881389385865352
IM,0.75,preserved,512,148,22.826900966506848,173,0.22578060552460763,0.0006649597818551597,0.22534751930148658,0.22218000156961482,0.04894683046177279,0.0006625640304026786,0.04860452024819716,0.048621883177776846
IM,0.75,preserved,512,149,22.98113678384811,174,0.22425880260453374,0.000629170647058817,0.22443042850851108,0.22129333984567945,0.048139329549634104,0.0006266911791702718,0.048407731507302945,0.04842560712344483
IM,0.75,preserved,512,150,23.135372601189374,175,0.22357690675194397,0.0006569142399984831,0.22351752716652462,0.2204109711907405,0.04817185212090349,0.0006545676490147025,0.048208240393495916,0.04822659432097261
IM,0.75,preserved,512,151,23.289608418530637,176,0.22305777091727588,0.000663558394854349,0.22260980774020656,0.21953389439649057,0.04835913785241172,0.0006612584176466954,0.04800714064557757,0.04802595167484836
IM,0.75,preserved,512,152,23.443844235871897,176,0.22177899288842193,0.0006525322645264786,0.22170796529390155,0.2186628054116964,0.047781623069621214,0.0006502325613743755,0.04780522863500196,0.04782448322634775
IM,0.75,preserved,512,153,23.59808005321316,177,0.22067570029622147,0.0006610913704094703,0.22083977639976451,0.21782559172011476,0.04736541797173375,0.0006588710088027943,0.047630145843614954,0.04764994867268269
IM,0.75,preserved,512,154,23.752315870554423,178,0.21993575946600166,0.0006449448229551488,0.2199716924943653,0.2169885102094668,0.047321699413656715,0.000642696911323927,0.0474487365821219,0.047469004120430876
IM,0.75,preserved,512,155,23.906551687895686,179,0.2195779202867519,0.000640885389788013,0.2191056769411196,0.21615355044664125,0.047650545809455006,0.0006386452551924226,0.047263047167053415,0.04728372843534727
IM,0.75,preserved,512,156,24.06078750523695,180,0.21863964141230324,0.0006563483617396347,0.21824312590934378,0.21532212286760694,0.047390644475091614,0.0006541964994184105,0.047074559375272565,0.04709562398937916
IM,0.75,preserved,512,157,24.21502332257821,181,0.2175814713201078,0.0006597080559332345,0.21738502898748108,0.2144952233183308,0.046999603613032376,0.0006576078336926826,0.04688434972458125,0.046905779838632
IM,0.75,preserved,512,158,24.369259139919475,181,0.21725539047626594,0.0006631947533337024,0.21653208379846828,0.21367355042463843,0.047332587925050774,0.0006611288984034918,0.0466932031553917,0.0467149881383223
IM,0.75,preserved,512,159,24.523494957260734,182,0.21596239724161098,0.0006200806268512316,0.21571058447556757,0.21288350347256715,0.04669687781078326,0.0006178709036340853,0.04652728204453287,0.0465495229450077
IM,0.75,preserved,512,160,24.677730774601997,183,0.2148233493200746,0.000588991349216813,0.21488884669729766,0.21209321411727144,0.046202405290321,0.00058670170521506,0.046355260513436435,0.046377880303378353
IM,0.75,preserved,512,161,24.83196659194326,184,0.2139196721673684,0.000602881542310124,0.21406874704535023,0.21130458380593575,0.045948931357379666,0.0006006875786978536,0.04617908633468258,0.046202038595516956
IM,0.75,preserved,512,162,24.986202409284523,185,0.21369354948333488,0.0005999848373211206,0.21325162305050965,0.21051896367352713,0.04636100275441711,0.0005978231662465074,0.0460001709391355,0.04602342857117485
IM,0.75,preserved,512,163,25.140438226625786,185,0.2124627709668056,0.0006105424694199624,0.21243842569045363,0.20973731075753818,0.04576801152458064,0.0006084309801792029,0.04581954066236767,0.045843088283628104
IM,0.75,preserved,512,164,25.29467404396705,186,0.21134923906961892,0.0006181742349986104,0.2116545296403947,0.20898510388996253,0.04528469310710856,0.0006161255044647362,0.04566243978393783,0.04568637200308051
IM,0.75,preserved,512,165,25.448909861308312,187,0.21138563461000548,0.0006147412260393076,0.2108697647606777,0.20823199881924942,0.045940101606825656,0.0006127192484212252,0.04549903058217484,0.045523273457672396
IM,0.75,preserved,512,166,25.60314567864957,188,0.21003905813761017,0.000580289588312769,0.210086037960605,0.20747992764212542,0.04520525222900003,0.000578170991329497,0.04533128209047736,0.04535579207816151
IM,0.75,preserved,512,167,25.757381495990835,189,0.20939047985406178,0.0006100562824110632,0.20930471209927787,0.20673026711576048,0.04516253258889187,0.0006080626324389202,0.045160622238956845,0.045185374872830114
IM,0.75,preserved,512,168,25.911617313332098,190,0.20865676679687628,0.0005812963263854691,0.20852675974042645,0.20598399615689675,0.04503960505450236,0.0005792357901282756,0.04498809035704233,0.04501307264732892
IM,0.75,preserved,512,169,26.06585313067336,190,0.20753246434194278,0.0005854383133493177,0.2077528729007631,0.20524180820989055,0.04451463694546577,0.0005834272958327859,0.04481444603950119,0.044839651471943576
IM,0.75,preserved,512,170,26.220088948014624,191,0.20698928019532115,0.000586020406399797,0.20700695868287433,0.20452770653412064,0.04456779503681605,0.0005840444238868972,0.04466347192499405,0.04468899519017361
IM,0.75,preserved,512,171,26.374324765355887,192,0.2063877518544654,0.0006103583077221609,0.2062603171185986,0.20381282426434508,0.044558724543458376,0.0006085079209856744,0.0445067744996626,0.04453254849888979
IM,0.75,preserved,512,172,26.528560582697146,193,0.20577137165505588,0.0006296901861614421,0.20551468066573741,0.20309891681537612,0.044522148503867924,0.0006279027371731626,0.044346140827612755,0.044372126001666325
IM,0.75,preserved,512,173,26.68279640003841,194,0.20500429437896442,0.000591089145850121,0.20477128860684715,0.20238723623493476,0.044333852849816884,0.0005892223408592812,0.04418286749971749,0.04420904160359693
IM,0.75,preserved,512,174,26.837032217379672,194,0.20442893192819112,0.0005819199112587945,0.2040310263532542,0.2016786738849403,0.04433087175663532,0.0005800506835639537,0.044017898819374054,0.04404425005028891
IM,0.75,preserved,512,175,26.991268034720935,195,0.20372823314874905,0.0005630890436112175,0.20331698532053522,0.20099641666161178,0.04420257483004461,0.0005611626913499015,0.04387420407861886,0.04390082049408475
IM,0.75,preserved,512,176,27.1455038520622,196,0.20350800688617118,0.0005801362149663584,0.2026017605401429,0.20031290148286368,0.044555917286319864,0.0005782963617911365,0.043724664152819295,0.04375148040886469
IM,0.75,preserved,512,177,27.29973966940346,197,0.20326049756979242,0.0006166113669840457,0.2018870991244257,0.19962989889647645,0.04487179741360174,0.0006149000367342102,0.04357107423193671,0.04359805248345764
IM,0.75,preserved,512,178,27.453975486744724,198,0.20244348285079172,0.0005999505838017715,0.2011742531163584,0.198948674148571,0.044613158930227034,0.0005982074890174351,0.04341473727502945,0.04344185691600358
IM,0.75,preserved,512,179,27.608211304085984,198,0.20176238851683767,0.0005957140709254401,0.20046411926208857,0.198270130352455,0.04448941828875599,0.0005939559714211869,0.043256602670881626,0.04328385344676454
IM,0.75,preserved,512,180,27.762447121427247,199,0.2010643710368537,0.0005898027170210883,0.19977889993548537,0.19761656213486756,0.04433982577333989,0.0005880506988952195,0.043118754213000654,0.043146221883281086
IM,0.75,preserved,512,181,27.91668293876851,200,0.1999932610612739,0.0005774822426775827,0.19909231907732933,0.1969615418640806,0.043813947919962695,0.0005757294746973384,0.04297518369654335,0.04300280679073933
IM,0.75,preserved,512,182,28.070918756109773,201,0.19901329214049757,0.0005737486525875829,0.19840607412122313,0.1963067897490536,0.043373542375120484,0.0005720013766531962,0.04282763145361264,0.04285537485307465
IM,0.75,preserved,512,183,28.225154573451036,202,0.19889750538989565,0.0005806713930674699,0.1977213831620751,0.1956535368039095,0.0437900546919114,0.000578966504425597,0.04267736128414741,0.042705206342683606
IM,0.75,preserved,512,184,28.3793903907923,202,0.19835948446121898,0.0006099235620702233,0.19703912020291947,0.1950026633736202,0.04377792621172019,0.000608324547662469,0.042525294638065814,0.042553232558103234
IM,0.75,preserved,512,185,28.533626208133562,203,0.19762514968479555,0.0006134485128050057,0.19638062651567734,0.19437559970949964,0.04357214677334191,0.0006118770660872866,0.04239265800136757,0.042420772145589744
IM,0.75,preserved,512,186,28.68786202547482,204,0.1967526143755448,0.0006099689052483385,0.195720670305509,0.1937469684873253,0.04321743289090828,0.0006084081275814859,0.04225447120457887,0.04228270339969944
IM,0.75,preserved,512,187,28.842097842816084,205,0.1959619543411754,0.0005949704705430651,0.19506088905897795,0.19311842930730333,0.04294460253283625,0.0005933962236991744,0.042112410224154566,0.04214072752977828
IM,0.75,preserved,512,188,28.996333660157347,206,0.19511233871879002,0.0005596953846443871,0.19440245908864584,0.19249117113665407,0.042610445491162705,0.0005580319875416494,0.041967692600107964,0.04199607783143807
IM,0.75,preserved,512,189,29.15056947749861,206,0.1937570408780906,0.0005296783297262128,0.19374622559835036,0.1918660455234566,0.04176030492221927,0.0005279427548634888,0.04182120648846839,0.04184965186502049
IM,0.75,preserved,512,190,29.304805294839873,207,0.19288512023792254,0.000532114686910973,0.19311271287835977,0.19126366268666858,0.04139871861096027,0.0005304164189256508,0.0416933652207547,0.04172195153132723
IM,0.75,preserved,512,191,29.459041112181136,208,0.19226626088591642,0.0005179277042701186,0.19247766856465082,0.19065963046860385,0.041276944277503724,0.0005161982608523229,0.04156015327554394,0.04158882518270511
IM,0.75,preserved,512,192,29.6132769295224,209,0.19217038747745058,0.0005228101132059915,0.19184267035855324,0.19005554809846859,0.0416842569096717,0.0005211240817280198,0.041423183015038584,0.04145190940366217
IM,0.75,preserved,512,193,29.76751274686366,210,0.19192517631053213,0.0005552937449192333,0.19120885259227074,0.1894525623468563,0.041929714185438866,0.0005537292325375422,0.04128362609057146,0.04131239096550471
IM,0.75,preserved,512,194,29.921748564204922,210,0.19120885232916673,0.0005519117455966224,0.1905770312367339,0.18885149555835773,0.04170996220563518,0.0005503521110923573,0.04114233748761299,0.04117113387418837
IM,0.75,preserved,512,195,30.075984381546185,211,0.19064461167312255,0.0005459551727625244,0.18996695819555032,0.18827218270551815,0.04163399159546835,0.0005444020332574979,0.0410189619401051,0.04104786807464583
IM,0.75,preserved,512,196,30.230220198887448,212,0.18988705468278544,0.0005199902232029362,0.18935530344231266,0.1876911593969497,0.04136439924043852,0.0005183805130949751,0.04089039273885235,0.040919355859351164
IM,0.75,preserved,512,197,30.38445601622871,213,0.1887372793467909,0.000516512249749094,0.18874358715032594,0.1871099667916502,0.04069535870189197,0.0005149032065059799,0.04075818136570675,0.04078717199935907
IM,0.75,preserved,512,198,30.538691833569974,213,0.18795729423297367,0.0005269774321846858,0.18813290307701158,0.1865297108869619,0.04039103790720755,0.0005254299237774158,0.04062345546196471,0.0406524586722203
IM,0.75,preserved,512,199,30.692927650911233,214,0.18735690212754658,0.0005373376752151402,0.18754266710515174,0.18596989244411982,0.0402620311294746,0.0005358365491810311,0.04050552478452839,0.04053461225689088
IM,0.75,preserved,512,200,30.847163468252496,215,0.18699370722206443,0.0005440370684916551,0.18695036236333862,0.1854078665600492,0.040368330499008225,0.0005425745719087459,0.040382084887873086,0.04041120340439979
IM,0.75,preserved,512,201,31.00139928559376,216,0.1866842287003972,0.0005364555991613881,0.1863575804827991,0.1848452469901562,0.04052234496265844,0.0005349996973929067,0.04025475542993347,0.040283875900953114
IM,0.75,preserved,512,202,31.155635102935022,217,0.18549836197644784,0.0005195255173493621,0.1857654680856154,0.1842831933506532,0.03979731319352106,0.0005180458221706395,0.04012471381067142,0.040153822146974466
IM,0.75,preserved,512,203,31.309870920276285,217,0.18528361489863565,0.0005160347465222628,0.18517485219957347,0.1837225395765954,0.04004507942885524,0.0005145718284907768,0.03999281963830653,0.04002191064380251
IM,0.75,preserved,512,204,31.46410673761755,218,0.18456542613055713,0.000520038712705522,0.18460427704935767,0.18318190854747024,0.03977884996926066,0.000518594744817167,0.03987751599490082,0.03990666447570977
IM,0.75,preserved,512,205,31.61834255495881,219,0.18446251765433735,0.0005534601210935254,0.18403193654612499,0.18263936864943425,0.04012921220869792,0.0005521210986558848,0.039757198531880006,0.03978635666108488
IM,0.75,preserved,512,206,31.77257837230007,220,0.1840496864057774,0.000560594584003592,0.1834592809482399,0.18209639020474852,0.040164218810433625,0.0005592792283690214,0.039633343548217785,0.039662485248108
IM,0.75,preserved,512,207,31.926814189641334,220,0.1836571322589404,0.0005616836418328072,0.18288735556267538,0.18155403034271297,0.04021353109419514,0.000560381454009767,0.039507024868041786,0.03953613757178758
IM,0.75,preserved,512,208,32.0810500069826,221,0.18320816368007914,0.0005344360540563636,0.18233437534518532,0.1810305840869055,0.040209827510366336,0.000533073113292195,0.03939635762686071,0.03942550984491048
IM,0.75,preserved,512,209,32.23528582432386,222,0.18330087860466632,0.0005619739279654171,0.18177925335674772,0.18050484461207092,0.040743677204131565,0.0005606889797866597,0.03928044733363363,0.03930959038132
IM,0.75,preserved,512,210,32.38952164166512,223,0.1824240915528717,0.00052726611421537,0.18122349138960198,0.17997833476898834,0.04030450786709725,0.0005259078897285502,0.039160819214769514,0.03918992689903954
IM,0.75,preserved,512,211,32.543757459006386,224,0.18123781097027755,0.000512361744117016,0.18066817281568562,0.1794521504385304,0.039555670152417115,0.0005109938385834393,0.039038582675348425,0.03906764275693787
IM,0.75,preserved,512,212,32.697993276347646,224,0.18068872647725992,0.000535039250956293,0.18011408043609187,0.17892708123358614,0.039430882161094256,0.0005337441110153213,0.03891454827424812,0.03894355676035077
IM,0.75,preserved,512,213,32.85222909368891,225,0.18008025330162225,0.0005413400710411036,0.1795786225720425,0.17842060979987168,0.03925169546123625,0.0005400773617188501,0.03880602927751649,0.03883505718159988
IM,0.75,preserved,512,214,33.00646491103017,226,0.17963468543248037,0.0005173144531060664,0.17904134648007763,0.17791216575513782,0.03923119133161551,0.0005160030054809601,0.03869275622510835,0.03872175941927978
IM,0.75,preserved,512,215,33.16070072837144,227,0.17925353339191552,0.0005143484715038271,0.1785036172768763,0.17740313339725197,0.03926743961718284,0.0005130473361958266,0.03857611618388878,0.0386050708912577
IM,0.75,preserved,512,216,33.3149365457127,227,0.1787483258252567,0.0005165201499347003,0.17796642004393598,0.17689450926053438,0.039182685367029374,0.0005152524096762167,0.03845711851753014,0.03848601359625547
IM,0.75,preserved,512,217,33.46917236305396,228,0.17795431993633065,0.0005117269233174311,0.17744686604075688,0.176403480327158,0.038801773290063055,0.0005104607893971771,0.03835278074389423,0.03838168117161342
IM,0.75,preserved,512,218,33.623408180395224,229,0.17753414655320185,0.0005133313999488997,0.1769251580746558,0.1759101369770922,0.038797304866095735,0.0005120771351062225,0.03824348084031896,0.03827234149694136
IM,0.75,preserved,512,219,33.77764399773648,230,0.17691989384884044,0.0005115193557475017,0.17640270913796258,0.17541591233796697,0.03858996351406151,0.0005102772298048404,0.03813065157269263,0.038159448433382016
IM,0.75,preserved,512,220,33.93187981507775,230,0.1764767492571353,0.0005081327058906465,0.1758805394999483,0.17492183878465034,0.03856198228424819,0.000506905400943868,0.038015335422826285,0.038044057548661615
IM,0.75,preserved,512,221,34.08611563241901,231,0.17547044351676605,0.0004986434012337636,0.17537536102373058,0.17444470262259756,0.037959510828691374,0.0004974047332573068,0.037914152662534825,0.03794286371245337
IM,0.75,preserved,512,222,34.240351449760276,232,0.1753386512531087,0.0005008524879438825,0.17486792485664004,0.173965145803016,0.03822841336265391,0.000499636561763103,0.037808022553385404,0.0378366791803616
IM,0.75,preserved,512,223,34.394587267101535,233,0.1743831801692317,0.00047826983280221453,0.1743596314186676,0.1734845886116799,0.037669587076568894,0.0004770060152667349,0.037698363707907225,0.03772694320794192
IM,0.75,preserved,512,224,34.548823084442795,233,0.17403120077384626,0.000497627580110524,0.17385149263651456,0.17300405493391333,0.03771430131599732,0.0004964290509320739,0.037586208663196605,0.03761470109271677
IM,0.75,preserved,512,225,34.70305890178406,234,0.1744141188893562,0.0005382607262555834,0.17335980588781744,0.17253991486495593,0.03848682302805728,0.000537164517755265,0.037487765532083495,0.03751623360360596
IM,0.75,preserved,512,226,34.85729471912532,235,0.17368544507638511,0.00048200306767016586,0.1728658274922243,0.17207331833712247,0.0381440705237092,0.0004807922777806627,0.037384452248468786,0.03741285435278582
IM,0.75,preserved,512,227,35.01153053646659,236,0.17317755784606662,0.0004900852422487259,0.17237092979180432,0.1716056571258195,0.03802374707243629,0.0004889096769722497,0.03727765801133315,0.03730597258463356
IM,0.75,preserved,512,228,35.16576635380785,236,0.17133585337652513,0.0004720774132071724,0.1718761050255409,0.1711379351963198,0.036567250232271156,0.00047086665012268937,0.03716839428071874,0.037196612125354564
IM,0.75,preserved,512,229,35.32000217114911,237,0.17058491484506938,0.00047439718519919543,0.17139724325803268,0.17068611363036373,0.036197078791646346,0.00047320367140864705,0.03707246418477861,0.03710064686092872
IM,0.75,preserved,512,230,35.47423798849037,238,0.1703498807386713,0.00046698686083748774,0.1709160804465735,0.17023182469400003,0.036340673281795924,0.0004658005967249767,0.03697175919807941,0.03699986652732971
IM,0.75,preserved,512,231,35.62847380583163,239,0.16999233990158125,0.0004390864335328458,0.17043395725270535,0.16977642807533536,0.036360727333114996,0.00043783119148359863,0.036867635647073585,0.03689564693940703
IM,0.75,preserved,512,232,35.7827096231729,239,0.16962024269358328,0.00044446353643271403,0.16995184348144063,0.1693209050999333,0.03636658928327538,0.0004432264427848308,0.036761081304479415,0.03678898788300589
IM,0.75,preserved,512,233,35.93694544051416,240,0.16894531429181134,0.00042718490363207856,0.16948523451233538,0.16888082054669612,0.03606754924074319,0.0004259149446243593,0.03666750689602585,0.036695369043602655
IM,0.75,preserved,512,234,36.091181257855425,241,0.16825657149613577,0.0004106182503802483,0.1690163259074058,0.16843826890398336,0.03574819157506828,0.00040929437338530465,0.03656925774711464,0.0365970365231316
IM,0.75,preserved,512,235,36.245417075196684,242,0.16800933064006224,0.00042632888692915324,0.16854642630282118,0.16799457746134963,0.03586845473793849,0.00042506245486360135,0.036467657074811755,0.036495332517493144
IM,0.75,preserved,512,236,36.399652892537944,242,0.16736922343789257,0.0004071122938415062,0.1680764827144547,0.16755070457244645,0.03559558857046864,0.00040580503749905006,0.03636366871638351,0.036391232560626485
IM,0.75,preserved,512,237,36.55388870987921,243,0.1672817021364531,0.00041848737177165783,0.16762160950190388,0.16712183244838888,0.03587356707264409,0.00041723371425087755,0.03627232460087919,0.03629983582961347
IM,0.75,preserved,512,238,36.70812452722047,244,0.16672861717633164,0.00041034025830656665,0.16716444401955463,0.16669049990124818,0.0356852458518942,0.0004090742592510645,0.03617640640187103,0.03620382721318434
IM,0.75,preserved,512,239,36.862360344561736,245,0.16664649883909877,0.0004255079396807149,0.1667062634656018,0.16625800242884586,0.035959650649025295,0.0004242973693069675,0.0360772049054948,0.03610451599910324
IM,0.75,preserved,512,240,37.016596161902996,245,0.16644610171704433,0.0004399209060426435,0.16624799241624394,0.16582527577205616,0.03611624854975082,0.0004387712578553089,0.03597566045502222,0.03600285393324326
IM,0.75,preserved,512,241,37.17083197924426,246,0.16638214158458003,0.0004470704502980882,0.16580437773046683,0.16540713314899214,0.03640617026133869,0.00044596026015602017,0.03588643963890904,0.0359135732111514
IM,0.75,preserved,512,242,37.32506779658552,247,0.16616027590207894,0.00047531340100890663,0.16535848201095898,0.16498654105953264,0.036535180053626846,0.0004742762635127656,0.03579274421996759,0.03581978116660215
IM,0.75,preserved,512,243,37.47930361392678,248,0.1652284072201805,0.0004690701249927416,0.16491155188258974,0.1645647640845531,0.035956093897758376,0.00046803453916893317,0.0356958334982207,0.035722755146208256
IM,0.75,preserved,512,244,37.63353943126805,248,0.16485408759815837,0.00046408384674314815,0.16446449005276248,0.16414271592530852,0.03592919432430561,0.00046304307192470323,0.03559662497549494,0.035623423774410586
IM,0.75,preserved,512,245,37.78777524860931,249,0.16414248216059113,0.00045227154333810413,0.1640316889360411,0.16373485391027737,0.035563573591493425,0.0004512107272986616,0.035509432891736484,0.0355361653187562
IM,0.75,preserved,512,246,37.942011065950574,250,0.16314470176159962,0.000415927259585392,0.16359662078818119,0.1633245565400213,0.03491369061609108,0.00041480071545584203,0.03541786376825615,0.03544449414371334
IM,0.75,preserved,512,247,38.09624688329183,251,0.16263772528696457,0.0004227358526263825,0.16316050260387194,0.16291305842780057,0.03475215126415382,0.0004216406379360003,0.035323146433862376,0.03534965668695744
IM,0.75,preserved,512,248,38.2504827006331,251,0.1626372691845906,0.00042408912706556103,0.16272421586315977,0.16250125187624287,0.03509335885382883,0.00042302032510616353,0.035226176263812733,0.035252559176835875
IM,0.75,preserved,512,249,38.40471851797436,252,0.1624915090846191,0.0004485029558022637,0.16230181105191488,0.16210325088296795,0.03528845193555131,0.00044749897436858907,0.035140927601491505,0.035167238461127896
IM,0.75,preserved,512,250,38.55895433531562,253,0.16184319823077,0.0004464895696669784,0.16187715529536578,0.16170283107675154,0.03497665577529749,0.0004454892969593557,0.035051397189330265,0.03507760131630678
IM,0.75,preserved,512,251,38.713190152656885,254,0.16145314482853973,0.00044444332035929057,0.16145143691252428,0.16130119806275509,0.034918427614432646,0.00044344354521227286,0.034958784404123186,0.034984864305582675
IM,0.75,preserved,512,252,38.867425969998145,254,0.16084075868215028,0.0004291212755537666,0.16102551681493993,0.16089922340290713,0.03463706022973069,0.0004280944241568941,0.03486396321985963,0.034889911995625036
IM,0.75,preserved,512,253,39.02166178733941,255,0.1605752926879144,0.00043947790913244995,0.16061311552805985,0.16051068977307872,0.03469962328079004,0.00043848179376397,0.03478057998873381,0.03480645177289863
IM,0.75,preserved,512,254,39.17589760468067,256,0.1605773303898826,0.0004667873621534705,0.16019848099577472,0.16011975579473808,0.035029786176911035,0.0004658580089591539,0.034693007853197885,0.03471876892695375
IM,0.75,preserved,512,255,39.33013342202194,257,0.16025686957409402,0.00046474071777386823,0.15978277380159922,0.15972759901008216,0.0350389635339022,0.00046382072662649345,0.034602417736794566,0.034628051159681865
IM,0.75,preserved,512,256,39.4843692393632,257,0.15974012784431768,0.000460778346368792,0.15936683494343318,0.15933507089460322,0.034848310731972046,0.0004598620078632948,0.03450966292742569,0.034535162099901345
IM,0.75,preserved,512,257,39.638605056704456,258,0.15882605878794898,0.00046606192951739934,0.15896406642208988,0.1589556342775844,0.034254090488155,0.0004651647867685551,0.03442807316018506,0.03445349109752469
IM,0.75,preserved,512,258,39.79284087404572,259,0.15887715695195176,0.000497275635464708,0.15855908362538948,0.1585738173181147,0.03462411004919298,0.0004964353968857821,0.03434238481749023,0.03436768872103031
IM,0.75,preserved,512,259,39.94707669138698,259,0.1585038261714733,0.000457412444243468,0.15815302031632306,0.1581907704156249,0.03456985506275956,0.0004565078303400153,0.034253741337808535,0.03427891479304343
IM,0.75,preserved,512,260,40.10131250872825,260,0.1579698857244623,0.0004214979603620421,0.157759291918246,0.15781997315722823,0.03435096055623507,0.00042053196043743274,0.0341754856184269,0.03420057505048926
IM,0.75,preserved,512,261,40.25554832606951,261,0.15731299739847152,0.0004118473540775907,0.15736291011769316,0.15744635408925234,0.03401057786883675,0.00041086362458532945,0.03409274644739098,0.03411771649346669
IM,0.75,preserved,512,262,40.409784143410775,262,0.15689416112759438,0.00040159355854403096,0.15696510577217287,0.15707116223417317,0.03390249833834909,0.0004006008611654657,0.034006763104377724,0.03403159624675217
IM,0.75,preserved,512,263,40.564019960752034,262,0.15624233502978946,0.00040956693402994365,0.15656677115921644,0.15669530112228428,0.03356170602617896,0.0004085922667258923,0.03391843836344312,0.033943128070030866
IM,0.75,preserved,512,264,40.718255778093294,263,0.15603512297713656,0.00041205548014672315,0.15618086188602084,0.1563317856858605,0.03366238679576187,0.00041110225186988237,0.03384065818882247,0.03386525588309124
IM,0.75,preserved,512,265,40.87249159543456,264,0.15620683220935677,0.0004298458169853416,0.15579262207983022,0.1559657764608201,0.03413802620480243,0.0004289422240517869,0.03375878070958474,0.03378325555427682
IM,0.75,preserved,512,266,41.02672741277582,265,0.15590807104936488,0.00042250977649560333,0.15540317534906267,0.1555984133020848,0.03414285608265161,0.00042159829156278826,0.03367393792643354,0.0336982749683035
IM,0.75,preserved,512,267,41.18096323011709,265,0.15496034376947776,0.00042505859365981214,0.1550133368202664,0.15523052137747023,0.03349910682609504,0.00042415785399633885,0.03358695522756626,0.03361114924069546
IM,0.75,preserved,512,268,41.335199047458346,266,0.15449020109229245,0.00040908131865955013,0.15463572916601992,0.15487478080952588,0.033335667654144155,0.00040815613784853506,0.03351038768123349,0.03353448945624963
IM,0.75,preserved,512,269,41.48943486479961,267,0.1541193603250608,0.00041028887291733794,0.1542559005334957,0.1545166576629234,0.033261319479691395,0.00040937529983920464,0.03342989395496099,0.03345387349452034
IM,0.75,preserved,512,270,41.64367068214087,267,0.1534983562670528,0.0004119330708233776,0.1538749277023203,0.15415724443913542,0.03293555107241816,0.0004110295845362033,0.03334655883043296,0.03337040144751715
IM,0.75,preserved,512,271,41.79790649948213,268,0.15352352232346195,0.0004218826034168334,0.15350544148217454,0.15380923250419778,0.033257979440898144,0.0004210138982050323,0.033272945342164496,0.03329669538257726
IM,0.75,preserved,512,272,41.9521423168234,269,0.15323298248015438,0.0004289917675980825,0.1531333484033801,0.15345845010282894,0.033256146427996035,0.00042813977614533687,0.03319506712708761,0.033218691893710295
IM,0.75,preserved,512,273,42.10637813416466,270,0.15266192692212438,0.0004192176912210841,0.15275981145109385,0.15310607739390678,0.0329724348070352,0.0004183506945915826,0.03311409410468151,0.033137577609416324
IM,0.75,preserved,512,274,42.260613951505924,270,0.15248256858542497,0.000434940208496021,0.15238567437479156,0.1527529688058672,0.03308457892690181,0.00043411563969400355,0.033030878892687424,0.03305421541710142
IM,0.75,preserved,512,275,42.41484976884718,271,0.15186292427923764,0.0004357784613508485,0.15202313893172603,0.15241138215884076,0.03275459467543577,0.00043496215545796855,0.032957558154864446,0.03298079649650489
IM,0.75,preserved,512,276,42.56908558618845,272,0.15140358995504247,0.0004104195513075701,0.15165831706654398,0.15206735066824212,0.032584742735580874,0.00040955872913918476,0.03288034826837769,0.032903459727708674
IM,0.75,preserved,512,277,42.72332140352971,273,0.15134886114449259,0.00042287332772940453,0.1512922688385273,0.1517219498005731,0.03281748403148766,0.00042204922571155125,0.0328003162775815,0.032823287071679086
IM,0.75,preserved,512,278,42.87755722087097,273,0.15070304775908316,0.0003932959523036493,0.15092576381308218,0.15137595869137838,0.0324556758763226,0.0003924215005102512,0.03271824047406288,0.03274106595052105
IM,0.75,preserved,512,279,43.031793038212236,274,0.14978675874981162,0.00037283989082697466,0.15057069664836265,0.15104132634828824,0.03182364575343889,0.00037192408836736403,0.032645952304570555,0.03266868057059921
IM,0.75,preserved,512,280,43.186028855553495,275,0.14962113974386698,0.00037623491461659094,0.15021345499766597,0.15070436308508478,0.031943076503632845,0.00037533480412148073,0.03256994079969163,0.032592543829574105
IM,0.75,preserved,512,281,43.34026467289476,275,0.14912140643133204,0.0003776485472592747,0.14985505450404757,0.15036609947868984,0.031723888641217834,0.00037675108498326667,0.03249122828907105,0.03251369246694997
IM,0.75,preserved,512,282,43.49450049023602,276,0.14880701212136327,0.00036423965074782735,0.14950740201236626,0.15003849967458976,0.03168898506742569,0.0003633148273805888,0.032421658247840796,0.032444025594212896
IM,0.75,preserved,512,283,43.64873630757728,277,0.14843884780185398,0.00039937726163205285,0.1491572163388594,0.14970820869858512,0.03159688164780977,0.0003985524632228954,0.032348047820799544,0.03237028772825782
IM,0.75,preserved,512,284,43.80297212491855,278,0.14851857650527875,0.0004099872589157068,0.14880559436467447,0.14937633973917508,0.03195596803686663,0.00040919330448128786,0.032271499630694866,0.032293597233167215
IM,0.75,preserved,512,285,43.95720794225981,278,0.1482573575834909,0.00040652221749405324,0.14845333227358734,0.14904369916499918,0.03196949976433615,0.00040572783671760827,0.032192817402709545,0.03221476751006088
IM,0.75,preserved,512,286,44.11144375960107,279,0.14793503138181086,0.00038861028796556796,0.14811193963750252,0.1487218496380966,0.031920717445459296,0.0003877871186315366,0.032123449807092974,0.03214529864894987
IM,0.75,preserved,512,287,44.26567957694233,280,0.1476378584660023,0.0004033646718440442,0.14776832003726093,0.14839762048120586,0.03189211771159328,0.0004025735026421058,0.03205039641634762,0.032072117124439636
IM,0.75,preserved,512,288,44.4199153942836,280,0.1473598666986065,0.0003900137869648829,0.14742347374990644,0.14807202661498498,0.03188287398816432,0.0003891994921059679,0.03197466334466204,0.031996243115401626
IM,0.75,preserved,512,289,44.57415121162486,281,0.14731543782571876,0.0004267988137815733,0.14708890106933556,0.14775662380737217,0.03210435720818968,0.0004260578073248694,0.03190768998466814,0.031929169757077276
IM,0.75,preserved,512,290,44.72838702896612,282,0.1470699887389011,0.00042593739300981614,0.1467518042041392,0.14743854310837565,0.032127448588805466,0.00042519658099757197,0.031836771800463765,0.03185812247841526
IM,0.75,preserved,512,291,44.882622846307385,283,0.14675321794377755,0.00041281411657464497,0.1464132495493869,0.14711886669336852,0.032073749567237436,0.0004120542551780004,0.03176298022554251,0.03178418788027191
IM,0.75,preserved,512,292,45.036858663648644,283,0.1459325172632047,0.0003806452725204343,0.1460740115226493,0.14679837883572036,0.03151606269473601,0.0003798245868407389,0.03168709645109849,0.031708156454749
IM,0.75,preserved,512,293,45.19109448098991,284,0.14557055690892023,0.0003744898638683392,0.14574520100896493,0.1464882417262256,0.03141746182257478,0.00037365669297103026,0.031620172872362046,0.03164113017582431
IM,0.75,preserved,512,294,45.34533029833117,285,0.14551863126561088,0.0003821237208924529,0.14541418584945526,0.1461757515042613,0.03162621343519525,0.00038131314496338986,0.03154966848283379,0.031570497461303
IM,0.75,preserved,512,295,45.49956611567244,285,0.1453455615392807,0.0004196549653018362,0.1450819340457462,0.14586189032092,0.03171482625401442,0.0004189309304769242,0.031476556475360434,0.0314972450348456
IM,0.75,preserved,512,296,45.653801933013696,286,0.14501178285241215,0.0003966327282473975,0.14475954768034108,0.14555781387617078,0.03163928625525629,0.000395879703794869,0.031411880455194004,0.031432468338440066
IM,0.75,preserved,512,297,45.808037750354956,287,0.14473177612053179,0.00038793390565318556,0.14443467761307277,0.14525110430982802,0.031617267707424186,0.0003871662943272449,0.03134337988874722,0.031363839211061895
IM,0.75,preserved,512,298,45.96227356769622,288,0.14458704796883273,0.00038874457285944754,0.14410835443182018,0.14494280746903315,0.03172646336276142,0.0003879883464028905,0.03127208982095558,0.0312924073091774
IM,0.75,preserved,512,299,46.11650938503748,288,0.14434304264551814,0.00038701792712973217,0.14378132681070743,0.14463368157268183,0.03173492697188539,0.0003862699264270114,0.031198765045409426,0.03121893638185257
IM,0.75,preserved,512,300,46.27074520237875,289,0.14405896639839877,0.00038367185487328136,0.14346432375170787,0.14433450524594116,0.03170286105563329,0.0003829261582517163,0.031134078385831744,0.03115414710722605
IM,0.75,preserved,512,301,46.42498101972001,290,0.14374445486399018,0.00038217149366959896,0.14314515044004483,0.14403301441848748,0.03164025311991257,0.0003814337573639544,0.031065921701024287,0.031085863186857347
IM,0.75,preserved,512,302,46.579216837061274,290,0.14316322666271925,0.0003879313839298728,0.14282474212095292,0.14373015803569053,0.031306188674229296,0.00038721394419038887,0.030995234865951606,0.031015037547897466
IM,0.75,preserved,512,303,46.733452654402534,291,0.14254891896171504,0.00039135019654862086,0.14251382146687303,0.14343671064112454,0.030936199162091324,0.000390640194628818,0.030932684384128488,0.030952386748698463
IM,0.75,preserved,512,304,46.88768847174379,292,0.14192045019255004,0.0003857403104486454,0.14220046362632355,0.14314068099606275,0.030555243774831053,0.00038503067790372216,0.030866429695642697,0.030886004909603703
IM,0.75,preserved,512,305,47.04192428908506,292,0.14206257965919994,0.00041898686079127945,0.141885664236682,0.14284307951547026,0.030946581336157998,0.00041834421940452365,0.030797470384295658,0.030816905719136495
IM,0.75,preserved,512,306,47.19616010642632,293,0.1416452386301178,0.0003937704531830624,0.1415800524048222,0.14255458729185588,0.030769942201595964,0.0003930874875672614,0.03073637994664634,0.030755712820337983
IM,0.75,preserved,512,307,47.350395923767586,294,0.14151508548308636,0.00041529220717510075,0.14127190522114974,0.14226341640235343,0.030880815275381737,0.0004146499859473481,0.030671517839375186,0.030690721709779885
IM,0.75,preserved,512,308,47.504631741108845,295,0.14123362385445742,0.0003857905017761169,0.14096223273415365,0.1419705917549271,0.030842228034325424,0.0003851079562565279,0.030603897675745784,0.030622960174682263
IM,0.75,preserved,512,309,47.65886755845011,295,0.141145204334316,0.0003845319837090416,0.1406517691037077,0.14167685679218484,0.03099815556893357,0.00038385327758151135,0.030534258792274727,0.03055317620899253
IM,0.75,preserved,512,310,47.81310337579137,296,0.14099336939707857,0.00038999951365289304,0.14035075513537887,0.14139249978477733,0.031084428451204984,0.0003893374425465763,0.03047278876365373,0.03049160304242301
IM,0.75,preserved,512,311,47.96733919313263,297,0.14082242951056784,0.0004057090946869443,0.14004758164384834,0.14110584551925873,0.031155396094822835,0.00040507832866124423,0.03040795921420888,0.03042664733902104
IM,0.75,preserved,512,312,48.1215750104739,297,0.1402741780715036,0.00038525730830444617,0.13974314851483294,0.14081780696472385,0.03084664138120766,0.0003846008132032523,0.030340673907100685,0.03035922526966703
IM,0.75,preserved,512,313,48.27581082781516,298,0.14005814849614023,0.00037983186527284184,0.1394476848753402,0.14053866277578214,0.030867111777351023,0.0003791700452949847,0.030281108795766152,0.03029956046668839
IM,0.75,preserved,512,314,48.43004664515642,299,0.139706514337769,0.0003736613395029234,0.13914982848682372,0.1402569873525722,0.030747092366776984,0.0003729926795269168,0.03021798031521101,0.030236307044722514
IM,0.75,preserved,512,315,48.58428246249768,299,0.13939623812154484,0.00039710630786005656,0.13885053229029176,0.13997374773073196,0.03066821943026856,0.0003964847638780907,0.030152244692242206,0.030170434630047174
IM,0.75,preserved,512,316,48.73851827983895,300,0.13919256376018274,0.0003917046944459555,0.13855993592630902,0.13969913319809446,0.030699002125237632,0.0003910765175131935,0.030093988932310602,0.030112078010544566
IM,0.75,preserved,512,317,48.89275409718021,301,0.13856094533071278,0.0003839170745740881,0.13826686337406724,0.13942190567096532,0.030299324847495056,0.0003832769299570331,0.03003211395262434,0.030050077069683524
IM,0.75,preserved,512,318,49.04698991452147,302,0.13857187218269945,0.00037582905232852844,0.13797227965056205,0.13914304435437538,0.030541135462604046,0.0003751760656128781,0.029967587728225168,0.02998541326708007
IM,0.75,preserved,512,319,49.201225731862735,302,0.13828109195202093,0.0003797016282418985,0.1376768865011015,0.1388632598680683,0.030477992307863744,0.00037906211434250063,0.029901116483425867,0.029918801058015337
IM,0.75,preserved,512,320,49.355461549203994,303,0.13765322992600426,0.00035883745425249676,0.13739045626563612,0.1385923699233684,0.030076645473192828,0.0003581658479741489,0.029842422153986567,0.029860005920521314
IM,0.75,preserved,512,321,49.50969736654526,304,0.1375194259269703,0.0003895620151435842,0.13710191477370687,0.13831923730771203,0.030171467989679776,0.00038894820233874154,0.029780506126957252,0.029797967245521927
IM,0.75,preserved,512,322,49.66393318388652,304,0.13699412906783529,0.00037205255049729526,0.13681212142182686,0.1380447339310367,0.02987442866566735,0.0003714159086206381,0.029716231079033463,0.029733559534273778
IM,0.75,preserved,512,323,49.81816900122779,305,0.13678933100820523,0.00036328108164083273,0.13653083987844694,0.13777867082095058,0.02989381665036136,0.00036263787373153625,0.029659310323786627,0.029676541597823375
IM,0.75,preserved,512,324,49.972404818569046,306,0.13679855294367427,0.00038758375461603794,0.136247227699051,0.13751014502402753,0.030124141194786902,0.00038698396620326765,0.02959897501986526,0.02961608510726278
IM,0.75,preserved,512,325,50.126640635910306,306,0.1368921521479608,0.00040400847100599064,0.135962194820955,0.13724007996380316,0.03044084958237211,0.00040343314959322374,0.029536137847098777,0.02955311552411239
IM,0.75,preserved,512,326,50.28087645325157,307,0.13606606367798169,0.00037555751837805017,0.13568542218398283,0.13697820406833994,0.0298383656580372,0.00037494643100209764,0.029480429890107768,0.029497309548561137
IM,0.75,preserved,512,327,50.43511227059283,308,0.13557372996377745,0.00035580488388409817,0.1354062414906237,0.1367137897553989,0.02956390840307639,0.00035516095800862586,0.029421254872453256,0.029438012630701862
IM,0.75,preserved,512,328,50.5893480879341,308,0.13552378981562221,0.0003682219889524797,0.1351255742827413,0.1364477721463991,0.02973306496203028,0.00036760254963298265,0.029359536786733455,0.02937616163316901
IM,0.75,preserved,512,329,50.74358390527536,309,0.13499464128166078,0.00035253546826391886,0.13485299317644117,0.1361897708937658,0.029420530316536977,0.00035189398208048935,0.02930479904890504,0.029321325132585122
IM,0.75,preserved,512,330,50.897819722616624,310,0.13432175211580888,0.0003316941550415071,0.13457798109070607,0.13592921045212256,0.028964222027161538,0.0003310203795396649,0.029246595177320832,0.029262999189056487
IM,0.75,preserved,512,331,51.052055539957884,311,0.134014237945339,0.0003440391999679313,0.13430145688594713,0.13566702310888745,0.02887455528456137,0.000343396462689861,0.029185846286731102,0.029202117633734283
IM,0.75,preserved,512,332,51.20629135729914,311,0.13381644784204816,0.0003393393782079939,0.1340240891258844,0.13540388582034274,0.028892176033437862,0.0003386894698447227,0.0291232246210909,0.029139360452243985
IM,0.75,preserved,512,333,51.36052717464041,312,0.13357201011545003,0.0003309818880281997,0.13375509759716092,0.13514906123430123,0.028862159894146013,0.0003303231022342425,0.02906790288483377,0.029083941378881286
IM,0.75,preserved,512,334,51.51476299198167,313,0.13363751248686112,0.00036143820736983995,0.1334840462910707,0.1348920538267102,0.029139890373608215,0.00036084253399501325,0.02900951452673635,0.02902543537315139
IM,0.75,preserved,512,335,51.668998809322936,313,0.1337092043621088,0.0003786045280006538,0.133211748615301,0.13463368880900167,0.02942556068200198,0.00037803988245628615,0.02894887556909319,0.028964669570486025
IM,0.75,preserved,512,336,51.823234626664195,314,0.13349526352119426,0.00036229077113717243,0.13294741666086513,0.13438322301399908,0.029423517635939703,0.00036170765967727424,0.02889515107436953,0.028910851917874292
IM,0.75,preserved,512,337,51.977470444005455,315,0.1329276627324399,0.0003523056903962536,0.1326808267181246,0.13413037558700858,0.029065918690406624,0.00035171455257066906,0.02883818505144522,0.028853770282941584
IM,0.75,preserved,512,338,52.13170626134672,315,0.13234137510425448,0.0003422325376660599,0.13241283850325897,0.13387601897587553,0.028686265299508608,0.00034162715277314163,0.028778839360888434,0.028794298555545553
IM,0.75,preserved,512,339,52.28594207868798,316,0.132307820937625,0.00036303053861706325,0.13215258823986503,0.13362933429023696,0.028859153556883455,0.0003624626562823402,0.028726203657391404,0.028741569413362398
IM,0.75,preserved,512,340,52.44017789602925,317,0.13205574975063433,0.00035513594393194565,0.13189001168245873,0.1333802012840069,0.028813803864062085,0.0003545593705485917,0.028670280008581378,0.028685529918621534
IM,0.75,preserved,512,341,52.59441371337051,317,0.13199324029344234,0.0003570226526031326,0.13162597908319118,0.13312950304159307,0.02895603582533589,0.00035645410740030976,0.028611940561453046,0.028627064346388603
IM,0.75,preserved,512,342,52.74864953071177,318,0.13188188110422377,0.0003666084003612434,0.13136952723378348,0.13288632083542512,0.02905016575055483,0.0003660613291296184,0.028560176138287416,0.02857520613820234
IM,0.75,preserved,512,343,52.90288534805303,319,0.13153835079630866,0.00036573916753357736,0.13111073039415527,0.13264067368630472,0.028910283885489267,0.0003651996746390681,0.028505126049273563,0.02852004035635234
IM,0.75,preserved,512,344,53.05712116539429,319,0.13106211455414765,0.0003595215536345451,0.130850456253555,0.13239344198060196,0.028634218497579664,0.00035897654408598547,0.028447659713965352,0.02846244841506939
IM,0.75,preserved,512,345,53.21135698273556,320,0.1307859147065884,0.0003539256226677247,0.13059763473782576,0.13215359958046471,0.028558011300990067,0.00035337354534026186,0.02839666173173442,0.02841135699304451
IM,0.75,preserved,512,346,53.36559280007682,321,0.13019373684252067,0.0003429772872123907,0.13034246928196735,0.13191129534201418,0.02816748165976197,0.00034240965894009184,0.028342399397401782,0.028356979794945843
IM,0.75,preserved,512,347,53.519828617418085,322,0.12992131341878382,0.0003253135120138381,0.13008582018479664,0.1316674020801094,0.028095133233077968,0.00032471729858853695,0.028285734610842876,0.028300190537358258
IM,0.75,preserved,512,348,53.674064434759345,322,0.12960976410728917,0.000324851176541005,0.12982831376067488,0.13142255393182525,0.027984143991960017,0.00032425420856611815,0.028227296597315224,0.028241625627364743
IM,0.75,preserved,512,349,53.82830025210061,323,0.12944681718860498,0.0003316763349238136,0.12957855237703525,0.1311853933135981,0.028020083210901003,0.0003310947119408294,0.02817564433389273,0.028189882283896114
IM,0.75,preserved,512,350,53.98253606944187,324,0.12947402592012786,0.0003302219846440185,0.12932680523439893,0.13094613383115267,0.028246433123170548,0.0003296432369931254,0.02812110994201643,0.02813523804329676
IM,0.75,preserved,512,351,54.13677188678313,324,0.12917250219659715,0.00032109760429630435,0.1290738324266909,0.13070554659397732,0.02814083960248897,0.0003205055463251845,0.02806445548210739,0.02807846530581161
IM,0.75,preserved,512,352,54.2910077041244,325,0.1287766208938903,0.0003258047890788181,0.12882823165000615,0.1304722711253663,0.027940533628769096,0.0003252304997799591,0.028014235304050908,0.028028158421207736
IM,0.75,preserved,512,353,54.445243521465656,326,0.12838175976691335,0.00031742254693156827,0.1285804649597127,0.13023671608460938,0.027739284453307443,0.0003168365211379893,0.027960972859912538,0.027974788434681576
IM,0.75,preserved,512,354,54.59947933880692,326,0.1282075417640785,0.0003161743002286076,0.12833133526863813,0.12999969627854294,0.027760239272566368,0.00031559449072958705,0.02790547262082163,0.027919171027130575
IM,0.75,preserved,512,355,54.75371515614818,327,0.1280646080540099,0.00033324596997097065,0.12808937257982883,0.1297697836942434,0.027811189734247208,0.00033269706989015396,0.027856221654175825,0.027869833421441288
IM,0.75,preserved,512,356,54.90795097348945,328,0.12779794820707133,0.0003400152668766268,0.12784518320026622,0.1295375322958719,0.02773551599010632,0.00033947865469941793,0.027803886437740608,0.02781739073418348
IM,0.75,preserved,512,357,55.06218679083071,328,0.12768870690879058,0.0003371853284402941,0.1275995798688826,0.12930376681934314,0.027817404418980167,0.0003366488483590392,0.027749281058593672,0.027762668365975435
IM,0.75,preserved,512,358,55.21642260817197,329,0.1275942342292377,0.00034551112914358044,0.12736100306991363,0.12907696937280644,0.027911416654410263,0.00034498981609623765,0.027700803602108047,0.027714104203123195
IM,0.75,preserved,512,359,55.370658425513234,330,0.12752133491021134,0.0003456145316023545,0.1271201841820575,0.1288478196853276,0.028026408024225832,0.00034509805185012056,0.027649244517972463,0.02766243802402988
IM,0.75,preserved,512,360,55.524894242854494,330,0.1273050436444509,0.0003455547668936663,0.12687793370542907,0.12861714013367773,0.02799737030812805,0.0003450450437718502,0.02759541552000903,0.02760849273975009
IM,0.75,preserved,512,361,55.67913006019576,331,0.12702056429628966,0.00036416057786886635,0.12664259566795816,0.12839331587649358,0.02790022432246636,0.0003636819782809936,0.027547618813440672,0.027560609871294838
IM,0.75,preserved,512,362,55.83336587753702,332,0.12649879027311917,0.0003452873526540818,0.12640501806121168,0.12816714385281341,0.027566568192537312,0.00034478639671635175,0.027496760424014687,0.027509645368293423
IM,0.75,preserved,512,363,55.987601694878286,332,0.1262241562762974,0.0003449458754834844,0.12616600470836983,0.12793943959718662,0.027475548936781523,0.00034444567040520626,0.02744364528514759,0.027456415201274818
IM,0.75,preserved,512,364,56.141837512219546,333,0.12592272674199834,0.0003547633082409143,0.1259338016648235,0.12771848978773495,0.027358131640388687,0.00035428277629867826,0.027396478213406947,0.02740916300374043
IM,0.75,preserved,512,365,56.296073329560805,334,0.1259058367087354,0.0003476173799564825,0.12569936904940404,0.12749520406899517,0.02752625980719601,0.00034713193398837805,0.02734627636423085,0.027358856431685223
IM,0.75,preserved,512,366,56.45030914690207,334,0.12564894056830012,0.00033065658042569755,0.12546350238629977,0.12727038951467734,0.027453495316719832,0.0003301477169075945,0.027293836282870895,0.027306302911274182
IM,0.75,preserved,512,367,56.60454496424333,335,0.12559526143421085,0.00032543397712569755,0.12523435023034785,0.1270522348086205,0.02758424583575043,0.00032492282098764864,0.027247265865348636,0.027259648671451548
IM,0.75,preserved,512,368,56.7587807815846,336,0.12513955177686584,0.0003283113687409145,0.12500298185901504,0.12683175933004898,0.027310792039304296,0.0003278107244500588,0.027197690458017617,0.027209970133708378
IM,0.75,preserved,512,369,56.91301659892586,336,0.12507794190664578,0.0003454789643964819,0.12477018393492767,0.12660976114079794,0.0274285559019807,0.00034500668167746466,0.027145897663290855,0.027158065636984502
IM,0.75,preserved,512,370,57.067252416267124,337,0.12488780975789071,0.00034815942858039406,0.1245440087148581,0.12639433214991405,0.027417441895826424,0.0003476956837698271,0.02709989965100202,0.027111985217474082
IM,0.75,preserved,512,371,57.22148823360838,338,0.12429802592659969,0.0003308614682624562,0.12431563227790784,0.12617659911217555,0.027006994785376215,0.00033037669452690643,0.027050927627202785,0.02706291172882449
IM,0.75,preserved,512,372,57.37572405094964,338,0.1243045614188538,0.00034762662805319525,0.12408583227208259,0.1259573509340078,0.02719132432558669,0.00034716662764767406,0.02699976010371411,0.02701163428473631
IM,0.75,preserved,512,373,57.52995986829091,339,0.1242083840403702,0.00034003448163274765,0.12386256612176717,0.12574458422933735,0.027272214595102172,0.00033956592452109906,0.026954314980205885,0.0269661081990655
IM,0.75,preserved,512,374,57.68419568563217,340,0.12441615534944474,0.0003726413698937677,0.12363711462232721,0.12552953103809794,0.027655847977416995,0.0003722149183793381,0.026905927260781334,0.02691762069093394
IM,0.75,preserved,512,375,57.838431502973435,340,0.1237325560455433,0.0003452090870318549,0.1234102464183918,0.12531297112891876,0.027147640215260314,0.0003447522787819847,0.02685536638207156,0.026866951670765343
IM,0.75,preserved,512,376,57.992667320314695,341,0.12344631596837612,0.000342197039754655,0.12318982565371545,0.12510280738330143,0.02703898806557851,0.00034174000028184306,0.02681045751520214,0.026821963282996332
IM,0.75,preserved,512,377,58.14690313765596,342,0.12297015283285957,0.00032113242398006857,0.12296723589472554,0.124890375173771,0.026737371058056854,0.0003206487845760136,0.026762637539581018,0.026774045182101434
IM,0.75,preserved,512,378,58.30113895499722,342,0.12287260307550488,0.0003312591667242892,0.12274323686302532,0.12467644521561311,0.026813037183794103,0.0003307923954983326,0.02671266690057813,0.026723968163431255
IM,0.75,preserved,512,379,58.45537477233848,343,0.12260952378151864,0.0003389628215582846,0.1225256009905985,0.12446882823566066,0.0267243577749384,0.0003385096302191176,0.02666827959941715,0.026679502769876073
IM,0.75,preserved,512,380,58.60961058967975,344,0.12213217046805863,0.0003165839396496681,0.12230581275667832,0.12425896107208986,0.026421420718227437,0.0003161066894972801,0.02662101255407366,0.026632139245823756
IM,0.75,preserved,512,381,58.763846407021006,344,0.122353010020609,0.00034690770551727945,0.12208462307076766,0.12404760550056275,0.02681457039809244,0.00034647949585909945,0.02657161733281434,0.026582639388660012
IM,0.75,preserved,512,382,58.91808222436227,345,0.12187605865488178,0.00032563738372096135,0.12186971421121906,0.12384248165910806,0.026509002632238227,0.00032518157557011963,0.02652773831496811,0.02653868369576692
IM,0.75,preserved,512,383,59.07231804170353,346,0.12171770254017447,0.0003001059382044697,0.12165266977564271,0.123635126047867,0.026521804300264133,0.00029961424420728587,0.026481010683386014,0.026491861218472648
IM,0.75,preserved,512,384,59.2265538590448,346,0.12152419838135406,0.00032069134190539815,0.12143423198641953,0.12342629162999144,0.026499108052094753,0.00032023462296723663,0.0264321772572021,0.026442924886441347
IM,0.75,preserved,512,385,59.38078967638606,347,0.12156080393728795,0.0003337166529926038,0.12122199450402574,0.12322360949756084,0.026702879340225524,0.0003332778100893069,0.02638879431962667,0.026399466684701695
IM,0.75,preserved,512,386,59.53502549372732,348,0.12162776011592098,0.00035228025739729956,0.1210076383027496,0.12301871406159501,0.02693868305950539,0.00035186654843597214,0.02634259359672505,0.02635317274044304
IM,0.75,preserved,512,387,59.689261311068584,348,0.12113655547270319,0.0003491858369990174,0.12079189704926352,0.12281234960599156,0.026613585240565785,0.00034876920013632924,0.026294309292716624,0.026304787251788378
IM,0.75,preserved,512,388,59.843497128409844,349,0.12091749236477048,0.0003428786042071696,0.12058227729450102,0.12261205969198882,0.02656133093100989,0.0003424598412888267,0.02625141109323194,0.026261815196977935
IM,0.75,preserved,512,389,59.99773294575111,350,0.12074957475715631,0.0003442870290579023,0.1203705556944285,0.1224095749371958,0.02656086272817391,0.00034387439720951087,0.02620572559194169,0.026216038094126887
IM,0.75,preserved,512,390,60.15196876309237,,0.12062547302688686,0.0003304069892072777,0.12015745749405093,0.12220563108203282,0.026602679971379026,0.0003299798993220172,0.026157978514838403,0.026168191548343243
LM,0.25,boundary,512,0,0.0,16,2.7504549694096445,2.196416904601069e-17,2.750454969409644,2.7450987593029637,0.0,0.0,0.0,0.0
LM,0.25,boundary,512,1,0.1542358173412625,17,2.4581769447774335,0.0051103221230148965,2.4566416672645843,2.430462834276279,0.10066606701613046,0.0022554682066365365,0.10164520714339638,0.1015802250383127
LM,0.25,boundary,512,2,0.308471634682525,18,2.229255632982885,0.006075312714027183,2.2287447224829524,2.189799324606106,0.18049771207783027,0.003434612525834142,0.18063555677529386,0.1804659176715112
LM,0.25,boundary,512,3,0.4627074520237875,18,2.048687780924393,0.006369360573470336,2.049618577700557,2.003401211656792,0.24293420938896484,0.004333091031824837,0.24252397165224623,0.2422442515462178
LM,0.25,boundary,512,4,0.61694326936505,19,1.9046813812630792,0.006696647289646446,1.9120206217919593,1.8622289270119723,0.28998280972174073,0.005031919312219063,0.2962063182639286,0.295826131925675
LM,0.25,boundary,512,5,0.7711790867063124,19,1.8026489053501742,0.006810693546501701,1.8002220192123566,1.7493170432833731,0.33868254432381706,0.0055044019531223076,0.33863390098271134,0.3381723286283503
LM,0.25,boundary,512,6,0.925414904047575,19,1.7115362119573119,0.006658944363332112,1.7126026596802975,1.6621779079847367,0.37326793079693477,0.005615042850689143,0.37673250557192794,0.37620973210028824
LM,0.25,boundary,512,7,1.0796507213888373,20,1.6376813450938847,0.00651280255924932,1.6433062560683946,1.5943638608919093,0.406716141440186,0.005720592264186376,0.4113100286513225,0.4107444365711785
LM,0.25,boundary,512,8,1.2338865387301,20,1.576461125520359,0.0063518706902208205,1.5834012956111425,1.5365510528313104,0.43299749284178024,0.00571845155166453,0.43862428020050254,0.4380347039419881
LM,0.25,boundary,512,9,1.3881223560713625,20,1.534741440533996,0.0066601287336842735,1.5350759337301878,1.4906467459035153,0.46457017580144455,0.006183496523905717,0.4642244962630794,0.4636262914844247
LM,0.25,boundary,512,10,1.5423581734126248,21,1.4945801711642344,0.006659911820111963,1.4957569253552743,1.4538954923235075,0.48784715102973986,0.006264072834975697,0.48831291889543726,0.48771770052553354
LM,0.25,boundary,512,11,1.6965939907538874,21,1.4481519344816787,0.006600398314645043,1.4593654233624154,1.4201075830444894,0.4972819009656767,0.006271447967131835,0.5071017906599464,0.5065208958353778
LM,0.25,boundary,512,12,1.85082980809515,21,1.4229597577405138,0.006925810094891953,1.429281729269142,1.3925794906130282,0.5205844180854099,0.006663730054481148,0.5253395194436317,0.5247812202101784
LM,0.25,boundary,512,13,2.0050656254364125,22,1.4044907017341197,0.007145074283711256,1.4042287965497748,1.3699864873330678,0.5448196497032718,0.006925095367312283,0.5429921499006344,0.542461844048294
LM,0.25,boundary,512,14,2.1593014427776747,22,1.3762764346005945,0.006851557528174492,1.3794740102673226,1.3475751862937244,0.5547109011091864,0.006653686361326124,0.5564447909803217,0.5559483220903295
LM,0.25,boundary,512,15,2.3135372601189372,22,1.352139490776034,0.006559437267017965,1.3586453492662969,1.3289539475229388,0.5649186501388117,0.006384257107486954,0.5699004020796485,0.5694415600752046
LM,0.25,boundary,512,16,2.4677730774602,22,1.3342728358139482,0.006736454268537524,1.3410078204298488,1.3133820560750773,0.5780813901587176,0.0065903474769511035,0.5832324230130943,0.5828130663350582
LM,0.25,boundary,512,17,2.6220088948014624,23,1.3231531424141203,0.006525265327226824,1.3259913057106711,1.3002899008931976,0.5952705051392808,0.006388308211700054,0.5963577016359082,0.5959785553831919
LM,0.25,boundary,512,18,2.776244712142725,23,1.3062655457677215,0.0061839662314829465,1.309730472384798,1.2858213818910849,0.6040512328258539,0.006058896721456165,0.6059255429899333,0.6055888427069116
LM,0.25,boundary,512,19,2.930480529483987,23,1.296742616476742,0.0062877365337252935,1.295857590379414,1.2736114214108603,0.6177192199113735,0.006177406844274711,0.6157458551336448,0.6154527996915623
LM,0.25,boundary,512,20,3.0847163468252496,23,1.2866643968815539,0.006529688636030345,1.2839546552137455,1.2632490270038486,0.6295491153599793,0.0064338198639318405,0.6256718493602254,0.6254224676807184
LM,0.25,boundary,512,21,3.238952164166512,23,1.2724050740165613,0.0062911511886444465,1.273693934641455,1.2544144644562945,0.6358750012269606,0.006202192435946421,0.6356012221430306,0.6353949323170629
LM,0.25,boundary,512,22,3.393187981507775,24,1.2630714502733607,0.006151479688940376,1.264815650580623,1.2468563243151016,0.6456008201857022,0.006069883992623052,0.6454633039069897,0.6452992520405361
LM,0.25,boundary,512,23,3.5474237988490374,24,1.2517478199997933,0.005815753441624482,1.2539858265027055,1.2372524619754803,0.6514633982202613,0.005738154999623213,0.6521813215525168,0.6520605123447712
LM,0.25,boundary,512,24,3.7016596161903,24,1.2481143563820118,0.0061931681716190425,1.2446799779964124,1.229083935822023,0.664115712255243,0.006126053208250065,0.6592519232123024,0.6591747448126446
LM,0.25,boundary,512,25,3.855895433531562,24,1.2446558920492865,0.006340025581771836,1.236636515199052,1.2220959158226965,0.675809691614343,0.006279160255061435,0.6665351057787996,0.6665010553152602
LM,0.25,boundary,512,26,4.010131250872825,24,1.2306858676730212,0.005778258630305677,1.2296506259801228,1.2160902740992579,0.676342732974242,0.005716805064548697,0.6739306823706435,0.6739387994232439
LM,0.25,boundary,512,27,4.164367068214087,25,1.2235829970069556,0.005968294041583419,1.2235600588840425,1.2109111819543634,0.6827392123648344,0.005913620722892085,0.6813670552000144,0.6814161830768204
LM,0.25,boundary,512,28,4.318602885555349,25,1.2229423093739875,0.005938396583908068,1.2153639228424538,1.2035664107622503,0.6947868156441024,0.005888080053020417,0.6860031819648498,0.6860938783152236
LM,0.25,boundary,512,29,4.472838702896612,25,1.2174459406321243,0.0063089646821955295,1.2083037162183081,1.1973014999379172,0.7015358447649673,0.006266005166955311,0.6910542920352022,0.6911865800820857
LM,0.25,boundary,512,30,4.6270745202378745,25,1.2015782230895091,0.005936427371921599,1.2021794234750818,1.1919207565940662,0.6970045737227923,0.005894635615084324,0.6963849386578734,0.6965580205286415
LM,0.25,boundary,512,31,4.7813103375791375,25,1.2004252768986636,0.005952682872117657,1.1968360236579216,1.1872734310106574,0.7064226450656615,0.005913985562556141,0.7018967487718923,0.7021094036505647
LM,0.25,boundary,512,32,4.9355461549204,25,1.203616310062804,0.006246107424277938,1.1921519157397311,1.1832420144367835,0.7201786941514936,0.006211701987718699,0.7075181063168918,0.7077689329260867
LM,0.25,boundary,512,33,5.089781972261662,26,1.2014746251671429,0.006198010734029504,1.1880305242648799,1.1797337720869627,0.7278096481874143,0.006165774537862193,0.7131967680445772,0.7134843252194409
LM,0.25,boundary,512,34,5.244017789602925,26,1.1954641434902498,0.006277316175680238,1.1817480726819167,1.1740304379869908,0.7309886286885965,0.006247119886319018,0.7163161683972439,0.7166406554459573
LM,0.25,boundary,512,35,5.398253606944187,26,1.1874612630836647,0.005936117924858851,1.1763264464766143,1.1691562368406723,0.7318742961739166,0.0059062605336224466,0.7198536695469102,0.7202148615733723
LM,0.25,boundary,512,36,5.55248942428545,26,1.1820728798590214,0.005857049015414836,1.1716088984381658,1.1649565578122063,0.7351142192425559,0.0058281028666703994,0.7236871198171018,0.7240840544268292
LM,0.25,boundary,512,37,5.706725241626712,26,1.1789391552917914,0.0058810868771738125,1.1674752393518524,1.161313431673134,0.7400638158839525,0.005853967476374437,0.7277270250580286,0.7281583610471154
LM,0.25,boundary,512,38,5.860961058967974,26,1.1744027976681821,0.005859422636595185,1.1638322142151134,1.1581357909203314,0.743320537083844,0.005832753848323717,0.7319075249207697,0.7323717630616025
LM,0.25,boundary,512,39,6.015196876309237,27,1.1689187204279754,0.005741339809417344,1.160606557163613,1.1553524549908214,0.7452396516917696,0.005715052987349225,0.7361799284450083,0.7366755413810417
LM,0.25,boundary,512,40,6.169432693650499,27,1.1621410699804262,0.005580165131719549,1.1552926290226648,1.150461253307575,0.7457786450889357,0.005554338371065271,0.7381186955929707,0.7386456676253006
LM,0.25,boundary,512,41,6.323668510991762,27,1.1616083121602059,0.0056840508587636335,1.150696959116454,1.146270004347719,0.7522019169979473,0.0056599827365213014,0.7404821672258488,0.741040123906482
LM,0.25,boundary,512,42,6.477904328333024,27,1.1571730806952054,0.0056254270972664186,1.1466843027353786,1.1426443117960379,0.7544366950340131,0.005602310195082434,0.7431557083859884,0.743743605010029
LM,0.25,boundary,512,43,6.632140145674287,27,1.1496497167555138,0.0055685647344094645,1.1431518706962476,1.1394824194006903,0.7534097714688315,0.005546613864028294,0.7460548749664149,0.746671331122971
LM,0.25,boundary,512,44,6.78637596301555,27,1.147031961225872,0.005568030765358908,1.1400206517573708,1.1367064169680705,0.7569796982812393,0.0055471450933902,0.7491171018555903,0.7497606075348542
LM,0.25,boundary,512,45,6.940611780356812,27,1.1448000769723992,0.005539837408918585,1.1372291691308707,1.1342559239236678,0.7608562503836895,0.00551983603224929,0.7522957467116418,0.7529647835528979
LM,0.25,boundary,512,46,7.094847597698075,27,1.1416281481076078,0.005450627004580446,1.1347289719038864,1.1320835374367155,0.7632842581337308,0.005431343258507009,0.7555558100278965,0.756248917778018
LM,0.25,boundary,512,47,7.249083415039337,28,1.1445592431896219,0.0058801876417809325,1.1324813657178079,1.1301515396286974,0.7719551088294581,0.005862963894760088,0.758870850241022,0.7595866588491649
LM,0.25,boundary,512,48,7.4033192323806,28,1.1389849276810762,0.005623992461290485,1.1281851330583264,1.1261607675846559,0.77169698460428,0.005606824154762517,0.7600002480035013,0.760738835006626
LM,0.25,boundary,512,49,7.557555049721862,28,1.1335428620461443,0.005466577534519844,1.124461389658277,1.1227329899152232,0.7714941634831323,0.005449804837702506,0.7615173577595284,0.7622785180816686
LM,0.25,boundary,512,50,7.711790867063124,28,1.1313468974446055,0.00549857185478893,1.1211989171582757,1.1197569835279306,0.7744537747483029,0.005482561172371623,0.7633224651270182,0.7641053797373925
LM,0.25,boundary,512,51,7.866026684404387,28,1.127755479713985,0.005585547461867557,1.118313857307852,1.1171491296970133,0.7757145302072417,0.0055707157731303076,0.7653419448159261,0.7661454824443125
LM,0.25,boundary,512,52,8.02026250174565,28,1.1243854769822412,0.0054794893981437165,1.1157423012139818,1.1148458927572733,0.7770644231275761,0.005464882022440772,0.7675210760474233,0.7683439807494575
LM,0.25,boundary,512,53,8.174498319086911,28,1.1191266507440012,0.005411448550828403,1.1134349708067566,1.1127984297619602,0.776439854458076,0.005397169646458236,0.7698188968224942,0.7706598996305124
LM,0.25,boundary,512,54,8.328734136428174,28,1.1176476671693596,0.005417332309555312,1.1113533894664387,1.1109687160036528,0.7793236585465968,0.005403547470277933,0.7722045083089014,0.7730623894797078
LM,0.25,boundary,512,55,8.482969953769437,29,1.116354834847909,0.0055060233697045895,1.1094671146679924,1.1093267506400846,0.7823115802344287,0.005492754556662775,0.7746544124679675,0.7755280324369065
LM,0.25,boundary,512,56,8.637205771110699,29,1.1157720875248938,0.0054407981788134364,1.1056403723817834,1.1057380802644996,0.7858909770705804,0.005428052622730424,0.7750820825472671,0.7759716352619382
LM,0.25,boundary,512,57,8.791441588451962,29,1.1168999926233747,0.005355173281642376,1.102315411976166,1.1026454011237523,0.7911199480994058,0.005342688159814211,0.775885383533421,0.7767908130096821
LM,0.25,boundary,512,58,8.945677405793225,29,1.1069479129484279,0.005104545542993423,1.099392208705821,1.0999483481942605,0.7851618445803956,0.005091876420953947,0.7769715345968224,0.7778922115254454
LM,0.25,boundary,512,59,9.099913223134486,29,1.1009448243966125,0.004997290486700052,1.0967957516726918,1.0975718367564107,0.7830598863222679,0.004984981332983108,0.7782719215558429,0.7792069253102278
LM,0.25,boundary,512,60,9.254149040475749,29,1.0952858844092108,0.005152684272688609,1.094469218236266,1.095459129384977,0.781255578754629,0.005141269482467172,0.7797354399591503,0.7806837338760051
LM,0.25,boundary,512,61,9.408384857817012,29,1.0954756099126468,0.005205212276764636,1.0923690818337382,1.0935668729436687,0.7851022818497273,0.0051942338683575616,0.7813237287320363,0.7822842643598378
LM,0.25,boundary,512,62,9.562620675158275,29,1.0950970932152655,0.00528375178606869,1.0904615950152277,1.0918615361179311,0.7882803883689198,0.0052735720304075695,0.783007748104901,0.783979523192415
LM,0.25,boundary,512,63,9.716856492499536,29,1.0952209030247038,0.005512471345086147,1.0887202524771604,1.0903168441954652,0.7920391630981017,0.005502907796484114,0.7847653150903383,0.7857474022528279
LM,0.25,boundary,512,64,9.8710923098408,30,1.09413203828189,0.005472946726312133,1.0871239539166972,1.0889119252079325,0.7943518042435594,0.005463594066874285,0.7865793223882331,0.787570879840429
LM,0.25,boundary,512,65,10.025328127182062,30,1.0913084962157302,0.005339068422089256,1.0836868690676416,1.0856618653778503,0.7948325644274096,0.005329825153643207,0.7865050636904403,0.78750648617377
LM,0.25,boundary,512,66,10.179563944523323,30,1.0853037467953124,0.0054057791878116155,1.0806910681978472,1.082849165444686,0.7921260668114813,0.00539697192864885,0.7867841927867654,0.7877956460780636
LM,0.25,boundary,512,67,10.333799761864586,30,1.0787295324801645,0.005096840400681722,1.0780469226921892,1.0803837315863738,0.7886591050036161,0.005087818286253139,0.7873318432834762,0.7883529483546071
LM,0.25,boundary,512,68,10.48803557920585,30,1.0767056408732798,0.005104253608964284,1.0756874771907396,1.0781984086013505,0.7897036264454058,0.00509566214818973,0.7880852180666509,0.78911531353215
LM,0.25,boundary,512,69,10.642271396547113,30,1.0765218437265025,0.005246575989803812,1.0735622308983963,1.0762426597958805,0.7925703769547422,0.0052384750179081336,0.7889975030638703,0.7900358089149687
LM,0.25,boundary,512,70,10.796507213888374,30,1.076073447941916,0.005203937709980778,1.0716326846129975,1.0744780465352024,0.7951355001213323,0.005195932697575689,0.7900335114221141,0.7910792269143567
LM,0.25,boundary,512,71,10.950743031229637,30,1.072540606964532,0.004881068282816281,1.069869143035569,1.0728749866501244,0.7944932400742362,0.004872853448641605,0.7911665576740403,0.7922189162188209
LM,0.25,boundary,512,72,11.1049788485709,30,1.0711290410862615,0.004958097620972114,1.068248411080817,1.071410422972296,0.7958217969723644,0.004950147252611131,0.7923762077150442,0.793434504428624
LM,0.25,boundary,512,73,11.259214665912161,30,1.0753576244822303,0.005102086106684545,1.0667521281626462,1.0700661406961633,0.802880503718763,0.005094663002159817,0.7936466536180395,0.7947102560764547
LM,0.25,boundary,512,74,11.413450483253424,31,1.073318125027256,0.0050275249447386565,1.0653655587747415,1.0688275481957008,0.8035666864996645,0.005019960922482587,0.7949655352065563,0.7960338843801343
LM,0.25,boundary,512,75,11.567686300594687,31,1.063262691470875,0.004752746156534214,1.0622365646927339,1.0658431811672848,0.7961467272320183,0.004745043278649017,0.7945158183088674,0.7955894956939619
LM,0.25,boundary,512,76,11.721922117935948,31,1.0588299617821026,0.004898054173316944,1.0595013553063448,1.0632497295443466,0.7943199544015279,0.004891167035934573,0.794397273409347,0.7954766391580577
LM,0.25,boundary,512,77,11.876157935277211,31,1.053984021806507,0.0046971719171213806,1.0570786414614788,1.0609654098179222,0.7919387831109931,0.004690097654680769,0.7945319156007098,0.7956168060073825
LM,0.25,boundary,512,78,12.030393752618474,31,1.0528810071426609,0.004741764762772925,1.0549078845006776,1.0589294446591657,0.7933066781795739,0.00473501915455297,0.794862048445004,0.7959520222838342
LM,0.25,boundary,512,79,12.184629569959737,31,1.0479832368244448,0.004680236197155679,1.0529435826079088,1.057096253782349,0.7908078703671267,0.004673628468081339,0.7953446594765448,0.7964391523197873
LM,0.25,boundary,512,80,12.338865387300999,31,1.0473634013468416,0.004636449262175005,1.0511511825115067,1.055431301807094,0.7926466740467226,0.004630142732957414,0.7959474111094182,0.7970458281296773
LM,0.25,boundary,512,81,12.493101204642262,31,1.0465356514637154,0.004823422390162326,1.0495041461886188,1.0539081231492635,0.7941037873320608,0.004817460676895147,0.7966457651739595,0.7977475336725541
LM,0.25,boundary,512,82,12.647337021983525,31,1.0430512567051415,0.004837141154609664,1.0479818397530505,1.0525061842100873,0.7928643711034412,0.004831369912177308,0.7974209143451154,0.7985255105845421
LM,0.25,boundary,512,83,12.801572839324786,31,1.037765555614625,0.004860108349200262,1.0465680087467284,1.0512093421756317,0.7898221297448689,0.004854610809226559,0.7982582889987426,0.7993652491829057
LM,0.25,boundary,512,84,12.955808656666049,31,1.0373012407301743,0.00477458679260652,1.045249672579515,1.0500047297304385,0.7915073326607315,0.004769252243143095,0.7991464753088444,0.8002553972344886
LM,0.25,boundary,512,85,13.110044474007312,32,1.0386090794484966,0.004892475416148486,1.0440163192979837,1.048881944485796,0.7949439544075425,0.004887201998690562,0.8000764279519192,0.8011869675576444
LM,0.25,boundary,512,86,13.264280291348573,32,1.034072430653103,0.005023391243198908,1.0411356765231727,1.0461092282854076,0.7925921301598999,0.005018322088539085,0.7993463380524833,0.8004592056558895
LM,0.25,boundary,512,87,13.418516108689836,32,1.0370697522108059,0.005051676325598338,1.0386109035788607,1.0436902768732241,0.7977345869542458,0.00504675055564403,0.7989266162715967,0.800042304986265
LM,0.25,boundary,512,88,13.5727519260311,32,1.0361365397853757,0.005121409242061096,1.0363675046675491,1.0415501060094716,0.7988391501636464,0.005116701799270347,0.7987451817597165,0.7998636810415207
LM,0.25,boundary,512,89,13.726987743372362,32,1.0373407733161255,0.0050420909860581,1.03435013588353,1.039633126283765,0.8020240198165739,0.005037469640462762,0.7987487321032303,0.799869759825868
LM,0.25,boundary,512,90,13.881223560713623,32,1.0388661153443957,0.004927272957164182,1.0325173160337728,1.0378977641010112,0.805509979275618,0.00492269866619699,0.7988975471022693,0.8000206954392737
LM,0.25,boundary,512,91,14.035459378054886,32,1.0320161191930666,0.005024692967408986,1.0308376442332048,1.0363126190507963,0.8005733559603256,0.005020234113445681,0.7991617733882078,0.8002865969730442
LM,0.25,boundary,512,92,14.18969519539615,32,1.0259343055064307,0.004867554930150162,1.029287087868597,1.0348537122909747,0.79637234226429,0.004863126264372422,0.799518760945007,0.8006448271620437
LM,0.25,boundary,512,93,14.34393101273741,32,1.0253246577079973,0.004785649544526554,1.0278470322091304,1.0335025107709992,0.7976383853826576,0.004781327861965466,0.7999511481016444,0.8010780631518881
LM,0.25,boundary,512,94,14.498166830078674,32,1.0243039586555494,0.004835014652982397,1.0265028730106858,1.0322445040545363,0.798532836654417,0.004830972570868198,0.8004454800926967,0.8015729000619332
LM,0.25,boundary,512,95,14.652402647419937,32,1.0211735346379784,0.00482883249768681,1.0252429970515864,1.0310681754584063,0.7972899857514654,0.0048249014126090254,0.8009912087875195,0.8021188418434978
LM,0.25,boundary,512,96,14.8066384647612,32,1.0163272038873512,0.0046136281687854525,1.0240580404765662,1.0299642551532884,0.7942010557569236,0.004609539007934313,0.8015799653586145,0.8027075690557102
LM,0.25,boundary,512,97,14.960874282102461,32,1.02333314099682,0.004890549187759279,1.0229403466166784,1.0289251753701494,0.8029580083534933,0.004886800008504283,0.8022050289063932,0.803332405109791
LM,0.25,boundary,512,98,15.115110099443724,33,1.0218275715059848,0.004884213187562742,1.0218835674680442,1.0279446708715805,0.8032345680298024,0.004880551142780152,0.8028609361869044,0.8039879251439018
LM,0.25,boundary,512,99,15.269345916784987,33,1.015959396775357,0.004866622753720672,1.0192646416332372,1.0254000683559337,0.7990589396951718,0.004862931567444378,0.8019512447778927,0.803078659850611
LM,0.25,boundary,512,100,15.423581734126248,33,1.0176182189718725,0.004689294948443589,1.0169659488305403,1.0231743200758323,0.8024599071365852,0.004685548482075527,0.8013289685678979,0.8024574043394193
LM,0.25,boundary,512,101,15.577817551467511,33,1.0147657552202924,0.004687654392315989,1.0149193142658293,1.021198771490421,0.8013009801646807,0.004683989630271496,0.8009277380971527,0.8020573016254597
LM,0.25,boundary,512,102,15.732053368808774,33,1.0146381086082845,0.004750098521475411,1.0130742275219258,1.01942266314214,0.8027871983430712,0.0047466050528232745,0.8006985390499394,0.8018290697147141
LM,0.25,boundary,512,103,15.886289186150035,33,1.0175927227626387,0.004950554657197145,1.0113929480318504,1.0178081514808974,0.8072850024160698,0.004947220565951414,0.8006048976866804,0.8017361059909169
LM,0.25,boundary,512,104,16.0405250034913,33,1.011142959024465,0.004680767694347254,1.0098470072083598,1.016326754097856,0.8023633033955622,0.004677269495478636,0.8006194403921267,0.801750992361253
LM,0.25,boundary,512,105,16.19476082083256,33,1.0058186437473784,0.004593118655983193,1.0084147023188308,1.0149568060915075,0.7985301655746899,0.0045895549650380695,0.8007214289421503,0.8018529947306845
LM,0.25,boundary,512,106,16.348996638173823,33,1.0080862843047709,0.004596758894613655,1.007079295743205,1.013681635171935,0.8022765987743782,0.0045933177401526045,0.8008949897362381,0.8020262692563277
LM,0.25,boundary,512,107,16.503232455515086,33,1.0051528315455638,0.004634238768069442,1.005827716859958,1.0124882484530477,0.8007460737251229,0.004630877899560364,0.8011278375065709,0.8022585717638923
LM,0.25,boundary,512,108,16.65746827285635,33,1.0014393674434867,0.004601993791214892,1.004649622820192,1.0113663841723017,0.7984487414028343,0.004598580009758092,0.8014103520809633,0.8025403259994319
LM,0.25,boundary,512,109,16.811704090197612,33,1.0035797817274439,0.004637053910481174,1.0035367161652795,1.0103078241966832,0.8020957546927908,0.004633738437928558,0.8017349078016252,0.8028639483029826
LM,0.25,boundary,512,110,16.965939907538875,33,1.0023094353115578,0.004587100644294205,1.0024822467319698,1.0093058933239796,0.8021549927809888,0.004583827395847398,0.8020953842156127,0.8032233559414406
LM,0.25,boundary,512,111,17.120175724880138,34,1.0089368816246487,0.004813163163489643,1.0014806461673444,1.008355092735252,0.8101761734673143,0.004810083450159911,0.8024868071951168,0.8036136073312103
LM,0.25,boundary,512,112,17.274411542221397,34,1.0049228968879815,0.004776470930781609,0.9990059476201586,1.0059297646666974,0.8075494451952219,0.004773399837335167,0.8014068699280392,0.802533308439409
LM,0.25,boundary,512,113,17.42864735956266,34,1.0004194832719429,0.004806367025102222,0.9968287612343182,1.0038011070801973,0.8044219161083185,0.004803384399630652,0.8005997045379567,0.8017263822253811
LM,0.25,boundary,512,114,17.582883176903923,34,0.9992892464960512,0.004663582322591398,0.9948852337509465,1.0019048055126345,0.8046162904239325,0.0046606039664192555,0.8000029014006799,0.8011299573922841
LM,0.25,boundary,512,115,17.737118994245186,34,0.9966675078356324,0.004609850545278169,0.9931281091457598,1.0001933604651128,0.803229097522263,0.004606845884788762,0.7995703793519633,0.8006976982781346
LM,0.25,boundary,512,116,17.89135481158645,34,0.994979143639927,0.00461477130420425,0.9915221248823842,0.9986314038258044,0.8028865159401473,0.00461186376449382,0.7992678530041033,0.8003951958370201
LM,0.25,boundary,512,117,18.045590628927712,34,0.9894500929557345,0.004547263740427053,0.9900407224684822,0.9971923557637115,0.7986698395700751,0.004544290476418774,0.7990695942374171,0.8001966778885389
LM,0.25,boundary,512,118,18.199826446268972,34,0.9875079830333167,0.004428072342569078,0.9886636911692802,0.9958560330606836,0.7980440974044185,0.004425038834488759,0.7989561125446958,0.8000826557487032
LM,0.25,boundary,512,119,18.354062263610235,34,0.9852942273834693,0.004421311115182649,0.9873754753484673,0.9946069336649463,0.7970584918662169,0.004418381469119004,0.7989124888189729,0.8000382363740001
LM,0.25,boundary,512,120,18.508298080951498,34,0.980188851506197,0.004285682890310604,0.9861639546175693,0.9934330025975673,0.7931867168752351,0.004282717437470688,0.7989271746845352,0.8000519082294923
LM,0.25,boundary,512,121,18.66253389829276,34,0.9802621435435237,0.004548228730546625,0.9850195615294811,0.9923247410994388,0.7944265331879327,0.004545452765496143,0.7989911241772265,0.8001146649515635
LM,0.25,boundary,512,122,18.816769715634024,34,0.9785886370272409,0.004533011976746586,0.9839346407988794,0.9912745610244462,0.7939239344761755,0.0045302601018592,0.799097163227472,0.8002193703603024
LM,0.25,boundary,512,123,18.971005532975287,34,0.9778406076454547,0.004413718200947776,0.9829029817867696,0.9902763148629394,0.7943615754855493,0.004411063826874495,0.7992395297296777,0.8003602963066732
LM,0.25,boundary,512,124,19.12524135031655,34,0.9735267141637021,0.004463822810806276,0.9819194756354388,0.9893249518702875,0.7912153619305219,0.004461198773301055,0.7994135363301523,0.8005327846128619
LM,0.25,boundary,512,125,19.27947716765781,34,0.9754783528993198,0.004536146898098688,0.9809798623676289,0.9884162650116267,0.79434591067441,0.00453362160725969,0.7996153217800868,0.8007329983755769
LM,0.25,boundary,512,126,19.433712984999072,35,0.9756598916050402,0.004586061826489651,0.980080543148963,0.9875467035322331,0.795622175990242,0.004583569266742691,0.7998416664339674,0.8009577378408004
LM,0.25,boundary,512,127,19.587948802340335,35,0.9756681043336989,0.0045206133090366606,0.977785297431597,0.9852802883890144,0.7967419562813929,0.004518105285656068,0.7986774590130513,0.7997927432460623
LM,0.25,boundary,512,128,19.7421846196816,35,0.9738389961857753,0.004429910874892172,0.9757632548295615,0.9832867275714133,0.7959988593627716,0.004427329531142005,0.7977679184186212,0.7988830268982756
LM,0.25,boundary,512,129,19.89642043702286,35,0.9705096993056922,0.004301211611592512,0.9739550905941515,0.9815062461366991,0.7938440999783346,0.004298724121270627,0.7970548871147238,0.7981699888253498
LM,0.25,boundary,512,130,20.050656254364124,35,0.9738691345564091,0.004425133506774085,0.9723169766072055,0.9798947725820155,0.798314893573371,0.00442277858866166,0.7964954698318558,0.7976104879102922
LM,0.25,boundary,512,131,20.204892071705387,35,0.9727364155035109,0.004332993292960391,0.9708162741106059,0.9784195560821564,0.7982414411385417,0.004330600192469804,0.7960577893182481,0.7971725255009439
LM,0.25,boundary,512,132,20.359127889046647,35,0.9757271515094518,0.004404680689435607,0.9694284573895127,0.9770560393585648,0.8022893688571189,0.004402398171351259,0.795717955130585,0.7968321657082057
LM,0.25,boundary,512,133,20.51336370638791,35,0.9729277061949594,0.004275717379592092,0.9681349112039579,0.97578562255359,0.8005384042633402,0.004273432221165542,0.7954578934475708,0.7965713332637423
LM,0.25,boundary,512,134,20.667599523729173,35,0.9706057394394045,0.004313006826507499,0.9669213494159845,0.9745940602022366,0.7992025610739293,0.0043107741134272215,0.7952637890240183,0.7963762349178396
LM,0.25,boundary,512,135,20.821835341070436,35,0.973795959409329,0.004309082860088402,0.9657766760494764,0.9734703087217085,0.8033467794016287,0.00430679826504497,0.7951249631220809,0.7962362245507243
LM,0.25,boundary,512,136,20.9760711584117,35,0.9697513031608186,0.004360653423270913,0.9646921620927698,0.9724056950419125,0.8003184046694589,0.004358503924046789,0.7950330625730513,0.7961429845715504
LM,0.25,boundary,512,137,21.130306975752962,35,0.9684009845145394,0.004317868601600454,0.9636608481353414,0.9713933146010804,0.7999784915024339,0.0043157107359644694,0.7949814713700059,0.7960899332134326
LM,0.25,boundary,512,138,21.284542793094225,35,0.96854985499996,0.004390504338962866,0.9626771089358828,0.9704275935243935,0.8010615787519375,0.004388437479947592,0.7949648818195937,0.7960717935257231
LM,0.25,boundary,512,139,21.438778610435484,35,0.9625863196540697,0.004388964274626446,0.961736334426639,0.9695039686274558,0.7961010334705505,0.004386963452565812,0.7949789804211445,0.796084278404886
LM,0.25,boundary,512,140,21.593014427776748,35,0.964487397884164,0.004578748728678865,0.9608346947036944,0.9686186522226686,0.7989391436501752,0.0045768300360833035,0.7950202164962723,0.7961238591404531
LM,0.25,boundary,512,141,21.74725024511801,35,0.9597094518677383,0.004423821803184098,0.959968965809443,0.9677684581644633,0.7950960668786331,0.004421877374129321,0.795085630713936,0.7961875942678296
LM,0.25,boundary,512,142,21.901486062459274,36,0.9557096884978337,0.0043546654421723245,0.9591363996913738,0.9669506722843784,0.7920539218369935,0.004352755198176732,0.795172727137998,0.7962730021334735
LM,0.25,boundary,512,143,22.055721879800537,36,0.9524593048031148,0.004262570414605713,0.9569822424520757,0.9648107390293327,0.7897112324829433,0.004260626633598573,0.7939457440999705,0.7950451222425498
LM,0.25,boundary,512,144,22.2099576971418,36,0.9521452192668007,0.004262107855040108,0.9550820891717098,0.9629248119509222,0.7902764821937515,0.004260140964097973,0.7929585914862365,0.7940576649761291
LM,0.25,boundary,512,145,22.36419351448306,36,0.9487966693202579,0.004132628291663289,0.953380308561788,0.9612368244318545,0.7878724986324772,0.0041307083559385055,0.7921566132204552,0.793255553796813
LM,0.25,boundary,512,146,22.518429331824322,36,0.9489180291442064,0.004260402869618206,0.9518358481157826,0.9597054846775214,0.7888634641533029,0.004258532819548472,0.7914995237506617,0.7925982688433298
LM,0.25,boundary,512,147,22.672665149165585,36,0.9465994060017915,0.00420928429015198,0.9504181770400119,0.9583001472274897,0.7873958851458354,0.004207357543315016,0.7909574076085615,0.7920557782651692
LM,0.25,boundary,512,148,22.826900966506848,36,0.9447484090128515,0.00405302031637923,0.949104389328626,0.9569978679364092,0.7863300984515869,0.00405107252214079,0.7905078629834514,0.7916056359178548
LM,0.25,boundary,512,149,22.98113678384811,36,0.9428757472378761,0.004049485192741106,0.9478771301988406,0.9557812986319403,0.7853106335165956,0.004047561600498747,0.7901339572013755,0.7912309065943435
LM,0.25,boundary,512,150,23.135372601189374,36,0.9401901097497253,0.00400066013793131,0.9467231077995296,0.9546371783036356,0.7835248863410713,0.003998734868133245,0.7898227593289184,0.7909186791601958
LM,0.25,boundary,512,151,23.289608418530637,36,0.9458442592576319,0.004271713774336588,0.9456320216903379,0.953555248712785,0.7900314916029043,0.004269938444420492,0.7895642837400586,0.7906589979698656
LM,0.25,boundary,512,152,23.443844235871897,36,0.9451485514675692,0.004189071468675835,0.9445957886884209,0.9525274724802163,0.7901481955721916,0.004187294536408554,0.7893507269031769,0.7904440923835638
LM,0.25,boundary,512,153,23.59808005321316,36,0.9445983472553973,0.004216001021835052,0.9436079813575458,0.9515474671610515,0.7903731759834574,0.0042142652919244135,0.7891759138415564,0.7902678191438925
LM,0.25,boundary,512,154,23.752315870554423,36,0.9466521488809784,0.0042791715851797345,0.9426634189302716,0.950610093886748,0.7931586342775336,0.004277464214202533,0.7890348948961825,0.7901252570804881
LM,0.25,boundary,512,155,23.906551687895686,36,0.9469362599392948,0.004243292607238151,0.9417578678047801,0.9497111568991681,0.7942516299026166,0.00424162071794067,0.7889236505294015,0.790012411098898
LM,0.25,boundary,512,156,24.06078750523695,36,0.9482436741416295,0.004227721820216978,0.940887821052357,0.9488471828713795,0.7963766176033964,0.0042260169300772105,0.7888388740314711,0.7899259947982193
LM,0.25,boundary,512,157,24.21502332257821,36,0.947500591118819,0.004137204133540202,0.9400503350944389,0.9480152578232456,0.7964841235759188,0.004135520133459315,0.7887778105936094,0.7898632698465581
LM,0.25,boundary,512,158,24.369259139919475,36,0.9488649427919216,0.0042184870115052646,0.9392429079059417,0.9472129057674149,0.798632115731194,0.004216851134311597,0.7887381373226658,0.7898219264794596
LM,0.25,boundary,512,159,24.523494957260734,36,0.9454883878459241,0.004185085852419892,0.9384633875122055,0.9464379977189266,0.7960204047573094,0.004183494650165791,0.7887178731217255,0.7897999939190545
LM,0.25,boundary,512,160,24.677730774601997,37,0.9467507539144296,0.004221789174230067,0.9377099026911502,0.9456886829031068,0.7980508330833052,0.004220237603226448,0.788715310461388,0.7897957726668352
LM,0.25,boundary,512,161,24.83196659194326,37,0.9416792141122087,0.0042260945221800844,0.9357026264662529,0.9436853025274131,0.7937410090304873,0.004224566735859817,0.7874677834369854,0.7885473511346208
LM,0.25,boundary,512,162,24.986202409284523,37,0.9439606991177575,0.004277774570373033,0.9339312693946711,0.9419180963996496,0.7968123453805652,0.004276304481811309,0.7864452853488975,0.7875245290363928
LM,0.25,boundary,512,163,25.140438226625786,37,0.9403359344466141,0.0041961161994075,0.932343645568479,0.9403344579567057,0.7939095309656163,0.004194621752009891,0.7855964580269945,0.7866755477704985
LM,0.25,boundary,512,164,25.29467404396705,37,0.9376291593683593,0.0043197029740850755,0.930901294636257,0.9388956924021978,0.7919416745639326,0.0043182937286967435,0.7848834826195505,0.7859623647513875
LM,0.25,boundary,512,165,25.448909861308312,37,0.934898435052983,0.004285959095529056,0.9295756567914424,0.9375731240006873,0.7899090616060451,0.004284517400002315,0.7842783056489262,0.7853568147993946
LM,0.25,boundary,512,166,25.60314567864957,37,0.9324366935365939,0.004230743323081388,0.9283453423171235,0.93634532001269,0.788136846339315,0.004229290282637292,0.7837599450553836,0.7848378726760951
LM,0.25,boundary,512,167,25.757381495990835,37,0.9303085285179608,0.004258791094594136,0.9271941778051425,0.9351961067592196,0.7866579081435435,0.004257339472442299,0.7833125625710573,0.7843896967558774
LM,0.25,boundary,512,168,25.911617313332098,37,0.9286258363146157,0.004167844446010398,0.926109804354085,0.934113148333241,0.7856599679981597,0.004166401023042021,0.782924080716112,0.7840002275348202
LM,0.25,boundary,512,169,26.06585313067336,37,0.9259357245151544,0.003914516436537907,0.9250826687430603,0.9330869255403453,0.7836163144037418,0.003913021123208926,0.7825851875292182,0.7836601808125783
LM,0.25,boundary,512,170,26.220088948014624,37,0.9230929410954423,0.003939502987114077,0.9241052949269866,0.9321100000088361,0.7814750499372011,0.00393804963226216,0.7822886178775723,0.7833623220839
LM,0.25,boundary,512,171,26.374324765355887,37,0.9192724438306792,0.0039440560026555585,0.9231717559298485,0.9311764818727988,0.7783223433099855,0.003942620793588325,0.7820286324874265,0.7831009416755631
LM,0.25,boundary,512,172,26.528560582697146,37,0.9195647246638463,0.0038736640811794197,0.922277289349181,0.9302816430940878,0.7792825547977406,0.003872195016425981,0.7818006386651926,0.7828714734986042
LM,0.25,boundary,512,173,26.68279640003841,37,0.9226529035915485,0.00405702524207401,0.9214180160575798,0.9294216352343414,0.7830184330441041,0.004055573290126365,0.781600912833899,0.7826702167985828
LM,0.25,boundary,512,174,26.837032217379672,37,0.9173449659661771,0.003925383421594522,0.9205907332866297,0.9285932823487084,0.7782802661845212,0.003923886159233,0.781426396454934,0.7824941319826402
LM,0.25,boundary,512,175,26.991268034720935,37,0.9189604102643998,0.003854976513461323,0.9197927615072957,0.9277939280820909,0.7805643559297499,0.003853511674095529,0.7812745450240557,0.7823406898945549
LM,0.25,boundary,512,176,27.1455038520622,37,0.9197719212970739,0.003966705862474818,0.919021830366457,0.9270213220173698,0.7820192176055039,0.003965278882046151,0.7811432155983653,0.7822077597948459
LM,0.25,boundary,512,177,27.29973966940346,37,0.9199463937039793,0.0039801979365125,0.9182759930985137,0.9262735345668528,0.7828252725711928,0.0039787716680184946,0.7810305824147139,0.7820935254858813
LM,0.25,boundary,512,178,27.453975486744724,37,0.924085030358167,0.004037525824294704,0.9175535617954609,0.9255488927169551,0.7875620058992943,0.004036110775457509,0.7809350730849134,0.781996421998828
LM,0.25,boundary,512,179,27.608211304085984,38,0.9215739202602128,0.004144569250392174,0.916853058035745,0.9248459310879413,0.7857037021896796,0.004143169959854402,0.7808553199417754,0.7819150873812369
LM,0.25,boundary,512,180,27.762447121427247,38,0.9195783890813107,0.004023480473789416,0.9149632753800494,0.9229535952987661,0.7843263573650795,0.004022041036293311,0.7795957284762807,0.7806546410934425
LM,0.25,boundary,512,181,27.91668293876851,38,0.9121818701587414,0.00401804018608477,0.9132946140849892,0.9212827831063333,0.7776016047069116,0.004016685131101505,0.7785486877021038,0.7796072863134059
LM,0.25,boundary,512,182,28.070918756109773,38,0.9126316412340941,0.004018289898012734,0.9117978391956897,0.9197838560969596,0.7786565507462375,0.0040169997585978645,0.7776656825899426,0.7787241278710322
LM,0.25,boundary,512,183,28.225154573451036,38,0.912246229510786,0.004044744502224791,0.9104366930309495,0.9184203298000961,0.7788765994075006,0.004043452962485199,0.7769110069053077,0.7779692469773328
LM,0.25,boundary,512,184,28.3793903907923,38,0.915505770140174,0.004193895876360494,0.9091842759015274,0.91716519024156,0.7827497933923415,0.004192631028205776,0.7762581903721525,0.7773160670810297
LM,0.25,boundary,512,185,28.533626208133562,38,0.9158265976829305,0.004226696081929941,0.9080204629167281,0.9159982675114058,0.783679491271692,0.0042254509899725375,0.7756874486635272,0.7767447626046386
LM,0.25,boundary,512,186,28.68786202547482,38,0.9106795154253458,0.00415168678877303,0.9069300559005586,0.9149043590881548,0.7791526229826548,0.004150414090768373,0.7751838590866893,0.7762404074098684
LM,0.25,boundary,512,187,28.842097842816084,38,0.9049209813100533,0.004078036454448958,0.9059014576878206,0.9138718856542873,0.7739477200884843,0.004076760673594325,0.7747360519530095,0.7757916486322203
LM,0.25,boundary,512,188,28.996333660157347,38,0.9035718390695395,0.0039921032063701374,0.9049257182775665,0.9128919256449364,0.7731549359653571,0.003990811941175315,0.7743352690358144,0.7753897541826376
LM,0.25,boundary,512,189,29.15056947749861,38,0.9029113294761834,0.003920321737828035,0.9039958462078824,0.9119575196141085,0.7730673436394032,0.003918995009597442,0.7739746838451995,0.7750279264569181
LM,0.25,boundary,512,190,29.304805294839873,38,0.8994106300513159,0.003765124022559899,0.9031063095055409,0.9110631671864153,0.7701196135828748,0.0037637689406419352,0.7736489090423382,0.7747008060536409
LM,0.25,boundary,512,191,29.459041112181136,38,0.9017118746972961,0.003908587295878294,0.9022526724682818,0.9102044617645062,0.772995764080287,0.003907282826896328,0.7733536379398831,0.7744041114040441
LM,0.25,boundary,512,192,29.6132769295224,38,0.9023196282891849,0.003969518972306143,0.9014313300365345,0.9093778240145827,0.7741423801549447,0.003968202312886503,0.7730853823358006,0.7741343758575194
LM,0.25,boundary,512,193,29.76751274686366,38,0.9002006778054434,0.004078175135911414,0.9006393124911711,0.9085803063794792,0.7725065192073629,0.004076917856909174,0.7728412797671513,0.7738887548433805
LM,0.25,boundary,512,194,29.921748564204922,38,0.9009974779379574,0.004053998357157187,0.8998741410021204,0.907809448828123,0.7739173448461593,0.0040527700677825615,0.7726189509588065,0.7736648835824513
LM,0.25,boundary,512,195,30.075984381546185,38,0.90124564761966,0.004059289394936597,0.899133720084915,0.9070631716990275,0.7747238859650044,0.004058111701254318,0.7724163937033943,0.773460771395333
LM,0.25,boundary,512,196,30.230220198887448,38,0.9008437935548497,0.0040693536990975745,0.8984162569580759,0.9063396955095814,0.77484124427227,0.004068209174959575,0.7722319032941248,0.7732747226146264
LM,0.25,boundary,512,197,30.38445601622871,38,0.9009289867839594,0.00407074470502792,0.8977202005991736,0.9056374804593059,0.7754159118239342,0.0040695863406136155,0.772064012401058,0.7731052769266042
LM,0.25,boundary,512,198,30.538691833569974,38,0.9005042731391715,0.004075577672891801,0.8970441953001553,0.9049551803911196,0.775505877092672,0.004074475803670044,0.7719114452584117,0.7729511639764568
LM,0.25,boundary,512,199,30.692927650911233,38,0.9021802815255953,0.004158461907271493,0.8963870449555392,0.9042916074282737,0.7776452702563574,0.004157325546400127,0.7717730824450879,0.7728112685054226
LM,0.25,boundary,512,200,30.847163468252496,39,0.9025960778429104,0.004160501433032138,0.8957476853447908,0.9036457045446565,0.778599678968187,0.004159425286290246,0.771647933555097,0.7726846033142276
LM,0.25,boundary,512,201,31.00139928559376,39,0.8988318653444959,0.004111735242676386,0.8939782770301832,0.9018697754535243,0.7753384457766737,0.004110681839886521,0.7704024166792711,0.7714382630393908
LM,0.25,boundary,512,202,31.155635102935022,39,0.8957221632265071,0.0040620361842294925,0.8924160607743165,0.9003015244945638,0.772747989611152,0.004060978298626398,0.7693572716602373,0.7703928086638054
LM,0.25,boundary,512,203,31.309870920276285,39,0.8947989648219633,0.0041012526800986064,0.8910145555743927,0.8988940845392036,0.7723271177093798,0.004100168354402077,0.7684666515553955,0.7695020318121102
LM,0.25,boundary,512,204,31.46410673761755,39,0.8929321226971297,0.004040322700761997,0.8897395617511453,0.8976130375989086,0.7709732191273115,0.004039238262275254,0.767696837613524,0.7687320115088913
LM,0.25,boundary,512,205,31.61834255495881,39,0.8904355588356235,0.004044895076249752,0.8885657326276791,0.8964329255967178,0.7690090814972039,0.004043806400067301,0.7670228533399005,0.7680576700228038
LM,0.25,boundary,512,206,31.77257837230007,39,0.8877234158927296,0.00403658719603672,0.8874741280823585,0.8953347628702621,0.7668060367662649,0.0040355095024378436,0.7664260483241607,0.767460317509989
LM,0.25,boundary,512,207,31.926814189641334,39,0.885042157537191,0.0038894767329793844,0.8864504646625928,0.8943042591365595,0.7646240727747422,0.003888407570281553,0.7658923700313212,0.7669258979468376
LM,0.25,boundary,512,208,32.0810500069826,39,0.8860403003957884,0.003900285771738424,0.8854838606204785,0.893330546976564,0.7660736111323723,0.0038992064110260844,0.7654111244015316,0.766443733068471
LM,0.25,boundary,512,209,32.23528582432386,39,0.8910229106057889,0.004099213098625851,0.8845659332089071,0.8924052681078993,0.7716089944225533,0.004098199832511383,0.7649740843561237,0.7660056204625887
LM,0.25,boundary,512,210,32.38952164166512,39,0.8903356579851379,0.004170752383839617,0.8836901471816774,0.8915219152257875,0.7713455191830854,0.004169741888666185,0.7645748464002557,0.765605183931179
LM,0.25,boundary,512,211,32.543757459006386,39,0.889812262707116,0.004122577962512705,0.8828513428171939,0.8906753562267133,0.7712640442334326,0.004121577349137081,0.7642083645266546,0.7652374038794344
LM,0.25,boundary,512,212,32.697993276347646,39,0.8890850915387176,0.004229690014217729,0.8820453925472431,0.8898614888638176,0.7709967444074391,0.004228696873626183,0.7638706111309757,0.7648982764515625
LM,0.25,boundary,512,213,32.85222909368891,39,0.8886625229794527,0.004075052602684514,0.881268949961787,0.8890769889075715,0.7710378310263577,0.004074011468246327,0.7635583291575878,0.7645845649638017
LM,0.25,boundary,512,214,33.00646491103017,39,0.8867058759547339,0.004036611700780176,0.8805192653659243,0.8883191255252859,0.7695392686270341,0.004035558910315927,0.7632688499714027,0.7642936176875943
LM,0.25,boundary,512,215,33.16070072837144,39,0.8855416262558818,0.004052521084879765,0.8797940494450873,0.8875856251353292,0.7688157948575433,0.004051465713105352,0.7629999587401526,0.7640232334808305
LM,0.25,boundary,512,216,33.3149365457127,39,0.8835808313244045,0.003968253967591696,0.8790913718361559,0.8868745703442642,0.7673343168833291,0.003967211842675842,0.7627497942883742,0.7637715620483119
LM,0.25,boundary,512,217,33.46917236305396,39,0.8818172482059841,0.004035900581219222,0.8784095851307909,0.886184324378068,0.766007592321249,0.004034904119308875,0.7625167740668626,0.76353702936644
LM,0.25,boundary,512,218,33.623408180395224,39,0.8823030321878179,0.004128918797852396,0.8777472674941882,0.8855134741244002,0.7669639445131786,0.004127957986370643,0.7622995375053949,0.7633182814780035
LM,0.25,boundary,512,219,33.77764399773648,39,0.879559100549278,0.004022260512380544,0.877103178979252,0.8848607868311436,0.7646447795563374,0.0040212887265912425,0.7620969028898246,0.7631141417662992
LM,0.25,boundary,512,220,33.93187981507775,39,0.8763183588825076,0.003955344717982683,0.8764762279731539,0.8842251768830054,0.7618065957467745,0.003954309129499759,0.7619078342448051,0.7629235781766088
LM,0.25,boundary,512,221,34.08611563241901,39,0.8730622110282402,0.003810953256377342,0.8758654451862704,0.8836056800627059,0.7590257086897492,0.0038098849999024975,0.7617314156643609,0.7627456778250807
LM,0.25,boundary,512,222,34.240351449760276,39,0.8746412516713102,0.0038522011434762304,0.875269963292987,0.883001433409298,0.7609971970026876,0.0038511629549954126,0.7615668312233347,0.7625796271319577
LM,0.25,boundary,512,223,34.394587267101535,40,0.8754012089934547,0.0037922899706506487,0.874689000838131,0.8824116592937056,0.7622395694028271,0.003791249846369114,0.7614133491007584,0.762424696117088
LM,0.25,boundary,512,224,34.548823084442795,40,0.8706921746264703,0.0037777058201177976,0.8730332237702938,0.8807471637126745,0.7579936648922359,0.003776691552898602,0.760194707515736,0.7612052657065673
LM,0.25,boundary,512,225,34.70305890178406,40,0.8701528759231765,0.0038935988967059632,0.8715721635738443,0.8792779079839034,0.7578167063633959,0.0038926005972293267,0.7591652743908421,0.7601755319246186
LM,0.25,boundary,512,226,34.85729471912532,40,0.8679364860266717,0.0037561538970719704,0.8702618328403169,0.877959536199496,0.7559987876738533,0.003755157199718876,0.758281627967905,0.7592917293181695
LM,0.25,boundary,512,227,35.01153053646659,40,0.8691709468721729,0.0038355966400788477,0.8690698906027747,0.8767594983390942,0.7576784663173379,0.003834618534144179,0.7575118529746534,0.7585217502563111
LM,0.25,boundary,512,228,35.16576635380785,40,0.8704723189423325,0.0037537644027055336,0.867972388827572,0.8756537389070858,0.7594303568540341,0.0037527864734811195,0.7568323259660759,0.757841874934774
LM,0.25,boundary,512,229,35.32000217114911,40,0.8739580596175341,0.0038856570575249182,0.8669514510586396,0.8746243365829126,0.7633680186990723,0.0038847335399008606,0.7562254217117215,0.7572344405177464
LM,0.25,boundary,512,230,35.47423798849037,40,0.8715180925987422,0.003825377340576967,0.8659936122846011,0.8736578182982772,0.7613493383798886,0.003824438011736213,0.7556778729219942,0.7566861762843693
LM,0.25,boundary,512,231,35.62847380583163,40,0.8688339766416163,0.003780725189201299,0.8650886285693965,0.8727439521951901,0.7590795778069901,0.00377977874118686,0.7551795941329386,0.7561870116755426
LM,0.25,boundary,512,232,35.7827096231729,40,0.8663869572283815,0.003769929896018328,0.8642286209980852,0.8718748811003684,0.7569962870384541,0.003768967313777535,0.754722835914382,0.7557292206042752
LM,0.25,boundary,512,233,35.93694544051416,40,0.8650586601040389,0.0038352706119862893,0.8634074579989919,0.8710444985219625,0.7560439589213137,0.0038343231384481,0.7543015746059619,0.7553068052592207
LM,0.25,boundary,512,234,36.091181257855425,40,0.862559423850917,0.0038799746956959336,0.8626203079979167,0.8702479976945706,0.7539396521261745,0.0038790713331542637,0.7539110703482433,0.7549150507949068
LM,0.25,boundary,512,235,36.245417075196684,40,0.8628026215808743,0.0038468938839045157,0.8618633140735513,0.8694815443607621,0.7545515958532913,0.003845988952326611,0.7535475456548512,0.7545502022126818
LM,0.25,boundary,512,236,36.399652892537944,40,0.8623577908758782,0.003950742471450366,0.8611333562298007,0.8687420382422351,0.7545308398350075,0.00394986820130079,0.7532079505519482,0.7542092288231775
LM,0.25,boundary,512,237,36.55388870987921,40,0.8622622571028098,0.003952602461259513,0.8604278767788951,0.8680269382549677,0.7548278296200117,0.003951743804903631,0.7528897900718288,0.7538896516561973
LM,0.25,boundary,512,238,36.70812452722047,40,0.8621967188662709,0.0039006454469060767,0.8597447513347176,0.8673341336825613,0.7551583820633747,0.0038997443089452397,0.7525909968093633,0.7535894162543624
LM,0.25,boundary,512,239,36.862360344561736,40,0.8620285352530843,0.003974664422209246,0.8590821928910213,0.8666618486024307,0.755368459446871,0.0039737832299239426,0.7523098361658893,0.75330679830387
LM,0.25,boundary,512,240,37.016596161902996,40,0.8624603928882585,0.00397552690518103,0.8584386799980067,0.8660085704689179,0.7561567860566099,0.003974688434607272,0.7520448354016731,0.7530403331200597
LM,0.25,boundary,512,241,37.17083197924426,40,0.8617777227072184,0.00390202788704516,0.857812902572116,0.8653729963252633,0.7558266763899437,0.0039011749732698296,0.7517947301093056,0.7527887625412759
LM,0.25,boundary,512,242,37.32506779658552,40,0.858822603017239,0.00405496992948142,0.8572037206737249,0.8647539919460933,0.7533167044943649,0.004054201482776884,0.7515584234986925,0.7525509945913866
LM,0.25,boundary,512,243,37.47930361392678,40,0.8560024673476425,0.003952111374822068,0.8566101328748718,0.8641505605181594,0.7508305492228988,0.0039513002442196545,0.7513349551563411,0.7523260725610846
LM,0.25,boundary,512,244,37.63353943126805,40,0.8574414399276145,0.0040147506883581995,0.856031251762204,0.8635618184012327,0.7526320138263711,0.004013967826456363,0.751123476853631,0.7521131510805916
LM,0.25,boundary,512,245,37.78777524860931,40,0.8554644175490289,0.004019879295054413,0.8554662847837862,0.8629869761807349,0.75100126201491,0.004019094153701369,0.7509232336342626,0.7519114774177086
LM,0.25,boundary,512,246,37.942011065950574,40,0.8547727991745574,0.003990099662789565,0.8549145191266456,0.862425323705,0.7506267017639681,0.0039893053091117365,0.7507335488835669,0.7517203767104433
LM,0.25,boundary,512,247,38.09624688329183,41,0.8528354123331993,0.0038675872691538724,0.8543753096576993,0.8618762181470063,0.7490750221342675,0.0038667689839629927,0.7505538124239852,0.7515392401860682
LM,0.25,boundary,512,248,38.2504827006331,41,0.8507108004902804,0.003751255039588131,0.8528133865501901,0.8603045299840724,0.747357352816487,0.003750422373687024,0.7493608010863294,0.7503454566238749
LM,0.25,boundary,512,249,38.40471851797436,41,0.852071090403641,0.0038186915983859262,0.8514354953591154,0.8589174024533759,0.7490961024789218,0.0038178775167561217,0.7483472659977763,0.7493316121961391
LM,0.25,boundary,512,250,38.55895433531562,41,0.8509511366795139,0.0038295662570007783,0.8501998804904258,0.8576727289489731,0.7483154511589365,0.003828793751936053,0.7474719631724518,0.748456136018899
LM,0.25,boundary,512,251,38.713190152656885,41,0.8512720271669035,0.003824578194372635,0.8490758547496946,0.8565396228286343,0.7490206322345547,0.0038238536907510504,0.7467045882648309,0.7476885407982305
LM,0.25,boundary,512,252,38.867425969998145,41,0.8505023307561597,0.0038318917274827525,0.8480407060493684,0.8554952691263841,0.7486129312445516,0.0038311837482109933,0.7460227190808679,0.7470063127035976
LM,0.25,boundary,512,253,39.02166178733941,41,0.8497744503753725,0.0038280245454489887,0.8470774905617469,0.8545226806397415,0.7482032983554365,0.003827283258652563,0.7454096342960025,0.7463926946569657
LM,0.25,boundary,512,254,39.17589760468067,41,0.8466813235719385,0.003924616096786821,0.8461734546312946,0.8536090953284557,0.7454713510546498,0.003923897389249316,0.7448527536649507,0.7458351031619574
LM,0.25,boundary,512,255,39.33013342202194,41,0.8440371688571071,0.003872425562637515,0.8453189033559639,0.8527448290495072,0.7431481604670642,0.003871719193676473,0.7443425197339271,0.745323994951278
LM,0.25,boundary,512,256,39.4843692393632,41,0.8403391491412034,0.003721673760030484,0.8445063870248177,0.8519224520433449,0.739809263255907,0.0037209387717649974,0.7438715937298015,0.7448520534618203
LM,0.25,boundary,512,257,39.638605056704456,41,0.8414106817940425,0.003767972261405997,0.8437301141786082,0.8511361959841843,0.7411598580117085,0.003767227955197108,0.7434342754469081,0.7444136030794654
LM,0.25,boundary,512,258,39.79284087404572,41,0.8416132926049033,0.003678208900076334,0.8429855265904157,0.8503815255321807,0.7417059349267447,0.00367741964161659,0.7430260831766645,0.7440041858919137
LM,0.25,boundary,512,259,39.94707669138698,41,0.8421304516275512,0.0038355582373160706,0.8422689902117944,0.8496548275003731,0.7425696914667133,0.003834810826300757,0.7426434482571286,0.7436202546306236
LM,0.25,boundary,512,260,40.10131250872825,41,0.8395589172178641,0.0037816361337075066,0.841577569392925,0.8489531843150063,0.7402902032241336,0.0037808662790666625,0.7422834919295029,0.7432589488842671
LM,0.25,boundary,512,261,40.25554832606951,41,0.8419919195484398,0.0038902409179389892,0.8409088610788094,0.848274208053446,0.7430303674091798,0.003889518837523815,0.7419438614735714,0.7429179311553287
LM,0.25,boundary,512,262,40.409784143410775,41,0.8406940330152778,0.003852495999294063,0.8402608723449665,0.847615918152029,0.7420381309261961,0.0038517736196580425,0.741622609178443,0.7425952660570982
LM,0.25,boundary,512,263,40.564019960752034,41,0.8385142949227252,0.003664566283288026,0.8396319293666632,0.8469766507067823,0.7401753840511238,0.0036638182268168428,0.7413181023808072,0.7422893307203695
LM,0.25,boundary,512,264,40.718255778093294,41,0.8365799609289096,0.0036474233560648667,0.8390206092802749,0.8463549907216549,0.7386062586412369,0.003646677114422257,0.7410289561284925,0.7419987478692752
LM,0.25,boundary,512,265,40.87249159543456,41,0.8348830718230063,0.00360374690865548,0.8384256887924253,0.8457497211001457,0.7372189959520414,0.0036029988687289395,0.7407539823964073,0.7417223354373488
LM,0.25,boundary,512,266,41.02672741277582,41,0.833675669820713,0.0036661238587865027,0.8378461051035484,0.8451597839156147,0.7363292752757673,0.003665400375228961,0.7404921514730747,0.7414590683132228
LM,0.25,boundary,512,267,41.18096323011709,41,0.834904167549142,0.003651813681871227,0.8372809259363043,0.8445842507370566,0.7378860626893184,0.003651100384536088,0.7402425623455648,0.7412080490318239
LM,0.25,boundary,512,268,41.335199047458346,41,0.8406295648856619,0.0040236536443236,0.8367293263366231,0.8440222996750334,0.7439661988006043,0.0040230227181083066,0.7400044197777814,0.7409684851040781
LM,0.25,boundary,512,269,41.48943486479961,41,0.839443569235778,0.004045268185858182,0.8361905705457195,0.8434731974489265,0.7430995364813868,0.004044649417368207,0.7397770164002841,0.7407396713068863
LM,0.25,boundary,512,270,41.64367068214087,41,0.8376271304362976,0.003966210294710273,0.8356639976958822,0.8429362852340628,0.7415897232288347,0.003965574603246126,0.7395597185790159,0.7405209757069879
LM,0.25,boundary,512,271,41.79790649948213,41,0.8335157484451066,0.0038373626093926405,0.8351490104114057,0.8424109673769391,0.7378341272776108,0.0038367087317767237,0.7393519551550348,0.7403118285179937
LM,0.25,boundary,512,272,41.9521423168234,41,0.8331373070635242,0.0038410043936627793,0.8346450656343967,0.8418967023051503,0.7377267699720329,0.003840340766781916,0.7391532083829311,0.7401117131253683
LM,0.25,boundary,512,273,42.10637813416466,41,0.8327280611208664,0.0036357415607260446,0.8341516671687291,0.8413929951316399,0.7376309635109963,0.0036350313976711668,0.7389630065671428,0.7399201587850529
LM,0.25,boundary,512,274,42.260613951505924,42,0.8297061507213731,0.003677614920579755,0.8336683595623382,0.8408993915789627,0.73487320523343,0.003676882908307679,0.738780918020802,0.7397367346259651
LM,0.25,boundary,512,275,42.41484976884718,42,0.8287153714168656,0.003772716273733467,0.8322101236421131,0.8394310149721584,0.7342098861153286,0.0037719938978893436,0.7376330490567207,0.738588130295206
LM,0.25,boundary,512,276,42.56908558618845,42,0.8258213780328705,0.0036754660857521975,0.8309254556063692,0.8381367276870718,0.7315907305006006,0.0036747531302917156,0.7366549556058897,0.7376097429836326
LM,0.25,boundary,512,277,42.72332140352971,42,0.8272084914293366,0.003744989005052775,0.8297747152993793,0.8369765551889533,0.7332809572567165,0.0037442925756649955,0.7358074625709168,0.736762086198887
LM,0.25,boundary,512,278,42.87755722087097,42,0.8239479858566547,0.0035971779051604245,0.82872878892301,0.835921193511665,0.7303169940252027,0.0035964585308711386,0.7350618025073857,0.7360162181893661
LM,0.25,boundary,512,279,43.031793038212236,42,0.8189697641489111,0.0034507225955167174,0.8277661453721086,0.8349490132575603,0.7256306316171914,0.0034500159011704988,0.7343967050185404,0.7353507812054789
LM,0.25,boundary,512,280,43.186028855553495,42,0.8196499608618499,0.0035191951506521216,0.8268707364006307,0.834043924491859,0.7266123975686238,0.0035185106897634246,0.733796320523429,0.7347498915251383
LM,0.25,boundary,512,281,43.34026467289476,42,0.822089337145924,0.003641949005453266,0.8260304952706344,0.8331938520665799,0.7292826865460206,0.0036412774891564836,0.7332487357955668,0.7342016327256325
LM,0.25,boundary,512,282,43.49450049023602,42,0.823394431352923,0.0036598362914675494,0.8252362605238495,0.8323896443161877,0.7308956872929009,0.0036591538919507876,0.7327449098526455,0.733696977227404
LM,0.25,boundary,512,283,43.64873630757728,42,0.8218323135968691,0.0035329671302654123,0.8244810022471534,0.8316242898575311,0.7296482303315891,0.003532266421413802,0.7322779089424095,0.7332290123163023
LM,0.25,boundary,512,284,43.80297212491855,42,0.8189052015156988,0.003608788672669678,0.8237592639847815,0.830892353787129,0.7269737313261404,0.0036080979772298177,0.7318423547511381,0.73279238298118
LM,0.25,boundary,512,285,43.95720794225981,42,0.818647780298709,0.0036481207560914797,0.8230667587097569,0.830189570394427,0.7270544030980292,0.0036474595060046328,0.7314340249381452,0.7323828894253913
LM,0.25,boundary,512,286,44.11144375960107,42,0.8185541005757353,0.00366829436633228,0.8224000751162381,0.8295125477650668,0.7272564604481413,0.0036676607627478086,0.7310495627490423,0.7319971951513669
LM,0.25,boundary,512,287,44.26567957694233,42,0.8178214633254941,0.0036275986820458648,0.8217564631206533,0.8288585525624913,0.7268131163700604,0.003626970674233392,0.7306862649451831,0.7316326142797644
LM,0.25,boundary,512,288,44.4199153942836,42,0.8167288264430549,0.003733489860262595,0.82113367640133,0.8282253524199392,0.7259885998494158,0.003732863096784667,0.7303419261282884,0.7312869558008301
LM,0.25,boundary,512,289,44.57415121162486,42,0.8124112289436742,0.0036209628238965115,0.820529856147004,0.8276110998551907,0.7219171250551584,0.0036202995356430815,0.7300147238087547,0.7309584088596605
LM,0.25,boundary,512,290,44.72838702896612,42,0.81058387039054,0.003616950914191365,0.8199434446870203,0.8270142462181008,0.7203773826679793,0.0036162912836485467,0.729703133018031,0.7306454577206268
LM,0.25,boundary,512,291,44.882622846307385,42,0.8084903226463074,0.0035089992855423698,0.8193731208780834,0.8264334774468904,0.7185554147731015,0.003508323677336546,0.7294058624314996,0.7303468182837255
LM,0.25,boundary,512,292,45.036858663648644,42,0.8090149011233411,0.003506942551605749,0.8188177514034938,0.8258676657323192,0.719342633683768,0.0035062719167959894,0.729121806223717,0.7300613903214332
LM,0.25,boundary,512,293,45.19109448098991,42,0.8076208967003957,0.003517060996843683,0.8182763537688428,0.8253158328439288,0.7182541549025241,0.0035164044292473034,0.7288500074875923,0.7297882212402356
LM,0.25,boundary,512,294,45.34533029833117,42,0.8079438300819795,0.003550835217521932,0.8177480679424909,0.8247771220537595,0.7188386109152715,0.0035501947733813243,0.7285896302003046,0.7295264783383046
LM,0.25,boundary,512,295,45.49956611567244,42,0.8101137163427363,0.003470285416685761,0.817232134423786,0.8242507764376094,0.7212984162037231,0.0034696652014170005,0.7283399375439916,0.7292754273655349
LM,0.25,boundary,512,296,45.653801933013696,42,0.8113059516524048,0.0035572506847373286,0.816727877121764,0.8237361219393202,0.7227179839755913,0.003556631820350998,0.7281002749822557,0.7290344157904284
LM,0.25,boundary,512,297,45.808037750354956,42,0.8104633080270219,0.0034663566348282593,0.8162346898593046,0.8232325540185806,0.7221235881391821,0.0034657137767485813,0.7278700569208842,0.7288028596082113
LM,0.25,boundary,512,298,45.96227356769622,42,0.8093178784675381,0.0034237934348653088,0.815752025630158,0.8227395270162167,0.721195909727296,0.0034231372355099186,0.7276487560900933,0.7285802328343522
LM,0.25,boundary,512,299,46.11650938503748,42,0.8072629701451399,0.003396808383141709,0.8152793879628681,0.8222565455975798,0.7193801566687459,0.0033961476169615643,0.7274358950096484,0.7283660590516228
LM,0.25,boundary,512,300,46.27074520237875,42,0.8095520791621199,0.0035920663509168625,0.8148163239106025,0.821783157799102,0.7219312310444671,0.0035914280967249547,0.7272310390613369,0.7281599045413678
LM,0.25,boundary,512,301,46.42498101972001,42,0.8079008121120083,0.003634244702851129,0.8143624183065068,0.8213189493228926,0.720564242062131,0.0036336506066976873,0.7270337908125004,0.7279613726480433
LM,0.25,boundary,512,302,46.579216837061274,43,0.8095191274739877,0.003757804549033712,0.813917289012748,0.820863538811959,0.722453108198965,0.0037572253126793064,0.7268437853218894,0.7277700991127587
LM,0.25,boundary,512,303,46.733452654402534,43,0.8088997387901039,0.0037109421038290257,0.8125425177224042,0.8194786534096642,0.7221406140682557,0.003710384824147121,0.725732924837223,0.7266585431688868
LM,0.25,boundary,512,304,46.88768847174379,43,0.806805973165464,0.0036219540744049567,0.8113323996391288,0.8182589252271631,0.7202960441318049,0.0036213692345992655,0.7247834914448597,0.7257088342183327
LM,0.25,boundary,512,305,47.04192428908506,43,0.804611797776148,0.0035515341353532983,0.8102491933949123,0.817166294410204,0.718367139813429,0.003550946816863284,0.7239581707689176,0.7248833610877286
LM,0.25,boundary,512,306,47.19616010642632,43,0.8068110725323425,0.0036077925585256496,0.8092651880669401,0.8161728688825155,0.7208415462725746,0.0036072079618713086,0.7232295688413075,0.7241545636836769
LM,0.25,boundary,512,307,47.350395923767586,43,0.8067189662866161,0.0035405256478919277,0.808359897391327,0.8152580687110276,0.721004297892623,0.0035399570193503024,0.7225774369873004,0.7235021100878639
LM,0.25,boundary,512,308,47.504631741108845,43,0.8015432969940095,0.0034143311052335103,0.8075180584150689,0.8144065911637688,0.7160576351682878,0.0034137382891135533,0.7219866923735028,0.7229108849398682
LM,0.25,boundary,512,309,47.65886755845011,43,0.803779068961924,0.0035660027310009945,0.8067282006622368,0.8136069576621647,0.7185650048380154,0.0035654577461630512,0.7214460028416376,0.7223695530458432
LM,0.25,boundary,512,310,47.81310337579137,43,0.802045517990902,0.0035290068133218312,0.8059816205338863,0.8128504738248689,0.7170501905832113,0.0035284546392982327,0.72094677254868,0.7218695313445802
LM,0.25,boundary,512,311,47.96733919313263,43,0.8030661409898661,0.003520571436677619,0.805271644033899,0.8121304831815571,0.7182964658674216,0.0035199872631857722,0.7204824127803953,0.7214042511778984
LM,0.25,boundary,512,312,48.1215750104739,43,0.8041044314309893,0.003379174253072082,0.8045930950291995,0.8114418299934012,0.7195925964656409,0.003378602447525829,0.7200478160501762,0.7209686272711437
LM,0.25,boundary,512,313,48.27581082781516,43,0.8035905900740044,0.003410987291584623,0.8039419103357754,0.810780471239062,0.7192779933740784,0.003410407387965939,0.7196389754157244,0.7205586741695571
LM,0.25,boundary,512,314,48.43004664515642,43,0.8046561524576626,0.003665724073905423,0.8033148599388862,0.8101431952289943,0.7206040477196272,0.003665182362597713,0.7192527077775899,0.7201712280807806
LM,0.25,boundary,512,315,48.58428246249768,43,0.8034775005207929,0.0036102850639264284,0.8027093426927381,0.8095274166222318,0.7196657801657301,0.0036097198725056645,0.7188864518291789,0.7198037442440721
LM,0.25,boundary,512,316,48.73851827983895,43,0.8003487872679023,0.003584605380201662,0.8021232363690275,0.8089310263363025,0.7167669721940583,0.0035840551770769742,0.7185381197589165,0.7194541485633841
LM,0.25,boundary,512,317,48.89275409718021,43,0.7979528407398647,0.0035402392305962324,0.8015547869679229,0.8083522810181125,0.7146370999932894,0.0035396999965837065,0.7182059877833975,0.7191207283478706
LM,0.25,boundary,512,318,49.04698991452147,43,0.7988803760205331,0.003511076519247224,0.8010025264967432,0.807789721126054,0.7158141254297651,0.003510539567412797,0.7178886148351283,0.7188020513355746
LM,0.25,boundary,512,319,49.201225731862735,43,0.7982142164348238,0.0035524098011066206,0.8004652114736002,0.8072421097864857,0.7153489926792648,0.0035518611579340945,0.7175847817470844,0.7184969052532693
LM,0.25,boundary,512,320,49.355461549203994,43,0.8002103157333715,0.003636083210135266,0.7999417765873638,0.8067083868018708,0.7176133059303607,0.003635556199123172,0.7172934454265938,0.7182042523541883
LM,0.25,boundary,512,321,49.50969736654526,43,0.7978846594895646,0.0035336489429979323,0.7994312994968997,0.8061876337652172,0.7155319865111095,0.0035331158182343586,0.7170137040456492,0.7179231949346612
LM,0.25,boundary,512,322,49.66393318388652,43,0.7997098041033163,0.0035608272158363383,0.7989329738621511,0.8056790473611161,0.7175867463117968,0.0035602992119923883,0.7167447703721992,0.7176529489434227
LM,0.25,boundary,512,323,49.81816900122779,43,0.7975812107371203,0.0033938964808226837,0.7984460884949867,0.8051819187386097,0.7157156392933651,0.003393371964492734,0.716485951153599,0.7173928235930693
LM,0.25,boundary,512,324,49.972404818569046,43,0.7973391995342549,0.003348507086616613,0.7979700110892701,0.8046956174179684,0.7156594159304317,0.0033479691944412744,0.7162366310286462,0.7171422054533787
LM,0.25,boundary,512,325,50.126640635910306,43,0.7964354384981529,0.0034250722850225645,0.7975041754014376,0.8042195786079587,0.7149097242723905,0.003424533825615937,0.7159962598519369,0.7169005459159554
LM,0.25,boundary,512,326,50.28087645325157,43,0.7951494970557484,0.0035964811099803507,0.7970480710505545,0.8037532931088355,0.7138481527149274,0.0035959548559632596,0.7157643426086876,0.716667351214894
LM,0.25,boundary,512,327,50.43511227059283,43,0.7919409086843436,0.0034557460399507324,0.7966012353227169,0.8032962991922156,0.7108710428449216,0.0034552127961161813,0.7155404313116791,0.7164421744016011
LM,0.25,boundary,512,328,50.5893480879341,43,0.7893338504696198,0.003521074197055807,0.7961632465218251,0.8028481760056374,0.7085216636466053,0.003520555016864256,0.7153241184274152,0.7162246088267679
LM,0.25,boundary,512,329,50.74358390527536,43,0.78914812224595,0.0035166437876285156,0.7957337185236428,0.8024085381637481,0.7085760066564841,0.003516155586001142,0.7151150314922025,0.7160142827953144
LM,0.25,boundary,512,330,50.897819722616624,43,0.7924543108960572,0.003511096614089077,0.7953122962743937,0.8019770312715793,0.7120992586493917,0.003510592094900734,0.7149128286622688,0.7158108551426863
LM,0.25,boundary,512,331,51.052055539957884,43,0.794508380355653,0.003385769790567698,0.7948986520373862,0.801553328186807,0.7143878460212645,0.0033852617282923297,0.7147171950035864,0.7156140115416181
LM,0.25,boundary,512,332,51.20629135729914,44,0.794316772832166,0.0033929096701841212,0.7944924822373075,0.8011371258733297,0.7144107205724661,0.0033924032673056203,0.7145278393727088,0.7154234613933905
LM,0.25,boundary,512,333,51.36052717464041,44,0.7921114991975335,0.003344066782548169,0.7931987716696081,0.7998335578266494,0.7124179476769287,0.0033435356338771477,0.7134593491629115,0.714354324512805
LM,0.25,boundary,512,334,51.51476299198167,,0.79214554752109,0.003328486005934177,0.7920613492925533,0.7986867622895121,0.7126819722965705,0.0033279478051981785,0.7125443693162957,0.7134390987665006
LM,0.5,changed,512,0,0.0,16,2.7504549694096445,2.196416904601069e-17,2.750454969409644,2.7450987593029637,0.0,0.0,0.0,0.0
LM,0.5,changed,512,1,0.1542358173412625,18,2.460599443338773,0.005014134610358156,2.4566416672645843,2.430462834276279,0.09996833672565965,0.0021549584957859277,0.10164520714339638,0.1015802250383127
LM,0.5,changed,512,2,0.308471634682525,19,2.230364847991015,0.005985945845495675,2.222795554040167,2.1838527611152174,0.17535077933293577,0.0035461465332362577,0.1752952325918168,0.17512899946499827
LM,0.5,changed,512,3,0.4627074520237875,20,2.0392765565004076,0.005925644879961501,2.039387506608611,1.9931826928123944,0.22933691093347447,0.003826141332640935,0.2332671330048258,0.23299617206877357
LM,0.5,changed,512,4,0.61694326936505,21,1.8931260209845493,0.006419380550212844,1.8934881355003959,1.8437294385787704,0.27944196532050114,0.00479932334637527,0.2792743554164645,0.27891144839626525
LM,0.5,changed,512,5,0.7711790867063124,22,1.7759501967471771,0.00645192964987861,1.7756794346939233,1.7248289387634255,0.3167307181476373,0.005147725939478948,0.31606862512553435,0.3156337597566659
LM,0.5,changed,512,6,0.925414904047575,23,1.6785243589606582,0.0061578915161603675,1.6790770502399726,1.628735278829453,0.34567375070233847,0.005115516340753422,0.3457015695935931,0.3452165903690052
LM,0.5,changed,512,7,1.0796507213888373,24,1.5948723108576799,0.005951604892912824,1.5986278241754202,1.5498029447530082,0.369027816801327,0.005134005517514023,0.3697132840547751,0.3691989416901942
LM,0.5,changed,512,8,1.2338865387301,24,1.5303592911039448,0.0057951967259384785,1.5306048482929264,1.4839006427404515,0.3920540219648193,0.00514443820848627,0.38926851425566206,0.38874302517522136
LM,0.5,changed,512,9,1.3881223560713625,25,1.46878646135016,0.00548235780283741,1.475152794190019,1.4308932634149851,0.40372950268650853,0.004925179403622766,0.4080131936409972,0.4074899151708792
LM,0.5,changed,512,10,1.5423581734126248,26,1.4176927745574752,0.0053886347159694675,1.4265877193273084,1.38492049029677,0.41520842949289355,0.0049228675060746145,0.4232046904012069,0.42269467685202083
LM,0.5,changed,512,11,1.6965939907538874,27,1.37630363643705,0.00528477126093311,1.383538767038747,1.344492200888004,0.4282451847788382,0.004879509003802948,0.4355390323160425,0.43505150085362976
LM,0.5,changed,512,12,1.85082980809515,28,1.3366345390042347,0.00520736854069765,1.344963234088796,1.3084891303180943,0.43680797164167345,0.004860604191111289,0.4455533854048088,0.4450956489497305
LM,0.5,changed,512,13,2.0050656254364125,28,1.3034774130597657,0.004924622074966622,1.3100610381933904,1.27606387670149,0.4478325794499953,0.004620380109013877,0.45366618348108645,0.4532437888850746
LM,0.5,changed,512,14,2.1593014427776747,29,1.2802107003070664,0.005097359349887455,1.280341329522718,1.2486944538744402,0.4621055414004036,0.004853530125881145,0.46224934051047284,0.46186497305199303
LM,0.5,changed,512,15,2.3135372601189372,30,1.2519834463128272,0.004965739810395557,1.252692202421493,1.2232584734365637,0.4682474192077357,0.004762954254663626,0.46904629553586596,0.468701912868974
LM,0.5,changed,512,16,2.4677730774602,30,1.2226041076633316,0.004933674788721762,1.2268526352907905,1.1994902693702683,0.47015314126454344,0.004760363745879702,0.4743827889153957,0.47408002439931757
LM,0.5,changed,512,17,2.6220088948014624,31,1.201492916533474,0.0048537959522674395,1.2044586635813714,1.1790239665580198,0.4776442656402847,0.004701114643913722,0.48029901520894236,0.4800379149466727
LM,0.5,changed,512,18,2.776244712142725,32,1.1792123956122795,0.004946910933961457,1.1830518081431842,1.1594079243312672,0.4809004331206266,0.004813613071287591,0.48480408409875075,0.4845847071420451
LM,0.5,changed,512,19,2.930480529483987,32,1.162594774660084,0.0047256630866956036,1.1625833108412773,1.1406003207906066,0.4883573706418438,0.004602257578011647,0.48815876474114195,0.48798135881156113
LM,0.5,changed,512,20,3.0847163468252496,33,1.1423086414219845,0.004660045002615925,1.14462705093932,1.124180808583498,0.4902571817744299,0.004548786467181585,0.4921394050584643,0.492003162846407
LM,0.5,changed,512,21,3.238952164166512,33,1.125717071211458,0.004532480908627724,1.127134301722286,1.1081106737719257,0.4934153273143205,0.004430834474941007,0.4949800688882514,0.4948844159629837
LM,0.5,changed,512,22,3.393187981507775,34,1.1078627140418282,0.004465340256825864,1.111669788772179,1.0939616284048337,0.49496060983234247,0.004373035995088539,0.498375007843462,0.4983187468367432
LM,0.5,changed,512,23,3.5474237988490374,35,1.0939454621272025,0.004469394434032223,1.0963761693564624,1.0798861049022683,0.4986808019755853,0.004384675912162175,0.5006793264993923,0.5006616903857273
LM,0.5,changed,512,24,3.7016596161903,35,1.0813735447658699,0.004318774009468041,1.0813366102670292,1.065975605089713,0.5023259695962772,0.004240438799477966,0.5021038323699258,0.5021244786254977
LM,0.5,changed,512,25,3.855895433531562,36,1.0715666389459322,0.00434966006800615,1.0679624517450512,1.0536477011127432,0.5078883067469926,0.004279889952139275,0.5041302374969345,0.5041881072786377
LM,0.5,changed,512,26,4.010131250872825,36,1.056355719214007,0.004359592207206705,1.0546249990836718,1.0412816894065566,0.5068261031813557,0.004296125210994739,0.5052766394838342,0.5053709418379967
LM,0.5,changed,512,27,4.164367068214087,37,1.0482106124470627,0.004438236551875171,1.0426966318709914,1.0302555641947908,0.5121796249039852,0.00438103086039204,0.5069610913092018,0.5070905598228765
LM,0.5,changed,512,28,4.318602885555349,37,1.0341281559141235,0.00433877018009931,1.030670190773043,1.019069080853709,0.5111515697955646,0.0042848775092433865,0.5077948107266607,0.5079585445463703
LM,0.5,changed,512,29,4.472838702896612,38,1.0251267966704511,0.004507301109649783,1.0198672710292846,1.0090486584294505,0.5141765542026222,0.004458692463993658,0.5091284960979889,0.5093252113555136
LM,0.5,changed,512,30,4.6270745202378745,38,1.0139600398459239,0.004294328353162257,1.0088810520235816,0.9987933130017601,0.5144228993510701,0.004248337630381793,0.5096528699428472,0.5098816573190424
LM,0.5,changed,512,31,4.7813103375791375,39,1.0063207809640087,0.00427724615836879,0.9989779910760884,0.9895735406277657,0.5178634580737728,0.004234626587210665,0.5106521049500231,0.5109117079936363
LM,0.5,changed,512,32,4.9355461549204,39,0.994572860695148,0.004218815046669812,0.9888372390155826,0.9800733509993051,0.5164416588437718,0.004179078737030212,0.5108871654327215,0.5111766828517056
LM,0.5,changed,512,33,5.089781972261662,40,0.9773377923007162,0.003952570988100746,0.979669543311723,0.9715068218771529,0.5093531601519972,0.003912854734457241,0.5115785380153617,0.5118967398856376
LM,0.5,changed,512,34,5.244017789602925,40,0.9673134975869198,0.0037463933849961484,0.970229626486879,0.9626326876805829,0.508782266857739,0.0037078447676182676,0.5115505871624794,0.5118965749853887
LM,0.5,changed,512,35,5.398253606944187,41,0.9610038431029705,0.003779927138818942,0.96167383539208,0.9546100148051192,0.511575211108764,0.0037446793177912828,0.5119637346669478,0.5123362970427925
LM,0.5,changed,512,36,5.55248942428545,41,0.9499508770422058,0.003769750008956691,0.9528244893131731,0.9462644181801239,0.5091060325481382,0.0037367292878007306,0.5117003282983108,0.512098564952529
LM,0.5,changed,512,37,5.706725241626712,42,0.9386789486538809,0.0036768115401817473,0.9447857390419516,0.9387022545595418,0.5061406939056495,0.003644973317528747,0.5118645366423434,0.5122872514216894
LM,0.5,changed,512,38,5.860961058967974,42,0.9343974355484566,0.003863154044860267,0.9364410946133235,0.930809731936009,0.5096475389564316,0.003834628565275223,0.5113921735513598,0.5118384657674414
LM,0.5,changed,512,39,6.015196876309237,43,0.9250495379171106,0.003677681469727111,0.9288450965713599,0.9236431714061103,0.5079154394783867,0.0036489800465593146,0.5113348812880013,0.5118035727810014
LM,0.5,changed,512,40,6.169432693650499,43,0.9190864179600304,0.003715914810539138,0.9209371162105247,0.9161441474471115,0.5091670973828804,0.0036895970278025695,0.5106780367727378,0.5111682328522287
LM,0.5,changed,512,41,6.323668510991762,44,0.9103542202046248,0.003719590522704416,0.9137247824643933,0.9093217207821754,0.5074956324815354,0.003694802082504168,0.5104242788800901,0.5109348261680313
LM,0.5,changed,512,42,6.477904328333024,44,0.9072388901982498,0.0038874259938195834,0.9061987790742749,0.9021683708940141,0.5111984430237937,0.0038650412506416433,0.5096050967951373,0.5101351157020355
LM,0.5,changed,512,43,6.632140145674287,45,0.9002457938154105,0.0036861514563798895,0.8993224956611944,0.8956486355459992,0.5107527264557054,0.0036636197334415877,0.5091774018939874,0.5097257722937751
LM,0.5,changed,512,44,6.78637596301555,45,0.8915963456820002,0.003757378145285842,0.8921339735932448,0.8888020176016238,0.508309735995534,0.003736224968204618,0.5082156996768765,0.5087815667638181
LM,0.5,changed,512,45,6.940611780356812,46,0.883583608224616,0.003445253781076737,0.885554938738291,0.8825511619863866,0.5062594199457098,0.0034233195924788153,0.5076341961299573,0.5082164813920161
LM,0.5,changed,512,46,7.094847597698075,46,0.8749881671485822,0.003335910545103874,0.8786673052469179,0.8759791709804401,0.5034149008825601,0.003314154845560913,0.5065476093205661,0.5071454915829413
LM,0.5,changed,512,47,7.249083415039337,46,0.8686767100106774,0.0032009545717180897,0.8723535806152647,0.8699692873423507,0.5025745177619585,0.0031790575959821797,0.5058302180494822,0.5064426675888845
LM,0.5,changed,512,48,7.4033192323806,47,0.8634031853791543,0.003167415864716942,0.866521783918623,0.8644300913883876,0.5026265447478495,0.003146236276595182,0.505402686311736,0.5060284525071345
LM,0.5,changed,512,49,7.557555049721862,47,0.8559319808448833,0.0031299685292504637,0.8603156725184786,0.8585063817600246,0.5004215127698262,0.00310961528353648,0.5044370158087704,0.5050752614033952
LM,0.5,changed,512,50,7.711790867063124,48,0.8542433261093356,0.0032868167471376266,0.8545960274209523,0.85305956017095,0.5037483761575294,0.003268290572317071,0.5037844161700267,0.5044342030806335
LM,0.5,changed,512,51,7.866026684404387,48,0.8499499817955262,0.0033250879534213037,0.8485351543426298,0.8472626906476317,0.5043506127581275,0.0033075219449989557,0.5026431369323083,0.5033038169330684
LM,0.5,changed,512,52,8.02026250174565,49,0.8466124767037534,0.003256460846877528,0.8429523102536178,0.8419354736216553,0.5056638988031117,0.0032392052902847604,0.5018228490904271,0.5024936117342362
LM,0.5,changed,512,53,8.174498319086911,49,0.8409669066864326,0.003191390429050272,0.837050310277657,0.8362813038484079,0.5047308979599707,0.0031747460847714325,0.5005502430941431,0.5012305153214779
LM,0.5,changed,512,54,8.328734136428174,49,0.8322366050302591,0.002996286325906726,0.8316120807788303,0.8310834449612169,0.5004480625312273,0.0029790655080985545,0.49959869166749793,0.5002877226247076
LM,0.5,changed,512,55,8.482969953769437,50,0.8271001580829928,0.003006962106878781,0.8265628488693523,0.8262672753622629,0.49971310340236463,0.002990302064811111,0.498901334847066,0.4995981763537413
LM,0.5,changed,512,56,8.637205771110699,50,0.8231731283145082,0.0030030168090747996,0.8211533438471379,0.8210840857434796,0.5000008942582915,0.002987356968240145,0.49773002376970576,0.4984340851130747
LM,0.5,changed,512,57,8.791441588451962,51,0.8189137998077876,0.002996973954821428,0.8161461930437622,0.816296831482725,0.4998765377859351,0.0029817725030890055,0.4968373960519924,0.4975479933241979
LM,0.5,changed,512,58,8.945677405793225,51,0.8129903095961465,0.00298458841741012,0.8108139248037886,0.8111784194460814,0.4980422830683624,0.0029699670747744575,0.49551570410870116,0.4962324019912735
LM,0.5,changed,512,59,9.099913223134486,51,0.8061245228829504,0.002954222971271113,0.8058833365003575,0.8064558696441113,0.495051367946363,0.0029399577598806987,0.494482050989518,0.4952042664499989
LM,0.5,changed,512,60,9.254149040475749,52,0.8026372061051138,0.00294616136130041,0.8012897537551622,0.8020645287521887,0.4953331214307425,0.002932509929375877,0.4936776427236287,0.49440461611687775
LM,0.5,changed,512,61,9.408384857817012,52,0.7964215348215101,0.0028890727059422403,0.7963451055532443,0.7973167081199126,0.49282020159376966,0.002875647933168853,0.4924321414649011,0.493163442418559
LM,0.5,changed,512,62,9.562620675158275,53,0.7951410407334415,0.00300189598856828,0.7917559841627286,0.7929192343447233,0.4951491077791177,0.002989681236970343,0.49144234073161097,0.4921774502377546
LM,0.5,changed,512,63,9.716856492499536,53,0.7907077905122633,0.0030336471551584854,0.7868522595776173,0.7882022127863623,0.49422921507726314,0.003022201994286422,0.4900548270280789,0.4907934506252432
LM,0.5,changed,512,64,9.8710923098408,53,0.7841919755545067,0.0030436315240379807,0.7823076609854186,0.783839526145164,0.49112198408856317,0.003032738818776109,0.48893391726835655,0.48967561892389844
LM,0.5,changed,512,65,10.025328127182062,54,0.7795509192092106,0.003018747278457347,0.7780639673023931,0.7797729005594959,0.48978791341109157,0.003008157310931516,0.48802592083359014,0.4887700953758574
LM,0.5,changed,512,66,10.179563944523323,54,0.7770798502469815,0.002996945187897211,0.7734855720305852,0.7753669988861062,0.49053855563411963,0.0029866706983339704,0.48671042803374653,0.4874567695321014
LM,0.5,changed,512,67,10.333799761864586,54,0.7694918343298982,0.0029432247064078315,0.7692278025392305,0.7712773351288725,0.4861394402570566,0.002933047003595936,0.48563340527978427,0.48638152097804926
LM,0.5,changed,512,68,10.48803557920585,55,0.7648363565115109,0.0029554876348691227,0.7652397561750248,0.7674529601308657,0.4845651718846543,0.002945850315185438,0.48474779640387833,0.4854971577263492
LM,0.5,changed,512,69,10.642271396547113,55,0.7600407262344926,0.002838345995533014,0.760913139478971,0.7632858218019019,0.4827926988854603,0.002828566917008856,0.4834592833956384,0.484209662948219
LM,0.5,changed,512,70,10.796507213888374,55,0.7559935554926371,0.002818673275484695,0.7568820822663634,0.7594102296880202,0.48163311508299766,0.002809218472576275,0.48239281638522635,0.48314390749374214
LM,0.5,changed,512,71,10.950743031229637,56,0.7503555747455921,0.0027908338780788713,0.7530998166822684,0.7557793547723798,0.47886651437236294,0.0027814874963005567,0.48150495715280023,0.4822563214210255
LM,0.5,changed,512,72,11.1049788485709,56,0.7465936216020839,0.0027293473620357716,0.7489818401238266,0.751808900325698,0.4779274116760798,0.002720084904526126,0.48022414867133756,0.48097563448857483
LM,0.5,changed,512,73,11.259214665912161,57,0.7434288380603642,0.002700922753123742,0.7451407473628731,0.7481116298019406,0.47755530680394964,0.0026921206358104677,0.4791540479774498,0.47990542245258216
LM,0.5,changed,512,74,11.413450483253424,57,0.7391248656498739,0.0026841848724144008,0.7410033664204653,0.7441144603735091,0.4759976225331807,0.002675462411351296,0.47773388575115144,0.4784850992106951
LM,0.5,changed,512,75,11.567686300594687,57,0.7379638668410247,0.002750792019531725,0.7371538381586007,0.7404016391600162,0.4774465878244587,0.00274251818628963,0.4765393057880306,0.4772901740624974
LM,0.5,changed,512,76,11.721922117935948,58,0.7327801189789283,0.0026478288108904516,0.7335448101299975,0.7369257045016108,0.47482982558070674,0.002639350553395753,0.4755257353157438,0.47627591489122034
LM,0.5,changed,512,77,11.876157935277211,58,0.7307396760476619,0.0027054183824976362,0.7296294549980287,0.7331399731381045,0.47529274917979936,0.0026973291841711914,0.4741578286949692,0.47490722203413016
LM,0.5,changed,512,78,12.030393752618474,58,0.7295700745285267,0.002800071887344952,0.7259761402965954,0.7296129645360013,0.4766055479962337,0.0027925327710142858,0.47299564831819274,0.4737440706743061
LM,0.5,changed,512,79,12.184629569959737,59,0.7226736982817799,0.002672411742985442,0.722542572558254,0.7263023018314978,0.47214329961594703,0.0026646942182603282,0.4719993268534807,0.4727464647123598
LM,0.5,changed,512,80,12.338865387300999,59,0.7187208489922319,0.0026484726887100124,0.7188032451111686,0.7226826211505712,0.47054776321841685,0.002640880410548177,0.4706540794731261,0.47139987059514676
LM,0.5,changed,512,81,12.493101204642262,59,0.7129632657281911,0.0026121098274029947,0.715308936803991,0.7193048606180221,0.46711252500656825,0.00260466539230997,0.46950262785538643,0.470246931933918
LM,0.5,changed,512,82,12.647337021983525,60,0.7088174180313808,0.0025531136172630615,0.7120202518843839,0.7161295434611744,0.4652508089079724,0.002545778218796598,0.4685077314966184,0.46925028559300364
LM,0.5,changed,512,83,12.801572839324786,60,0.7057885632427511,0.002520581532872123,0.708430541879451,0.7126501500718972,0.46448800079261887,0.0025134000949685736,0.46717280529955185,0.4679135886025568
LM,0.5,changed,512,84,12.955808656666049,60,0.7030267768057863,0.002418400685479551,0.705072883609247,0.7093999151698525,0.4639085542085426,0.0024110584564249345,0.4660231354145151,0.4667620492854686
LM,0.5,changed,512,85,13.110044474007312,61,0.7021113794130418,0.0025540956363363054,0.7019098948232312,0.7063413739043655,0.4651494243441813,0.002547276626859085,0.4650232745963815,0.4657600989563102
LM,0.5,changed,512,86,13.264280291348573,61,0.6973074918279589,0.002466320806364566,0.6984522995381661,0.7029853649766653,0.4625187280377695,0.0024595077671331115,0.46369342529488233,0.4644281712699264
LM,0.5,changed,512,87,13.418516108689836,61,0.6924154041374486,0.0025294112566700286,0.6952159490349374,0.6998478954143598,0.45968331141727237,0.0025229810508319507,0.462541917778333,0.4632745180915291
LM,0.5,changed,512,88,13.5727519260311,62,0.6919907431444488,0.0026325734165932174,0.6921650702139208,0.6968931086402341,0.46128876859089074,0.002626475304605419,0.4615347289512568,0.4622649960898838
LM,0.5,changed,512,89,13.726987743372362,62,0.6879763840550267,0.002528850435711187,0.6888266771550986,0.6936481214406216,0.459270794188131,0.002522732296072779,0.4602078246613859,0.46093579246297156
LM,0.5,changed,512,90,13.881223560713623,62,0.6838029243684315,0.0025289615854877214,0.6857000626063503,0.6906123807353768,0.45708515487005696,0.002523086138364993,0.4590532426537637,0.459778866720878
LM,0.5,changed,512,91,14.035459378054886,63,0.681090105607459,0.002561597565418928,0.682750847330202,0.6877514240671663,0.4563170117241537,0.002556023873093516,0.45803819533946355,0.45876131297482653
LM,0.5,changed,512,92,14.18969519539615,63,0.6781898485281055,0.0024601001205469064,0.6795214428724871,0.6846077557505863,0.45534221575247413,0.002454390797532564,0.4567135678949766,0.45743422913708454
LM,0.5,changed,512,93,14.34393101273741,63,0.675197667395158,0.0024754154496818984,0.6764952959681865,0.681664975480341,0.45421990121985334,0.002469957168714357,0.45555581116686417,0.4562739886621897
LM,0.5,changed,512,94,14.498166830078674,63,0.6721680051329784,0.002454592325684675,0.6736392860129065,0.6788898804014787,0.4530476320867781,0.0024492063426395975,0.4545332589956108,0.45524880954110925
LM,0.5,changed,512,95,14.652402647419937,64,0.6691499631897186,0.0024487416940626766,0.6709281933146698,0.6762572430614451,0.4518097063842309,0.002443420444210541,0.45362198057288744,0.45433471581235174
LM,0.5,changed,512,96,14.8066384647612,64,0.6642264896412291,0.002407210450408321,0.6679248620326506,0.6733300344118595,0.4486453253597951,0.0024018867390825467,0.4523926995201851,0.453102677549112
LM,0.5,changed,512,97,14.960874282102461,64,0.6625037713112694,0.0023189922174668472,0.6651017933175222,0.6705809327458867,0.44866321845645996,0.0023135560050432406,0.451311104858679,0.45201832997074975
LM,0.5,changed,512,98,15.115110099443724,65,0.6599916906936449,0.0023609429441769957,0.6624301796950625,0.667981060900503,0.44787316944302724,0.002355655999662798,0.4503496408303927,0.45105401468312606
LM,0.5,changed,512,99,15.269345916784987,65,0.6574153255396116,0.0023065390738618618,0.6594833339983192,0.665103811138877,0.44700380200927137,0.002301178244433895,0.44908916223012796,0.4497907878792389
LM,0.5,changed,512,100,15.423581734126248,65,0.6542594378705656,0.002296826640986711,0.656716829686642,0.6624049078899596,0.4455158433832439,0.0022916868100765595,0.44797871359408425,0.44867761855625476
LM,0.5,changed,512,101,15.577817551467511,66,0.6507916383815311,0.0023665985555022715,0.6541011442351954,0.6598547459837875,0.4436766087816318,0.0023617714182366926,0.4469899520554246,0.44768605063320643
LM,0.5,changed,512,102,15.732053368808774,66,0.6468513114975074,0.0023138655682636653,0.6512215101132796,0.657038623098527,0.4413375009791918,0.002309047141289157,0.4457153106287247,0.446408704922938
LM,0.5,changed,512,103,15.886289186150035,66,0.6460966051527814,0.0023382522020469077,0.64851872665975,0.6543974840440049,0.44213928270104963,0.002333654850212599,0.4445893080918732,0.44528002301023734
LM,0.5,changed,512,104,16.0405250034913,67,0.6440537614706578,0.002373905390502464,0.6459635762856923,0.6519020287813262,0.44169201429099725,0.0023695128879750154,0.4435838280612652,0.44427177725651423
LM,0.5,changed,512,105,16.19476082083256,67,0.6409905214112797,0.0023595192879277095,0.6431533814440881,0.6491496393319698,0.44016554144241693,0.002355259745602638,0.4423030665276176,0.4429883457952171
LM,0.5,changed,512,106,16.348996638173823,67,0.637319162250174,0.002343413746081672,0.6405153441366491,0.6465676619358471,0.4379614476947138,0.0023392686392378487,0.44116817397810204,0.4418508045793311
LM,0.5,changed,512,107,16.503232455515086,67,0.6332678036340817,0.0022540310536641947,0.6380209059682418,0.6441274582431716,0.43538573319875257,0.0022497698033616723,0.4401516177564061,0.44083151381388974
LM,0.5,changed,512,108,16.65746827285635,68,0.632592325955319,0.002286587970565727,0.6356483899446063,0.6418073378007499,0.43619651450450597,0.0022824036250405433,0.4392326190877739,0.43990965062342746
LM,0.5,changed,512,109,16.811704090197612,68,0.6310968254589384,0.0022424995045642084,0.6330119950831125,0.6392215935524268,0.4360828891439311,0.002238301683446351,0.4380318247211913,0.4387060766002426
LM,0.5,changed,512,110,16.965939907538875,68,0.6285968534654816,0.0022798569477398565,0.6305297724129236,0.636788441934441,0.4350029765739325,0.002275803728277998,0.4369613988276541,0.43763290440736535
LM,0.5,changed,512,111,17.120175724880138,69,0.6252493742530829,0.0022502308476770694,0.6281766659143503,0.6344827594909657,0.4330112659278299,0.00224619455490689,0.4359971807629004,0.4366658797445093
LM,0.5,changed,512,112,17.274411542221397,69,0.62385992398665,0.0022565474489335572,0.6255752840200905,0.6319272088729891,0.43305107920700664,0.0022526570785780576,0.4347679892411672,0.4354339978401449
LM,0.5,changed,512,113,17.42864735956266,69,0.6235568665988072,0.0022759196468170977,0.6231293632838008,0.6295256679650552,0.43411856016203243,0.002272163609306255,0.433671912344975,0.43433527693643165
LM,0.5,changed,512,114,17.582883176903923,69,0.6200242201496737,0.0022252827220930406,0.6208130730001973,0.6272522273830711,0.43187059793077387,0.0022215238209048493,0.4326839775119943,0.4333446420982357
LM,0.5,changed,512,115,17.737118994245186,70,0.6205310909981492,0.002324341473033633,0.6186068242586548,0.6250872810422202,0.43369316113071366,0.0023207583451604562,0.4317853437546653,0.432443208297654
LM,0.5,changed,512,116,17.89135481158645,70,0.6145085375363941,0.0022676882544781034,0.6161476136547099,0.622667904658246,0.4289411269261335,0.002264073670964588,0.4306188687834398,0.4312740332409001
LM,0.5,changed,512,117,18.045590628927712,70,0.6135093837842301,0.0022581259280823936,0.613830044625954,0.6203888579208479,0.429200680058132,0.002254559484288415,0.42957367175014477,0.43022618428247855
LM,0.5,changed,512,118,18.199826446268972,71,0.6109021857726402,0.002153475548248341,0.6116309221016099,0.618226877104583,0.4278443028157233,0.002149716749686046,0.42862731779864804,0.4292771355612087
LM,0.5,changed,512,119,18.354062263610235,71,0.60740439197433,0.002156342771716439,0.6091945632661316,0.615826321879535,0.42554456876670166,0.0021527500126735165,0.4274297878224086,0.4280770324726866
LM,0.5,changed,512,120,18.508298080951498,71,0.605838292944469,0.002218960810313619,0.6069021785039619,0.6135685362498875,0.42520667447772,0.002215521923381404,0.42635702856236635,0.4270017534764201
LM,0.5,changed,512,121,18.66253389829276,71,0.6034531869469041,0.002137654301368997,0.6047296483733808,0.6114293222217868,0.4239718179048183,0.0021341493162282924,0.4253856567411398,0.4260278169405233
LM,0.5,changed,512,122,18.816769715634024,72,0.6012802002412857,0.0021050063937054476,0.6026587058987536,0.6093903926315662,0.4229756386965463,0.0021014926228910694,0.4244980427659376,0.42513755025733124
LM,0.5,changed,512,123,18.971005532975287,72,0.5997240088681043,0.00214598985581437,0.600346788510265,0.6071092525827233,0.4225863733641797,0.0021426000951656745,0.42335698650204734,0.42399394125577616
LM,0.5,changed,512,124,19.12524135031655,72,0.5992308611290703,0.002183468522647244,0.5981666723795199,0.604958826280177,0.4232830502395982,0.002180216267977673,0.4223301519080822,0.42296460366650884
LM,0.5,changed,512,125,19.27947716765781,73,0.5972871850587709,0.002251123996118206,0.5960966027954904,0.6029172906893326,0.42250386255642064,0.002248041950684277,0.42139644024327516,0.4220283519597064
LM,0.5,changed,512,126,19.433712984999072,73,0.5953429520021913,0.0022521548560698445,0.5938006045753303,0.6006487045892612,0.42169240649468953,0.0022491500121111516,0.4202250701363165,0.42085455984788855
LM,0.5,changed,512,127,19.587948802340335,73,0.5929599589507834,0.0022339072425398695,0.5916390557619919,0.59851357262968,0.42044312043541204,0.0022309243658498734,0.4191715090199276,0.419798629359808
LM,0.5,changed,512,128,19.7421846196816,73,0.589610215783555,0.0021999066125587795,0.5895892744585852,0.5964891354746366,0.418187722611602,0.002196921972862011,0.41821371479541636,0.4188384249344027
LM,0.5,changed,512,129,19.89642043702286,74,0.5871951753401232,0.002121975610501103,0.5876340989152475,0.5945582092235442,0.41682850898670243,0.0021189960304798926,0.4173350759568598,0.4179572939859858
LM,0.5,changed,512,130,20.050656254364124,74,0.5853377906436006,0.002081023434079901,0.5854496537337265,0.592396977073306,0.41601648996104135,0.002078070575601309,0.41621664705981193,0.4168364687615994
LM,0.5,changed,512,131,20.204892071705387,74,0.5832109532397161,0.0019922517717742725,0.5833885896535613,0.5903582297951245,0.4149382668335589,0.0019891885605858883,0.41520630625605937,0.41582377930335257
LM,0.5,changed,512,132,20.359127889046647,74,0.5808557184111285,0.0020010437284701077,0.5814304125492968,0.5884214056699062,0.41360143412934314,0.0019980614724162296,0.4142841317645861,0.41489922143838553
LM,0.5,changed,512,133,20.51336370638791,75,0.5789596702422197,0.002025460891312111,0.5795595940500369,0.586570957795667,0.412763356711656,0.0020225856501901287,0.4134350880921096,0.4140477237530785
LM,0.5,changed,512,134,20.667599523729173,75,0.5776468802501991,0.0022055881996804966,0.5774618741026223,0.5844926821986896,0.412485800484425,0.0022030119616302944,0.4123496276820461,0.4129599130709374
LM,0.5,changed,512,135,20.821835341070436,75,0.5758092388397726,0.002113797653098478,0.5754810550311757,0.582530517272728,0.41161387342809486,0.0021110941578648046,0.41136693289265946,0.4119749245692601
LM,0.5,changed,512,136,20.9760711584117,76,0.5732619615689365,0.0021745132011974397,0.5735977018501741,0.5806649598375546,0.4100381667750863,0.0021718971170140936,0.4104680946176774,0.4110737679397654
LM,0.5,changed,512,137,21.130306975752962,76,0.571587856863522,0.0021787116821832026,0.571502770294833,0.5785869883725261,0.4093577325958411,0.002176137474955848,0.40934865282204647,0.40995212483979215
LM,0.5,changed,512,138,21.284542793094225,76,0.5699423023983624,0.0022181896449466184,0.5695286641152202,0.5766291212822506,0.40871548058845797,0.0022157415715436286,0.4083365720049078,0.40893789745864717
LM,0.5,changed,512,139,21.438778610435484,76,0.5686428624019988,0.002212911947584361,0.5676547991970077,0.5747706974796541,0.40836508846731634,0.002210428592247303,0.4074117894121746,0.40801093535340316
LM,0.5,changed,512,140,21.593014427776748,77,0.568300314941212,0.002169201268961603,0.5658656242486478,0.5729961398981754,0.4089693064081139,0.002166754028690515,0.406559197669384,0.40715609191278945
LM,0.5,changed,512,141,21.74725024511801,77,0.5673855243381496,0.002163837920322098,0.5638626615305851,0.5710070172873118,0.40898988638569134,0.002161463046330747,0.4054846875983018,0.4060794210487657
LM,0.5,changed,512,142,21.901486062459274,77,0.5637218778541233,0.0020786103581568243,0.561971366704523,0.5691289125806095,0.40623520141826164,0.0020761936031470094,0.40450939759893867,0.40510201541458
LM,0.5,changed,512,143,22.055721879800537,77,0.5617834442455575,0.002111598076930523,0.5601730040725486,0.5673430229699592,0.4051915692781571,0.002109259892352049,0.4036150620518657,0.4042055325514765
LM,0.5,changed,512,144,22.2099576971418,78,0.5575996272151607,0.0020032051554589115,0.5584533972830471,0.5656351504988142,0.4019199123325523,0.0020008177789846713,0.402787905354677,0.40337616305266827
LM,0.5,changed,512,145,22.36419351448306,78,0.5546362757829856,0.002042663170012523,0.5565225322227002,0.5637153265324217,0.39983769912365186,0.002040365829094152,0.40174210316803516,0.40232824341200635
LM,0.5,changed,512,146,22.518429331824322,78,0.552578222908451,0.0019594206328788777,0.5546979726410275,0.56190123874753,0.3986492401450481,0.001957044265552173,0.40079103549553213,0.40137510928222986
LM,0.5,changed,512,147,22.672665149165585,78,0.5508118816206098,0.0019693373559748696,0.552961881287104,0.56017498282105,0.3977629636055311,0.001967034566769385,0.399917300287018,0.40049928326654954
LM,0.5,changed,512,148,22.826900966506848,79,0.5489249257811455,0.0019249006095574805,0.5513007665900447,0.5585230440269454,0.39671848404506244,0.0019226269613250141,0.3991077761000812,0.39968761010641235
LM,0.5,changed,512,149,22.98113678384811,79,0.5470956225630684,0.0018790106066446208,0.5494322879195761,0.5566631233240487,0.3957724352887113,0.0018766680539240872,0.3980841507149172,0.3986619333999439
LM,0.5,changed,512,150,23.135372601189374,79,0.5449832085988879,0.0019902900724540593,0.5476660808172324,0.5549049753672189,0.3944777193859914,0.0019880946208737753,0.3971520081605673,0.3977277928354057
LM,0.5,changed,512,151,23.289608418530637,79,0.544147471609379,0.0019524987746151125,0.5459849211698324,0.5532313085270217,0.3944452585257157,0.0019503218499587042,0.396294531211912,0.39686829684669783
LM,0.5,changed,512,152,23.443844235871897,80,0.5412451008768975,0.0019654399332668863,0.5443757897291661,0.5516290789823989,0.3923593568542875,0.00196331532931017,0.39549904551331694,0.39607073733621323
LM,0.5,changed,512,153,23.59808005321316,80,0.5405814626203361,0.0018790732383738816,0.5425635884742992,0.5498232270303958,0.3925149062661911,0.0018769231635332876,0.39449433169768255,0.3950640462755611
LM,0.5,changed,512,154,23.752315870554423,80,0.5377293957816385,0.0017974257691436531,0.5408502205574599,0.54811577067235,0.39045842124028596,0.0017951996999882392,0.39357836914437605,0.3941461591800006
LM,0.5,changed,512,155,23.906551687895686,80,0.5377033219764311,0.0019124308136815838,0.539218971635258,0.5464899281511638,0.3911909303029517,0.0019104019040436786,0.39273482572975094,0.3933006710342078
LM,0.5,changed,512,156,24.06078750523695,81,0.5358620962462243,0.0018434595283294785,0.5376572152539256,0.5449330475820399,0.390100906506477,0.0018413764448024692,0.39195139783742006,0.39251524500219465
LM,0.5,changed,512,157,24.21502332257821,81,0.5350782110533394,0.0019077426455453143,0.5358967764895539,0.543176989757949,0.3901153006729926,0.0019057493514636663,0.3909636488503748,0.3915255918855799
LM,0.5,changed,512,158,24.369259139919475,81,0.5332237949502165,0.0019042065895835299,0.5342320780791021,0.5415162884478449,0.3890301631176074,0.0019022887833349575,0.3900622002754785,0.3906222901252199
LM,0.5,changed,512,159,24.523494957260734,81,0.5304432780142858,0.001833615266770244,0.532646866334098,0.5399346229894297,0.3870116640246282,0.0018316209830897881,0.3892311585680528,0.38978937495259725
LM,0.5,changed,512,160,24.677730774601997,82,0.5288999135726327,0.0018360881296258463,0.5311288687243256,0.5384196948805656,0.3862275254874232,0.0018341335835472435,0.38845855431866116,0.38901484445814477
LM,0.5,changed,512,161,24.83196659194326,82,0.5288680810349022,0.0018972244982289742,0.5294165574318133,0.5367100098314876,0.3869475778308997,0.0018953320460795876,0.3874864659281325,0.38804092084976627
LM,0.5,changed,512,162,24.986202409284523,82,0.5293374211869164,0.001976749699837639,0.5277971352064106,0.5350928780511838,0.3881711956680486,0.0019749710326835484,0.3865984122405104,0.38715108080786287
LM,0.5,changed,512,163,25.140438226625786,82,0.5275079352541803,0.0019186535425919338,0.526254778414726,0.5335524095252522,0.3870539693824514,0.0019168559879044768,0.3857789097820235,0.3863297713382692
LM,0.5,changed,512,164,25.29467404396705,83,0.5241644481019738,0.0018568632291286213,0.5247775439375406,0.5320766347844659,0.3844200340337279,0.0018550417970621717,0.3850163007485293,0.3855653029016928
LM,0.5,changed,512,165,25.448909861308312,83,0.5207734522294759,0.001837025151126529,0.5231102983164595,0.5304104519810029,0.3816942129086516,0.0018352087855473302,0.38405893327692336,0.38460616401082015
LM,0.5,changed,512,166,25.60314567864957,83,0.519995779626454,0.0018175292236771057,0.5215332796465211,0.5288342032529998,0.38160363899907535,0.0018157226959965498,0.3831834738329528,0.3837289798805564
LM,0.5,changed,512,167,25.757381495990835,83,0.5209913878299434,0.0018835354449392948,0.5200310713549975,0.527332406318027,0.38330655930758806,0.0018818031004820062,0.3823748278006475,0.3829185880445661
LM,0.5,changed,512,168,25.911617313332098,84,0.5206586944798902,0.0018873429997817053,0.5185920413361222,0.5258934024470345,0.3836366028872321,0.0018856547856275553,0.381621632216832,0.3821635945627826
LM,0.5,changed,512,169,26.06585313067336,84,0.5167331767355384,0.0017901949046732122,0.5169672139702953,0.5242682459260816,0.38036469159328895,0.0017884152648566644,0.38067827526135634,0.38121852469512346
LM,0.5,changed,512,170,26.220088948014624,84,0.5159361581187478,0.0018213943597515314,0.5154301089779678,0.5227305572356182,0.38025773758669645,0.0018196261535922363,0.37981481247849014,0.38035339363165815
LM,0.5,changed,512,171,26.374324765355887,84,0.516148692749225,0.0019272437897972507,0.5139656976913102,0.5212652427250413,0.381146912367486,0.0019255875669434888,0.3790165205074209,0.3795534117816418
LM,0.5,changed,512,172,26.528560582697146,84,0.5141177477472587,0.00190239533356341,0.5125626437914508,0.5198609392653272,0.37977023560708556,0.0019007538299199338,0.3782723174237522,0.37880746698374346
LM,0.5,changed,512,173,26.68279640003841,85,0.5126907441622784,0.0018503339258735302,0.511212299203567,0.5185089949410648,0.37899687623008527,0.0018486457280789258,0.3775737718756971,0.3781071191827396
LM,0.5,changed,512,174,26.837032217379672,85,0.5107400548598933,0.0018137744727243059,0.5096736037570533,0.5169683909939502,0.377680736070227,0.0018121128533214973,0.37668304187219254,0.3772146724045499
LM,0.5,changed,512,175,26.991268034720935,85,0.5107081858873566,0.0018682097929319786,0.5082150305351114,0.5155077047836393,0.3783077324503038,0.0018666262252703234,0.3758652249083566,0.37639519075490047
LM,0.5,changed,512,176,27.1455038520622,85,0.5091994535135547,0.0018210245791937536,0.5068229995191522,0.5141132948521496,0.3774363488154113,0.0018194407488991275,0.37510701442518735,0.37563530545189905
LM,0.5,changed,512,177,27.29973966940346,86,0.5056096734822458,0.0017842369131041993,0.5054872634014103,0.5127748874356013,0.37448328863208363,0.0017826737998751828,0.374398391138837,0.3749249679900397
LM,0.5,changed,512,178,27.453975486744724,86,0.5045081568525576,0.0017863259049863934,0.503971123756187,0.5112558103567872,0.37400323791256984,0.0017847656028740723,0.3735057874485558,0.3740307407704143
LM,0.5,changed,512,179,27.608211304085984,86,0.5039264020793737,0.0017739307471184142,0.5025358136968886,0.5098173898752678,0.3740435713201657,0.0017723727634460942,0.3726871720494349,0.37321055245090007
LM,0.5,changed,512,180,27.762447121427247,86,0.501261656321748,0.0017970710655265607,0.5011673901954321,0.5084456179489947,0.37197826505777715,0.001795556503898199,0.37192887094111937,0.37245066433507856
LM,0.5,changed,512,181,27.91668293876851,87,0.5009860303890423,0.0018699960183914822,0.499855349723051,0.5071299624805723,0.3723424532152583,0.0018685935400577637,0.37122060335168083,0.37174076532164535
LM,0.5,changed,512,182,28.070918756109773,87,0.4992901956649032,0.001835887978989386,0.49836812585706763,0.5056388814212109,0.37124253244435457,0.0018344456137489179,0.3703338389821903,0.37085245165854674
LM,0.5,changed,512,183,28.225154573451036,87,0.4960713847472122,0.0018023397254873555,0.49696062481248443,0.5042273713266912,0.3686133667779513,0.001800885138013522,0.3695203175796269,0.37003742411337726
LM,0.5,changed,512,184,28.3793903907923,87,0.4954575518010101,0.0018490099848070282,0.4956190298150018,0.5028815517744469,0.36862419890932574,0.0018476476371722607,0.368766481456146,0.36928206236373073
LM,0.5,changed,512,185,28.533626208133562,87,0.494282401885136,0.0017627636324986777,0.4943329344739048,0.5015909885126287,0.36799965263077694,0.001761309121040029,0.36806213791925035,0.36857614479817186
LM,0.5,changed,512,186,28.68786202547482,88,0.4923155242661057,0.0017493174881446731,0.493094413741626,0.5003477502386793,0.36661305610900874,0.001747890518828127,0.3673995421548212,0.36791191790730254
LM,0.5,changed,512,187,28.842097842816084,88,0.4907505777389474,0.0017118295174980717,0.4916789329590724,0.4989273386640578,0.36560534908926284,0.001710401036494652,0.36655707259535264,0.36706789598135503
LM,0.5,changed,512,188,28.996333660157347,88,0.4898332228161563,0.0017170577979471382,0.4903367948792675,0.4975801510984508,0.36525089532377975,0.0017156378283185716,0.36578194408386827,0.36629126216450414
LM,0.5,changed,512,189,29.15056947749861,88,0.4884840769443415,0.0017451765595805741,0.48905542996117657,0.49629355853520435,0.36446108928532495,0.0017437996218966332,0.36506182084720556,0.3655696224259729
LM,0.5,changed,512,190,29.304805294839873,89,0.4866078061339332,0.001681208251993565,0.48782536531575593,0.4950580613442352,0.36314275291818,0.0016797876254388236,0.364387422962533,0.36489366942110096
LM,0.5,changed,512,191,29.459041112181136,89,0.4860730607158239,0.0017295419574319066,0.4864259097179592,0.49365299117057354,0.3631756619109632,0.001728198163304081,0.3635408990879972,0.36404567315652425
LM,0.5,changed,512,192,29.6132769295224,89,0.4856306822931586,0.0017353093253207434,0.48510078516948574,0.49232215459592116,0.363281497434109,0.0017339822547797626,0.3627629817642066,0.3632663285141792
LM,0.5,changed,512,193,29.76751274686366,89,0.4850431519804527,0.0018029876907928362,0.4838370456055048,0.4910525430873809,0.3632425609347017,0.0018017241453214745,0.3620409567453313,0.36254286082956055
LM,0.5,changed,512,194,29.921748564204922,89,0.4843215874840107,0.0018720001028674964,0.48262494809710343,0.4898343853089895,0.36305735046389853,0.0018708015519301598,0.36136527119355333,0.36186568893148086
LM,0.5,changed,512,195,30.075984381546185,90,0.4827483073208303,0.0018083574080508763,0.4814570793685937,0.48866026022159725,0.36201027642149985,0.001807133417115955,0.3607286712167534,0.3612275499101927
LM,0.5,changed,512,196,30.230220198887448,90,0.4808331924655058,0.0017531795598165782,0.4801190553210738,0.48731581710912975,0.36062604787705643,0.0017519438883225491,0.35991950475628515,0.36041692098981254
LM,0.5,changed,512,197,30.38445601622871,90,0.47822256723095996,0.0016522707457385945,0.47885011255103893,0.48604038090266555,0.35854871761815305,0.0016509931649592209,0.35917409341726353,0.3596700927795119
LM,0.5,changed,512,198,30.538691833569974,90,0.4775405371252309,0.0016780783942214061,0.47763832766776826,0.48482196991237936,0.3583698629298594,0.0016768183083624374,0.35848072515167334,0.3589752970949256
LM,0.5,changed,512,199,30.692927650911233,91,0.47618730146058863,0.0016628961741718038,0.4764747224672082,0.48365157901448064,0.3575321756558856,0.0016616570965436123,0.3578305950942031,0.35832370249249396
LM,0.5,changed,512,200,30.847163468252496,91,0.4748641434129878,0.0017040716207329804,0.4751484134670368,0.4823183457142771,0.35673030808595363,0.0017028677972762767,0.3570154869548221,0.3575072085179774
LM,0.5,changed,512,201,31.00139928559376,91,0.47288148634941163,0.0016942389066467772,0.47389242228613626,0.4810553708604701,0.3552407140621634,0.001693032152676295,0.356265598677673,0.35675597675503823
LM,0.5,changed,512,202,31.155635102935022,91,0.47254064556397934,0.0016994919305005128,0.4726944218337349,0.479850266560832,0.3554121285286981,0.001698301241590522,0.3555688140657472,0.3560578330774129
LM,0.5,changed,512,203,31.309870920276285,91,0.4722820377157612,0.0017464395152806493,0.4715451413644492,0.47869373389405073,0.3556410886528872,0.0017452852851888724,0.3549160342324958,0.3554036513900281
LM,0.5,changed,512,204,31.46410673761755,92,0.4713957529712208,0.0017164925107925715,0.470437532471485,0.4775787160678126,0.35524657550466565,0.001715328317772062,0.35430035395222037,0.35478651776131653
LM,0.5,changed,512,205,31.61834255495881,92,0.4691654419813725,0.0016781383930321578,0.4691666080575748,0.4763002574254467,0.3535221392042494,0.0016769542770357724,0.35351935553629604,0.35400413821033383
LM,0.5,changed,512,206,31.77257837230007,92,0.46974403723889463,0.001810624507141027,0.467961195157129,0.4750872681095702,0.35457469686979737,0.001809548260282848,0.3527991108063608,0.353282554744337
LM,0.5,changed,512,207,31.926814189641334,92,0.46947101430176813,0.0018356223065014447,0.46680991946516126,0.4739283172288416,0.3547852926137972,0.0018345615410291286,0.3521284382947699,0.35261053217725896
LM,0.5,changed,512,208,32.0810500069826,93,0.46803781790674825,0.0017867991485606169,0.4657042210384934,0.47281481829490096,0.35384293297631014,0.0017857010929863905,0.35149893526522147,0.351979642339624
LM,0.5,changed,512,209,32.23528582432386,93,0.4655091096604788,0.001766525757104241,0.46444235196194666,0.47154504316259416,0.35178490153292646,0.0017654079814284022,0.3507113649506407,0.35119075941936406
LM,0.5,changed,512,210,32.38952164166512,93,0.464593911838648,0.0017916007243453961,0.46324729754957933,0.4703420516830631,0.35133282202652083,0.0017905338030682696,0.3499860418695025,0.35046416302215033
LM,0.5,changed,512,211,32.543757459006386,93,0.4622359019615589,0.0017208132878948977,0.462107284806808,0.46919401197033506,0.3494245410551511,0.0017197450812618796,0.34931138624444225,0.3497882179419001
LM,0.5,changed,512,212,32.697993276347646,93,0.4602071316813414,0.001664192037359137,0.4610134636676665,0.46809204630369156,0.34785799498894887,0.001663097030433219,0.34867870456490824,0.34915420464202374
LM,0.5,changed,512,213,32.85222909368891,94,0.4583957847121839,0.0017067911830906282,0.4599591091134342,0.4670294209649568,0.3464975319246105,0.0017057259218609864,0.34808140146942157,0.34855551944442176
LM,0.5,changed,512,214,33.00646491103017,94,0.4578168909897209,0.0016666729641124003,0.4587480127293936,0.4658099574625468,0.34636752581238567,0.001665596880449995,0.34732569042747574,0.3477984943719469
LM,0.5,changed,512,215,33.16070072837144,94,0.4558114119399018,0.0016594597878900063,0.4575992460185875,0.4646528056583449,0.3447932766070295,0.0016583811215529647,0.3466280350166151,0.34709956435709033
LM,0.5,changed,512,216,33.3149365457127,94,0.45601286160030896,0.0017008603088038987,0.4565019367601632,0.46354703855004054,0.34543411246391975,0.0016997928749721523,0.34597774004936244,0.3464479827976469
LM,0.5,changed,512,217,33.46917236305396,94,0.4542473352593455,0.0016367060821755504,0.45544790601928686,0.46248445119507425,0.3440899079291451,0.0016355962141311716,0.34536677011589306,0.345835689952549
LM,0.5,changed,512,218,33.623408180395224,95,0.4545810521756721,0.00162581097077236,0.45443093338574514,0.46145881467068417,0.3448676739303803,0.001624717120147201,0.34478902374471887,0.34525657636390167
LM,0.5,changed,512,219,33.77764399773648,95,0.45343381590699927,0.001666540682786371,0.45325925692908925,0.4602783960450113,0.3441482996536829,0.00166550399489227,0.344055086882768,0.3445213436917385
LM,0.5,changed,512,220,33.93187981507775,95,0.45363705457006964,0.0016499184391868637,0.45214749861130343,0.4591578927908029,0.3448068674719573,0.001648877071036733,0.3433770419026075,0.34384204558257864
LM,0.5,changed,512,221,34.08611563241901,95,0.45158277611085373,0.0016234852132767086,0.45108517810068516,0.4580867700251447,0.3431689444483377,0.0016224329221345333,0.3427445760915432,0.3432083182952199
LM,0.5,changed,512,222,34.240351449760276,95,0.4513417722135254,0.0016418316679317592,0.45006441604558356,0.45705712201713833,0.3433751372274818,0.0016408062050806839,0.34214994564649404,0.3426123935286701
LM,0.5,changed,512,223,34.394587267101535,96,0.4507460165830683,0.001736835625404491,0.4490792238189014,0.45606295094822435,0.34321360671852347,0.0017358807418186664,0.34158727397734245,0.3420483862633009
LM,0.5,changed,512,224,34.548823084442795,96,0.4491283343454511,0.0016969732300061247,0.4479419556492872,0.45491663895791956,0.3420037982717951,0.0016960178161659104,0.3408711949195098,0.3413310431477295
LM,0.5,changed,512,225,34.70305890178406,96,0.44867973451552934,0.0017498310646718537,0.44686278415478853,0.45382843156568536,0.3419950907551389,0.0017489113740060142,0.3402094088047806,0.34066803589986816
LM,0.5,changed,512,226,34.85729471912532,96,0.4473999561628336,0.0017535956261534227,0.4458315031542699,0.45278806860414017,0.341128240781918,0.0017526940306074356,0.339591869563862,0.34004926814588643
LM,0.5,changed,512,227,35.01153053646659,97,0.4452540525667392,0.0017279407503030732,0.4448404439087825,0.451787855004169,0.3393768640591616,0.0017270529581050807,0.3390110375548787,0.3394671759890787
LM,0.5,changed,512,228,35.16576635380785,97,0.44334911471400473,0.0016601771574035527,0.4437045470926788,0.4506427488201127,0.33788557328100544,0.0016592491826215115,0.3382840880827006,0.3387390360317315
LM,0.5,changed,512,229,35.32000217114911,97,0.4430480741071693,0.0016950637566145485,0.4426286566037776,0.4495576594691028,0.33798822843358867,0.0016941671629609391,0.33761346697311234,0.33806726117069064
LM,0.5,changed,512,230,35.47423798849037,97,0.4406993961491534,0.0016025873992444,0.4416020696050341,0.44852182854224826,0.33604687544160994,0.0016016594453496207,0.33698863436991994,0.33744126012883835
LM,0.5,changed,512,231,35.62847380583163,97,0.4410959386518939,0.0016302761361347506,0.44061675125765737,0.447527194435439,0.3368575612836343,0.0016293791236234197,0.3364016860587776,0.33685310438854627
LM,0.5,changed,512,232,35.7827096231729,98,0.43965082115225307,0.0016108483136322283,0.439666605382249,0.4465676517203818,0.33581342615244236,0.001609921560053116,0.3358466328047687,0.33629679677245117
LM,0.5,changed,512,233,35.93694544051416,98,0.4373108055614834,0.0015816082460083094,0.4385714117662082,0.44546300759979157,0.333877416883998,0.0015806828133726899,0.33514541492340166,0.33559438651361034
LM,0.5,changed,512,234,36.091181257855425,98,0.43727513334322116,0.0016272515276803488,0.43753253942457093,0.4444147007481841,0.3342254145343915,0.0016263756929213045,0.33449705720469186,0.33494487169455
LM,0.5,changed,512,235,36.245417075196684,98,0.43741964736420663,0.0016327121677800294,0.436540052126412,0.4434127436099283,0.334762752761799,0.001631841119142258,0.3338917737211021,0.3343384190091788
LM,0.5,changed,512,236,36.399652892537944,98,0.43589687415669026,0.0016292768862617264,0.4355864831524621,0.44244964463276804,0.33362572312113614,0.0016284237189753356,0.3333222183161999,0.33376765985513634
LM,0.5,changed,512,237,36.55388870987921,99,0.43435574482906425,0.0016043306527296925,0.43466616090545895,0.4415197235068457,0.3324539524049605,0.001603468641179524,0.3327828181838393,0.333227014032426
LM,0.5,changed,512,238,36.70812452722047,99,0.4336979856739053,0.0015779951927124645,0.43360276622458327,0.4404466879884399,0.33217102817360755,0.0015771230752508099,0.33209935309050953,0.3325423678937939
LM,0.5,changed,512,239,36.862360344561736,99,0.4322827463684008,0.0016037338359129482,0.4325937316151461,0.43942803792952956,0.3311367520131605,0.0016028874832703024,0.3314669697791531,0.3319088415326851
LM,0.5,changed,512,240,37.016596161902996,99,0.4300777672863156,0.0015415149964233177,0.43162945291147004,0.4384541182310117,0.32929574633641634,0.0015406437237029504,0.3308762072261818,0.3313169269691418
LM,0.5,changed,512,241,37.17083197924426,99,0.4302268780156503,0.001532078407406384,0.4307027156760836,0.4375176894516204,0.3298203937851123,0.0015312067403607374,0.3303199655759494,0.33075950180769376
LM,0.5,changed,512,242,37.32506779658552,100,0.4300483285946593,0.0015418833826029773,0.4298080421737098,0.43661326467938727,0.33001223449272554,0.0015410108949140667,0.329792860779503,0.3302311742484273
LM,0.5,changed,512,243,37.47930361392678,100,0.4284570645499391,0.001516262027342348,0.42877273606166166,0.4355681736683601,0.3287896377283142,0.0015153743177995533,0.3291242383515248,0.3295613938476119
LM,0.5,changed,512,244,37.63353943126805,100,0.42680286552357843,0.0015184387433525974,0.4277902949588262,0.43457597916537066,0.3275051779995035,0.0015175709677321845,0.3285053677656691,0.32894140354831636
LM,0.5,changed,512,245,37.78777524860931,100,0.4256585911498836,0.0015578170040537256,0.4268513490920616,0.43362726106543115,0.32672237983209734,0.001556976529016213,0.3279270166924817,0.32836192471231407
LM,0.5,changed,512,246,37.942011065950574,100,0.42566681480508745,0.0016283197197513354,0.4259488630856368,0.4327149591297099,0.32707981230557015,0.0016275296556983883,0.3273822595081344,0.3278160093961371
LM,0.5,changed,512,247,38.09624688329183,101,0.42498293072382565,0.0015975213334336346,0.42507749770805936,0.4318337248256051,0.3267474693987402,0.0015967323594905302,0.32686584648447126,0.3272984000975755
LM,0.5,changed,512,248,38.2504827006331,101,0.42422710498888155,0.001564656245064794,0.42406803289534195,0.4308143637012348,0.3263579123032054,0.001563868207400248,0.326210545199244,0.3266419662680202
LM,0.5,changed,512,249,38.40471851797436,101,0.4228726272524636,0.0015640164033092578,0.42311012057779607,0.4298465909346222,0.3253558114596312,0.0015632555103173504,0.32560383521641767,0.32603416132209495
LM,0.5,changed,512,250,38.55895433531562,101,0.4206506119881201,0.00151131913047825,0.4221945958424831,0.42892119209838253,0.3234782757012705,0.0015105222258307825,0.32503668398405616,0.32546590724889984
LM,0.5,changed,512,251,38.713190152656885,101,0.42056436784557527,0.0014710133371516117,0.42131457935040717,0.4280312633197203,0.3237093193366246,0.0014701866203041397,0.32450231760527304,0.32493040822496355
LM,0.5,changed,512,252,38.867425969998145,102,0.41954509401355206,0.0014703216711431696,0.4204648522181846,0.42717157644873543,0.32304518795617143,0.0014694920380360329,0.3239956029647343,0.32442252347980305
LM,0.5,changed,512,253,39.02166178733941,102,0.4180938724005286,0.001517491169773671,0.4194795560564144,0.4261762983617636,0.32193713981722727,0.0015166935605373457,0.3233526174784044,0.32377843030656134
LM,0.5,changed,512,254,39.17589760468067,102,0.41854998522890985,0.0015269432599545616,0.41854460228945256,0.4252314020009409,0.3227312991109564,0.001526184513582384,0.3227571540041536,0.3231818958667114
LM,0.5,changed,512,255,39.33013342202194,102,0.41673251166335734,0.00149750372417792,0.4176510173058544,0.42432786510777154,0.32126160831911676,0.001496756105702733,0.3222003666052479,0.32262402964901116
LM,0.5,changed,512,256,39.4843692393632,102,0.41455308000597324,0.001451308419861645,0.41679206697629056,0.42345892939579255,0.31940603990097244,0.001450559993711219,0.3216756226323768,0.32209817750183667
LM,0.5,changed,512,257,39.638605056704456,102,0.4129903737391998,0.0014197035585561681,0.41596264400774235,0.4226194783830748,0.31818280535201166,0.0014189420364661277,0.3211778971354944,0.3215993069653433
LM,0.5,changed,512,258,39.79284087404572,103,0.4134703291179909,0.0014543169940781058,0.4151588292594205,0.42180559243737537,0.3189820785775484,0.0014535697318693254,0.32070333923944194,0.32112356768232364
LM,0.5,changed,512,259,39.94707669138698,103,0.41305713675175265,0.0015159345643004588,0.4142189007903133,0.4208555793064892,0.31891215895716696,0.0015152280432317792,0.32009210065361826,0.3205112135334377
LM,0.5,changed,512,260,40.10131250872825,103,0.412339148460512,0.0015185126979944885,0.4133257757488038,0.4199524180852919,0.3185239457849779,0.0015178240564637597,0.3195250264023799,0.31994306613265133
LM,0.5,changed,512,261,40.25554832606951,103,0.41228248898280495,0.001580578310872811,0.4124711448780375,0.41908775238696805,0.31878257934957965,0.0015799084044922748,0.31899392454047776,0.3194108902643843
LM,0.5,changed,512,262,40.409784143410775,103,0.4117533279148356,0.0015506664620026087,0.4116487745986869,0.41825532466566917,0.3185838092924599,0.0015499912168422704,0.31849265470337657,0.3189085241386671
LM,0.5,changed,512,263,40.564019960752034,104,0.40991893569406673,0.0014941444878185553,0.41085393860813435,0.417450398899104,0.31708259715636855,0.0014934519099770833,0.3180165662074318,0.3184313089847851
LM,0.5,changed,512,264,40.718255778093294,104,0.40826127009770985,0.0014527249823597609,0.40992741343055217,0.4165137755604056,0.31573168193420564,0.0014520213319626774,0.31740826931967653,0.3178219503100911
LM,0.5,changed,512,265,40.87249159543456,104,0.4080935448962494,0.0014726556728068632,0.40904810449781404,0.4156244174667899,0.3158578220849327,0.001471950410198972,0.3168446527847336,0.3172573111893934
LM,0.5,changed,512,266,41.02672741277582,104,0.40778615480370645,0.0014489324319443176,0.40820752464510224,0.41477378976354395,0.31585976965571483,0.0014482309993963116,0.3163173467562885,0.31672897812101114
LM,0.5,changed,512,267,41.18096323011709,104,0.40612459054977806,0.0014685441635188161,0.40739931253951256,0.41395550706358397,0.3145122453345858,0.0014678624685379746,0.31582008270970696,0.31623066121349686
LM,0.5,changed,512,268,41.335199047458346,105,0.40530835638783413,0.0014252275026508372,0.40661865018533006,0.4131647418118414,0.3140217449949174,0.0014245236067300725,0.31534811757241143,0.31575760959378774
LM,0.5,changed,512,269,41.48943486479961,105,0.4034009398962945,0.0014854795777275477,0.40570923810489,0.4122452185518839,0.3124227872140767,0.0014848149951909543,0.31474694162895384,0.3151554073701463
LM,0.5,changed,512,270,41.64367068214087,105,0.40120103689616193,0.0014525401777076544,0.4048464440778612,0.4113723613654964,0.31054780953743755,0.0014518567853749804,0.31418995532870697,0.3145974302441425
LM,0.5,changed,512,271,41.79790649948213,105,0.40072074290132786,0.0014566240077848482,0.40402186770270354,0.41053772346802964,0.3103795423970898,0.0014559478237698958,0.31366887271905497,0.31407534992413255
LM,0.5,changed,512,272,41.9521423168234,105,0.40073922255546174,0.0014502674097802402,0.4032292121497043,0.4097349847990759,0.31068632376656624,0.001449575398514128,0.31317748731445816,0.31358293941103943
LM,0.5,changed,512,273,42.10637813416466,106,0.3997177940958448,0.0014020737537461755,0.40246370800559883,0.4089593668786672,0.30996409813577913,0.001401371748281239,0.31271110245885847,0.31311549478419265
LM,0.5,changed,512,274,42.260613951505924,106,0.39976431968209464,0.0014485369362155697,0.40157199730486803,0.40805753583942594,0.31031791054043045,0.0014478727247642835,0.3121181065148715,0.31252149680385305
LM,0.5,changed,512,275,42.41484976884718,106,0.39960406734267784,0.0014493496337280888,0.4007260855925947,0.407201552314716,0.3104431593051203,0.0014486879673925757,0.3115685844446384,0.3119710063763116
LM,0.5,changed,512,276,42.56908558618845,106,0.39855389952379877,0.0014193163206763476,0.39991771202815474,0.4063831101114303,0.30968460412860355,0.0014186289717048074,0.3110543865293167,0.31145583245232056
LM,0.5,changed,512,277,42.72332140352971,106,0.39785889599586916,0.0014751966254077581,0.3991406837243365,0.4055959936550837,0.3092919794962228,0.0014745551353797012,0.31056940744678985,0.31096984974434283
LM,0.5,changed,512,278,42.87755722087097,106,0.39735632939147275,0.001441634671201108,0.3983903095097573,0.40483550294388065,0.30906758459155753,0.0014409754487728465,0.3101090264058759,0.3105084304554227
LM,0.5,changed,512,279,43.031793038212236,107,0.39693152104906193,0.0014495412289909338,0.3976629945367873,0.4040980423554475,0.30892550786532974,0.0014488985573574667,0.30966970632112045,0.3100680379318166
LM,0.5,changed,512,280,43.186028855553495,107,0.39714242448149195,0.0014842029813596585,0.3968090721038326,0.40323397352798046,0.30944025235674655,0.0014835861953464817,0.3091034737760608,0.30950079344408377
LM,0.5,changed,512,281,43.34026467289476,107,0.39653381544510785,0.0015354535776851315,0.39599788890103255,0.4024126988194068,0.3091198037736643,0.0015348695238394851,0.30857779475007974,0.3089741410998285
LM,0.5,changed,512,282,43.49450049023602,107,0.39576009363655623,0.0015461005773531264,0.3952217774134742,0.4016265068360511,0.30860621197471594,0.0015455210834740903,0.30808510422870805,0.30848047578995974
LM,0.5,changed,512,283,43.64873630757728,107,0.39402199499066926,0.0014982874257513472,0.3944749900514967,0.40086962755056466,0.3071435108415536,0.0014976993606498632,0.30761973539568677,0.3080141108348385
LM,0.5,changed,512,284,43.80297212491855,108,0.39280197180866816,0.0015051836877350041,0.3937531730806271,0.4001376979805729,0.3062077084478101,0.0015045937625541282,0.3071773994449658,0.3075707499191981
LM,0.5,changed,512,285,43.95720794225981,108,0.39153386167764603,0.0014708459790635285,0.3929088555706455,0.39928327028736155,0.3052203276354207,0.0014702445480549772,0.3066122851498396,0.30700467017089866
LM,0.5,changed,512,286,44.11144375960107,108,0.3917106730211261,0.0014801476847287375,0.39210778676308,0.39847214527924846,0.30565749420710714,0.0014795536360247075,0.30608830924313535,0.3064797643693684
LM,0.5,changed,512,287,44.26567957694233,108,0.39010806407128845,0.001466822914941091,0.3913421225852816,0.39769643450969827,0.3043235622595914,0.0014662385530191692,0.3055977306677285,0.3059882509951212
LM,0.5,changed,512,288,44.4199153942836,108,0.38841716988163943,0.0014209366713429444,0.3906059873439035,0.396950239802764,0.30289965767996535,0.001420329551426583,0.30513475460127115,0.30552431541882946
LM,0.5,changed,512,289,44.57415121162486,109,0.38901281875827776,0.001407731188697821,0.3898949341386425,0.39622910520245536,0.30375954565033547,0.0014071101178701494,0.3046949988733399,0.3050835682364067
LM,0.5,changed,512,290,44.72838702896612,109,0.38736744528326483,0.001434465118650104,0.3890640907392572,0.39538818168206175,0.30241151961661905,0.0014338797466916509,0.30413521345925676,0.304522846537213
LM,0.5,changed,512,291,44.882622846307385,109,0.38734077481163565,0.0014101448997316977,0.3882760432759409,0.39459010604200084,0.30264969826796984,0.001409530737019626,0.303616194797388,0.30400292366407433
LM,0.5,changed,512,292,45.036858663648644,109,0.3860556699066442,0.0014304789381752875,0.38752301861460003,0.3938270619985006,0.30163122451198,0.0014298714439804358,0.3031302706122354,0.3035160880839848
LM,0.5,changed,512,293,45.19109448098991,109,0.3854727762544735,0.0014197232064695898,0.3867991930866235,0.3930932041911299,0.3013227210019813,0.0014191152423087363,0.30267169627895923,0.3030565761550107
LM,0.5,changed,512,294,45.34533029833117,109,0.38559545465550954,0.0013903990489289983,0.38610015835997386,0.3923841157247036,0.3017120325099278,0.0013897912278305917,0.30223612660872806,0.3026200359587947
LM,0.5,changed,512,295,45.49956611567244,110,0.38384827049703435,0.0014225597122594486,0.38542253908165647,0.3916964203239963,0.3002366023146115,0.001421962256311974,0.3018202377294008,0.30220314395405806
LM,0.5,changed,512,296,45.653801933013696,110,0.3820549103996525,0.001378255620703742,0.38462484747152786,0.39088865768361625,0.29869907074942637,0.0013776497143516307,0.30128411682764156,0.30166607690108915
LM,0.5,changed,512,297,45.808037750354956,110,0.38096928965430316,0.0013712852650421842,0.383867219885604,0.390121015649192,0.29786132057790704,0.0013706787025463095,0.30078614639450146,0.30116719646445944
LM,0.5,changed,512,298,45.96227356769622,110,0.38138330989169955,0.0013779155009533352,0.38314242228188083,0.3893862185861063,0.29853185594582854,0.0013773216520725133,0.3003191857375843,0.30069932401290134
LM,0.5,changed,512,299,46.11650938503748,110,0.38013612848267836,0.001333339839331474,0.38244503462387913,0.38867882514186847,0.2975511672044809,0.001332739367543608,0.2998778879922219,0.300257093885515
LM,0.5,changed,512,300,46.27074520237875,111,0.38016542237396245,0.0013662978546433243,0.3817709536309083,0.3879947231942489,0.29783119059853325,0.0013657205897380557,0.2994582083454609,0.2998364541635263
LM,0.5,changed,512,301,46.42498101972001,111,0.37919769733323594,0.0013658161769543541,0.3809806881855802,0.38719444420834975,0.2971167566809828,0.0013652481713465428,0.29892220098119243,0.2992995427118832
LM,0.5,changed,512,302,46.579216837061274,111,0.3779255943264387,0.0013398816936775,0.38023104893563897,0.3864348465462982,0.2961066719777877,0.0013393041393950716,0.2984249662799525,0.2988014371488522
LM,0.5,changed,512,303,46.733452654402534,111,0.37727513905658144,0.0013145567560322567,0.379514626139361,0.3857084784285665,0.2957094545209973,0.0013139458101273367,0.29795918862691256,0.2983347835815193
LM,0.5,changed,512,304,46.88768847174379,111,0.3756438643664791,0.0013220144917072572,0.37882587152003283,0.38500977024406785,0.2943359662293731,0.001321424109820364,0.29751939327593857,0.2978940885305008
LM,0.5,changed,512,305,47.04192428908506,111,0.37513591017215975,0.001307818175812504,0.3781605878445362,0.38433451612351555,0.2940692298723819,0.0013072277752436512,0.2971014415214583,0.29747520645424524
LM,0.5,changed,512,306,47.19616010642632,112,0.37406686825471835,0.0012905903487374993,0.37751556360268335,0.3836795033376395,0.29323675842741626,0.0012899935122772585,0.2967021693851677,0.2970749734023028
LM,0.5,changed,512,307,47.350395923767586,112,0.37368263361243065,0.001323999329590243,0.3767544197024476,0.3829083795652612,0.29308365507495093,0.0013234278291468658,0.2961867002075601,0.29655859890511616
LM,0.5,changed,512,308,47.504631741108845,112,0.37318748768522786,0.0013230931348909593,0.37603158060345643,0.38217561802191224,0.2928283395158787,0.0013225187904250745,0.29570778229805295,0.29607881093682153
LM,0.5,changed,512,309,47.65886755845011,112,0.37216314810222584,0.0013759388635534167,0.37534009554278136,0.38147422767401545,0.2920523858380129,0.00137540267992199,0.2952585526736178,0.2956287097880458
LM,0.5,changed,512,310,47.81310337579137,112,0.3712073145126894,0.0013959829536400418,0.3746747592762215,0.38079898258557143,0.2913468708346552,0.0013954612142172672,0.2948338746651177,0.29520314055686364
LM,0.5,changed,512,311,47.96733919313263,112,0.37145473706657883,0.0013711564350548276,0.37403163334438627,0.3801459356565428,0.2918304712478789,0.0013706247582606808,0.29442986440069735,0.2947982124390621
LM,0.5,changed,512,312,48.1215750104739,113,0.3710616880049097,0.0013118504504026054,0.37340770346658314,0.37951207104139995,0.29166969354135974,0.0013112989445512359,0.29404355193727694,0.2944109551160703
LM,0.5,changed,512,313,48.27581082781516,113,0.3696813890597701,0.0013668928188774166,0.3726691339732644,0.37876357921452775,0.2905254920317992,0.0013663617614513327,0.29354256804210554,0.2939090835729731
LM,0.5,changed,512,314,48.43004664515642,113,0.3688798399156993,0.0013229716714374502,0.37196767552968324,0.37805225792368086,0.2899503565100984,0.0013224300395445476,0.29307702400016733,0.2934426886262825
LM,0.5,changed,512,315,48.58428246249768,113,0.36915695623731704,0.001304959665061221,0.3712965671737875,0.3773713062481517,0.29047508032904334,0.001304428433431498,0.29264024335968225,0.29300505733329496
LM,0.5,changed,512,316,48.73851827983895,113,0.36999656236483003,0.0013607713233309714,0.3706507490295098,0.37671564363168325,0.29155375550559315,0.0013602755418476475,0.29222723214568624,0.2925911774497446
LM,0.5,changed,512,317,48.89275409718021,114,0.36769246452011756,0.0012967832356923345,0.3700263953366507,0.37608143552466117,0.2894763042382802,0.001296271303548107,0.2918342169520376,0.2921972684598291
LM,0.5,changed,512,318,49.04698991452147,114,0.3681055015966618,0.001327386152572267,0.36929140524340703,0.3753366029559794,0.29012566751219426,0.0013268840490357735,0.2913305380147546,0.29169274966939135
LM,0.5,changed,512,319,49.201225731862735,114,0.36768148302429166,0.0012952501158970083,0.3685943845156713,0.3746297956377509,0.2899257441590874,0.0012947290604436933,0.2908632019415098,0.29122460578460607
LM,0.5,changed,512,320,49.355461549203994,114,0.36595896227446767,0.0012645706044105754,0.36792834941802954,0.3739539898057804,0.28842452179076566,0.0012640415626308354,0.2904253110119395,0.29078590263234766
LM,0.5,changed,512,321,49.50969736654526,114,0.3659935365186114,0.0012889496031316626,0.36728807496934707,0.37330394009778656,0.28868646763615236,0.001288424963493214,0.2900117071109652,0.2903714642076085
LM,0.5,changed,512,322,49.66393318388652,114,0.3660179915961491,0.001285363724218867,0.3666696122612243,0.37267568928107164,0.2889430806162027,0.0012848371742305766,0.2896184942583463,0.28997738794685524
LM,0.5,changed,512,323,49.81816900122779,115,0.3653542498538271,0.001335474586078493,0.3660699430484398,0.37206621783374166,0.2884988763583117,0.0013349745812133865,0.28924269693193205,0.28960069827374396
LM,0.5,changed,512,324,49.972404818569046,115,0.3650546138192568,0.0013120119475207824,0.36535982342378504,0.3713463079285987,0.28842335527784047,0.0013115077429478508,0.28875647397365933,0.28911363575143767
LM,0.5,changed,512,325,50.126640635910306,115,0.36386919062929646,0.0013214512081750267,0.36468564662163827,0.37066239796548256,0.28745652831287183,0.0013209428539533402,0.2883046503255329,0.2886610059017377
LM,0.5,changed,512,326,50.28087645325157,115,0.36203700166061764,0.0012686560320421126,0.3640408418709684,0.37000787894639015,0.2858437102401852,0.0012681286096071548,0.2878807357187114,0.28823628359996467
LM,0.5,changed,512,327,50.43511227059283,115,0.3617725440184229,0.001303353530890485,0.36342049141379495,0.3693778134434338,0.28580449719777157,0.0013028494047196255,0.28747987499194466,0.287834596368731
LM,0.5,changed,512,328,50.5893480879341,115,0.3617271962914297,0.0013190468696713,0.36282087690378606,0.36876847486265907,0.28597903581985645,0.0013185599201963906,0.28709839936271264,0.28745226882765273
LM,0.5,changed,512,329,50.74358390527536,116,0.3620674355592762,0.0012907101320934965,0.36223915481526947,0.3681770181374456,0.2865411113403916,0.0012902090496678632,0.28673350532643355,0.2870864970940086
LM,0.5,changed,512,330,50.897819722616624,116,0.36098768391224145,0.0012973169549872867,0.36154842230232365,0.3674765659494343,0.2856826369330246,0.0012968301620410803,0.2862596605412434,0.2866118287545829
LM,0.5,changed,512,331,51.052055539957884,116,0.3602341221444657,0.0012619267737020803,0.3608925989177092,0.36681108151076436,0.28513340988522085,0.0012614293272097587,0.285819249528394,0.28617062880979216
LM,0.5,changed,512,332,51.20629135729914,116,0.3595983472538761,0.0012909836200363483,0.3602652839570838,0.36617412619622175,0.28470949931449474,0.001290499201700866,0.2854059492924317,0.2857565396376615
LM,0.5,changed,512,333,51.36052717464041,116,0.35807848121502794,0.0012347993263817371,0.35966168925851705,0.3655608921985589,0.28341380628792445,0.0012343050768630188,0.2850150320040681,0.28536481606668657
LM,0.5,changed,512,334,51.51476299198167,,0.35826925960748196,0.0012916076645576064,0.35907819639073113,0.36496775271317033,0.2838211688679129,0.00129113851905403,0.2846429269218287,0.2849918805991602
LM,0.9,preserved,512,0,0.0,16,2.7504549694096445,2.196416904601069e-17,2.750454969409644,2.7450987593029637,0.0,0.0,0.0,0.0
LM,0.9,preserved,512,1,0.1542358173412625,19,2.4616735747067926,0.005143336524278773,2.4566416672645843,2.430462834276279,0.10213686034213107,0.002281130375328527,0.10164520714339638,0.1015802250383127
LM,0.9,preserved,512,2,0.308471634682525,21,2.2259947521393464,0.005779333684003828,2.2174726138545173,2.178532151676001,0.17147855015340668,0.0031840397762955964,0.17051704779607418,0.17035386212232875
LM,0.9,preserved,512,3,0.4627074520237875,23,2.033347400471805,0.006043487585032999,2.025921110645475,1.979732726297262,0.22394718406099284,0.00399445933099603,0.2210583832686785,0.22079777120578253
LM,0.9,preserved,512,4,0.61694326936505,25,1.8762113814619623,0.006146956839503986,1.8705489781733857,1.8208315712632115,0.2623116416000049,0.004518209583067451,0.25830548623397864,0.2579638644335069
LM,0.9,preserved,512,5,0.7711790867063124,27,1.7445578047869135,0.005797917514446745,1.742824154542971,1.6920465102426827,0.2861171420388001,0.004483472723129681,0.28582775139313144,0.2854274494904613
LM,0.9,preserved,512,6,0.925414904047575,29,1.6318153263088448,0.00548330125668312,1.6363810803927317,1.5861462575230711,0.30144726432369595,0.0044142304849288504,0.30617445835377005,0.30573828999745534
LM,0.9,preserved,512,7,1.0796507213888373,31,1.5408119230508648,0.005193115976571816,1.5464609648225396,1.4977763906842343,0.31760019142866025,0.004358207948340264,0.32118006543344846,0.32072857120959203
LM,0.9,preserved,512,8,1.2338865387301,33,1.468837303727663,0.004997630751398385,1.4694937676097382,1.4229602710978144,0.33334317573760197,0.004343700687981353,0.33217470262544674,0.3317249984785455
LM,0.9,preserved,512,9,1.3881223560713625,36,1.4028883514149468,0.004623247989548447,1.402788476978732,1.358732069431186,0.34168410910805924,0.004077689299816434,0.3401303688870537,0.3396959127174942
LM,0.9,preserved,512,10,1.5423581734126248,38,1.3388931333968634,0.00445417660504599,1.3429272444060958,1.3014934748986642,0.3421093303715086,0.00398886420608139,0.3444528323525875,0.3440445284923201
LM,0.9,preserved,512,11,1.6965939907538874,40,1.2855658121780533,0.004343426954362635,1.2901054860145567,1.2513167994479066,0.34279237098540255,0.003950909516611623,0.3473386122284681,0.34696404819210125
LM,0.9,preserved,512,12,1.85082980809515,42,1.2378305443813162,0.004116045815307625,1.2430232402097912,1.2068251134534023,0.34352606335346614,0.003786061724821521,0.34909170162506387,0.348755606392256
LM,0.9,preserved,512,13,2.0050656254364125,44,1.1980020139881207,0.0039433855419004375,1.2006771029390628,1.1669679278330065,0.3466133737121292,0.0036613185569426,0.34994516739163267,0.3496501630540827
LM,0.9,preserved,512,14,2.1593014427776747,46,1.1599507899246793,0.0038041800355940922,1.1622852264265204,1.1309365234861608,0.34766110705120234,0.0035581333268504775,0.3500794308813192,0.34982663000573133
LM,0.9,preserved,512,15,2.3135372601189372,48,1.1267162630387217,0.003611328325952347,1.127232262093119,1.0981022033980752,0.34926486604060714,0.0033860758670042437,0.3496354926372588,0.3494249589312375
LM,0.9,preserved,512,16,2.4677730774602,49,1.0965366496570947,0.0035567044734121783,1.0950288195154179,1.067971140160309,0.3502463345966452,0.00336072442459606,0.34872456812005403,0.3485556621134099
LM,0.9,preserved,512,17,2.6220088948014624,51,1.0658424204474364,0.0033314020224535276,1.0659807304159938,1.0408494415530867,0.3481313024130904,0.0031523241162408587,0.348108991243019,0.3479801897296764
LM,0.9,preserved,512,18,2.776244712142725,53,1.0382741338685104,0.003268260186512152,1.038898190983664,1.0155531642511424,0.34636367476605767,0.00310794611617379,0.3470219331997254,0.3469316211444278
LM,0.9,preserved,512,19,2.930480529483987,55,1.0111085813458802,0.003192011540339048,1.0135616818972453,0.9918700059374492,0.3433829258075959,0.0030510172838980353,0.3455619795848781,0.34550862784226166
LM,0.9,preserved,512,20,3.0847163468252496,57,0.9876453831825611,0.003067875063441183,0.9897849023050563,0.9696219258433032,0.3417875448605911,0.0029395891991743587,0.34380610273585777,0.34378823741949976
LM,0.9,preserved,512,21,3.238952164166512,59,0.9628506227567789,0.0029017335441091047,0.9674085564378162,0.9486583218674336,0.3372586811907513,0.0027811691803559012,0.3418149355306509,0.34183112123731063
LM,0.9,preserved,512,22,3.393187981507775,61,0.9416069530334885,0.0028385767998662316,0.9462954829998491,0.9288507624455493,0.3349256663037211,0.0027305245434067235,0.33963665449523534,0.33968548524579417
LM,0.9,preserved,512,23,3.5474237988490374,63,0.9214671802544188,0.002733495303092499,0.9263268098685689,0.9100888882771077,0.3325816440775334,0.0026323434535381004,0.3373098573723642,0.33738995168346253
LM,0.9,preserved,512,24,3.7016596161903,65,0.8999771687889759,0.0025942496820995187,0.9073988956365309,0.8922771989948634,0.32777532040490526,0.002498325040380521,0.33486571034175605,0.3349757084323357
LM,0.9,preserved,512,25,3.855895433531562,67,0.8815390327871954,0.0025144400712817628,0.8894208783574374,0.8753325132040608,0.32500466274171347,0.002425940873846677,0.3323295621291178,0.3324681242220131
LM,0.9,preserved,512,26,4.010131250872825,69,0.8658397445894488,0.0025216762578857124,0.8723126957042828,0.8591819441905189,0.32371240174839755,0.002441014161947625,0.329722166858182,0.32988797208494247
LM,0.9,preserved,512,27,4.164367068214087,71,0.8505460343383785,0.0024894428971507015,0.8560034734812405,0.8437612732430907,0.32212133940445137,0.002415151196512458,0.32706061805629083,0.3272523637668846
LM,0.9,preserved,512,28,4.318602885555349,73,0.8359708324805081,0.00257407250756016,0.8404302039201168,0.8290136317836256,0.3203889812663673,0.0025094896652210594,0.3243590680577173,0.3245754694774066
LM,0.9,preserved,512,29,4.472838702896612,74,0.8213229348701161,0.002415563545552065,0.8255366535623893,0.8148884251377766,0.317876881917878,0.002351097767671352,0.3216292868766518,0.3218690771059795
LM,0.9,preserved,512,30,4.6270745202378745,76,0.8068878000126745,0.002320127958861079,0.8115777445056309,0.8016454811576912,0.3147662260786766,0.0022582431270537183,0.31917812125289474,0.3194398650832182
LM,0.9,preserved,512,31,4.7813103375791375,78,0.7950214756708818,0.002346679353057319,0.7981358303573618,0.7888720210400084,0.31394371337003923,0.002290276962722231,0.3166516252438401,0.31693397531049106
LM,0.9,preserved,512,32,4.9355461549204,80,0.781279599112371,0.002211600388561517,0.7851862407107149,0.7765477640617258,0.31040396789103625,0.0021561160637176714,0.3140723607864946,0.314374090469501
LM,0.9,preserved,512,33,5.089781972261662,82,0.7685880695457246,0.0022267986296431444,0.7727039804524569,0.7646516670629067,0.3076623607029245,0.0021758970285499406,0.3114576732943945,0.31177763074085596
LM,0.9,preserved,512,34,5.244017789602925,84,0.7558536018144584,0.002180252047078816,0.7606644378220879,0.7531626802272114,0.3043367774747696,0.002132250693449566,0.3088210098027501,0.30915809007207684
LM,0.9,preserved,512,35,5.398253606944187,86,0.7467354486498827,0.0021743469129381337,0.7490438246072791,0.742060227977741,0.3041805352350228,0.002129746513945939,0.3061728799452754,0.30652600920238177
LM,0.9,preserved,512,36,5.55248942428545,87,0.7328836453721312,0.0019642043493304055,0.7378194340544346,0.7313245020737243,0.2989179638531856,0.0019179848384356906,0.3035215604927183,0.3038896880135245
LM,0.9,preserved,512,37,5.706725241626712,89,0.7217489038732974,0.0019500509587292844,0.7271903064116172,0.721157009108661,0.2959253157191645,0.0019066969233339627,0.3010887525628355,0.30147071356833904
LM,0.9,preserved,512,38,5.860961058967974,91,0.7136680373628244,0.001973137951888477,0.7168688581573686,0.7112725901970016,0.2956078237635622,0.0019331875093398024,0.29861893119769545,0.2990136284005612
LM,0.9,preserved,512,39,6.015196876309237,93,0.7031427858825006,0.001922205295349403,0.7068472968161301,0.7016656535532078,0.29262424255083386,0.0018839978286302292,0.2961271616008204,0.29653359161666765
LM,0.9,preserved,512,40,6.169432693650499,95,0.6936559585834607,0.0018648870216294712,0.6971161346020985,0.6923286680009308,0.2903297169420116,0.001827383138440247,0.2936248335082604,0.29404205541374767
LM,0.9,preserved,512,41,6.323668510991762,97,0.682964550602151,0.00177557818765543,0.6876649472165699,0.683252954572686,0.2865561302490133,0.0017390325736441625,0.2911206187263873,0.2915477355455635
LM,0.9,preserved,512,42,6.477904328333024,98,0.6738247490575726,0.0017365590182460346,0.6784828896019273,0.6744292289019753,0.28409863762724036,0.0017010141128786622,0.28862116448141073,0.2890573130422992
LM,0.9,preserved,512,43,6.632140145674287,100,0.6644367573144192,0.0017086847618041367,0.6697326517169522,0.6660214783525586,0.2812259687845402,0.001675404812747308,0.28630125345705376,0.2867454941984863
LM,0.9,preserved,512,44,6.78637596301555,102,0.6554744008952373,0.001637404726639893,0.6611938162112763,0.6578105697943026,0.27842270579064,0.0016049337566762423,0.28396002585613056,0.2844114828747443
LM,0.9,preserved,512,45,6.940611780356812,104,0.6467978582339338,0.0015897164108163392,0.6528644601234015,0.6497957643016454,0.27572173952516793,0.0015584945124125157,0.28160891896310436,0.28206680049263877
LM,0.9,preserved,512,46,7.094847597698075,106,0.6400218179207455,0.0015836078814810218,0.6447407994206088,0.6419743202037794,0.2746994169158728,0.0015537457447630887,0.2792564979778251,0.2797200709571916
LM,0.9,preserved,512,47,7.249083415039337,107,0.6323484668025419,0.0015353354645285884,0.6368178623264996,0.6343421885482219,0.2725731644923939,0.0015064075879060014,0.27690921511131206,0.2773777899229025
LM,0.9,preserved,512,48,7.4033192323806,109,0.6252880096641245,0.0015330188163675,0.6292354713760957,0.6270399370773623,0.2709610016542988,0.0015057692680283512,0.27471432123088796,0.27518715481439115
LM,0.9,preserved,512,49,7.557555049721862,111,0.61929370336706,0.0015253888810386296,0.6218122848076557,0.6198869704898442,0.2701175371001289,0.0014995582597288415,0.27250410075065074,0.27298051031661513
LM,0.9,preserved,512,50,7.711790867063124,113,0.6128224090891501,0.0015224791756504443,0.6145490806638463,0.6128847715548118,0.2687026720727948,0.0014982160018587522,0.27028827078356166,0.2707676492092169
LM,0.9,preserved,512,51,7.866026684404387,115,0.605995580029794,0.0014962841893748952,0.6074447648095522,0.6060328605862199,0.2668138698205895,0.0014729709173973624,0.26807407240182435,0.2685558655420641
LM,0.9,preserved,512,52,8.02026250174565,116,0.5997230261075723,0.0014716748868575588,0.6004969867114264,0.5993294275587573,0.2652142536589013,0.0014492348302634836,0.2658669300155968,0.26635062289458683
LM,0.9,preserved,512,53,8.174498319086911,118,0.5921033298649765,0.001476370201241988,0.5938262915692987,0.5928954387429458,0.2622240545112994,0.0014551993419253154,0.26379208547924804,0.2642771192317277
LM,0.9,preserved,512,54,8.328734136428174,120,0.5867641680061269,0.0015000601571972482,0.587280315994377,0.5865789618081606,0.2613120887100169,0.0014800379895437861,0.26170704913461995,0.2621929168617275
LM,0.9,preserved,512,55,8.482969953769437,122,0.5809132680486376,0.0015448077207352601,0.5808609549756516,0.5803823163686733,0.2598045435582433,0.0015264403720561762,0.25961992446786775,0.2601061840349049
LM,0.9,preserved,512,56,8.637205771110699,123,0.5742795583713329,0.001506745908769172,0.5745683943501725,0.5743060551556647,0.2574055163384028,0.0014889197363344604,0.2575367314028657,0.25802298581281713
LM,0.9,preserved,512,57,8.791441588451962,125,0.56801919133816,0.0014281976408331897,0.5685116224590829,0.5684594401122505,0.2552562940430997,0.0014101085568789871,0.2555697380009515,0.2560555566246767
LM,0.9,preserved,512,58,8.945677405793225,127,0.5633261744864286,0.0014481109043079914,0.5625568989531576,0.562709014110947,0.2545543600242375,0.0014310756397778015,0.2535930148872002,0.2540780153899939
LM,0.9,preserved,512,59,9.099913223134486,129,0.5559629999521938,0.0014052189661069104,0.5567070965900225,0.5570579416745023,0.251049808834499,0.0013883005842730486,0.251614172101452,0.25209802985199203
LM,0.9,preserved,512,60,9.254149040475749,130,0.5494294222027817,0.001349252023737356,0.5509633828101431,0.5515076396868909,0.2482813981568553,0.0013323821872959429,0.24963885624291987,0.2501212856566309
LM,0.9,preserved,512,61,9.408384857817012,132,0.5435037266460319,0.001387777926628766,0.5454241363065986,0.5461566646039048,0.24604112257059332,0.0013721774410686712,0.24776776703065279,0.2482484503803559
LM,0.9,preserved,512,62,9.562620675158275,134,0.5381220880125903,0.0013309307381969078,0.5399706030650464,0.5408864499345888,0.244235211024751,0.0013153614189229854,0.24588845454595795,0.2463671148841853
LM,0.9,preserved,512,63,9.716856492499536,136,0.5325894777061071,0.0013064039523001652,0.5346059680904844,0.5357003871110663,0.24220792911991706,0.0012912969874517848,0.24400779209806725,0.24448420152048037
LM,0.9,preserved,512,64,9.8710923098408,138,0.5276953688521113,0.0012581100433261823,0.5293318238552229,0.5306002438468941,0.24068502926700078,0.0012431043739312712,0.24213087862197238,0.2426048415482746
LM,0.9,preserved,512,65,10.025328127182062,139,0.5226432857445262,0.001247067365585123,0.5241486402785834,0.5255866425408766,0.238925627721506,0.0012325284763701006,0.24026151483630293,0.240732857776601
LM,0.9,preserved,512,66,10.179563944523323,141,0.5168880111115168,0.001220633740100289,0.5191421220835211,0.5207453919224455,0.23641949518502603,0.0012063722930734028,0.23848695335382014,0.2389554665810019
LM,0.9,preserved,512,67,10.333799761864586,143,0.5125101627602857,0.0012381289383943304,0.5142084930071389,0.5159728305430668,0.23514997268548954,0.0012244506571470642,0.2367083623609202,0.23717386624354211
LM,0.9,preserved,512,68,10.48803557920585,144,0.5074392348617419,0.0012095275696665585,0.5093504894379666,0.5112718371556088,0.2331548261122744,0.0011958824887537045,0.234931252630932,0.23539360644013999
LM,0.9,preserved,512,69,10.642271396547113,146,0.5032230806374615,0.0012365878837952242,0.5046496668032743,0.5067240603652322,0.2319275747681114,0.0012238504272884833,0.2332383560171276,0.23369739555085425
LM,0.9,preserved,512,70,10.796507213888374,148,0.49818895857897605,0.0012223992544481454,0.5000107514351562,0.5022343234066237,0.22985777858464385,0.0012100350503353855,0.23153870281247835,0.23199429700309449
LM,0.9,preserved,512,71,10.950743031229637,150,0.4935307893455826,0.001200882071753752,0.4954372837519233,0.49780628987490355,0.2280549675439181,0.0011887717110846815,0.22983817932916673,0.23029023512204283
LM,0.9,preserved,512,72,11.1049788485709,151,0.4894888570172771,0.001149896271606479,0.49093137111738283,0.49344217028679893,0.22681423431631031,0.0011376211874945085,0.22814114591261814,0.22858959358002295
LM,0.9,preserved,512,73,11.259214665912161,153,0.4846542772129464,0.001119914723354572,0.4865669368774339,0.4892159539946388,0.22471136282218088,0.001107756536459287,0.22652237688180793,0.22696711667986041
LM,0.9,preserved,512,74,11.413450483253424,155,0.48057847996678665,0.0011247533519667973,0.48225735864701386,0.4850410887968639,0.22333383650238714,0.0011131238882024844,0.2248988888985069,0.22533984496742898
LM,0.9,preserved,512,75,11.567686300594687,157,0.47603768648533124,0.0011158065165331043,0.47800580779248864,0.48092084573191923,0.22139882629653673,0.001104481456995414,0.2232757718096996,0.22371289821610324
LM,0.9,preserved,512,76,11.721922117935948,158,0.47199388925593977,0.001121914032384998,0.47381420906302607,0.4768572337546141,0.21992553795247038,0.0011110185464940192,0.2216567995552025,0.2220900680768702
LM,0.9,preserved,512,77,11.876157935277211,160,0.4673567662552848,0.0011277152870900781,0.46975009601268586,0.472917840292532,0.217814759084473,0.0011172753875669924,0.22011011629230648,0.22053946845398242
LM,0.9,preserved,512,78,12.030393752618474,162,0.4635096365509261,0.0010912004049595623,0.4657345249008075,0.4690237779485559,0.21646227285827735,0.001080748881956334,0.2185598874110688,0.21898528429006225
LM,0.9,preserved,512,79,12.184629569959737,163,0.4590818281047694,0.0010499559593916796,0.4617704581164017,0.4651780955087937,0.21442310641940993,0.0010394330334526879,0.21701066185759726,0.21743208991722007
LM,0.9,preserved,512,80,12.338865387300999,165,0.4559239637718584,0.0010429788257215653,0.4579221989507071,0.46144515154634097,0.21363593346342225,0.0010328091383669618,0.2155271977018456,0.2159446197312978
LM,0.9,preserved,512,81,12.493101204642262,167,0.4518263907585102,0.0010349776910165951,0.45411630025314026,0.4577515523643953,0.21185097760484517,0.0010250868259849204,0.214038821946462,0.2144522213213534
LM,0.9,preserved,512,82,12.647337021983525,169,0.44809323585801264,0.0010367800624204826,0.45035604315599365,0.45410066065206744,0.21039107992817163,0.0010271877991897686,0.21255019323716268,0.21295957775277688
LM,0.9,preserved,512,83,12.801572839324786,170,0.4443954428511752,0.0010385995904459587,0.44664354459182976,0.4504946620581216,0.20892907920821213,0.0010293937245920743,0.2110647661671963,0.21147015683274215
LM,0.9,preserved,512,84,12.955808656666049,172,0.4415607033137856,0.0010734673716417927,0.44303749118164737,0.44699228821101405,0.20826254430236196,0.00106480155798395,0.20964155021961417,0.21004293941602348
LM,0.9,preserved,512,85,13.110044474007312,174,0.4385318543217851,0.0010328196135190146,0.4394701678987905,0.44352586787995607,0.20738287386367377,0.0010240776580264545,0.2082152453271952,0.20861263977131783
LM,0.9,preserved,512,86,13.264280291348573,175,0.4347224361543831,0.0009946776860576935,0.43594440377751764,0.44009830282928075,0.20568063966268008,0.0009858511774500469,0.2067898442003397,0.20718326991098207
LM,0.9,preserved,512,87,13.418516108689836,177,0.431591567338254,0.0009646961320186683,0.4325161886974524,0.43676563100370347,0.20459410057174535,0.0009559199165889388,0.20542156504688902,0.20581102485737848
LM,0.9,preserved,512,88,13.5727519260311,179,0.4282880671622346,0.0009552225181774689,0.4291221459151801,0.43346451923540597,0.20330321205166074,0.0009465782643602341,0.20404921090582723,0.20443472309533853
LM,0.9,preserved,512,89,13.726987743372362,181,0.4252770913543179,0.0009570885633406711,0.4257653000934041,0.4301980626701073,0.20228758549228854,0.0009486888546453334,0.2026768295398506,0.20305843125416087
LM,0.9,preserved,512,90,13.881223560713623,182,0.42148618896968987,0.0009632732763284476,0.4224476561851813,0.42696832608537366,0.20044012033840747,0.0009551962320385088,0.2013074250977152,0.20168516280527138
LM,0.9,preserved,512,91,14.035459378054886,184,0.4183723611469759,0.0009522873827879868,0.41922054071306625,0.4238266769040795,0.1992381377150941,0.0009443535489609972,0.19999247609303195,0.20036636921271403
LM,0.9,preserved,512,92,14.18969519539615,186,0.415087855332356,0.0009421208532202915,0.4160251290854814,0.4207143277718511,0.19782225136680848,0.0009343881115813942,0.19867508187619987,0.1990451605002998
LM,0.9,preserved,512,93,14.34393101273741,187,0.4113979442961436,0.0009101640401803206,0.4128640115439822,0.4176339333177915,0.19597443135739925,0.0009023196211341426,0.19735871057662602,0.19772501988634084
LM,0.9,preserved,512,94,14.498166830078674,189,0.4084664554878628,0.0008910108966549803,0.4097863099669713,0.41463465961798074,0.19483696874220438,0.0008832594107733637,0.19609257592908647,0.19645513910827292
LM,0.9,preserved,512,95,14.652402647419937,191,0.40579674976159796,0.0009003897981816246,0.4067367310573019,0.41166125124456426,0.19395239878139592,0.0008929696469730963,0.1948231368368284,0.1951819891165914
LM,0.9,preserved,512,96,14.8066384647612,192,0.4021856041934581,0.0008640174234202976,0.40371801783190864,0.40871651419954225,0.19207647056341037,0.0008565805553064016,0.19355391554208234,0.1939091072590926
LM,0.9,preserved,512,97,14.960874282102461,194,0.399429803281972,0.0008890062112837154,0.40077697889265174,0.40584730059424484,0.19103192276010267,0.0008819068091026109,0.19233176720774342,0.19268332794239623
LM,0.9,preserved,512,98,15.115110099443724,196,0.39606646167342285,0.0008546027373939621,0.39786137466472554,0.4030014069972123,0.18934915713053252,0.0008474131628136554,0.19110605616495802,0.19145402667597014
LM,0.9,preserved,512,99,15.269345916784987,197,0.393500558771148,0.0008381769104584419,0.39497394218451953,0.4001816306460811,0.1884362799452356,0.0008309619088176668,0.1898802154441774,0.19022465033857844
LM,0.9,preserved,512,100,15.423581734126248,199,0.3908089774848536,0.00084143468397766,0.392159243273263,0.39743257528193265,0.18738750279418853,0.0008344232769903347,0.18869881782103265,0.18903975139298793
LM,0.9,preserved,512,101,15.577817551467511,201,0.3877933439379286,0.0008333304711223931,0.38936778014997014,0.39470477717914776,0.1859782840112617,0.00082638928235691,0.18751383925755466,0.18785131583333467
LM,0.9,preserved,512,102,15.732053368808774,202,0.3854373550850176,0.000827052774355667,0.3866022252337982,0.3920009660651552,0.18520876765342792,0.0008203353235968342,0.1863285765948563,0.18666265306955415
LM,0.9,preserved,512,103,15.886289186150035,204,0.3821794824273088,0.0008127244515502977,0.3839050143896281,0.38936361803275993,0.18349909007331225,0.0008060968646329238,0.18518544805910547,0.18551616144404842
LM,0.9,preserved,512,104,16.0405250034913,206,0.3800996283582534,0.000833665282751697,0.38122915443755856,0.38674577195842746,0.18295203026324375,0.0008274066355418455,0.18403881888181972,0.1843662152468834
LM,0.9,preserved,512,105,16.19476082083256,208,0.37770595058361983,0.00082769885865072,0.3785772321681917,0.38415006918370287,0.18206597675555156,0.0008215682602897437,0.1828918380460424,0.18321597496806047
LM,0.9,preserved,512,106,16.348996638173823,209,0.3757154985213115,0.0008574078578701962,0.37595103601151514,0.3815783446112332,0.18155755633008253,0.0008516526237675553,0.18174684929039298,0.1820677888088379
LM,0.9,preserved,512,107,16.503232455515086,211,0.3732417761537325,0.0008587590965426145,0.37338969108687825,0.3790697571586375,0.18054859728427752,0.0008531638442191232,0.18064294085797672,0.18096072200725052
LM,0.9,preserved,512,108,16.65746827285635,213,0.3708531012922436,0.0008605743830030385,0.3708489737625751,0.37658011047201095,0.1795982594484663,0.0008551306935026519,0.17953711714144976,0.17985178487940734
LM,0.9,preserved,512,109,16.811704090197612,214,0.36847148856228557,0.000853142902391872,0.3683310368431353,0.3741116072474229,0.17863452896534043,0.0008477882470875713,0.1784320268748596,0.1787436355277579
LM,0.9,preserved,512,110,16.965939907538875,216,0.3665165237041752,0.0008310323751356515,0.36587352065154444,0.3717019237567495,0.1780571189001566,0.00082570807467979,0.17736525053433594,0.17767383564685268
LM,0.9,preserved,512,111,17.120175724880138,218,0.36366360959350097,0.0008328835487631973,0.3634345125396067,0.36930917517480677,0.17656655771633545,0.0008276879421003825,0.17629601103345727,0.17660161568100394
LM,0.9,preserved,512,112,17.274411542221397,219,0.36066711295086196,0.0007679178017786385,0.3610162464748915,0.3669356441932383,0.17492333535360913,0.0007624391250156382,0.1752269894977606,0.1755296667043867
LM,0.9,preserved,512,113,17.42864735956266,221,0.35852348489766245,0.0007697944297826719,0.35865479354204655,0.36461743689386616,0.1741028513297374,0.0007645336103591445,0.1741941806438767,0.17449396595641398
LM,0.9,preserved,512,114,17.582883176903923,222,0.3561643188903675,0.0007910162977244047,0.3563102606626672,0.3623146866140402,0.1730357929750308,0.0007860464324957461,0.1731587455876688,0.1734556818884123
LM,0.9,preserved,512,115,17.737118994245186,224,0.35318829023975645,0.0007779742322029454,0.35401844933609844,0.36006323492754555,0.1713491091798113,0.0007730345035635046,0.17215638915091702,0.17245050802174025
LM,0.9,preserved,512,116,17.89135481158645,226,0.35064071883668646,0.0007592721361979859,0.35174106825745655,0.3578248193893745,0.1700736082945661,0.0007543267127879811,0.17114981929238918,0.17144116271854162
LM,0.9,preserved,512,117,18.045590628927712,227,0.3486814118494499,0.000756336237656971,0.3494806542299321,0.3556020235350724,0.16938061951582872,0.0007514923802968168,0.170141947648818,0.17043056848363528
LM,0.9,preserved,512,118,18.199826446268972,229,0.34627526106304746,0.0007730162123220304,0.3472711188657076,0.353428792011553,0.16819161458263593,0.0007683679626701073,0.1691665844815292,0.16945251984191761
LM,0.9,preserved,512,119,18.354062263610235,231,0.3437982148418875,0.0007385974699774627,0.34507563074796654,0.35126831715006657,0.16693028515474345,0.0007338498754127542,0.16818783385545094,0.16847112762878247
LM,0.9,preserved,512,120,18.508298080951498,232,0.34216039375964863,0.0007521145653259612,0.3428964549991575,0.34912290630362336,0.16649445861450946,0.0007475459598372251,0.16720830498963038,0.16748900944404413
LM,0.9,preserved,512,121,18.66253389829276,234,0.3404618976059569,0.000758533588202249,0.34076593889278967,0.3470249368013375,0.1659759736619129,0.0007541127534081434,0.16626023763285444,0.16653838873317175
LM,0.9,preserved,512,122,18.816769715634024,236,0.33866388706056105,0.0007365486611247257,0.3386487613774593,0.34493910898372965,0.16534793582728985,0.0007321121430677812,0.1653091861869082,0.1655848256750871
LM,0.9,preserved,512,123,18.971005532975287,237,0.33638309343752976,0.0007397470719405603,0.3365470363542884,0.3428675763245116,0.16420453723654538,0.0007354134192449822,0.164357579718467,0.1646307569747685
LM,0.9,preserved,512,124,19.12524135031655,239,0.33371679476686733,0.0007192882329762916,0.3344917184913162,0.34084132171524323,0.1626697024042697,0.0007149507436442145,0.16343625957723087,0.16370700816938002
LM,0.9,preserved,512,125,19.27947716765781,241,0.33173034450439687,0.0007007630619108814,0.33244895379018147,0.33882651094037547,0.16179605053805607,0.0006964116130758339,0.16251219178597853,0.16278055076449652
LM,0.9,preserved,512,126,19.433712984999072,242,0.3303384752565412,0.0007321890960682072,0.33042075175428615,0.33682519090311824,0.16150546447251143,0.0007281143512460283,0.16158767454466794,0.1618536902844075
LM,0.9,preserved,512,127,19.587948802340335,244,0.3281388847011959,0.000715611238242462,0.32843678683141353,0.33486706269411026,0.16039627891003924,0.0007115274579365229,0.16069226409510848,0.1609559678357073
LM,0.9,preserved,512,128,19.7421846196816,246,0.32625530017914556,0.0007079088447334711,0.3264646001788175,0.3329196858066582,0.15957916870002947,0.0007038386443284182,0.15979427072562796,0.16005569902342304
LM,0.9,preserved,512,129,19.89642043702286,247,0.32401537743197434,0.0007134331724878997,0.32450611694863957,0.33098502073695885,0.15840323785457688,0.0007094149494756258,0.15889588429568668,0.15915508078318638
LM,0.9,preserved,512,130,20.050656254364124,249,0.32222361102853403,0.0007133900369365126,0.32258981830414535,0.3290915737445756,0.15767246823025569,0.0007094773706941488,0.15802546385106606,0.15828245767202365
LM,0.9,preserved,512,131,20.204892071705387,250,0.320435129030757,0.0007201238863426111,0.32068456275020296,0.32720822025947793,0.1569160441247484,0.0007163554336781802,0.1571525903533023,0.15740741580111808
LM,0.9,preserved,512,132,20.359127889046647,252,0.318528393228656,0.0007096351221341976,0.3188186624189746,0.3253633013602882,0.1560289297241155,0.0007059040617813319,0.1563054433188401,0.15655812511461792
LM,0.9,preserved,512,133,20.51336370638791,254,0.3167270617531115,0.0006939385263521479,0.3169621034864908,0.323526822089637,0.15522809344760313,0.0006901963443832332,0.15545469819869281,0.15570526877492213
LM,0.9,preserved,512,134,20.667599523729173,255,0.31507143893227335,0.0007067163117695948,0.3151169698878654,0.32170090003908575,0.15456107246979586,0.0007031461481112835,0.1546026646317676,0.15485116453723258
LM,0.9,preserved,512,135,20.821835341070436,257,0.3128614350669395,0.0006971684823195953,0.31331018720891773,0.3199124841321893,0.15333455023779877,0.0006936298171064573,0.1537761376064572,0.1540225944972451
LM,0.9,preserved,512,136,20.9760711584117,259,0.31093181242903406,0.0006776369034875132,0.31151271779643286,0.3181325516402501,0.15238079351666456,0.0006740582580376548,0.1529467313528018,0.15319117796938675
LM,0.9,preserved,512,137,21.130306975752962,260,0.3087981098649435,0.0006762618781712623,0.3097264200525672,0.31636299113781874,0.15121582838883274,0.0006727815831167696,0.15211651393144834,0.1523589893918541
LM,0.9,preserved,512,138,21.284542793094225,262,0.3074336059941159,0.00067019996824837,0.3079770869063475,0.3146296164933936,0.15079277153200624,0.0006667668158864454,0.15131114765976303,0.15155167785125695
LM,0.9,preserved,512,139,21.438778610435484,264,0.30586807931361654,0.0006642635925830304,0.3062367248170431,0.31290444730403666,0.15016721375885128,0.0006608259361934413,0.15050325476101645,0.1507418700297949
LM,0.9,preserved,512,140,21.593014427776748,265,0.30353991487797655,0.0006607275012622009,0.3045070684236203,0.31118924633802303,0.14876300638876852,0.0006573305654647241,0.14969476380263452,0.1499315004335036
LM,0.9,preserved,512,141,21.74725024511801,267,0.3022509285873687,0.0006809400490336334,0.30281290543926476,0.309508820759661,0.14838404609960118,0.0006777195185128725,0.14891033147265767,0.14914521295814276
LM,0.9,preserved,512,142,21.901486062459274,268,0.30101273582804045,0.00067029452857375,0.3011272730609566,0.3078362196999502,0.14804204736548257,0.0006670669352845096,0.14812357680256727,0.14835663096259707
LM,0.9,preserved,512,143,22.055721879800537,270,0.2993412144385041,0.0006678002972635676,0.29947483643358097,0.30619613113314603,0.14725327592792659,0.0006646544709596762,0.14735902670584244,0.14759027286172574
LM,0.9,preserved,512,144,22.2099576971418,272,0.2973246446215198,0.0006485846204701389,0.29782955522087384,0.3045625284300726,0.1461076309521425,0.0006454156195803796,0.14659119777605004,0.14682066186067946
LM,0.9,preserved,512,145,22.36419351448306,273,0.2958997671366174,0.0006345587415559158,0.2961932756533022,0.30293728465927433,0.14555561089606445,0.0006313840221832478,0.145822102914043,0.14604981783552984
LM,0.9,preserved,512,146,22.518429331824322,275,0.2940271318385053,0.0006065743213677523,0.2945895082981813,0.3013439284377705,0.14454382331084287,0.0006033180294498166,0.14507511812508686,0.145301105464195
LM,0.9,preserved,512,147,22.672665149165585,277,0.29278732676724023,0.000642746747472466,0.2929929840487099,0.29975720107915826,0.14414606561330362,0.0006397551323917252,0.14432550380573492,0.14454978955731002
LM,0.9,preserved,512,148,22.826900966506848,278,0.2913478733790654,0.0006341272090185728,0.29140534998939405,0.2981787736142872,0.14353956043676516,0.000631166202726903,0.14357506286000477,0.14379767856283796
LM,0.9,preserved,512,149,22.98113678384811,280,0.2893952933175732,0.0006092353723907513,0.2898491805981046,0.2966312365744756,0.14242545892351108,0.0006062194885325355,0.14284623687401587,0.14306720247479277
LM,0.9,preserved,512,150,23.135372601189374,281,0.2878617910635852,0.0005975621269186332,0.2883000481153233,0.29509017119192826,0.14170922722030488,0.0005945111097848232,0.14211510069302075,0.1423344400627252
LM,0.9,preserved,512,151,23.289608418530637,283,0.28683006449865306,0.0006011519836794877,0.2867804182361482,0.2935780622172869,0.1414940985802204,0.0005981570854989353,0.14140398170622337,0.1416217109222116
LM,0.9,preserved,512,152,23.443844235871897,285,0.28595698332838637,0.0006345973599035365,0.2852666597179439,0.2920712890198444,0.14140827836943573,0.0006318235106618476,0.14068973086997866,0.1409058719771628
LM,0.9,preserved,512,153,23.59808005321316,286,0.283901555908315,0.0006003351879599648,0.283760478616055,0.2905715803281176,0.14014020239521446,0.0005974308872775637,0.13997418913484921,0.1401887704717921
LM,0.9,preserved,512,154,23.752315870554423,288,0.2821729018343059,0.0005885643669691123,0.28228331297536957,0.28910038896044266,0.13919810617058317,0.0005856320132665122,0.13927866062438943,0.13949170015868104
LM,0.9,preserved,512,155,23.906551687895686,289,0.2803401097065129,0.0005741042184759299,0.2808121816046977,0.2876347414542061,0.1381334654810723,0.0005711305878378476,0.13858062423185613,0.13879214393541553
LM,0.9,preserved,512,156,24.06078750523695,291,0.2794650641436678,0.0005824977472180819,0.2793683840333423,0.28619595447097024,0.138023445928247,0.0005796195693393518,0.1379012415294419,0.13811125610911004
LM,0.9,preserved,512,157,24.21502332257821,293,0.2779402375283738,0.0005847447729218779,0.2779296423871743,0.28476175913213475,0.13725274301010493,0.0005819155114138699,0.13721867696502918,0.1374272067840734
LM,0.9,preserved,512,158,24.369259139919475,294,0.27639828282016843,0.000578019165294733,0.27649760893924535,0.2833338281049956,0.13645902448648486,0.0005752151971214014,0.1365347010844844,0.13674177241425348
LM,0.9,preserved,512,159,24.523494957260734,296,0.27541686085306744,0.0005693557508662638,0.2750925985069731,0.2819324891488777,0.13621836458055966,0.0005665810328993279,0.1358694957588172,0.1360751249882913
LM,0.9,preserved,512,160,24.677730774601997,297,0.2736645179905277,0.0005579203842278061,0.2736929014826167,0.2805360388945516,0.13519572560734483,0.0005551077161891465,0.13520177451733184,0.13540598176391141
LM,0.9,preserved,512,161,24.83196659194326,299,0.27256545580545466,0.0005739344473455438,0.2723187022119009,0.2791646768924233,0.13482284691170038,0.0005712349311178511,0.13455158542627177,0.13475438386054
LM,0.9,preserved,512,162,24.986202409284523,301,0.2717945702377262,0.0005723472777402755,0.27094893597832564,0.2777973459153351,0.13476510161682517,0.000569676990384633,0.13389827109241603,0.1340996791949927
LM,0.9,preserved,512,163,25.140438226625786,302,0.27094391675356455,0.0005890223255144762,0.269585182141443,0.2764356436577642,0.13462454392631912,0.0005864475067636423,0.133243515100695,0.1334435569084474
LM,0.9,preserved,512,164,25.29467404396705,304,0.2693855803420455,0.0005688729990662696,0.2682467029277247,0.27509884366904813,0.13376944150574174,0.0005662973967198986,0.13260644857370904,0.13280513872764363
LM,0.9,preserved,512,165,25.448909861308312,305,0.26819180290143396,0.0005773643576502507,0.2669129461878005,0.273766398769881,0.13326807549736258,0.0005748855113751168,0.13196690978865022,0.1321642664533019
LM,0.9,preserved,512,166,25.60314567864957,307,0.2666895991589818,0.0005780768259130876,0.26560305756088465,0.2724574681195707,0.13245370114885274,0.0005756208741753807,0.1313439104438092,0.13153994518414241
LM,0.9,preserved,512,167,25.757381495990835,309,0.2651940984157115,0.0005690820213098468,0.26429708231398735,0.27115210319425154,0.1316416568531067,0.0005666333521601897,0.13071787204024274,0.13091260146148992
LM,0.9,preserved,512,168,25.911617313332098,310,0.2632328904620497,0.0005503337426386048,0.26299652614677327,0.2698518262235694,0.13034344634924835,0.00054783504918018,0.1300903924207673,0.1302838384040742
LM,0.9,preserved,512,169,26.06585313067336,312,0.2615822383374911,0.0005612209427622091,0.2617196742154253,0.2685749322746678,0.1293617898241187,0.0005588494693839632,0.1294796279991334,0.12967180351669344
LM,0.9,preserved,512,170,26.220088948014624,313,0.2602777342461998,0.0005469588156169914,0.2604470383909603,0.26730193710909644,0.12871517322409454,0.0005445690337244781,0.12886645190625554,0.12905737329430644
LM,0.9,preserved,512,171,26.374324765355887,315,0.2588808700935104,0.0005229009103551132,0.25919680104123977,0.2660510351301616,0.12796718198228899,0.0005204243510860732,0.12826891532407902,0.12845859266460918
LM,0.9,preserved,512,172,26.528560582697146,317,0.25758099562372716,0.0005202567279913401,0.2579500297801216,0.26480329905835553,0.1273109223526238,0.0005178062652679138,0.12766843432942343,0.12785688251332883
LM,0.9,preserved,512,173,26.68279640003841,318,0.2563442174839745,0.0005089464372750875,0.2567081598017875,0.2635601790179689,0.12672046820909477,0.0005064911087792329,0.12706652579559025,0.12725376474432487
LM,0.9,preserved,512,174,26.837032217379672,320,0.2553609206233297,0.0005299469410150473,0.25548857012814064,0.26233906269601603,0.12637285568318135,0.000527621739022131,0.12648044271415948,0.12666648390124205
LM,0.9,preserved,512,175,26.991268034720935,321,0.25393192641753637,0.0005276157110890946,0.2542727548481135,0.2611214471427423,0.12556640500066782,0.0005253255623399769,0.12589201431342595,0.12607687243562
LM,0.9,preserved,512,176,27.1455038520622,323,0.25287574972419474,0.0005129008646666579,0.2530780028267623,0.25992463194019527,0.12512875288601386,0.0005105599603824122,0.12531840130847546,0.12550208513354588
LM,0.9,preserved,512,177,27.29973966940346,325,0.2516735495462519,0.0005152138278151248,0.2518863264941902,0.2587306336696342,0.12453941657809484,0.0005129149685678233,0.12474193968742257,0.12492446258079878
LM,0.9,preserved,512,178,27.453975486744724,326,0.25081694949372524,0.0005053696232378462,0.25069909450884237,0.2575408344955581,0.12429140633646946,0.0005030668364284103,0.12416407068758373,0.12434545082012358
LM,0.9,preserved,512,179,27.608211304085984,328,0.24939746053833292,0.0004946784085826257,0.24953284471348858,0.2563717798239018,0.12347209512152099,0.0004923846031902318,0.12360120907474384,0.12378145659835613
LM,0.9,preserved,512,180,27.762447121427247,329,0.24786043805937738,0.0004937987819895213,0.24836998035685975,0.2552058750649143,0.12253452520868355,0.0004915395439090011,0.12303606976137585,0.12321519792092353
LM,0.9,preserved,512,181,27.91668293876851,331,0.24663701839559887,0.0004978021934872938,0.24722696046662376,0.25405958879204726,0.12189988293949545,0.0004955826572089453,0.12248498684858317,0.12266300326230373
LM,0.9,preserved,512,182,28.070918756109773,333,0.24620192766725063,0.0005032032467765406,0.24608667278535384,0.2529158120725517,0.12205000647728897,0.0005010369677986365,0.12193114922669893,0.12210806591411626
LM,0.9,preserved,512,183,28.225154573451036,334,0.24512417165795966,0.0004928561272799573,0.2449504234607649,0.2517758632930105,0.12155476109711459,0.0004906826367809284,0.12137592768218633,0.12155176125904495
LM,0.9,preserved,512,184,28.3793903907923,336,0.24378120563679653,0.0004912746016418707,0.24383396832209883,0.2506555048731618,0.12078424297010609,0.0004891180134325036,0.12083495808155188,0.12100971754296605
LM,0.9,preserved,512,185,28.533626208133562,337,0.24299078228019236,0.0005126451155253611,0.24272055401385406,0.2495379849339655,0.12056800598705743,0.000510614805677321,0.12029177756698113,0.12046547487916376
LM,0.9,preserved,512,186,28.68786202547482,339,0.241806101702017,0.0004881761201984384,0.24162586768141953,0.2484389991281035,0.11994996789965857,0.000486064826152765,0.11976195169833148,0.11993459348170593
LM,0.9,preserved,512,187,28.842097842816084,340,0.240818648439444,0.0004790681702094525,0.24053360969371074,0.24734225043733218,0.11952160127577642,0.0004769584210513636,0.11922946176416621,0.11940105885703695
LM,0.9,preserved,512,188,28.996333660157347,342,0.2398604767898369,0.00046862950941997444,0.23945930336236526,0.24626327110631419,0.11911779422632576,0.00046651057619162843,0.11870970920000418,0.1188802679325561
LM,0.9,preserved,512,189,29.15056947749861,344,0.2389282063354179,0.00047796746853916866,0.2383870212192938,0.24518613645046494,0.11874442577302896,0.0004759374275830426,0.11818703910890838,0.11835657034770108
LM,0.9,preserved,512,190,29.304805294839873,345,0.23714148708441007,0.00046387101679926074,0.23731805067650757,0.24411214478320087,0.11750051952198072,0.000461805199414361,0.11766279326678844,0.11783131237504942
LM,0.9,preserved,512,191,29.459041112181136,347,0.2362361074877216,0.0004707884234805659,0.23626720474269375,0.24305611459321907,0.11713606303048132,0.0004687806651389435,0.11715166844211161,0.1173191837009392
LM,0.9,preserved,512,192,29.6132769295224,348,0.23516136082937314,0.0004788176140261471,0.2352188282006542,0.24200239132418244,0.11659217495702233,0.00047686987535672096,0.11663827342135785,0.11680479589273046
LM,0.9,preserved,512,193,29.76751274686366,350,0.23416642485862232,0.00044889809102975257,0.23418765815161852,0.24096571927238036,0.11612684798875586,0.0004468444748856389,0.11613722795172983,0.11630276363664176
LM,0.9,preserved,512,194,29.921748564204922,352,0.23302582509502692,0.00045140541159248486,0.23315844093610072,0.23993084648480606,0.11550864177994266,0.0004494018058243068,0.11563353410477797,0.1157980929071267
LM,0.9,preserved,512,195,30.075984381546185,353,0.23213073031082662,0.00045133140501303333,0.2321323649631163,0.23889897104431707,0.1151308120810488,0.0004493556639533123,0.11512842944066903,0.11529202533610197
LM,0.9,preserved,512,196,30.230220198887448,355,0.23086498725640248,0.0004403942673150114,0.23112354831891246,0.2378842156747006,0.11437871497219915,0.0004383661078708249,0.1146359195187453,0.11479855962548013
LM,0.9,preserved,512,197,30.38445601622871,356,0.23057463044356366,0.000455153336819987,0.2301170223594041,0.23687161188986808,0.11460010505945308,0.0004532487994159898,0.11414128328798143,0.11430297737008428
LM,0.9,preserved,512,198,30.538691833569974,358,0.22939976233919981,0.0004593519921106473,0.22912685201497315,0.2358752310486692,0.11393669507219352,0.00045750092264546226,0.11365847199888529,0.11381922501128214
LM,0.9,preserved,512,199,30.692927650911233,359,0.22830957688817255,0.00046437001631208507,0.22813845624822357,0.2348804933636945,0.11334296767350954,0.00046255012159372716,0.11317314449854451,0.11333296517913652
LM,0.9,preserved,512,200,30.847163468252496,361,0.2275531981283496,0.0004791082811278006,0.22716576315595616,0.2339013338163381,0.11308432703885454,0.00047736986387139765,0.11269911517718217,0.11285800821786465
LM,0.9,preserved,512,201,31.00139928559376,363,0.226547315302447,0.0004698081899197636,0.22619450866367674,0.2329234898051722,0.11257161091735125,0.0004680597843843543,0.11222235315413884,0.11238032733307335
LM,0.9,preserved,512,202,31.155635102935022,364,0.22575421243808447,0.0004594323587590231,0.22522585526645125,0.23194813257621955,0.11227151641561936,0.0004576649161247706,0.1117440625713289,0.11190113071862609
LM,0.9,preserved,512,203,31.309870920276285,366,0.22423644732427794,0.00045842874146748597,0.2242731127217923,0.23098857577741166,0.11124710143944078,0.00045667955267273135,0.11127744469331347,0.11143361329532597
LM,0.9,preserved,512,204,31.46410673761755,367,0.2234181161072791,0.00047260939536330517,0.22332223726696399,0.23003077530796898,0.1109114535941409,0.000470935347821613,0.1108086823206609,0.11096396039368776
LM,0.9,preserved,512,205,31.61834255495881,369,0.2224511483771474,0.0004563907369119122,0.2223864810544992,0.22908798880669895,0.11042180335677762,0.0004546823817318581,0.11035091830726412,0.11050531033817784
LM,0.9,preserved,512,206,31.77257837230007,370,0.22140436521071832,0.0004536927664481332,0.22145214706186278,0.2281465199040826,0.10984329316858427,0.0004519990724424151,0.10989067545902031,0.11004418947753856
LM,0.9,preserved,512,207,31.926814189641334,372,0.22079892632080628,0.00045765967985859744,0.22053235751125172,0.22721949673657757,0.10971534627384313,0.0004560088063226794,0.1094409668521526,0.1095936070483422
LM,0.9,preserved,512,208,32.0810500069826,374,0.2199444051258098,0.0004440882111203168,0.2196137008633187,0.22629350864494435,0.1093256094177012,0.0004424120175176169,0.10898859490966904,0.10914036929633764
LM,0.9,preserved,512,209,32.23528582432386,375,0.21886311915209583,0.0004605819478866988,0.2186972798995836,0.2253696661332701,0.10871012564391944,0.0004589954936322176,0.10853469816398545,0.10868561854585054
LM,0.9,preserved,512,210,32.38952164166512,377,0.21805134956118974,0.00046965346613555333,0.21779563981018946,0.2244605175364196,0.10835865514777537,0.0004681148009900463,0.10809171767940587,0.10824178986429543
LM,0.9,preserved,512,211,32.543757459006386,378,0.21716507581107472,0.0004556547153574144,0.21689556130686433,0.22355284279251475,0.10792332787345191,0.00045408698062727744,0.10764664242532779,0.10779587459565677
LM,0.9,preserved,512,212,32.697993276347646,380,0.21639941626450063,0.0004637247026278327,0.21600953928007738,0.22265914147476723,0.10760798015684175,0.00046219767391213716,0.10721186250867379,0.10736025856678638
LM,0.9,preserved,512,213,32.85222909368891,381,0.21507482119782054,0.00044149492626958,0.2151246731146592,0.22176651316043183,0.1067318632002329,0.00043993724448889224,0.10677467957006916,0.1069222467576642
LM,0.9,preserved,512,214,33.00646491103017,383,0.2143696343499717,0.00043688600987672714,0.2142533398176141,0.22088733997509657,0.10647135256366819,0.0004353297333537962,0.10634736605350624,0.106494107988415
LM,0.9,preserved,512,215,33.16070072837144,384,0.21357798438751807,0.0004349626657758733,0.21338290066824717,0.2200089836337044,0.10611746465563354,0.00043340067630867277,0.10591748027943018,0.10606340419072066
LM,0.9,preserved,512,216,33.3149365457127,386,0.2124826927331632,0.000428320130338883,0.21252558218749956,0.21914367575289614,0.10545581921997063,0.0004267511918448271,0.10549714487595302,0.1056422545804705
LM,0.9,preserved,512,217,33.46917236305396,388,0.211544159511681,0.0004279832938997516,0.21166897590504996,0.21827900825790408,0.10495538175550981,0.0004264381433641871,0.10507414367557022,0.10521844660089416
LM,0.9,preserved,512,218,33.623408180395224,389,0.21043235166921276,0.0004260026544556062,0.21081413283234257,0.2174160388281049,0.10427076743476138,0.0004244632900418063,0.10464955696672996,0.10479306406483119
LM,0.9,preserved,512,219,33.77764399773648,391,0.20930944476193925,0.0004112511285265431,0.20997273009682815,0.216566446964654,0.10357936431075729,0.00040967181738883664,0.10423496298434859,0.10437767960740874
LM,0.9,preserved,512,220,33.93187981507775,392,0.20891916266940824,0.00043205775343447384,0.2091325069897813,0.2157179707543581,0.1036118009082619,0.00043058652487428065,0.10381828876501409,0.10396022243947947
LM,0.9,preserved,512,221,34.08611563241901,394,0.20854907127858177,0.000424180645190595,0.20830509262523117,0.21488224312288762,0.10366118287324752,0.0004227090477493057,0.10341106408964221,0.10355221832060099
LM,0.9,preserved,512,222,34.240351449760276,395,0.20746799029375868,0.0004246573537690088,0.2074785094019395,0.2140472861851767,0.10298934095275576,0.00042321366786706545,0.10300149394104752,0.10314187530679492
LM,0.9,preserved,512,223,34.394587267101535,397,0.20670112018996062,0.00041968106651647737,0.2066642788400434,0.21322462571158915,0.10263858937304066,0.00041824516913036437,0.10260100082387777,0.10274061249817995
LM,0.9,preserved,512,224,34.548823084442795,398,0.20585238764529293,0.00040141176384824947,0.2058506565827779,0.21240251732238485,0.10219662231694264,0.0003999387556459695,0.10219801847972951,0.10233686697617697
LM,0.9,preserved,512,225,34.70305890178406,400,0.20480817229539755,0.0003919285751770829,0.20504902784797197,0.211592350501861,0.1015591056015483,0.00039042936958806694,0.10180383381412038,0.10194192244974999
LM,0.9,preserved,512,226,34.85729471912532,402,0.2040087511469807,0.0003857842284235303,0.20424785381594562,0.2107825864043199,0.10116535909460156,0.00038427384873792323,0.10140708202583253,0.10154441747082316
LM,0.9,preserved,512,227,35.01153053646659,403,0.20309201645168462,0.00039431307166612863,0.20344811766553253,0.20997421400247823,0.10064854697117942,0.0003928470899188983,0.10100877056885885,0.10114536276903544
LM,0.9,preserved,512,228,35.16576635380785,405,0.20260750213151332,0.00041399772369778506,0.20266070140199743,0.20917811708600698,0.10056142671635077,0.0004126266820373134,0.10061968781971536,0.10075554150006319
LM,0.9,preserved,512,229,35.32000217114911,406,0.2015702736158712,0.0003945747822787214,0.20187419169660345,0.20838288085471962,0.09991848709588819,0.0003931534484677145,0.1002285906594681,0.10036371257560402
LM,0.9,preserved,512,230,35.47423798849037,408,0.20094062484214995,0.0004065236490736216,0.20109943065186753,0.20759935056124212,0.09968115190216431,0.0004051450712559381,0.09984622721459574,0.0999806203742139
LM,0.9,preserved,512,231,35.62847380583163,409,0.20012681274467092,0.0004041624146245865,0.20032526177876797,0.20681636912556578,0.09925799256960591,0.0004028027522530706,0.09946160668771617,0.09959527697144777
LM,0.9,preserved,512,232,35.7827096231729,411,0.1995251989930355,0.00040930709189134135,0.19956243186547526,0.20604468691843264,0.09904145616745003,0.000407988451918917,0.099085382233985,0.09921833235022584
LM,0.9,preserved,512,233,35.93694544051416,412,0.1986597997503167,0.0004119247138902302,0.19879999535280668,0.20527335805327715,0.09856200793884962,0.00041063899228044976,0.09870677007410297,0.09883900585596518
LM,0.9,preserved,512,234,36.091181257855425,414,0.19759492562512634,0.000398479246711072,0.1980485769309823,0.2045130108397757,0.09787531534291477,0.0003971711192627941,0.09833630195776707,0.09846782625978842
LM,0.9,preserved,512,235,36.245417075196684,416,0.19703378368812538,0.000388370074609964,0.1972974165818553,0.20375288494825886,0.09769202812293364,0.00038704107301982437,0.09796337609514885,0.09809419491132483
LM,0.9,preserved,512,236,36.399652892537944,417,0.19633936668807953,0.00039631084021434307,0.19654743388298582,0.2029939050501985,0.09737289154716351,0.0003950232154393617,0.0975889322952522,0.09771905468518571
LM,0.9,preserved,512,237,36.55388870987921,419,0.19536965526440014,0.0003956161883370048,0.19580879248003297,0.202246236125654,0.09677792831721747,0.0003943394179280471,0.09722304562773858,0.0973524757818795
LM,0.9,preserved,512,238,36.70812452722047,420,0.19461999946508077,0.00038839660282914283,0.19507084006254893,0.2014992242296642,0.09639498400755972,0.000387113335499407,0.09685521879965527,0.09698396281646127
LM,0.9,preserved,512,239,36.862360344561736,422,0.19401547173458888,0.0003865091319089135,0.1943437077184041,0.2007630030763748,0.0961608553387732,0.0003852346587323756,0.09649549403856268,0.09662355452017755
LM,0.9,preserved,512,240,37.016596161902996,423,0.19328432165367862,0.00037206074507438805,0.1936169773754944,0.200027153795884,0.09578735195589835,0.0003707549941543074,0.09613360430555282,0.09626098654926933
LM,0.9,preserved,512,241,37.17083197924426,425,0.1931256070495338,0.0003921769396841691,0.19290069572642832,0.19930172612753635,0.09598576540622161,0.0003909443231361663,0.09577950778208899,0.09590621412464037
LM,0.9,preserved,512,242,37.32506779658552,426,0.19231922860458125,0.00038503867244699797,0.1921846363910214,0.19857649315380965,0.09553435621411431,0.00038379822214759305,0.09542312568592108,0.09554916139526642
LM,0.9,preserved,512,243,37.47930361392678,428,0.19154946793152094,0.0003844696187104846,0.19147873652131414,0.19786139512405143,0.09512209978813718,0.0003832371136870878,0.09507430732682327,0.09519967488969369
LM,0.9,preserved,512,244,37.63353943126805,429,0.19089299777859803,0.00039244680773975314,0.1907729379982509,0.1971463734104038,0.09481891988928448,0.0003912590847929377,0.09472313907120339,0.09484784392037658
LM,0.9,preserved,512,245,37.78777524860931,431,0.19006940867708058,0.00039010837660406755,0.19007705674252645,0.19644124694402887,0.09435427507888786,0.0003889225913832919,0.09437934982713128,0.09450339465960568
LM,0.9,preserved,512,246,37.942011065950574,433,0.189445283732075,0.0003847289714240714,0.18938118921238548,0.19573611162503127,0.0940745577265903,0.00038354747535194485,0.09403317763209731,0.09415656803166438
LM,0.9,preserved,512,247,38.09624688329183,434,0.18894196306154692,0.0003973290412369411,0.18868619495768513,0.19503183138411112,0.09391564037514405,0.0003961963609072451,0.09368549819270652,0.0938082425479751
LM,0.9,preserved,512,248,38.2504827006331,436,0.18811442901212314,0.00037831578437929437,0.18800146401432916,0.1943377971423121,0.09343947330504163,0.00037713529228394234,0.09334561865017445,0.09346772082629559
LM,0.9,preserved,512,249,38.40471851797436,437,0.18738459276948197,0.0003725783094639672,0.18731717543791376,0.19364418618227458,0.0930557799802631,0.0003713991934819247,0.09300385709736811,0.09312532269833099
LM,0.9,preserved,512,250,38.55895433531562,439,0.1867784062002712,0.00038095724249213246,0.18664269123626515,0.19296036260798377,0.09278804063392146,0.0003798103634583669,0.09266949245233509,0.09279032382757474
LM,0.9,preserved,512,251,38.713190152656885,440,0.18655328300837692,0.0003916104076797324,0.1859683987054281,0.19227671273497393,0.09290415737474342,0.0003905073835376571,0.09233304762858607,0.09245324960140924
LM,0.9,preserved,512,252,38.867425969998145,442,0.185900734061781,0.0003830590553578317,0.18530358517144097,0.19160252639752168,0.09258554352553497,0.00038193911752418003,0.09200372722582537,0.09212330186657322
LM,0.9,preserved,512,253,39.02166178733941,443,0.18499645541681892,0.0003717169899634444,0.18463880816370618,0.1909283604063277,0.09201843272914495,0.00037057968537003503,0.09167222144993145,0.09179117353052552
LM,0.9,preserved,512,254,39.17589760468067,445,0.18423890145736987,0.00037488894082063535,0.18398325766833548,0.1902634073252239,0.0915919876114431,0.0003737633929674428,0.09134763820473624,0.09146596991599684
LM,0.9,preserved,512,255,39.33013342202194,446,0.18366018094252962,0.0003800019126837124,0.18332764060570042,0.18959837340128521,0.09134214358796272,0.0003789003607089176,0.0910208144248893,0.091138530680765
LM,0.9,preserved,512,256,39.4843692393632,448,0.18274794192195193,0.0003591610044507661,0.1826810390508901,0.18894234322707743,0.09075999981148697,0.0003580302574404617,0.09070075088725166,0.09081785406663959
LM,0.9,preserved,512,257,39.638605056704456,449,0.18208554581181602,0.0003671822350695966,0.18203429721270709,0.18828616030873213,0.09042109124047126,0.00036608802182520157,0.09037841932873654,0.09049491448446771
LM,0.9,preserved,512,258,39.79284087404572,451,0.181377449453636,0.0003618160942818245,0.1813963848103224,0.18763879678507422,0.09003617456712373,0.0003607163680005814,0.09006270902257461,0.0901785986806385
LM,0.9,preserved,512,259,39.94707669138698,452,0.18085318779637177,0.0003577844993626047,0.18075827574705444,0.18699122581097105,0.08982783609310453,0.00035668150136560633,0.08974471903625375,0.08986000833213895
LM,0.9,preserved,512,260,40.10131250872825,454,0.18017166004849808,0.0003612812007414582,0.180128826066039,0.18635230574943545,0.08946108182028997,0.0003602120062147575,0.08943322585047214,0.08954791739695706
LM,0.9,preserved,512,261,40.25554832606951,456,0.17934642050739907,0.0003542758275652043,0.17949913413983865,0.18571313418306476,0.08894987212776727,0.00035319949980794753,0.08911945073127597,0.08923354969035674
LM,0.9,preserved,512,262,40.409784143410775,457,0.17869846918992188,0.0003541043080235104,0.17886998472948093,0.18507449949183646,0.08861727345541569,0.0003530382572890862,0.08880419040738718,0.08891770441981338
LM,0.9,preserved,512,263,40.564019960752034,459,0.1782321635086287,0.0003420375805486901,0.1782498527550873,0.1844448770400997,0.08846385902893616,0.0003409572044454806,0.08849584399118188,0.0886087765756071
LM,0.9,preserved,512,264,40.718255778093294,460,0.1777010848184297,0.0003435680317110226,0.17762989466282125,0.1838154214306384,0.088242788206154,0.00034250597692659594,0.08818568894470062,0.08829804515873599
LM,0.9,preserved,512,265,40.87249159543456,462,0.17714968952610224,0.0003389500812349108,0.17701856322505108,0.1831945870013052,0.08800031669718004,0.00033787880941864507,0.08788210211018416,0.08799388404602057
LM,0.9,preserved,512,266,41.02672741277582,463,0.17618368668016926,0.0003337138266273642,0.17640719438892755,0.18257370859594788,0.08734152888596824,0.00033264017675464796,0.08757653763102288,0.08768774959752643
LM,0.9,preserved,512,267,41.18096323011709,465,0.17593980469527526,0.0003389070391933359,0.17580417760047096,0.1819611776244794,0.08740039709668766,0.0003378507060287072,0.08727730938142658,0.08738795318450826
LM,0.9,preserved,512,268,41.335199047458346,466,0.17536817717012307,0.00034001071934732765,0.17520099511676995,0.18134847549856214,0.0871298898187565,0.0003389627941438345,0.08697601540087951,0.08708609527980923
LM,0.9,preserved,512,269,41.48943486479961,468,0.17485814550660916,0.0003355169108323339,0.17460595302840284,0.18074391035790116,0.0869206612241285,0.0003344695233560389,0.086680886806698,0.08679040465919924
LM,0.9,preserved,512,270,41.64367068214087,469,0.17415081696058374,0.00033865680502196815,0.17401066181666547,0.18013909189701982,0.08651329458288,0.00033764033600000207,0.08638364768188249,0.086492607866139
LM,0.9,preserved,512,271,41.79790649948213,471,0.17380410965378876,0.00033699938292151084,0.17342333482959055,0.17954223547751708,0.08645980843467208,0.0003359899419005018,0.08609243711853909,0.0862008416959971
LM,0.9,preserved,512,272,41.9521423168234,472,0.1731394034483373,0.0003319799716294864,0.17283570036243068,0.1789450685958243,0.0860936979208372,0.00033095968985819295,0.08579909497770015,0.08590694843081093
LM,0.9,preserved,512,273,42.10637813416466,474,0.17221410552157626,0.00032554243120834427,0.17225587502064396,0.17835570979865617,0.08545886700807305,0.0003245208883143648,0.08551166438319653,0.08561896890621819
LM,0.9,preserved,512,274,42.260613951505924,475,0.1717760874274347,0.00032944823681382585,0.17167569845118752,0.17776599790498251,0.08530868499319826,0.0003284512507004943,0.08522209461057512,0.08532885476378357
LM,0.9,preserved,512,275,42.41484976884718,477,0.17110052505391135,0.0003289684758745661,0.17110318926096668,0.17718395338689794,0.08491752033993494,0.0003279736451449391,0.0849383315845998,0.08504454964367146
LM,0.9,preserved,512,276,42.56908558618845,478,0.17028547009601358,0.00033987995032136643,0.1705302940518447,0.17660152199138404,0.08439468293323293,0.0003389279173572454,0.08465242967268524,0.0847581102270274
LM,0.9,preserved,512,277,42.72332140352971,480,0.1695315098994943,0.0003333068079208201,0.16996493358169606,0.1760266262722232,0.08392398591696582,0.0003323505539094678,0.08437223775871125,0.08447738312160501
LM,0.9,preserved,512,278,42.87755722087097,481,0.16876364538818023,0.00031879519852439297,0.1693991581171983,0.1754513156216036,0.08343811575162807,0.00031779947373054227,0.08408991207239945,0.08419452682578883
LM,0.9,preserved,512,279,43.031793038212236,483,0.1682450373979594,0.00032309754701418574,0.1688407914385964,0.17488341555481504,0.08320319039511367,0.00032212925781550966,0.08381320532809669,0.08391729179251863
LM,0.9,preserved,512,280,43.186028855553495,485,0.1675248425641473,0.00031462552689302033,0.16828198480052203,0.17431507643941155,0.08276196061122737,0.0003136456851691241,0.08353437299355454,0.08363793571990039
LM,0.9,preserved,512,281,43.34026467289476,486,0.16708092639429464,0.0003061208032094947,0.1677234356512663,0.17374699868153656,0.08259572124126022,0.00030512354178834707,0.08325412080206078,0.08335716651302685
LM,0.9,preserved,512,282,43.49450049023602,488,0.16683245958946769,0.0003190675582427619,0.16717263924642345,0.17318667765575585,0.08262395039411338,0.00031812387486064526,0.08297987621885997,0.08308240797796229
LM,0.9,preserved,512,283,43.64873630757728,489,0.16606114487806767,0.0003214688188367747,0.16662178598201643,0.17262630197185416,0.08212453307666098,0.00032054354708823134,0.08270393252610232,0.08280595475245654
LM,0.9,preserved,512,284,43.80297212491855,491,0.1653808489507486,0.00032809890440288654,0.1660783563757515,0.1720733532759341,0.08172143328912353,0.0003271903952692555,0.08243370236347669,0.08253521684357767
LM,0.9,preserved,512,285,43.95720794225981,492,0.164891562995809,0.0003295369836163011,0.1655346925809002,0.17152017260325764,0.0815049696181299,0.0003286374819041252,0.08216162850654884,0.08226263898793286
LM,0.9,preserved,512,286,44.11144375960107,494,0.16440404929893232,0.0003262586357109559,0.16499822413437748,0.17097419098751523,0.08128780134625871,0.00032535343313880115,0.08189507293809906,0.08199558094677079
LM,0.9,preserved,512,287,44.26567957694233,495,0.16389284960342318,0.000328427132410051,0.16446141612430631,0.17042787263878867,0.08104493262775497,0.0003275316145607303,0.08162659944543516,0.08172660866451628
LM,0.9,preserved,512,288,44.4199153942836,497,0.16357233271855226,0.0003215661801813758,0.16393162941073164,0.1698885800034617,0.08099349502575526,0.00032066306786885995,0.08136350186337399,0.08146301389792532
LM,0.9,preserved,512,289,44.57415121162486,498,0.16278474525452025,0.0003243972446052491,0.1634014364219743,0.16934888469397974,0.08047349206363422,0.00032352178300653673,0.08109844958911164,0.08119746822844406
LM,0.9,preserved,512,290,44.72838702896612,500,0.16244584033461154,0.0003320903707072005,0.16287812097356613,0.16881607209342875,0.08039563231338465,0.00033123806884666836,0.08083866004269188,0.08093718703746397
LM,0.9,preserved,512,291,44.882622846307385,501,0.16193937463391167,0.0003302869461018255,0.16235435395091058,0.16828281226973174,0.0801536252395868,0.0003294392866031236,0.08057689946537103,0.08067493871791576
LM,0.9,preserved,512,292,45.036858663648644,503,0.16153387134907315,0.000337974093013801,0.1618373384777234,0.1677563098617163,0.08001029931452383,0.00033714933427338384,0.08032030526299669,0.08041785864377805
LM,0.9,preserved,512,293,45.19109448098991,504,0.16144714503499924,0.0003280682254790112,0.1613198384577887,0.16722932793802292,0.08017972811613452,0.0003272259273500152,0.08006173516033185,0.08015880664466771
LM,0.9,preserved,512,294,45.34533029833117,506,0.16094131746723606,0.0003408248989273704,0.16080897507970368,0.1667089891457154,0.07993182454798228,0.0003400280108153246,0.07980824532645245,0.07990483685991814
LM,0.9,preserved,512,295,45.49956611567244,507,0.1605890983012385,0.00033438233686919024,0.1602976016226731,0.16618814591250863,0.07983726000946428,0.00033357254490782543,0.0795527813840762,0.07964889697238195
LM,0.9,preserved,512,296,45.653801933013696,509,0.1600174557582804,0.0003341034389354478,0.15979275732864465,0.1656738388874785,0.07951961932863892,0.00033329096306706455,0.07930231826063522,0.07939795988607942
LM,0.9,preserved,512,297,45.808037750354956,510,0.15946302911671492,0.00033579980395645356,0.1592873821663557,0.1651590071774205,0.07921815100875318,0.00033499990957195594,0.07904988683696879,0.07914505850349135
LM,0.9,preserved,512,298,45.96227356769622,512,0.15860989740476109,0.0003186685397145933,0.1587884340532301,0.16465061006241122,0.07861707142818972,0.00031783192874217087,0.07880238142027529,0.07889708512023691
LM,0.9,preserved,512,299,46.11650938503748,513,0.15842622351301483,0.0003285080628314796,0.15828893748774997,0.1641416711742818,0.07868587788652465,0.0003277146697368848,0.07855291602927461,0.07864715574406914
LM,0.9,preserved,512,300,46.27074520237875,515,0.1578033299651829,0.00032310394996509355,0.15779577001036812,0.16363906937745318,0.07831382368045517,0.0003223040168236093,0.07830830529385575,0.0784020830094792
LM,0.9,preserved,512,301,46.42498101972001,516,0.15708855394636873,0.0003192145071344918,0.1573020387912893,0.1631359109750653,0.0778448315839639,0.00031841027309335065,0.07806174454817402,0.07815506421141491
LM,0.9,preserved,512,302,46.579216837061274,518,0.1565415990093952,0.00030701107824915113,0.15681454210622925,0.16263899553235728,0.07754252788196946,0.0003061800066647369,0.07781996985031553,0.07791283343154029
LM,0.9,preserved,512,303,46.733452654402534,519,0.1562244216937575,0.0003062488433225889,0.1563264681221495,0.16214151035165558,0.07747067175574579,0.00030542387581562204,0.07757625620786904,0.07766866761289341
LM,0.9,preserved,512,304,46.88768847174379,521,0.15598389287511816,0.00031162418466112324,0.1558445370419295,0.16165017689385575,0.07747571157852515,0.0003108143185953367,0.07733726229115823,0.07742922346987338
LM,0.9,preserved,512,305,47.04192428908506,522,0.1557188965398161,0.0003110036026227843,0.15536201647323283,0.16115826190617089,0.07744860666918191,0.0003102012648326314,0.07709634125624586,0.07718785607046136
LM,0.9,preserved,512,306,47.19616010642632,524,0.15531956405332778,0.00032090616668097873,0.1548855497719851,0.16067240997306653,0.07728505626838672,0.0003201342295595272,0.07686007560310779,0.07695114597986352
LM,0.9,preserved,512,307,47.350395923767586,525,0.1548715934570922,0.0003143555119720448,0.1544084825138162,0.16018596581495245,0.07707802060631322,0.00031357238340823515,0.07662189519319482,0.07671252494903319
LM,0.9,preserved,512,308,47.504631741108845,527,0.15451748558727837,0.0003106375034933628,0.15393738244258476,0.15970549837621573,0.07695903749430603,0.0003098551810642812,0.07638830758223839,0.07647849862022435
LM,0.9,preserved,512,309,47.65886755845011,528,0.1539614883294552,0.0003098659545389467,0.15346567169205916,0.15922442894126138,0.07664342833534846,0.0003090870179176861,0.07615281795570542,0.07624257404670125
LM,0.9,preserved,512,310,47.81310337579137,530,0.15348041693112738,0.00030272061524838374,0.15299984362402907,0.15874925204553367,0.07639584360996345,0.00030193598019604204,0.07592186014614888,0.07601118316868867
LM,0.9,preserved,512,311,47.96733919313263,531,0.15296196469945722,0.00030787388004198407,0.1525333955713,0.15827346417872987,0.07611154391997321,0.0003071105041936177,0.07568901333137074,0.07577790701057853
LM,0.9,preserved,512,312,48.1215750104739,533,0.1527167129102055,0.0003237228813676114,0.1520727477308576,0.1578034866855762,0.07609709212743393,0.00032300394808917253,0.07546063882902782,0.07554910501857423
LM,0.9,preserved,512,313,48.27581082781516,534,0.15197281332739151,0.0003069608309844193,0.1516114713185538,0.15733288994535538,0.0755851614957129,0.00030621126425220695,0.07523038851975622,0.07531843089909322
LM,0.9,preserved,512,314,48.43004664515642,536,0.15142881156243165,0.0003127381005360691,0.15115591456663324,0.15686802331300562,0.07526782133186449,0.0003120044391121302,0.0750045523974065,0.07509217279508468
LM,0.9,preserved,512,315,48.58428246249768,537,0.1508700760592041,0.0003064495213525904,0.15069972129610038,0.15640252977973215,0.07493740452574901,0.0003057088092496713,0.07477685379319005,0.07486405584309276
LM,0.9,preserved,512,316,48.73851827983895,539,0.1501906150297058,0.00030650261492191775,0.15024916895478252,0.1559426878918258,0.07448346012272437,0.00030577138617110945,0.07455351254854795,0.07464029805388059
LM,0.9,preserved,512,317,48.89275409718021,540,0.14986324501608841,0.0003106969959859029,0.149797972725556,0.1554822120093406,0.0743823492467706,0.0003099860709808498,0.07432832222682356,0.0744146947760254
LM,0.9,preserved,512,318,49.04698991452147,542,0.1493313190174651,0.00031322264027754387,0.1493523404310109,0.1550273110298871,0.07407417114961934,0.00031251815691594234,0.07410743366737263,0.07419339503811115
LM,0.9,preserved,512,319,49.201225731862735,543,0.14883190953502337,0.0002998210284603546,0.14890605740467497,0.1545717694713415,0.07379610715720902,0.0002990831951546097,0.07388470947853532,0.07397026321396293
LM,0.9,preserved,512,320,49.355461549203994,545,0.14804532091393546,0.000290356061323054,0.14846526298121768,0.1541217277207137,0.07323253193162244,0.00028960017541550454,0.07366623262612937,0.07375138047823193
LM,0.9,preserved,512,321,49.50969736654526,546,0.14768931622467374,0.0002844985464063173,0.14802381146369223,0.15367103927275932,0.07309807745575553,0.0002837327864034355,0.07344593360573734,0.07353067907258823
LM,0.9,preserved,512,322,49.66393318388652,548,0.14721216860831737,0.0002936853665357436,0.1475877748140037,0.15322577711978266,0.07284066016058638,0.0002929532216135024,0.0732298286161234,0.07331417342394853
LM,0.9,preserved,512,323,49.81816900122779,549,0.14696684772659535,0.000303666979420573,0.14715107515211764,0.15277986258097717,0.0728170400095251,0.00030296520718759606,0.0730119149101907,0.07309586251225708
LM,0.9,preserved,512,324,49.972404818569046,551,0.1463080133230909,0.0002836802699522844,0.14671971816014132,0.15233930234762139,0.07237520064011807,0.000282934746140815,0.07279814300404937,0.07288169510082107
LM,0.9,preserved,512,325,50.126640635910306,552,0.14584450375429442,0.0002903784762026837,0.1462876926495331,0.15189808443808353,0.0721286304881073,0.00028966312136966547,0.072582575804544,0.07266573580482658
LM,0.9,preserved,512,326,50.28087645325157,554,0.1455232642987776,0.0002843377950941192,0.14586093909352243,0.15146215031422183,0.07202146948471103,0.00028361546337529265,0.07237109920759371,0.07245386878616746
LM,0.9,preserved,512,327,50.43511227059283,555,0.14504098315575956,0.0002873673607717785,0.14543351189569922,0.15102555359435793,0.07175553189337516,0.0002866546213673194,0.07215784069603957,0.0722402232176665
LM,0.9,preserved,512,328,50.5893480879341,557,0.1446612203756627,0.0002850544899453146,0.1450112873695448,0.1505941715607152,0.07158838910839749,0.000284345435411547,0.07194862258639559,0.07203061970032804
LM,0.9,preserved,512,329,50.74358390527536,558,0.14428962131112055,0.0002956311635050609,0.1445883844364767,0.1501621223573868,0.0714301004693074,0.00029496128522394255,0.07173763588401255,0.0718192509114553
LM,0.9,preserved,512,330,50.897819722616624,560,0.1438832729664133,0.0002863926657433308,0.14417061627789718,0.14973522011525559,0.07123487559016889,0.00028570888493877696,0.07153064034544013,0.07161187491034428
LM,0.9,preserved,512,331,51.052055539957884,561,0.1436072546546111,0.00028539824017057437,0.14375216528290635,0.14930764645414424,0.07116728479162387,0.0002847169672856531,0.07132188946863435,0.07140274684919398
LM,0.9,preserved,512,332,51.20629135729914,563,0.14291292373169595,0.00027688569124205,0.14333878250741333,0.14888515336077662,0.07068370358218487,0.00027618994429416454,0.07111708144865542,0.07119756324380853
LM,0.9,preserved,512,333,51.36052717464041,564,0.14264603055246564,0.00028236412561604405,0.14292471278139462,0.14846198490398305,0.07062514698642375,0.00028168328366848163,0.07091053126894382,0.07099064071447032
LM,0.9,preserved,512,334,51.51476299198167,,0.14242520391632163,0.0002893224113464204,0.14251564602117772,0.14804383191280618,0.07061135190291207,0.0002886665956881388,0.07070787654098856,0.07078761521115223
