phase,legacy_phase,alpha,beta,m,input_dimension,sigma2,grid_source,boundary_neighborhood,boundary_log10_offset,status,continuous_t_star,risk_at_t_star,sigma2_terminal_boundary,sigma2_zero_boundary,nearest_boundary_log_distance,minimum_window_relative_spread
\mathrm{IM}_1,Ia,0.7,0.3,3200,6400,0.001,base,,nan,terminal_infimum,inf,0.0010777740353453713,0.8792835943764795,33.21822760925002,6.779107478615632,0.0
\mathrm{IM}_1,Ia,0.7,0.3,3200,6400,0.001211527658628589,base,,nan,terminal_infimum,inf,0.0010955185166477079,0.8792835943764795,33.21822760925002,6.587225387532794,0.0
\mathrm{IM}_1,Ia,0.7,0.3,3200,6400,0.0014677992676220691,base,,nan,terminal_infimum,inf,0.0011170164465335065,0.8792835943764795,33.21822760925002,6.3953432964499575,0.0
\mathrm{IM}_1,Ia,0.7,0.3,3200,6400,0.0017782794100389228,base,,nan,terminal_infimum,inf,0.0011430617831934098,0.8792835943764795,33.21822760925002,6.2034612053671205,0.0
\mathrm{IM}_1,Ia,0.7,0.3,3200,6400,0.0021544346900318843,base,,nan,terminal_infimum,inf,0.0011746164289351759,0.8792835943764795,33.21822760925002,6.011579114284283,0.0
\mathrm{IM}_1,Ia,0.7,0.3,3200,6400,0.0026101572156825357,base,,nan,terminal_infimum,inf,0.0012128457550095518,0.8792835943764795,33.21822760925002,5.819697023201447,0.0
\mathrm{IM}_1,Ia,0.7,0.3,3200,6400,0.0031622776601683794,base,,nan,terminal_infimum,inf,0.0012591616409193898,0.8792835943764795,33.21822760925002,5.627814932118609,0.0
\mathrm{IM}_1,Ia,0.7,0.3,3200,6400,0.003831186849557285,base,,nan,terminal_infimum,inf,0.0013152746177330444,0.8792835943764795,33.21822760925002,5.435932841035773,0.0
\mathrm{IM}_1,Ia,0.7,0.3,3200,6400,0.004641588833612777,base,,nan,terminal_infimum,inf,0.0013832570411507717,0.8792835943764795,33.21822760925002,5.244050749952935,0.0
\mathrm{IM}_1,Ia,0.7,0.3,3200,6400,0.005623413251903491,base,,nan,terminal_infimum,inf,0.0014656196274219484,0.8792835943764795,33.21822760925002,5.052168658870097,0.0
\mathrm{IM}_1,Ia,0.7,0.3,3200,6400,0.006812920690579608,base,,nan,terminal_infimum,inf,0.0015654041787256617,0.8792835943764795,33.21822760925002,4.860286567787261,0.0
\mathrm{IM}_1,Ia,0.7,0.3,3200,6400,0.008254041852680182,base,,nan,terminal_infimum,inf,0.0016862959225339542,0.8792835943764795,33.21822760925002,4.668404476704423,0.0
\mathrm{IM}_1,Ia,0.7,0.3,3200,6400,0.01,base,,nan,terminal_infimum,inf,0.001832759613857542,0.8792835943764795,33.21822760925002,4.476522385621586,0.0
\mathrm{IM}_1,Ia,0.7,0.3,3200,6400,0.012115276586285882,base,,nan,terminal_infimum,inf,0.002010204426880908,0.8792835943764795,33.21822760925002,4.284640294538749,0.0
\mathrm{IM}_1,Ia,0.7,0.3,3200,6400,0.01467799267622069,base,,nan,terminal_infimum,inf,0.0022251837257388947,0.8792835943764795,33.21822760925002,4.0927582034559125,0.0
\mathrm{IM}_1,Ia,0.7,0.3,3200,6400,0.01778279410038923,base,,nan,terminal_infimum,inf,0.002485637092337928,0.8792835943764795,33.21822760925002,3.9008761123730746,0.0
\mathrm{IM}_1,Ia,0.7,0.3,3200,6400,0.021544346900318832,base,,nan,terminal_infimum,inf,0.002801183549755586,0.8792835943764795,33.21822760925002,3.7089940212902377,0.0
\mathrm{IM}_1,Ia,0.7,0.3,3200,6400,0.026101572156825358,base,,nan,terminal_infimum,inf,0.0031834768104993484,0.8792835943764795,33.21822760925002,3.5171119302074008,0.0
\mathrm{IM}_1,Ia,0.7,0.3,3200,6400,0.03162277660168379,base,,nan,terminal_infimum,inf,0.0036466356695977276,0.8792835943764795,33.21822760925002,3.3252298391245634,0.0
\mathrm{IM}_1,Ia,0.7,0.3,3200,6400,0.03831186849557287,base,,nan,terminal_infimum,inf,0.004207765437734274,0.8792835943764795,33.21822760925002,3.1333477480417264,0.0
\mathrm{IM}_1,Ia,0.7,0.3,3200,6400,0.046415888336127774,base,,nan,terminal_infimum,inf,0.004887589671911547,0.8792835943764795,33.21822760925002,2.9414656569588895,0.0
\mathrm{IM}_1,Ia,0.7,0.3,3200,6400,0.05623413251903491,base,,nan,terminal_infimum,inf,0.005711215534623314,0.8792835943764795,33.21822760925002,2.7495835658760517,0.0
\mathrm{IM}_1,Ia,0.7,0.3,3200,6400,0.06812920690579612,base,,nan,terminal_infimum,inf,0.006709061047660448,0.8792835943764795,33.21822760925002,2.5577014747932147,0.0
\mathrm{IM}_1,Ia,0.7,0.3,3200,6400,0.08254041852680181,base,,nan,terminal_infimum,inf,0.007917978485743372,0.8792835943764795,33.21822760925002,2.365819383710378,0.0
\mathrm{IM}_1,Ia,0.7,0.3,3200,6400,0.1,base,,nan,terminal_infimum,inf,0.009382615398979251,0.8792835943764795,33.21822760925002,2.1739372926275404,0.0
\mathrm{IM}_1,Ia,0.7,0.3,3200,6400,0.12115276586285877,base,,nan,terminal_infimum,inf,0.011157063529212908,0.8792835943764795,33.21822760925002,1.982055201544704,0.0
\mathrm{IM}_1,Ia,0.7,0.3,3200,6400,0.1467799267622069,base,,nan,terminal_infimum,inf,0.01330685651779278,0.8792835943764795,33.21822760925002,1.7901731104618666,0.0
\mathrm{IM}_1,Ia,0.7,0.3,3200,6400,0.1778279410038923,base,,nan,terminal_infimum,inf,0.015911390183783108,0.8792835943764795,33.21822760925002,1.598291019379029,0.0
\mathrm{IM}_1,Ia,0.7,0.3,3200,6400,0.21544346900318823,base,,nan,terminal_infimum,inf,0.019066854757959686,0.8792835943764795,33.21822760925002,1.4064089282961927,0.0
\mathrm{IM}_1,Ia,0.7,0.3,3200,6400,0.2610157215682536,base,,nan,terminal_infimum,inf,0.02288978736539731,0.8792835943764795,33.21822760925002,1.214526837213355,0.0
\mathrm{IM}_1,Ia,0.7,0.3,3200,6400,0.31622776601683794,base,,nan,terminal_infimum,inf,0.027521375956381103,0.8792835943764795,33.21822760925002,1.0226447461305175,0.0
\mathrm{IM}_1,Ia,0.7,0.3,3200,6400,0.3831186849557285,base,,nan,terminal_infimum,inf,0.03313267363774655,0.8792835943764795,33.21822760925002,0.8307626550476812,0.0
\mathrm{IM}_1,Ia,0.7,0.3,3200,6400,0.46415888336127775,base,,nan,terminal_infimum,inf,0.039930915979519296,0.8792835943764795,33.21822760925002,0.6388805639648435,0.0
\mathrm{IM}_1,Ia,0.7,0.3,3200,6400,0.49445750167980285,boundary_refinement,terminal,-0.25,terminal_infimum,inf,0.042472584855000536,0.8792835943764795,33.21822760925002,0.5756462732485115,0.0
\mathrm{IM}_1,Ia,0.7,0.3,3200,6400,0.5237559505961867,boundary_refinement,terminal,-0.225,terminal_infimum,inf,0.04493035223329447,0.8792835943764795,33.21822760925002,0.5180816459236602,0.0
\mathrm{IM}_1,Ia,0.7,0.3,3200,6400,0.5547904417527829,boundary_refinement,terminal,-0.2,terminal_infimum,inf,0.047533751484371535,0.8792835943764795,33.21822760925002,0.4605170185988091,0.0
\mathrm{IM}_1,Ia,0.7,0.3,3200,6400,0.5623413251903491,base,,nan,terminal_infimum,inf,0.04816717460663696,0.8792835943764795,33.21822760925002,0.4469984728820062,0.0
\mathrm{IM}_1,Ia,0.7,0.3,3200,6400,0.5876638421193889,boundary_refinement,terminal,-0.17500000000000002,terminal_infimum,inf,0.05029141183919867,0.8792835943764795,33.21822760925002,0.4029523912739581,0.0
\mathrm{IM}_1,Ia,0.7,0.3,3200,6400,0.6224851139169609,boundary_refinement,terminal,-0.15,terminal_infimum,inf,0.05321247384282305,0.8792835943764795,33.21822760925002,0.34538776394910686,0.0
\mathrm{IM}_1,Ia,0.7,0.3,3200,6400,0.65936967578395,boundary_refinement,terminal,-0.125,terminal_infimum,inf,0.05630661965163602,0.8792835943764795,33.21822760925002,0.2878231366242555,0.0
\mathrm{IM}_1,Ia,0.7,0.3,3200,6400,0.6812920690579608,base,,nan,terminal_infimum,inf,0.058145629737008285,0.8792835943764795,33.21822760925002,0.25511638179916973,0.0
\mathrm{IM}_1,Ia,0.7,0.3,3200,6400,0.6984397853430901,boundary_refinement,terminal,-0.1,terminal_infimum,inf,0.05958410512586283,0.8792835943764795,33.21822760925002,0.23025850929940458,0.0
\mathrm{IM}_1,Ia,0.7,0.3,3200,6400,0.7398249444366942,boundary_refinement,terminal,-0.07500000000000001,terminal_infimum,inf,0.06305579382365203,0.8792835943764795,33.21822760925002,0.17269388197455351,0.0
\mathrm{IM}_1,Ia,0.7,0.3,3200,6400,0.7836623283736491,boundary_refinement,terminal,-0.05,terminal_infimum,inf,0.06673319300944115,0.8792835943764795,33.21822760925002,0.11512925464970225,0.0
\mathrm{IM}_1,Ia,0.7,0.3,3200,6400,0.8254041852680182,base,,nan,terminal_infimum,inf,0.07023480411783754,0.8792835943764795,33.21822760925002,0.06323429071633217,0.0
\mathrm{IM}_1,Ia,0.7,0.3,3200,6400,0.8300972406108956,boundary_refinement,terminal,-0.025,terminal_infimum,inf,0.0706284917959522,0.8792835943764795,33.21822760925002,0.05756462732485113,0.0
\mathrm{IM}_1,Ia,0.7,0.3,3200,6400,0.8348894442785115,terminal_near_refinement,terminal,-0.0225,terminal_infimum,inf,0.07103049675799032,0.8792835943764795,33.21822760925002,0.051808164592365855,0.0
\mathrm{IM}_1,Ia,0.7,0.3,3200,6400,0.8397093136398176,terminal_near_refinement,terminal,-0.02,terminal_infimum,inf,0.0714348225200013,0.8792835943764795,33.21822760925002,0.04605170185988075,0.0
\mathrm{IM}_1,Ia,0.7,0.3,3200,6400,0.8445570084106065,terminal_near_refinement,terminal,-0.0175,terminal_infimum,inf,0.07184148248010958,0.8792835943764795,33.21822760925002,0.040295239127395764,0.0
\mathrm{IM}_1,Ia,0.7,0.3,3200,6400,0.8494326892287205,terminal_near_refinement,terminal,-0.015,terminal_infimum,inf,0.07225049011378785,0.8792835943764795,33.21822760925002,0.034538776394910715,0.0
\mathrm{IM}_1,Ia,0.7,0.3,3200,6400,0.8543365176593739,terminal_near_refinement,terminal,-0.0125,terminal_infimum,inf,0.07266185897430355,0.8792835943764795,33.21822760925002,0.028782313662425615,0.0
\mathrm{IM}_1,Ia,0.7,0.3,3200,6400,0.8592686562005071,terminal_near_refinement,terminal,-0.01,terminal_infimum,inf,0.07307560269316796,0.8792835943764795,33.21822760925002,0.02302585092994047,0.0
\mathrm{IM}_1,Ia,0.7,0.3,3200,6400,0.8642292682881716,terminal_near_refinement,terminal,-0.0075,terminal_infimum,inf,0.07349173498058793,0.8792835943764795,33.21822760925002,0.017269388197455333,0.0
\mathrm{IM}_1,Ia,0.7,0.3,3200,6400,0.8692185183019454,terminal_near_refinement,terminal,-0.005,terminal_infimum,inf,0.07391026962592026,0.8792835943764795,33.21822760925002,0.01151292546497021,0.0
\mathrm{IM}_1,Ia,0.7,0.3,3200,6400,0.87423657157038,terminal_near_refinement,terminal,-0.0025,terminal_infimum,inf,0.07433122049812849,0.8792835943764795,33.21822760925002,0.005756462732485202,0.0
\mathrm{IM}_1,Ia,0.7,0.3,3200,6400,0.8748871764045971,terminal_ultra_near_refinement,terminal,-0.002176919254274547,terminal_infimum,inf,0.07438579797225561,0.8792835943764795,33.21822760925002,0.005012541823544286,0.0
\mathrm{IM}_1,Ia,0.7,0.3,3200,6400,0.8757664599989736,terminal_ultra_near_refinement,terminal,-0.00174066157630127,terminal_infimum,inf,0.074459558687053,0.8792835943764795,33.21822760925002,0.004008021397538822,0.0
\mathrm{IM}_1,Ia,0.7,0.3,3200,6400,0.8766457435933501,terminal_ultra_near_refinement,terminal,-0.0013048416883442813,terminal_infimum,inf,0.07453331940185041,0.8792835943764795,33.21822760925002,0.0030045090202986133,0.0
\mathrm{IM}_1,Ia,0.7,0.3,3200,6400,0.8775250271877265,terminal_ultra_near_refinement,terminal,-0.0008694587126288914,terminal_infimum,inf,0.07460708011664781,0.8792835943764795,33.21822760925002,0.0020020026706730793,0.0
\mathrm{IM}_1,Ia,0.7,0.3,3200,6400,0.878404310782103,terminal_ultra_near_refinement,terminal,-0.0004345117740176917,terminal_infimum,inf,0.0746808408314452,0.8792835943764795,33.21822760925002,0.0010005003335835344,0.0
\mathrm{IM}_1,Ia,0.7,0.3,3200,6400,0.8788439525792914,terminal_extreme_near_refinement,terminal,-0.00021720154586423186,terminal_infimum,inf,0.07471772118884391,0.8792835943764795,33.21822760925002,0.0005001250416821317,0.0
\mathrm{IM}_1,Ia,0.7,0.3,3200,6400,0.878931880938729,terminal_extreme_near_refinement,terminal,-0.00017375254558756316,terminal_infimum,inf,0.07472509726032366,0.8792835943764795,33.21822760925002,0.00040008002133969133,0.0
\mathrm{IM}_1,Ia,0.7,0.3,3200,6400,0.8790198092981666,terminal_extreme_near_refinement,terminal,-0.00013030789173217684,terminal_infimum,inf,0.07473247333180338,0.8792835943764795,33.21822760925002,0.00030004500900199243,0.0
\mathrm{IM}_1,Ia,0.7,0.3,3200,6400,0.8791077376576042,terminal_extreme_near_refinement,terminal,-8.686758342857122e-05,terminal_infimum,inf,0.07473984940328313,0.8792835943764795,33.21822760925002,0.0002000200026670447,0.0
\mathrm{IM}_1,Ia,0.7,0.3,3200,6400,0.8791956660170419,terminal_extreme_near_refinement,terminal,-4.3431619807505604e-05,terminal_infimum,inf,0.07474722547476287,0.8792835943764795,33.21822760925002,0.00010000500033334732,0.0
\mathrm{IM}_1,Ia,0.7,0.3,3200,6400,0.8793715227359171,terminal_extreme_near_refinement,terminal,4.342727686266486e-05,finite_interior,81374.16956730631,0.07476180383834077,0.8792835943764795,33.21822760925002,9.999500033329732e-05,7.267426316622818e-07
\mathrm{IM}_1,Ia,0.7,0.3,3200,6400,0.8794594510953548,terminal_extreme_near_refinement,terminal,8.685021164894766e-05,finite_interior,81338.03681181993,0.07476900607606382,0.8792835943764795,33.21822760925002,0.0001999800026662447,8.954809583182646e-07
\mathrm{IM}_1,Ia,0.7,0.3,3200,6400,0.8795473794547924,terminal_extreme_near_refinement,terminal,0.00013026880522704667,finite_interior,81301.99287255989,0.07477620825942687,0.8792835943764795,33.21822760925002,0.00029995500899794244,5.402212634798378e-07
\mathrm{IM}_1,Ia,0.7,0.3,3200,6400,0.87963530781423,terminal_extreme_near_refinement,terminal,0.0001736830584648997,finite_interior,81265.95422271217,0.07478341038844503,0.8792835943764795,33.21822760925002,0.0003999200213268913,8.564353128146253e-07
\mathrm{IM}_1,Ia,0.7,0.3,3200,6400,0.8797232361736677,terminal_extreme_near_refinement,terminal,0.00021709297223018438,finite_interior,81229.9486104196,0.07479061246313337,0.8792835943764795,33.21822760925002,0.0004998750416509929,6.665861037041249e-07
\mathrm{IM}_1,Ia,0.7,0.3,3200,6400,0.8801628779708559,terminal_ultra_near_refinement,terminal,0.0004340774793185929,finite_interior,81050.4237862795,0.0748266220221524,0.8792835943764795,33.21822760925002,0.0009995003330834232,1.017777710982164e-06
\mathrm{IM}_1,Ia,0.7,0.3,3200,6400,0.8810421615652325,terminal_ultra_near_refinement,terminal,0.0008677215312269133,finite_interior,80693.75712251455,0.0748986370740113,0.8792835943764795,33.21822760925002,0.001998002662673058,2.602646758177041e-07
\mathrm{IM}_1,Ia,0.7,0.3,3200,6400,0.8819214451596089,terminal_ultra_near_refinement,terminal,0.001300933020418072,finite_interior,80340.30119449101,0.07497064671657155,0.8792835943764795,33.21822760925002,0.002995508979798371,7.34191756386695e-07
\mathrm{IM}_1,Ia,0.7,0.3,3200,6400,0.8828007287539854,terminal_ultra_near_refinement,terminal,0.0017337128090005314,finite_interior,79990.04037902341,0.0750426509648988,0.8792835943764795,33.21822760925002,0.003992021269537457,9.77285266440117e-07
\mathrm{IM}_1,Ia,0.7,0.3,3200,6400,0.8836800123483618,terminal_ultra_near_refinement,terminal,0.0021660617565076304,finite_interior,79642.92976882671,0.0751146498339657,0.8792835943764795,33.21822760925002,0.004987541511038968,7.659532844925953e-07
\mathrm{IM}_1,Ia,0.7,0.3,3200,6400,0.8843597539632099,terminal_near_refinement,terminal,0.0025,finite_interior,79376.68287567406,0.07517030581843502,0.8792835943764795,33.21822760925002,0.00575646273248517,7.18927455412276e-07
\mathrm{IM}_1,Ia,0.7,0.3,3200,6400,0.8894652185390411,terminal_near_refinement,terminal,0.005,finite_interior,77433.29079005033,0.07558822998520809,0.8792835943764795,33.21822760925002,0.011512925464970295,7.182442015846492e-07
\mathrm{IM}_1,Ia,0.7,0.3,3200,6400,0.8946001572835218,terminal_near_refinement,terminal,0.0075,finite_interior,75573.29066611089,0.0760083874984485,0.8792835943764795,33.21822760925002,0.017269388197455236,4.718622241483504e-08
\mathrm{IM}_1,Ia,0.7,0.3,3200,6400,0.8997647403528846,terminal_near_refinement,terminal,0.01,finite_interior,73790.55972545086,0.07643079175658378,0.8792835943764795,33.21822760925002,0.023025850929940427,7.568746344246378e-07
\mathrm{IM}_1,Ia,0.7,0.3,3200,6400,0.9049591388856845,terminal_near_refinement,terminal,0.0125,finite_interior,72079.59490669469,0.0768554561211413,0.8792835943764795,33.21822760925002,0.02878231366242563,1.3017908404764844e-06
\mathrm{IM}_1,Ia,0.7,0.3,3200,6400,0.9101835250084703,terminal_near_refinement,terminal,0.015,finite_interior,70435.60054649948,0.07728239392435568,0.8792835943764795,33.21822760925002,0.03453877639491076,5.938441130553792e-07
\mathrm{IM}_1,Ia,0.7,0.3,3200,6400,0.9154380718414884,terminal_near_refinement,terminal,0.0175,finite_interior,68854.21215522605,0.07771161847908492,0.8792835943764795,33.21822760925002,0.04029523912739586,1.9824317960124937e-07
\mathrm{IM}_1,Ia,0.7,0.3,3200,6400,0.9207229535044191,terminal_near_refinement,terminal,0.02,finite_interior,67331.33117672414,0.0781431430866101,0.8792835943764795,33.21822760925002,0.046051701859880986,1.0896789697481835e-06
\mathrm{IM}_1,Ia,0.7,0.3,3200,6400,0.9260383451221467,terminal_near_refinement,terminal,0.0225,finite_interior,65863.4543329752,0.07857698104716249,0.8792835943764795,33.21822760925002,0.05180816459236611,4.64348570868608e-07
\mathrm{IM}_1,Ia,0.7,0.3,3200,6400,0.9313844228305622,boundary_refinement,terminal,0.025,finite_interior,64447.2973873354,0.07901314566171554,0.8792835943764795,33.21822760925002,0.057564627324851146,2.904811338093344e-07
\mathrm{IM}_1,Ia,0.7,0.3,3200,6400,0.9865724194553721,boundary_refinement,terminal,0.05,finite_interior,52578.746078380456,0.08350569531808674,0.8792835943764795,33.21822760925002,0.1151292546497022,6.735016977454407e-07
\mathrm{IM}_1,Ia,0.7,0.3,3200,6400,1.0,base,,nan,finite_interior,50273.69360223052,0.08459610860474583,0.8792835943764795,33.21822760925002,0.1286478003665053,6.504671541888928e-07
\mathrm{IM}_1,Ia,0.7,0.3,3200,6400,1.0450305104652737,boundary_refinement,terminal,0.07500000000000001,finite_interior,43700.45677427633,0.08824571604479542,0.8792835943764795,33.21822760925002,0.1726938819745535,5.96989277473896e-07
\mathrm{IM}_1,Ia,0.7,0.3,3200,6400,1.106952461134265,boundary_refinement,terminal,0.1,finite_interior,36785.79124869037,0.09324706740846503,0.8792835943764795,33.21822760925002,0.2302585092994046,4.632387246397117e-07
\mathrm{IM}_1,Ia,0.7,0.3,3200,6400,1.1725435180506383,boundary_refinement,terminal,0.125,finite_interior,31252.48178347335,0.09852414991481093,0.8792835943764795,33.21822760925002,0.2878231366242557,6.405890458489843e-07
\mathrm{IM}_1,Ia,0.7,0.3,3200,6400,1.2115276586285877,base,,nan,finite_interior,28579.851105175927,0.10165099326668614,0.8792835943764795,33.21822760925002,0.3205298914493417,5.142330288511965e-07
\mathrm{IM}_1,Ia,0.7,0.3,3200,6400,1.2420210894276222,boundary_refinement,terminal,0.15,finite_interior,26737.57978350851,0.10409198570458766,0.8792835943764795,33.21822760925002,0.3453877639491069,5.736544491125353e-07
\mathrm{IM}_1,Ia,0.7,0.3,3200,6400,1.3156154657249635,boundary_refinement,terminal,0.17500000000000002,finite_interior,22999.43096920267,0.10996627375146455,0.8792835943764795,33.21822760925002,0.402952391273958,3.935569318399551e-07
\mathrm{IM}_1,Ia,0.7,0.3,3200,6400,1.3935705829700216,boundary_refinement,terminal,0.2,finite_interior,19869.227762402516,0.11616343340265067,0.8792835943764795,33.21822760925002,0.4605170185988092,4.327851139109721e-07
\mathrm{IM}_1,Ia,0.7,0.3,3200,6400,1.467799267622069,base,,nan,finite_interior,17466.168331320143,0.12204118214585172,0.8792835943764795,33.21822760925002,0.5124119825321791,4.048563921885109e-07
\mathrm{IM}_1,Ia,0.7,0.3,3200,6400,1.4761448313084813,boundary_refinement,terminal,0.225,finite_interior,17224.461627464425,0.12270064190049662,0.8792835943764795,33.21822760925002,0.5180816459236602,2.9049670248476316e-07
\mathrm{IM}_1,Ia,0.7,0.3,3200,6400,1.5636119114647093,boundary_refinement,terminal,0.25,finite_interior,14973.676935961372,0.12959586840955709,0.8792835943764795,33.21822760925002,0.5756462732485113,1.5514148573713636e-07
\mathrm{IM}_1,Ia,0.7,0.3,3200,6400,1.7782794100389228,base,,nan,finite_interior,11034.175584023802,0.14639696256135715,0.8792835943764795,33.21822760925002,0.7042940736150166,2.641868064152538e-07
\mathrm{IM}_1,Ia,0.7,0.3,3200,6400,2.154434690031882,base,,nan,finite_interior,7089.174681210502,0.17544951274894402,0.8792835943764795,33.21822760925002,0.896176164697853,2.4961214537006506e-07
\mathrm{IM}_1,Ia,0.7,0.3,3200,6400,2.610157215682536,base,,nan,finite_interior,4593.291576476509,0.21004267340581398,0.8792835943764795,33.21822760925002,1.0880582557806906,4.904692532253614e-07
\mathrm{IM}_1,Ia,0.7,0.3,3200,6400,3.1622776601683795,base,,nan,finite_interior,2987.3016705036443,0.2511420347897554,0.8792835943764795,33.21822760925002,1.2799403468635282,3.051996668015905e-07
\mathrm{IM}_1,Ia,0.7,0.3,3200,6400,3.831186849557285,base,,nan,finite_interior,1944.8238854886326,0.29983994539307857,0.8792835943764795,33.21822760925002,1.4718224379463645,5.643214559889832e-07
\mathrm{IM}_1,Ia,0.7,0.3,3200,6400,4.6415888336127775,base,,nan,finite_interior,1265.4735343674029,0.35735366565713195,0.8792835943764795,33.21822760925002,1.663704529029202,3.041940229462039e-07
\mathrm{IM}_1,Ia,0.7,0.3,3200,6400,5.623413251903491,base,,nan,finite_interior,822.2845414940042,0.4250123178761758,0.8792835943764795,33.21822760925002,1.776159929893168,3.790099924894019e-07
\mathrm{IM}_1,Ia,0.7,0.3,3200,6400,6.812920690579608,base,,nan,finite_interior,533.3197656992069,0.5042262131518931,0.8792835943764795,33.21822760925002,1.5842778388103316,5.111637264695823e-07
\mathrm{IM}_1,Ia,0.7,0.3,3200,6400,8.254041852680182,base,,nan,finite_interior,345.18190412132697,0.5964291662168957,0.8792835943764795,33.21822760925002,1.3923957477274942,4.242176465783031e-07
\mathrm{IM}_1,Ia,0.7,0.3,3200,6400,10.0,base,,nan,finite_interior,222.8221723851816,0.7029782926253006,0.8792835943764795,33.21822760925002,1.2005136566446566,1.4303562821235292e-07
\mathrm{IM}_1,Ia,0.7,0.3,3200,6400,12.115276586285876,base,,nan,finite_interior,143.7316426048157,0.8250022841040454,0.8792835943764795,33.21822760925002,1.00863156556182,1.517672680838277e-07
\mathrm{IM}_1,Ia,0.7,0.3,3200,6400,14.677992676220676,base,,nan,finite_interior,91.51695196286755,0.9630959072933271,0.8792835943764795,33.21822760925002,0.8167494744789837,4.857624247684592e-07
\mathrm{IM}_1,Ia,0.7,0.3,3200,6400,17.78279410038923,base,,nan,finite_interior,58.387915579563874,1.1166497516206997,0.8792835943764795,33.21822760925002,0.6248673833961453,1.2948756936960956e-06
\mathrm{IM}_1,Ia,0.7,0.3,3200,6400,18.6799821342603,boundary_refinement,zero,-0.25,finite_interior,52.608945654676404,1.158507965393162,0.8792835943764795,33.21822760925002,0.5756462732485115,2.813126004606192e-07
\mathrm{IM}_1,Ia,0.7,0.3,3200,6400,19.786840661960426,boundary_refinement,zero,-0.225,finite_interior,46.7685677273845,1.2087723019863412,0.8792835943764795,33.21822760925002,0.5180816459236602,9.154131617789223e-08
\mathrm{IM}_1,Ia,0.7,0.3,3200,6400,20.959284680671033,boundary_refinement,zero,-0.2,finite_interior,41.628801129198074,1.2604254617774115,0.8792835943764795,33.21822760925002,0.4605170185988091,9.789737274302256e-07
\mathrm{IM}_1,Ia,0.7,0.3,3200,6400,21.54434690031882,base,,nan,finite_interior,39.34600175370952,1.2855969797684152,0.8792835943764795,33.21822760925002,0.4329852923133089,8.918922562255233e-07
\mathrm{IM}_1,Ia,0.7,0.3,3200,6400,22.20120037505207,boundary_refinement,zero,-0.17500000000000002,finite_interior,36.94980244007546,1.3133736210710927,0.8792835943764795,33.21822760925002,0.4029523912739581,7.002051457554328e-07
\mathrm{IM}_1,Ia,0.7,0.3,3200,6400,23.516704200681332,boundary_refinement,zero,-0.15,finite_interior,32.54292579197148,1.3674159526175904,0.8792835943764795,33.21822760925002,0.34538776394910686,5.099636744771318e-07
\mathrm{IM}_1,Ia,0.7,0.3,3200,6400,24.9101565284641,boundary_refinement,zero,-0.125,finite_interior,28.247642606777827,1.422183805404034,0.8792835943764795,33.21822760925002,0.2878231366242556,1.439425169160404e-06
\mathrm{IM}_1,Ia,0.7,0.3,3200,6400,26.10157215682533,base,,nan,finite_interior,24.73595411001482,1.4667335655666673,0.8792835943764795,33.21822760925002,0.24110320123047244,1.4669672859875446e-06
\mathrm{IM}_1,Ia,0.7,0.3,3200,6400,26.38617609752496,boundary_refinement,zero,-0.1,finite_interior,23.906863445328128,1.4770276665599122,0.8792835943764795,33.21822760925002,0.23025850929940458,1.5098496498850126e-06
\mathrm{IM}_1,Ia,0.7,0.3,3200,6400,27.94965532448725,boundary_refinement,zero,-0.07500000000000001,finite_interior,19.33570489324369,1.5307853235331108,0.8792835943764795,33.21822760925002,0.17269388197455351,8.734027634987328e-07
\mathrm{IM}_1,Ia,0.7,0.3,3200,6400,29.60577651988437,boundary_refinement,zero,-0.05,finite_interior,14.26634539882962,1.5812424960587004,0.8792835943764795,33.21822760925002,0.11512925464970225,4.6034371488736646e-07
\mathrm{IM}_1,Ia,0.7,0.3,3200,6400,31.36002906545383,boundary_refinement,zero,-0.025,finite_interior,8.212978491575708,1.6236203531883229,0.8792835943764795,33.21822760925002,0.05756462732485113,2.514496916150249e-07
\mathrm{IM}_1,Ia,0.7,0.3,3200,6400,31.622776601683793,base,,nan,finite_interior,7.2017541341013604,1.6285314609640598,0.8792835943764795,33.21822760925002,0.049221110147633834,1.0113805527907975e-06
\mathrm{IM}_1,Ia,0.7,0.3,3200,6400,35.18653133888515,boundary_refinement,zero,0.025,no_training,0.0,1.6447778290546222,0.8792835943764795,33.21822760925002,0.057564627324851146,0.0
\mathrm{IM}_1,Ia,0.7,0.3,3200,6400,37.27146439678151,boundary_refinement,zero,0.05,no_training,0.0,1.6447778290546222,0.8792835943764795,33.21822760925002,0.1151292546497022,0.0
\mathrm{IM}_1,Ia,0.7,0.3,3200,6400,38.31186849557285,base,,nan,no_training,0.0,1.6447778290546222,0.8792835943764795,33.21822760925002,0.14266098093520266,0.0
\mathrm{IM}_1,Ia,0.7,0.3,3200,6400,39.479937505103514,boundary_refinement,zero,0.07500000000000001,no_training,0.0,1.6447778290546222,0.8792835943764795,33.21822760925002,0.1726938819745535,0.0
\mathrm{IM}_1,Ia,0.7,0.3,3200,6400,41.81927087204746,boundary_refinement,zero,0.1,no_training,0.0,1.6447778290546222,0.8792835943764795,33.21822760925002,0.2302585092994046,0.0
\mathrm{IM}_1,Ia,0.7,0.3,3200,6400,44.29721845541436,boundary_refinement,zero,0.125,no_training,0.0,1.6447778290546222,0.8792835943764795,33.21822760925002,0.2878231366242557,0.0
\mathrm{IM}_1,Ia,0.7,0.3,3200,6400,46.41588833612773,base,,nan,no_training,0.0,1.6447778290546222,0.8792835943764795,33.21822760925002,0.3345430720180392,0.0
\mathrm{IM}_1,Ia,0.7,0.3,3200,6400,46.921993663889815,boundary_refinement,zero,0.15,no_training,0.0,1.6447778290546222,0.8792835943764795,33.21822760925002,0.3453877639491069,0.0
\mathrm{IM}_1,Ia,0.7,0.3,3200,6400,49.70229658122043,boundary_refinement,zero,0.17500000000000002,no_training,0.0,1.6447778290546222,0.8792835943764795,33.21822760925002,0.402952391273958,0.0
\mathrm{IM}_1,Ia,0.7,0.3,3200,6400,52.647342803524175,boundary_refinement,zero,0.2,no_training,0.0,1.6447778290546222,0.8792835943764795,33.21822760925002,0.4605170185988092,0.0
\mathrm{IM}_1,Ia,0.7,0.3,3200,6400,55.76689398531871,boundary_refinement,zero,0.225,no_training,0.0,1.6447778290546222,0.8792835943764795,33.21822760925002,0.5180816459236602,0.0
\mathrm{IM}_1,Ia,0.7,0.3,3200,6400,56.23413251903491,base,,nan,no_training,0.0,1.6447778290546222,0.8792835943764795,33.21822760925002,0.5264251631008776,0.0
\mathrm{IM}_1,Ia,0.7,0.3,3200,6400,59.071290195515786,boundary_refinement,zero,0.25,no_training,0.0,1.6447778290546222,0.8792835943764795,33.21822760925002,0.5756462732485114,0.0
\mathrm{IM}_1,Ia,0.7,0.3,3200,6400,68.12920690579608,base,,nan,no_training,0.0,1.6447778290546222,0.8792835943764795,33.21822760925002,0.718307254183714,0.0
\mathrm{IM}_1,Ia,0.7,0.3,3200,6400,82.54041852680173,base,,nan,no_training,0.0,1.6447778290546222,0.8792835943764795,33.21822760925002,0.9101893452665505,0.0
\mathrm{IM}_1,Ia,0.7,0.3,3200,6400,100.0,base,,nan,no_training,0.0,1.6447778290546222,0.8792835943764795,33.21822760925002,1.102071436349389,0.0
\mathrm{IM}_1,Ia,0.7,0.3,3200,6400,121.15276586285876,base,,nan,no_training,0.0,1.6447778290546222,0.8792835943764795,33.21822760925002,1.2939535274322254,0.0
\mathrm{IM}_1,Ia,0.7,0.3,3200,6400,146.77992676220674,base,,nan,no_training,0.0,1.6447778290546222,0.8792835943764795,33.21822760925002,1.4858356185150619,0.0
\mathrm{IM}_1,Ia,0.7,0.3,3200,6400,177.82794100389228,base,,nan,no_training,0.0,1.6447778290546222,0.8792835943764795,33.21822760925002,1.6777177095979003,0.0
\mathrm{IM}_1,Ia,0.7,0.3,3200,6400,215.44346900318823,base,,nan,no_training,0.0,1.6447778290546222,0.8792835943764795,33.21822760925002,1.8695998006807368,0.0
\mathrm{IM}_1,Ia,0.7,0.3,3200,6400,261.0157215682533,base,,nan,no_training,0.0,1.6447778290546222,0.8792835943764795,33.21822760925002,2.0614818917635733,0.0
\mathrm{IM}_1,Ia,0.7,0.3,3200,6400,316.22776601683796,base,,nan,no_training,0.0,1.6447778290546222,0.8792835943764795,33.21822760925002,2.253363982846412,0.0
\mathrm{IM}_1,Ia,0.7,0.3,3200,6400,383.1186849557285,base,,nan,no_training,0.0,1.6447778290546222,0.8792835943764795,33.21822760925002,2.4452460739292485,0.0
\mathrm{IM}_1,Ia,0.7,0.3,3200,6400,464.1588833612773,base,,nan,no_training,0.0,1.6447778290546222,0.8792835943764795,33.21822760925002,2.637128165012085,0.0
\mathrm{IM}_1,Ia,0.7,0.3,3200,6400,562.341325190349,base,,nan,no_training,0.0,1.6447778290546222,0.8792835943764795,33.21822760925002,2.8290102560949233,0.0
\mathrm{IM}_1,Ia,0.7,0.3,3200,6400,681.2920690579608,base,,nan,no_training,0.0,1.6447778290546222,0.8792835943764795,33.21822760925002,3.02089234717776,0.0
\mathrm{IM}_1,Ia,0.7,0.3,3200,6400,825.4041852680173,base,,nan,no_training,0.0,1.6447778290546222,0.8792835943764795,33.21822760925002,3.2127744382605963,0.0
\mathrm{IM}_1,Ia,0.7,0.3,3200,6400,1000.0,base,,nan,no_training,0.0,1.6447778290546222,0.8792835943764795,33.21822760925002,3.4046565293434345,0.0
\mathrm{IM}_1,Ia,0.7,0.3,4800,9600,0.001,base,,nan,terminal_infimum,inf,0.0007504933604784137,0.6920426520666515,33.2452752571683,6.539647589652721,0.0
\mathrm{IM}_1,Ia,0.7,0.3,4800,9600,0.001211527658628589,base,,nan,terminal_infimum,inf,0.0007683073669439596,0.6920426520666515,33.2452752571683,6.347765498569883,0.0
\mathrm{IM}_1,Ia,0.7,0.3,4800,9600,0.0014677992676220691,base,,nan,terminal_infimum,inf,0.0007898895284879567,0.6920426520666515,33.2452752571683,6.155883407487047,0.0
\mathrm{IM}_1,Ia,0.7,0.3,4800,9600,0.0017782794100389228,base,,nan,terminal_infimum,inf,0.0008160369141314998,0.6920426520666515,33.2452752571683,5.964001316404209,0.0
\mathrm{IM}_1,Ia,0.7,0.3,4800,9600,0.0021544346900318843,base,,nan,terminal_infimum,inf,0.0008477151950394802,0.6920426520666515,33.2452752571683,5.772119225321372,0.0
\mathrm{IM}_1,Ia,0.7,0.3,4800,9600,0.0026101572156825357,base,,nan,terminal_infimum,inf,0.0008860943085373044,0.6920426520666515,33.2452752571683,5.580237134238535,0.0
\mathrm{IM}_1,Ia,0.7,0.3,4800,9600,0.0031622776601683794,base,,nan,terminal_infimum,inf,0.0009325916660535643,0.6920426520666515,33.2452752571683,5.388355043155698,0.0
\mathrm{IM}_1,Ia,0.7,0.3,4800,9600,0.003831186849557285,base,,nan,terminal_infimum,inf,0.0009889245007376546,0.6920426520666515,33.2452752571683,5.196472952072861,0.0
\mathrm{IM}_1,Ia,0.7,0.3,4800,9600,0.004641588833612777,base,,nan,terminal_infimum,inf,0.0010571732880463825,0.6920426520666515,33.2452752571683,5.0045908609900245,0.0
\mathrm{IM}_1,Ia,0.7,0.3,4800,9600,0.005623413251903491,base,,nan,terminal_infimum,inf,0.001139858581538766,0.6920426520666515,33.2452752571683,4.812708769907187,0.0
\mathrm{IM}_1,Ia,0.7,0.3,4800,9600,0.006812920690579608,base,,nan,terminal_infimum,inf,0.0012400341015666105,0.6920426520666515,33.2452752571683,4.62082667882435,0.0
\mathrm{IM}_1,Ia,0.7,0.3,4800,9600,0.008254041852680182,base,,nan,terminal_infimum,inf,0.0013613995147978468,0.6920426520666515,33.2452752571683,4.428944587741513,0.0
\mathrm{IM}_1,Ia,0.7,0.3,4800,9600,0.01,base,,nan,terminal_infimum,inf,0.0015084370697283776,0.6920426520666515,33.2452752571683,4.237062496658675,0.0
\mathrm{IM}_1,Ia,0.7,0.3,4800,9600,0.012115276586285882,base,,nan,terminal_infimum,inf,0.001686577134383836,0.6920426520666515,33.2452752571683,4.045180405575838,0.0
\mathrm{IM}_1,Ia,0.7,0.3,4800,9600,0.01467799267622069,base,,nan,terminal_infimum,inf,0.0019023987498238085,0.6920426520666515,33.2452752571683,3.8532983144930015,0.0
\mathrm{IM}_1,Ia,0.7,0.3,4800,9600,0.01778279410038923,base,,nan,terminal_infimum,inf,0.002163872606259239,0.6920426520666515,33.2452752571683,3.6614162234101637,0.0
\mathrm{IM}_1,Ia,0.7,0.3,4800,9600,0.021544346900318832,base,,nan,terminal_infimum,inf,0.0024806554153390423,0.6920426520666515,33.2452752571683,3.4695341323273268,0.0
\mathrm{IM}_1,Ia,0.7,0.3,4800,9600,0.026101572156825358,base,,nan,terminal_infimum,inf,0.002864446550317284,0.6920426520666515,33.2452752571683,3.27765204124449,0.0
\mathrm{IM}_1,Ia,0.7,0.3,4800,9600,0.03162277660168379,base,,nan,terminal_infimum,inf,0.0033294201254798826,0.6920426520666515,33.2452752571683,3.0857699501616525,0.0
\mathrm{IM}_1,Ia,0.7,0.3,4800,9600,0.03831186849557287,base,,nan,terminal_infimum,inf,0.0038927484723207894,0.6920426520666515,33.2452752571683,2.8938878590788155,0.0
\mathrm{IM}_1,Ia,0.7,0.3,4800,9600,0.046415888336127774,base,,nan,terminal_infimum,inf,0.004575236345408066,0.6920426520666515,33.2452752571683,2.7020057679959786,0.0
\mathrm{IM}_1,Ia,0.7,0.3,4800,9600,0.05623413251903491,base,,nan,terminal_infimum,inf,0.005402089280331901,0.6920426520666515,33.2452752571683,2.5101236769131408,0.0
\mathrm{IM}_1,Ia,0.7,0.3,4800,9600,0.06812920690579612,base,,nan,terminal_infimum,inf,0.006403844480610349,0.6920426520666515,33.2452752571683,2.318241585830304,0.0
\mathrm{IM}_1,Ia,0.7,0.3,4800,9600,0.08254041852680181,base,,nan,terminal_infimum,inf,0.0076174986129227094,0.6920426520666515,33.2452752571683,2.126359494747467,0.0
\mathrm{IM}_1,Ia,0.7,0.3,4800,9600,0.1,base,,nan,terminal_infimum,inf,0.009087874162228018,0.6920426520666515,33.2452752571683,1.9344774036646295,0.0
\mathrm{IM}_1,Ia,0.7,0.3,4800,9600,0.12115276586285877,base,,nan,terminal_infimum,inf,0.010869274808782595,0.6920426520666515,33.2452752571683,1.742595312581793,0.0
\mathrm{IM}_1,Ia,0.7,0.3,4800,9600,0.1467799267622069,base,,nan,terminal_infimum,inf,0.013027490963182327,0.6920426520666515,33.2452752571683,1.5507132214989556,0.0
\mathrm{IM}_1,Ia,0.7,0.3,4800,9600,0.1778279410038923,base,,nan,terminal_infimum,inf,0.01564222952753663,0.6920426520666515,33.2452752571683,1.358831130416118,0.0
\mathrm{IM}_1,Ia,0.7,0.3,4800,9600,0.21544346900318823,base,,nan,terminal_infimum,inf,0.018810057618334656,0.6920426520666515,33.2452752571683,1.1669490393332818,0.0
\mathrm{IM}_1,Ia,0.7,0.3,4800,9600,0.2610157215682536,base,,nan,terminal_infimum,inf,0.02264796896811708,0.6920426520666515,33.2452752571683,0.9750669482504442,0.0
\mathrm{IM}_1,Ia,0.7,0.3,4800,9600,0.31622776601683794,base,,nan,terminal_infimum,inf,0.02729770471974307,0.6920426520666515,33.2452752571683,0.7831848571676067,0.0
\mathrm{IM}_1,Ia,0.7,0.3,4800,9600,0.3831186849557285,base,,nan,terminal_infimum,inf,0.03293098818815211,0.6920426520666515,33.2452752571683,0.5913027660847703,0.0
\mathrm{IM}_1,Ia,0.7,0.3,4800,9600,0.38916418205140446,boundary_refinement,terminal,-0.25,terminal_infimum,inf,0.033440115576258395,0.6920426520666515,33.2452752571683,0.5756462732485115,0.0
\mathrm{IM}_1,Ia,0.7,0.3,4800,9600,0.41222360954352283,boundary_refinement,terminal,-0.225,terminal_infimum,inf,0.03538208757698692,0.6920426520666515,33.2452752571683,0.5180816459236602,0.0
\mathrm{IM}_1,Ia,0.7,0.3,4800,9600,0.43664939401500474,boundary_refinement,terminal,-0.2,terminal_infimum,inf,0.037439128652948614,0.6920426520666515,33.2452752571683,0.4605170185988091,0.0
\mathrm{IM}_1,Ia,0.7,0.3,4800,9600,0.46252249720679955,boundary_refinement,terminal,-0.17500000000000002,terminal_infimum,inf,0.039618057075503726,0.6920426520666515,33.2452752571683,0.4029523912739581,0.0
\mathrm{IM}_1,Ia,0.7,0.3,4800,9600,0.46415888336127775,base,,nan,terminal_infimum,inf,0.03975586691902489,0.6920426520666515,33.2452752571683,0.3994206750019326,0.0
\mathrm{IM}_1,Ia,0.7,0.3,4800,9600,0.4899286781446046,boundary_refinement,terminal,-0.15,terminal_infimum,inf,0.041926095123989905,0.6920426520666515,33.2452752571683,0.34538776394910686,0.0
\mathrm{IM}_1,Ia,0.7,0.3,4800,9600,0.5189587773958575,boundary_refinement,terminal,-0.125,terminal_infimum,inf,0.04437089302469982,0.6920426520666515,33.2452752571683,0.2878231366242556,0.0
\mathrm{IM}_1,Ia,0.7,0.3,4800,9600,0.5497090181700134,boundary_refinement,terminal,-0.1,terminal_infimum,inf,0.046960554308332396,0.6920426520666515,33.2452752571683,0.23025850929940458,0.0
\mathrm{IM}_1,Ia,0.7,0.3,4800,9600,0.5623413251903491,base,,nan,terminal_infimum,inf,0.04802439626826324,0.6920426520666515,33.2452752571683,0.20753858391909533,0.0
\mathrm{IM}_1,Ia,0.7,0.3,4800,9600,0.5822813252601367,boundary_refinement,terminal,-0.07500000000000001,terminal_infimum,inf,0.04970366266996761,0.6920426520666515,33.2452752571683,0.17269388197455351,0.0
\mathrm{IM}_1,Ia,0.7,0.3,4800,9600,0.6167836628829684,boundary_refinement,terminal,-0.05,terminal_infimum,inf,0.05260931042059469,0.6920426520666515,33.2452752571683,0.11512925464970238,0.0
\mathrm{IM}_1,Ia,0.7,0.3,4800,9600,0.6533303925372774,boundary_refinement,terminal,-0.025,terminal_infimum,inf,0.05568712862449943,0.6920426520666515,33.2452752571683,0.05756462732485113,0.0
\mathrm{IM}_1,Ia,0.7,0.3,4800,9600,0.6571021100543455,terminal_near_refinement,terminal,-0.0225,terminal_infimum,inf,0.05600476746506939,0.6920426520666515,33.2452752571683,0.05180816459236597,0.0
\mathrm{IM}_1,Ia,0.7,0.3,4800,9600,0.6608956019342643,terminal_near_refinement,terminal,-0.02,terminal_infimum,inf,0.05632424005467775,0.6920426520666515,33.2452752571683,0.04605170185988098,0.0
\mathrm{IM}_1,Ia,0.7,0.3,4800,9600,0.6647109938818025,terminal_near_refinement,terminal,-0.0175,terminal_infimum,inf,0.05664555697967326,0.6920426520666515,33.2452752571683,0.04029523912739588,0.0
\mathrm{IM}_1,Ia,0.7,0.3,4800,9600,0.6685484123274302,terminal_near_refinement,terminal,-0.015,terminal_infimum,inf,0.05696872888752029,0.6920426520666515,33.2452752571683,0.034538776394910715,0.0
\mathrm{IM}_1,Ia,0.7,0.3,4800,9600,0.6724079844315086,terminal_near_refinement,terminal,-0.0125,terminal_infimum,inf,0.05729376648715172,0.6920426520666515,33.2452752571683,0.0287823136624255,0.0
\mathrm{IM}_1,Ia,0.7,0.3,4800,9600,0.6762898380885035,terminal_near_refinement,terminal,-0.01,terminal_infimum,inf,0.05762068054932375,0.6920426520666515,33.2452752571683,0.02302585092994047,0.0
\mathrm{IM}_1,Ia,0.7,0.3,4800,9600,0.6801941019312239,terminal_near_refinement,terminal,-0.0075,terminal_infimum,inf,0.057949481906972855,0.6920426520666515,33.2452752571683,0.01726938819745522,0.0
\mathrm{IM}_1,Ia,0.7,0.3,4800,9600,0.6812920690579608,base,,nan,terminal_infimum,inf,0.058041948271047694,0.6920426520666515,33.2452752571683,0.015656492836258865,0.0
\mathrm{IM}_1,Ia,0.7,0.3,4800,9600,0.6841209053350835,terminal_near_refinement,terminal,-0.005,terminal_infimum,inf,0.05828018145557472,0.6920426520666515,33.2452752571683,0.01151292546497021,0.0
\mathrm{IM}_1,Ia,0.7,0.3,4800,9600,0.6880703784223892,terminal_near_refinement,terminal,-0.0025,terminal_infimum,inf,0.05861279015350532,0.6920426520666515,33.2452752571683,0.005756462732485091,0.0
\mathrm{IM}_1,Ia,0.7,0.3,4800,9600,0.6885824388063182,terminal_ultra_near_refinement,terminal,-0.002176919254274547,terminal_infimum,inf,0.05865591381425588,0.6920426520666515,33.2452752571683,0.005012541823544398,0.0
\mathrm{IM}_1,Ia,0.7,0.3,4800,9600,0.6892744814583849,terminal_ultra_near_refinement,terminal,-0.00174066157630127,terminal_infimum,inf,0.058714194855885506,0.6920426520666515,33.2452752571683,0.004008021397538822,0.0
\mathrm{IM}_1,Ia,0.7,0.3,4800,9600,0.6899665241104516,terminal_ultra_near_refinement,terminal,-0.0013048416883442813,terminal_infimum,inf,0.05877247589751513,0.6920426520666515,33.2452752571683,0.0030045090202987243,0.0
\mathrm{IM}_1,Ia,0.7,0.3,4800,9600,0.6906585667625182,terminal_ultra_near_refinement,terminal,-0.0008694587126288914,terminal_infimum,inf,0.05883075693914475,0.6920426520666515,33.2452752571683,0.002002002670672968,0.0
\mathrm{IM}_1,Ia,0.7,0.3,4800,9600,0.6913506094145848,terminal_ultra_near_refinement,terminal,-0.0004345117740176917,terminal_infimum,inf,0.05888903798077436,0.6920426520666515,33.2452752571683,0.0010005003335835344,0.0
\mathrm{IM}_1,Ia,0.7,0.3,4800,9600,0.6916966307406182,terminal_extreme_near_refinement,terminal,-0.00021720154586423186,terminal_infimum,inf,0.058918178501589175,0.6920426520666515,33.2452752571683,0.0005001250416823539,0.0
\mathrm{IM}_1,Ia,0.7,0.3,4800,9600,0.6917658350058249,terminal_extreme_near_refinement,terminal,-0.00017375254558756316,terminal_infimum,inf,0.058924006605752144,0.6920426520666515,33.2452752571683,0.00040008002133969133,0.0
\mathrm{IM}_1,Ia,0.7,0.3,4800,9600,0.6918350392710315,terminal_extreme_near_refinement,terminal,-0.00013030789173217684,terminal_infimum,inf,0.058929834709915106,0.6920426520666515,33.2452752571683,0.00030004500900199243,0.0
\mathrm{IM}_1,Ia,0.7,0.3,4800,9600,0.6919042435362381,terminal_extreme_near_refinement,terminal,-8.686758342857122e-05,terminal_infimum,inf,0.05893566281407806,0.6920426520666515,33.2452752571683,0.00020002000266715575,0.0
\mathrm{IM}_1,Ia,0.7,0.3,4800,9600,0.6919734478014449,terminal_extreme_near_refinement,terminal,-4.3431619807505604e-05,terminal_infimum,inf,0.05894149091824103,0.6920426520666515,33.2452752571683,0.00010000500033334732,0.0
\mathrm{IM}_1,Ia,0.7,0.3,4800,9600,0.6921118563318581,terminal_extreme_near_refinement,terminal,4.342727686266486e-05,finite_interior,142856.00547591338,0.05895303037660284,0.6920426520666515,33.2452752571683,9.999500033329732e-05,7.641842067789223e-07
\mathrm{IM}_1,Ia,0.7,0.3,4800,9600,0.6921810605970649,terminal_extreme_near_refinement,terminal,8.685021164894766e-05,finite_interior,142792.5198592135,0.05895874169426399,0.6920426520666515,33.2452752571683,0.0001999800026662447,5.505930143127601e-07
\mathrm{IM}_1,Ia,0.7,0.3,4800,9600,0.6922502648622715,terminal_extreme_near_refinement,terminal,0.00013026880522704667,finite_interior,142729.05155971737,0.05896445297534201,0.6920426520666515,33.2452752571683,0.00029995500899794244,9.077169042552278e-07
\mathrm{IM}_1,Ia,0.7,0.3,4800,9600,0.6923194691274781,terminal_extreme_near_refinement,terminal,0.0001736830584648997,finite_interior,142665.70730528663,0.05897016421993265,0.6920426520666515,33.2452752571683,0.0003999200213268913,9.410092551115959e-07
\mathrm{IM}_1,Ia,0.7,0.3,4800,9600,0.6923886733926848,terminal_extreme_near_refinement,terminal,0.00021709297223018438,finite_interior,142602.42070511717,0.05897587542801649,0.6920426520666515,33.2452752571683,0.0004998750416509929,9.695817972829888e-07
\mathrm{IM}_1,Ia,0.7,0.3,4800,9600,0.6927346947187181,terminal_ultra_near_refinement,terminal,0.0004340774793185929,finite_interior,142286.87357230546,0.05900443092119265,0.6920426520666515,33.2452752571683,0.0009995003330834232,1.274369326823765e-06
\mathrm{IM}_1,Ia,0.7,0.3,4800,9600,0.6934267373707848,terminal_ultra_near_refinement,terminal,0.0008677215312269133,finite_interior,141660.00647772758,0.05906153917538969,0.6920426520666515,33.2452752571683,0.001998002662673058,1.2198929882781243e-06
\mathrm{IM}_1,Ia,0.7,0.3,4800,9600,0.6941187800228513,terminal_ultra_near_refinement,terminal,0.001300933020418072,finite_interior,141038.8246638103,0.05911864379503919,0.6920426520666515,33.2452752571683,0.002995508979798371,5.535699869482556e-07
\mathrm{IM}_1,Ia,0.7,0.3,4800,9600,0.6948108226749181,terminal_ultra_near_refinement,terminal,0.0017337128090005314,finite_interior,140423.14941264503,0.05917574478992455,0.6920426520666515,33.2452752571683,0.003992021269537457,3.99864461545502e-07
\mathrm{IM}_1,Ia,0.7,0.3,4800,9600,0.6955028653269847,terminal_ultra_near_refinement,terminal,0.0021660617565076304,finite_interior,139812.88193128936,0.059232842169761685,0.6920426520666515,33.2452752571683,0.004987541511038968,5.099158407983398e-07
\mathrm{IM}_1,Ia,0.7,0.3,4800,9600,0.6960378578969223,terminal_near_refinement,terminal,0.0025,finite_interior,139344.89734292374,0.05927697957035035,0.6920426520666515,33.2452752571683,0.00575646273248517,9.942742868967795e-07
\mathrm{IM}_1,Ia,0.7,0.3,4800,9600,0.7000561283021562,terminal_near_refinement,terminal,0.005,finite_interior,135929.04516857764,0.0596084223188846,0.6920426520666515,33.2452752571683,0.011512925464970295,4.1172066151889127e-07
\mathrm{IM}_1,Ia,0.7,0.3,4800,9600,0.7040975964355973,terminal_near_refinement,terminal,0.0075,finite_interior,132659.7808243754,0.05994165798138804,0.6920426520666515,33.2452752571683,0.017269388197455236,9.03812471855345e-07
\mathrm{IM}_1,Ia,0.7,0.3,4800,9600,0.7081623962191926,terminal_near_refinement,terminal,0.01,finite_interior,129526.33308279025,0.06027669724738622,0.6920426520666515,33.2452752571683,0.023025850929940427,8.725892160817692e-07
\mathrm{IM}_1,Ia,0.7,0.3,4800,9600,0.712250662348028,terminal_near_refinement,terminal,0.0125,finite_interior,126519.17311045439,0.06061355078948035,0.6920426520666515,33.2452752571683,0.02878231366242563,8.326952511032714e-07
\mathrm{IM}_1,Ia,0.7,0.3,4800,9600,0.7163625302947929,terminal_near_refinement,terminal,0.015,finite_interior,123629.75324281564,0.06095222927077119,0.6920426520666515,33.2452752571683,0.03453877639491076,1.9320492855780258e-07
\mathrm{IM}_1,Ia,0.7,0.3,4800,9600,0.7204981363142694,terminal_near_refinement,terminal,0.0175,finite_interior,120850.31524353995,0.06129274335062839,0.6920426520666515,33.2452752571683,0.04029523912739586,6.089845720007068e-07
\mathrm{IM}_1,Ia,0.7,0.3,4800,9600,0.7246576174478467,terminal_near_refinement,terminal,0.02,finite_interior,118173.84557035947,0.061635103693032864,0.6920426520666515,33.2452752571683,0.046051701859880986,5.971177944695034e-07
\mathrm{IM}_1,Ia,0.7,0.3,4800,9600,0.7288411115280626,terminal_near_refinement,terminal,0.0225,finite_interior,115594.0951853167,0.06197932096845792,0.6920426520666515,33.2452752571683,0.05180816459236611,1.2003726724510356e-07
\mathrm{IM}_1,Ia,0.7,0.3,4800,9600,0.733048757183171,boundary_refinement,terminal,0.025,finite_interior,113105.36325099973,0.06232540585814855,0.6920426520666515,33.2452752571683,0.057564627324851146,8.273045825999711e-07
\mathrm{IM}_1,Ia,0.7,0.3,4800,9600,0.7764846267828557,boundary_refinement,terminal,0.05,finite_interior,92249.45197982706,0.06589133853744589,0.6920426520666515,33.2452752571683,0.1151292546497022,7.991174198538722e-07
\mathrm{IM}_1,Ia,0.7,0.3,4800,9600,0.822494233462637,boundary_refinement,terminal,0.07500000000000001,finite_interior,76651.52165989038,0.06965597693078197,0.6920426520666515,33.2452752571683,0.1726938819745535,1.6844477588063663e-07
\mathrm{IM}_1,Ia,0.7,0.3,4800,9600,0.8254041852680182,base,,nan,finite_interior,75820.03849882293,0.06989366416756931,0.6920426520666515,33.2452752571683,0.17622559824657874,2.550313252186617e-07
\mathrm{IM}_1,Ia,0.7,0.3,4800,9600,0.8712300807321368,boundary_refinement,terminal,0.1,finite_interior,64505.917154977644,0.0736305529318886,0.6920426520666515,33.2452752571683,0.2302585092994046,7.319604073676004e-07
\mathrm{IM}_1,Ia,0.7,0.3,4800,9600,0.922853708502026,boundary_refinement,terminal,0.125,finite_interior,54788.76010683306,0.0778267754062732,0.6920426520666515,33.2452752571683,0.2878231366242557,5.106180893805152e-07
\mathrm{IM}_1,Ia,0.7,0.3,4800,9600,0.977536228524447,boundary_refinement,terminal,0.15,finite_interior,46861.749557947085,0.08225689106744594,0.6920426520666515,33.2452752571683,0.3453877639491069,5.08159586086562e-07
\mathrm{IM}_1,Ia,0.7,0.3,4800,9600,1.0,base,,nan,finite_interior,44127.53425121001,0.08407256651601322,0.6920426520666515,33.2452752571683,0.3681076893294162,3.903972524763283e-07
\mathrm{IM}_1,Ia,0.7,0.3,4800,9600,1.035458891560278,boundary_refinement,terminal,0.17500000000000002,finite_interior,40299.96307036164,0.08693372862276977,0.6920426520666515,33.2452752571683,0.402952391273958,3.1248425987359044e-07
\mathrm{IM}_1,Ia,0.7,0.3,4800,9600,1.096813688153171,boundary_refinement,terminal,0.2,finite_interior,34806.49047137782,0.0918707355034065,0.6920426520666515,33.2452752571683,0.4605170185988092,2.7290064411489284e-07
\mathrm{IM}_1,Ia,0.7,0.3,4800,9600,1.1618039850016875,boundary_refinement,terminal,0.225,finite_interior,30166.013837878178,0.09708201099622248,0.6920426520666515,33.2452752571683,0.5180816459236602,2.836230545713938e-07
\mathrm{IM}_1,Ia,0.7,0.3,4800,9600,1.2115276586285877,base,,nan,finite_interior,27230.598258443213,0.1010568648673956,0.6920426520666515,33.2452752571683,0.5599897804122528,5.897387362122222e-07
\mathrm{IM}_1,Ia,0.7,0.3,4800,9600,1.2306451990388565,boundary_refinement,terminal,0.25,finite_interior,26217.66308758198,0.1025823374786957,0.6920426520666515,33.2452752571683,0.5756462732485114,3.0896560450209417e-07
\mathrm{IM}_1,Ia,0.7,0.3,4800,9600,1.467799267622069,base,,nan,finite_interior,17279.748677832802,0.12138426258740741,0.6920426520666515,33.2452752571683,0.7518718714950902,5.513550832343819e-07
\mathrm{IM}_1,Ia,0.7,0.3,4800,9600,1.7782794100389228,base,,nan,finite_interior,11122.911784161122,0.14568306419049523,0.6920426520666515,33.2452752571683,0.9437539625779275,2.730525192420115e-07
\mathrm{IM}_1,Ia,0.7,0.3,4800,9600,2.154434690031882,base,,nan,finite_interior,7210.53725892912,0.17468399136994744,0.6920426520666515,33.2452752571683,1.135636053660764,4.0575290922719786e-07
\mathrm{IM}_1,Ia,0.7,0.3,4800,9600,2.610157215682536,base,,nan,finite_interior,4688.219058449574,0.2092309662505458,0.6920426520666515,33.2452752571683,1.3275181447436015,2.5439175496562524e-07
\mathrm{IM}_1,Ia,0.7,0.3,4800,9600,3.1622776601683795,base,,nan,finite_interior,3050.1354716723595,0.2502898557401045,0.6920426520666515,33.2452752571683,1.5194002358264391,2.913195266437211e-07
\mathrm{IM}_1,Ia,0.7,0.3,4800,9600,3.831186849557285,base,,nan,finite_interior,1983.0461546987772,0.2989533225607447,0.6920426520666515,33.2452752571683,1.7112823269092754,1.2370620387014343e-07
\mathrm{IM}_1,Ia,0.7,0.3,4800,9600,4.6415888336127775,base,,nan,finite_interior,1287.524407766612,0.3564388994004421,0.6920426520666515,33.2452752571683,1.903164417992113,4.688795190212846e-07
\mathrm{IM}_1,Ia,0.7,0.3,4800,9600,5.623413251903491,base,,nan,finite_interior,834.5495103124811,0.42407594772717083,0.6920426520666515,33.2452752571683,1.7769738397307455,1.267592852577417e-07
\mathrm{IM}_1,Ia,0.7,0.3,4800,9600,6.812920690579608,base,,nan,finite_interior,539.9636653417506,0.5032750565067986,0.6920426520666515,33.2452752571683,1.5850917486479092,5.218790692125311e-07
\mathrm{IM}_1,Ia,0.7,0.3,4800,9600,8.254041852680182,base,,nan,finite_interior,348.70683497585406,0.5954703355502766,0.6920426520666515,33.2452752571683,1.3932096575650719,4.3141369243586857e-07
\mathrm{IM}_1,Ia,0.7,0.3,4800,9600,10.0,base,,nan,finite_interior,224.66179761579662,0.7020192666532996,0.6920426520666515,33.2452752571683,1.2013275664822343,1.791849538908806e-07
\mathrm{IM}_1,Ia,0.7,0.3,4800,9600,12.115276586285876,base,,nan,finite_interior,144.67722448095068,0.8240503936726485,0.6920426520666515,33.2452752571683,1.0094454753993978,1.8903384238427233e-07
\mathrm{IM}_1,Ia,0.7,0.3,4800,9600,14.677992676220676,base,,nan,finite_interior,92.02102742196239,0.9621633535516982,0.6920426520666515,33.2452752571683,0.8175633843165613,1.244070059379885e-07
\mathrm{IM}_1,Ia,0.7,0.3,4800,9600,17.78279410038923,base,,nan,finite_interior,58.613001666247406,1.1157448096330373,0.6920426520666515,33.2452752571683,0.6256812932337228,2.2451611355152002e-07
\mathrm{IM}_1,Ia,0.7,0.3,4800,9600,18.695192144433946,boundary_refinement,zero,-0.25,finite_interior,52.70319036306778,1.1583087343324645,0.6920426520666515,33.2452752571683,0.5756462732485115,4.51802712658699e-07
\mathrm{IM}_1,Ia,0.7,0.3,4800,9600,19.802951921896845,boundary_refinement,zero,-0.225,finite_interior,46.84013482243441,1.2085979784164518,0.6920426520666515,33.2452752571683,0.5180816459236602,4.183822955604907e-07
\mathrm{IM}_1,Ia,0.7,0.3,4800,9600,20.976350592775987,boundary_refinement,zero,-0.2,finite_interior,41.68450238421111,1.2602758934383345,0.6920426520666515,33.2452752571683,0.4605170185988091,5.162856589506867e-07
\mathrm{IM}_1,Ia,0.7,0.3,4800,9600,21.54434690031882,base,,nan,finite_interior,39.4621403485594,1.2847107391533301,0.6920426520666515,33.2452752571683,0.4337992021508864,1.1248253091460664e-06
\mathrm{IM}_1,Ia,0.7,0.3,4800,9600,22.21927750602279,boundary_refinement,zero,-0.17500000000000002,finite_interior,36.994014112181496,1.3132491569723135,0.6920426520666515,33.2452752571683,0.4029523912739581,1.3521905046273008e-06
\mathrm{IM}_1,Ia,0.7,0.3,4800,9600,23.535852469002585,boundary_refinement,zero,-0.15,finite_interior,32.578413085445405,1.3673173505286254,0.6920426520666515,33.2452752571683,0.34538776394910686,1.5986395537380493e-06
\mathrm{IM}_1,Ia,0.7,0.3,4800,9600,24.930439403014084,boundary_refinement,zero,-0.125,finite_interior,28.276101449031376,1.422112114004936,0.6920426520666515,33.2452752571683,0.2878231366242556,1.3973881356454006e-06
\mathrm{IM}_1,Ia,0.7,0.3,4800,9600,26.10157215682533,base,,nan,finite_interior,24.821511319369105,1.4659104132911116,0.6920426520666515,33.2452752571683,0.24191711106805,1.2769686188910178e-06
\mathrm{IM}_1,Ia,0.7,0.3,4800,9600,26.40766080794933,boundary_refinement,zero,-0.1,finite_interior,23.929331787804593,1.476984054015749,0.6920426520666515,33.2452752571683,0.23025850929940458,3.3862219992007157e-07
\mathrm{IM}_1,Ia,0.7,0.3,4800,9600,27.97241308403862,boundary_refinement,zero,-0.07500000000000001,finite_interior,19.352651217069624,1.5307707350014927,0.6920426520666515,33.2452752571683,0.17269388197455351,1.0722721490033273e-06
\mathrm{IM}_1,Ia,0.7,0.3,4800,9600,29.629882761465847,boundary_refinement,zero,-0.05,finite_interior,14.277822495473695,1.5812568281108372,0.6920426520666515,33.2452752571683,0.11512925464970225,1.5190606735989002e-07
\mathrm{IM}_1,Ia,0.7,0.3,4800,9600,31.385563691649033,boundary_refinement,zero,-0.025,finite_interior,8.218645956691981,1.6236601712684626,0.6920426520666515,33.2452752571683,0.05756462732485113,1.4128711445897151e-06
\mathrm{IM}_1,Ia,0.7,0.3,4800,9600,31.622776601683793,base,,nan,finite_interior,7.3072600195954,1.6281141477480825,0.6920426520666515,33.2452752571683,0.05003501998521146,2.677167745642022e-07
\mathrm{IM}_1,Ia,0.7,0.3,4800,9600,35.215181660699876,boundary_refinement,zero,0.025,no_training,0.0,1.6448299056067186,0.6920426520666515,33.2452752571683,0.057564627324851146,0.0
\mathrm{IM}_1,Ia,0.7,0.3,4800,9600,37.30181235689128,boundary_refinement,zero,0.05,no_training,0.0,1.6448299056067186,0.6920426520666515,33.2452752571683,0.1151292546497022,0.0
\mathrm{IM}_1,Ia,0.7,0.3,4800,9600,38.31186849557285,base,,nan,no_training,0.0,1.6448299056067186,0.6920426520666515,33.2452752571683,0.14184707109762507,0.0
\mathrm{IM}_1,Ia,0.7,0.3,4800,9600,39.51208369490133,boundary_refinement,zero,0.07500000000000001,no_training,0.0,1.6448299056067186,0.6920426520666515,33.2452752571683,0.1726938819745535,0.0
\mathrm{IM}_1,Ia,0.7,0.3,4800,9600,41.85332184334104,boundary_refinement,zero,0.1,no_training,0.0,1.6448299056067186,0.6920426520666515,33.2452752571683,0.2302585092994046,0.0
\mathrm{IM}_1,Ia,0.7,0.3,4800,9600,44.333287073602996,boundary_refinement,zero,0.125,no_training,0.0,1.6448299056067186,0.6920426520666515,33.2452752571683,0.2878231366242557,0.0
\mathrm{IM}_1,Ia,0.7,0.3,4800,9600,46.41588833612773,base,,nan,no_training,0.0,1.6448299056067186,0.6920426520666515,33.2452752571683,0.33372916218046167,0.0
\mathrm{IM}_1,Ia,0.7,0.3,4800,9600,46.96019948206812,boundary_refinement,zero,0.15,no_training,0.0,1.6448299056067186,0.6920426520666515,33.2452752571683,0.3453877639491069,0.0
\mathrm{IM}_1,Ia,0.7,0.3,4800,9600,49.74276623644925,boundary_refinement,zero,0.17500000000000002,no_training,0.0,1.6448299056067186,0.6920426520666515,33.2452752571683,0.402952391273958,0.0
\mathrm{IM}_1,Ia,0.7,0.3,4800,9600,52.69021043658194,boundary_refinement,zero,0.2,no_training,0.0,1.6448299056067186,0.6920426520666515,33.2452752571683,0.4605170185988092,0.0
\mathrm{IM}_1,Ia,0.7,0.3,4800,9600,55.81230168532468,boundary_refinement,zero,0.225,no_training,0.0,1.6448299056067186,0.6920426520666515,33.2452752571683,0.5180816459236602,0.0
\mathrm{IM}_1,Ia,0.7,0.3,4800,9600,56.23413251903491,base,,nan,no_training,0.0,1.6448299056067186,0.6920426520666515,33.2452752571683,0.5256112532633,0.0
\mathrm{IM}_1,Ia,0.7,0.3,4800,9600,59.11938847089885,boundary_refinement,zero,0.25,no_training,0.0,1.6448299056067186,0.6920426520666515,33.2452752571683,0.5756462732485114,0.0
\mathrm{IM}_1,Ia,0.7,0.3,4800,9600,68.12920690579608,base,,nan,no_training,0.0,1.6448299056067186,0.6920426520666515,33.2452752571683,0.7174933443461365,0.0
\mathrm{IM}_1,Ia,0.7,0.3,4800,9600,82.54041852680173,base,,nan,no_training,0.0,1.6448299056067186,0.6920426520666515,33.2452752571683,0.909375435428973,0.0
\mathrm{IM}_1,Ia,0.7,0.3,4800,9600,100.0,base,,nan,no_training,0.0,1.6448299056067186,0.6920426520666515,33.2452752571683,1.1012575265118114,0.0
\mathrm{IM}_1,Ia,0.7,0.3,4800,9600,121.15276586285876,base,,nan,no_training,0.0,1.6448299056067186,0.6920426520666515,33.2452752571683,1.293139617594648,0.0
\mathrm{IM}_1,Ia,0.7,0.3,4800,9600,146.77992676220674,base,,nan,no_training,0.0,1.6448299056067186,0.6920426520666515,33.2452752571683,1.4850217086774844,0.0
\mathrm{IM}_1,Ia,0.7,0.3,4800,9600,177.82794100389228,base,,nan,no_training,0.0,1.6448299056067186,0.6920426520666515,33.2452752571683,1.6769037997603229,0.0
\mathrm{IM}_1,Ia,0.7,0.3,4800,9600,215.44346900318823,base,,nan,no_training,0.0,1.6448299056067186,0.6920426520666515,33.2452752571683,1.8687858908431594,0.0
\mathrm{IM}_1,Ia,0.7,0.3,4800,9600,261.0157215682533,base,,nan,no_training,0.0,1.6448299056067186,0.6920426520666515,33.2452752571683,2.0606679819259957,0.0
\mathrm{IM}_1,Ia,0.7,0.3,4800,9600,316.22776601683796,base,,nan,no_training,0.0,1.6448299056067186,0.6920426520666515,33.2452752571683,2.2525500730088344,0.0
\mathrm{IM}_1,Ia,0.7,0.3,4800,9600,383.1186849557285,base,,nan,no_training,0.0,1.6448299056067186,0.6920426520666515,33.2452752571683,2.444432164091671,0.0
\mathrm{IM}_1,Ia,0.7,0.3,4800,9600,464.1588833612773,base,,nan,no_training,0.0,1.6448299056067186,0.6920426520666515,33.2452752571683,2.6363142551745073,0.0
\mathrm{IM}_1,Ia,0.7,0.3,4800,9600,562.341325190349,base,,nan,no_training,0.0,1.6448299056067186,0.6920426520666515,33.2452752571683,2.8281963462573456,0.0
\mathrm{IM}_1,Ia,0.7,0.3,4800,9600,681.2920690579608,base,,nan,no_training,0.0,1.6448299056067186,0.6920426520666515,33.2452752571683,3.020078437340182,0.0
\mathrm{IM}_1,Ia,0.7,0.3,4800,9600,825.4041852680173,base,,nan,no_training,0.0,1.6448299056067186,0.6920426520666515,33.2452752571683,3.2119605284230186,0.0
\mathrm{IM}_1,Ia,0.7,0.3,4800,9600,1000.0,base,,nan,no_training,0.0,1.6448299056067186,0.6920426520666515,33.2452752571683,3.403842619505857,0.0
\mathrm{IM}_1,Ia,0.7,0.3,6400,12800,0.001,base,,nan,terminal_infimum,inf,0.0005858304498173135,0.5836770324710424,33.259084127311695,6.369347803261939,0.0
\mathrm{IM}_1,Ia,0.7,0.3,6400,12800,0.001211527658628589,base,,nan,terminal_infimum,inf,0.0006036874322950499,0.5836770324710424,33.259084127311695,6.177465712179101,0.0
\mathrm{IM}_1,Ia,0.7,0.3,6400,12800,0.0014677992676220691,base,,nan,terminal_infimum,inf,0.0006253216604664735,0.5836770324710424,33.259084127311695,5.985583621096265,0.0
\mathrm{IM}_1,Ia,0.7,0.3,6400,12800,0.0017782794100389228,base,,nan,terminal_infimum,inf,0.0006515321262692351,0.5836770324710424,33.259084127311695,5.793701530013427,0.0
\mathrm{IM}_1,Ia,0.7,0.3,6400,12800,0.0021544346900318843,base,,nan,terminal_infimum,inf,0.0006832868305348196,0.5836770324710424,33.259084127311695,5.60181943893059,0.0
\mathrm{IM}_1,Ia,0.7,0.3,6400,12800,0.0026101572156825357,base,,nan,terminal_infimum,inf,0.0007217585330441462,0.5836770324710424,33.259084127311695,5.4099373478477535,0.0
\mathrm{IM}_1,Ia,0.7,0.3,6400,12800,0.0031622776601683794,base,,nan,terminal_infimum,inf,0.0007683680647087266,0.5836770324710424,33.259084127311695,5.218055256764916,0.0
\mathrm{IM}_1,Ia,0.7,0.3,6400,12800,0.003831186849557285,base,,nan,terminal_infimum,inf,0.0008248368014760903,0.5836770324710424,33.259084127311695,5.02617316568208,0.0
\mathrm{IM}_1,Ia,0.7,0.3,6400,12800,0.004641588833612777,base,,nan,terminal_infimum,inf,0.0008932502379175688,0.5836770324710424,33.259084127311695,4.834291074599242,0.0
\mathrm{IM}_1,Ia,0.7,0.3,6400,12800,0.005623413251903491,base,,nan,terminal_infimum,inf,0.0009761350083882492,0.5836770324710424,33.259084127311695,4.642408983516405,0.0
\mathrm{IM}_1,Ia,0.7,0.3,6400,12800,0.006812920690579608,base,,nan,terminal_infimum,inf,0.00107655220029256,0.5836770324710424,33.259084127311695,4.450526892433568,0.0
\mathrm{IM}_1,Ia,0.7,0.3,6400,12800,0.008254041852680182,base,,nan,terminal_infimum,inf,0.001198210405686448,0.5836770324710424,33.259084127311695,4.258644801350731,0.0
\mathrm{IM}_1,Ia,0.7,0.3,6400,12800,0.01,base,,nan,terminal_infimum,inf,0.0013456026864202611,0.5836770324710424,33.259084127311695,4.066762710267893,0.0
\mathrm{IM}_1,Ia,0.7,0.3,6400,12800,0.012115276586285882,base,,nan,terminal_infimum,inf,0.0015241725111976247,0.5836770324710424,33.259084127311695,3.874880619185056,0.0
\mathrm{IM}_1,Ia,0.7,0.3,6400,12800,0.01467799267622069,base,,nan,terminal_infimum,inf,0.0017405147929118612,0.5836770324710424,33.259084127311695,3.6829985281022193,0.0
\mathrm{IM}_1,Ia,0.7,0.3,6400,12800,0.01778279410038923,base,,nan,terminal_infimum,inf,0.002002619450939478,0.5836770324710424,33.259084127311695,3.491116437019382,0.0
\mathrm{IM}_1,Ia,0.7,0.3,6400,12800,0.021544346900318832,base,,nan,terminal_infimum,inf,0.0023201664935953215,0.5836770324710424,33.259084127311695,3.299234345936545,0.0
\mathrm{IM}_1,Ia,0.7,0.3,6400,12800,0.026101572156825358,base,,nan,terminal_infimum,inf,0.0027048835186885885,0.5836770324710424,33.259084127311695,3.107352254853708,0.0
\mathrm{IM}_1,Ia,0.7,0.3,6400,12800,0.03162277660168379,base,,nan,terminal_infimum,inf,0.0031709788353343916,0.5836770324710424,33.259084127311695,2.9154701637708706,0.0
\mathrm{IM}_1,Ia,0.7,0.3,6400,12800,0.03831186849557287,base,,nan,terminal_infimum,inf,0.003735666203008031,0.5836770324710424,33.259084127311695,2.7235880726880333,0.0
\mathrm{IM}_1,Ia,0.7,0.3,6400,12800,0.046415888336127774,base,,nan,terminal_infimum,inf,0.004419800567422815,0.5836770324710424,33.259084127311695,2.5317059816051963,0.0
\mathrm{IM}_1,Ia,0.7,0.3,6400,12800,0.05623413251903491,base,,nan,terminal_infimum,inf,0.005248648272129619,0.5836770324710424,33.259084127311695,2.339823890522359,0.0
\mathrm{IM}_1,Ia,0.7,0.3,6400,12800,0.06812920690579612,base,,nan,terminal_infimum,inf,0.0062528201911727305,0.5836770324710424,33.259084127311695,2.147941799439522,0.0
\mathrm{IM}_1,Ia,0.7,0.3,6400,12800,0.08254041852680181,base,,nan,terminal_infimum,inf,0.007469402245111606,0.5836770324710424,33.259084127311695,1.956059708356685,0.0
\mathrm{IM}_1,Ia,0.7,0.3,6400,12800,0.1,base,,nan,terminal_infimum,inf,0.008943325052449737,0.5836770324710424,33.259084127311695,1.7641776172738475,0.0
\mathrm{IM}_1,Ia,0.7,0.3,6400,12800,0.12115276586285877,base,,nan,terminal_infimum,inf,0.01072902330022337,0.5836770324710424,33.259084127311695,1.572295526191011,0.0
\mathrm{IM}_1,Ia,0.7,0.3,6400,12800,0.1467799267622069,base,,nan,terminal_infimum,inf,0.012892446117365742,0.5836770324710424,33.259084127311695,1.3804134351081736,0.0
\mathrm{IM}_1,Ia,0.7,0.3,6400,12800,0.1778279410038923,base,,nan,terminal_infimum,inf,0.015513492697641905,0.5836770324710424,33.259084127311695,1.188531344025336,0.0
\mathrm{IM}_1,Ia,0.7,0.3,6400,12800,0.21544346900318823,base,,nan,terminal_infimum,inf,0.018688963124200333,0.5836770324710424,33.259084127311695,0.9966492529424996,0.0
\mathrm{IM}_1,Ia,0.7,0.3,6400,12800,0.2610157215682536,base,,nan,terminal_infimum,inf,0.022536133375133015,0.5836770324710424,33.259084127311695,0.8047671618596622,0.0
\mathrm{IM}_1,Ia,0.7,0.3,6400,12800,0.31622776601683794,base,,nan,terminal_infimum,inf,0.027197086541591045,0.5836770324710424,33.259084127311695,0.6128850707768247,0.0
\mathrm{IM}_1,Ia,0.7,0.3,6400,12800,0.3282257159229364,boundary_refinement,terminal,-0.25,terminal_infimum,inf,0.02820994312323622,0.5836770324710424,33.259084127311695,0.5756462732485115,0.0
\mathrm{IM}_1,Ia,0.7,0.3,6400,12800,0.34767431229035295,boundary_refinement,terminal,-0.225,terminal_infimum,inf,0.029851776852220666,0.5836770324710424,33.259084127311695,0.5180816459236602,0.0
\mathrm{IM}_1,Ia,0.7,0.3,6400,12800,0.36827531044200845,boundary_refinement,terminal,-0.2,terminal_infimum,inf,0.03159089534576917,0.5836770324710424,33.259084127311695,0.4605170185988091,0.0
\mathrm{IM}_1,Ia,0.7,0.3,6400,12800,0.3831186849557285,base,,nan,terminal_infimum,inf,0.03284396021832742,0.5836770324710424,33.259084127311695,0.4210029796939884,0.0
\mathrm{IM}_1,Ia,0.7,0.3,6400,12800,0.3900969944765199,boundary_refinement,terminal,-0.17500000000000002,terminal_infimum,inf,0.033433063088585124,0.5836770324710424,33.259084127311695,0.4029523912739581,0.0
\mathrm{IM}_1,Ia,0.7,0.3,6400,12800,0.41321169457971807,boundary_refinement,terminal,-0.15,terminal_infimum,inf,0.03538438613256437,0.5836770324710424,33.259084127311695,0.34538776394910686,0.0
\mathrm{IM}_1,Ia,0.7,0.3,6400,12800,0.43769602677038655,boundary_refinement,terminal,-0.125,terminal_infimum,inf,0.03745133233592368,0.5836770324710424,33.259084127311695,0.2878231366242556,0.0
\mathrm{IM}_1,Ia,0.7,0.3,6400,12800,0.46363114685183027,boundary_refinement,terminal,-0.1,terminal_infimum,inf,0.03964075280157307,0.5836770324710424,33.259084127311695,0.23025850929940458,0.0
\mathrm{IM}_1,Ia,0.7,0.3,6400,12800,0.46415888336127775,base,,nan,terminal_infimum,inf,0.039685303862475284,0.5836770324710424,33.259084127311695,0.2291208886111508,0.0
\mathrm{IM}_1,Ia,0.7,0.3,6400,12800,0.4911030194110198,boundary_refinement,terminal,-0.07500000000000001,terminal_infimum,inf,0.04195990458579158,0.5836770324710424,33.259084127311695,0.17269388197455351,0.0
\mathrm{IM}_1,Ia,0.7,0.3,6400,12800,0.5202027027569373,boundary_refinement,terminal,-0.05,terminal_infimum,inf,0.044416474752476606,0.5836770324710424,33.259084127311695,0.11512925464970225,0.0
\mathrm{IM}_1,Ia,0.7,0.3,6400,12800,0.5510266507425796,boundary_refinement,terminal,-0.025,terminal_infimum,inf,0.0470186058526971,0.5836770324710424,33.259084127311695,0.05756462732485125,0.0
\mathrm{IM}_1,Ia,0.7,0.3,6400,12800,0.5542077623129534,terminal_near_refinement,terminal,-0.0225,terminal_infimum,inf,0.04728715254744226,0.5836770324710424,33.259084127311695,0.05180816459236597,0.0
\mathrm{IM}_1,Ia,0.7,0.3,6400,12800,0.5574072386408384,terminal_near_refinement,terminal,-0.02,terminal_infimum,inf,0.04755724957917507,0.5836770324710424,33.259084127311695,0.04605170185988098,0.0
\mathrm{IM}_1,Ia,0.7,0.3,6400,12800,0.5606251857471369,terminal_near_refinement,terminal,-0.0175,terminal_infimum,inf,0.04782890589808868,0.5836770324710424,33.259084127311695,0.040295239127395764,0.0
\mathrm{IM}_1,Ia,0.7,0.3,6400,12800,0.5623413251903491,base,,nan,terminal_infimum,inf,0.04797378090954332,0.5836770324710424,33.259084127311695,0.03723879752831327,0.0
\mathrm{IM}_1,Ia,0.7,0.3,6400,12800,0.5638617102648164,terminal_near_refinement,terminal,-0.015,terminal_infimum,inf,0.048102130506046184,0.5836770324710424,33.259084127311695,0.034538776394910715,0.0
\mathrm{IM}_1,Ia,0.7,0.3,6400,12800,0.567116919442443,terminal_near_refinement,terminal,-0.0125,terminal_infimum,inf,0.04837693245687905,0.5836770324710424,33.259084127311695,0.028782313662425615,0.0
\mathrm{IM}_1,Ia,0.7,0.3,6400,12800,0.5703909211477359,terminal_near_refinement,terminal,-0.01,terminal_infimum,inf,0.04865332085668708,0.5836770324710424,33.259084127311695,0.02302585092994047,0.0
\mathrm{IM}_1,Ia,0.7,0.3,6400,12800,0.5736838238711414,terminal_near_refinement,terminal,-0.0075,terminal_infimum,inf,0.04893130486414016,0.5836770324710424,33.259084127311695,0.017269388197455333,0.0
\mathrm{IM}_1,Ia,0.7,0.3,6400,12800,0.5769957367294276,terminal_near_refinement,terminal,-0.005,terminal_infimum,inf,0.049210893690781736,0.5836770324710424,33.259084127311695,0.011512925464970099,0.0
\mathrm{IM}_1,Ia,0.7,0.3,6400,12800,0.580326769469301,terminal_near_refinement,terminal,-0.0025,terminal_infimum,inf,0.04949209660133409,0.5836770324710424,33.259084127311695,0.005756462732485091,0.0
\mathrm{IM}_1,Ia,0.7,0.3,6400,12800,0.5807586473086872,terminal_ultra_near_refinement,terminal,-0.002176919254274547,terminal_infimum,inf,0.0495285553559974,0.5836770324710424,33.259084127311695,0.005012541823544286,0.0
\mathrm{IM}_1,Ia,0.7,0.3,6400,12800,0.5813423243411583,terminal_ultra_near_refinement,terminal,-0.00174066157630127,terminal_infimum,inf,0.04957782886759899,0.5836770324710424,33.259084127311695,0.004008021397538711,0.0
\mathrm{IM}_1,Ia,0.7,0.3,6400,12800,0.5819260013736293,terminal_ultra_near_refinement,terminal,-0.0013048416883442813,terminal_infimum,inf,0.04962710237920057,0.5836770324710424,33.259084127311695,0.0030045090202987243,0.0
\mathrm{IM}_1,Ia,0.7,0.3,6400,12800,0.5825096784061004,terminal_ultra_near_refinement,terminal,-0.0008694587126288914,terminal_infimum,inf,0.04967637589080216,0.5836770324710424,33.259084127311695,0.0020020026706730793,0.0
\mathrm{IM}_1,Ia,0.7,0.3,6400,12800,0.5830933554385713,terminal_ultra_near_refinement,terminal,-0.0004345117740176917,terminal_infimum,inf,0.049725649402403746,0.5836770324710424,33.259084127311695,0.0010005003335836456,0.0
\mathrm{IM}_1,Ia,0.7,0.3,6400,12800,0.5833851939548069,terminal_extreme_near_refinement,terminal,-0.00021720154586423186,terminal_infimum,inf,0.04975028615820455,0.5836770324710424,33.259084127311695,0.0005001250416822429,0.0
\mathrm{IM}_1,Ia,0.7,0.3,6400,12800,0.583443561658054,terminal_extreme_near_refinement,terminal,-0.00017375254558756316,terminal_infimum,inf,0.0497552135093647,0.5836770324710424,33.259084127311695,0.00040008002133969133,0.0
\mathrm{IM}_1,Ia,0.7,0.3,6400,12800,0.5835019293613011,terminal_extreme_near_refinement,terminal,-0.00013030789173217684,terminal_infimum,inf,0.04976014086052486,0.5836770324710424,33.259084127311695,0.0003000450090021035,0.0
\mathrm{IM}_1,Ia,0.7,0.3,6400,12800,0.5835602970645483,terminal_extreme_near_refinement,terminal,-8.686758342857122e-05,terminal_infimum,inf,0.049765068211685026,0.5836770324710424,33.259084127311695,0.00020002000266693365,0.0
\mathrm{IM}_1,Ia,0.7,0.3,6400,12800,0.5836186647677953,terminal_extreme_near_refinement,terminal,-4.3431619807505604e-05,terminal_infimum,inf,0.049769995562845185,0.5836770324710424,33.259084127311695,0.00010000500033334732,0.0
\mathrm{IM}_1,Ia,0.7,0.3,6400,12800,0.5837354001742895,terminal_extreme_near_refinement,terminal,4.342727686266486e-05,finite_interior,213064.54685441495,0.049779762289918025,0.5836770324710424,33.259084127311695,9.999500033329732e-05,2.607427626123979e-07
\mathrm{IM}_1,Ia,0.7,0.3,6400,12800,0.5837937678775366,terminal_extreme_near_refinement,terminal,8.685021164894766e-05,finite_interior,212969.851282939,0.04978460163829059,0.5836770324710424,33.259084127311695,0.0001999800026662447,4.993461651660799e-07
\mathrm{IM}_1,Ia,0.7,0.3,6400,12800,0.5838521355807837,terminal_extreme_near_refinement,terminal,0.00013026880522704667,finite_interior,212875.27709600495,0.04978944095913107,0.5836770324710424,33.259084127311695,0.00029995500899794244,6.220780922541725e-07
\mathrm{IM}_1,Ia,0.7,0.3,6400,12800,0.5839105032840308,terminal_extreme_near_refinement,terminal,0.0001736830584648997,finite_interior,212780.59835238178,0.04979428025244742,0.5836770324710424,33.259084127311695,0.0003999200213268913,8.433588405522213e-08
\mathrm{IM}_1,Ia,0.7,0.3,6400,12800,0.5839688709872779,terminal_extreme_near_refinement,terminal,0.00021709297223018438,finite_interior,212686.19976126403,0.049799119518247614,0.5836770324710424,33.259084127311695,0.0004998750416509929,4.5781982429003324e-07
\mathrm{IM}_1,Ia,0.7,0.3,6400,12800,0.5842607095035134,terminal_ultra_near_refinement,terminal,0.0004340774793185929,finite_interior,212215.0834235727,0.04982331543478401,0.5836770324710424,33.259084127311695,0.0009995003330834232,4.6810339665706855e-07
\mathrm{IM}_1,Ia,0.7,0.3,6400,12800,0.5848443865359845,terminal_ultra_near_refinement,terminal,0.0008677215312269133,finite_interior,211279.45463606718,0.04987170520867339,0.5836770324710424,33.259084127311695,0.001998002662673058,9.309252872459599e-07
\mathrm{IM}_1,Ia,0.7,0.3,6400,12800,0.5854280635684554,terminal_ultra_near_refinement,terminal,0.001300933020418072,finite_interior,210352.23640171753,0.049920092243423385,0.5836770324710424,33.259084127311695,0.002995508979798371,1.0722370606580453e-06
\mathrm{IM}_1,Ia,0.7,0.3,6400,12800,0.5860117406009265,terminal_ultra_near_refinement,terminal,0.0017337128090005314,finite_interior,209433.2240785112,0.04996847654649611,0.5836770324710424,33.259084127311695,0.003992021269537457,8.132036380570112e-07
\mathrm{IM}_1,Ia,0.7,0.3,6400,12800,0.5865954176333975,terminal_ultra_near_refinement,terminal,0.0021660617565076304,finite_interior,208522.4137028096,0.05001685812532964,0.5836770324710424,33.259084127311695,0.004987541511038968,1.2659453239504474e-06
\mathrm{IM}_1,Ia,0.7,0.3,6400,12800,0.5870466367521654,terminal_near_refinement,terminal,0.0025,finite_interior,207823.93413523384,0.050054258271536575,0.5836770324710424,33.259084127311695,0.00575646273248517,5.829465525823166e-07
\mathrm{IM}_1,Ia,0.7,0.3,6400,12800,0.5904356939710942,terminal_near_refinement,terminal,0.005,finite_interior,202725.21050757737,0.05033511509529485,0.5836770324710424,33.259084127311695,0.011512925464970295,8.109304002424766e-07
\mathrm{IM}_1,Ia,0.7,0.3,6400,12800,0.5938443164308642,terminal_near_refinement,terminal,0.0075,finite_interior,197845.45795532793,0.050617502488559056,0.5836770324710424,33.259084127311695,0.017269388197455236,7.129136089786634e-07
\mathrm{IM}_1,Ia,0.7,0.3,6400,12800,0.5972726170828438,terminal_near_refinement,terminal,0.01,finite_interior,193168.51021885252,0.050901429541506386,0.5836770324710424,33.259084127311695,0.023025850929940427,2.8844722975642713e-07
\mathrm{IM}_1,Ia,0.7,0.3,6400,12800,0.6007207095304763,terminal_near_refinement,terminal,0.0125,finite_interior,188680.19536306534,0.051186905337220236,0.5836770324710424,33.259084127311695,0.02878231366242563,6.595003679562617e-07
\mathrm{IM}_1,Ia,0.7,0.3,6400,12800,0.6041887080330446,terminal_near_refinement,terminal,0.015,finite_interior,184367.51845881896,0.051473938958776985,0.5836770324710424,33.259084127311695,0.03453877639491076,7.33834995589954e-07
\mathrm{IM}_1,Ia,0.7,0.3,6400,12800,0.6076767275094582,terminal_near_refinement,terminal,0.0175,finite_interior,180219.1578449304,0.05176253949307415,0.5836770324710424,33.259084127311695,0.04029523912739586,9.45451799389823e-07
\mathrm{IM}_1,Ia,0.7,0.3,6400,12800,0.6111848835420605,terminal_near_refinement,terminal,0.02,finite_interior,176224.63070071625,0.052052716034656964,0.5836770324710424,33.259084127311695,0.046051701859880986,1.3674751247953535e-07
\mathrm{IM}_1,Ia,0.7,0.3,6400,12800,0.6147132923804588,terminal_near_refinement,terminal,0.0225,finite_interior,172374.30164044912,0.052344477689412104,0.5836770324710424,33.259084127311695,0.05180816459236611,5.778646307169234e-07
\mathrm{IM}_1,Ia,0.7,0.3,6400,12800,0.6182620709453771,boundary_refinement,terminal,0.025,finite_interior,168659.8265198113,0.0526378335797008,0.5836770324710424,33.259084127311695,0.057564627324851146,6.022261869213947e-07
\mathrm{IM}_1,Ia,0.7,0.3,6400,12800,0.6548964017847159,boundary_refinement,terminal,0.05,finite_interior,137535.20324712357,0.055661097829274815,0.5836770324710424,33.259084127311695,0.1151292546497022,9.911945306672864e-07
\mathrm{IM}_1,Ia,0.7,0.3,6400,12800,0.6812920690579608,base,,nan,finite_interior,120908.5261542419,0.057833973930092576,0.5836770324710424,33.259084127311695,0.15464329355452316,4.252313606583596e-07
\mathrm{IM}_1,Ia,0.7,0.3,6400,12800,0.6937014531956629,boundary_refinement,terminal,0.07500000000000001,finite_interior,114260.40148497357,0.05885401234643184,0.5836770324710424,33.259084127311695,0.1726938819745535,4.959635063752603e-07
\mathrm{IM}_1,Ia,0.7,0.3,6400,12800,0.7348058484584046,boundary_refinement,terminal,0.1,finite_interior,96139.52823664187,0.0622262200400212,0.5836770324710424,33.259084127311695,0.2302585092994046,1.6215242017820607e-07
\mathrm{IM}_1,Ia,0.7,0.3,6400,12800,0.7783458322616235,boundary_refinement,terminal,0.125,finite_interior,81643.75106320495,0.06578779298381407,0.5836770324710424,33.259084127311695,0.2878231366242557,2.7313625813939944e-07
\mathrm{IM}_1,Ia,0.7,0.3,6400,12800,0.8244657222993419,boundary_refinement,terminal,0.15,finite_interior,69820.0193024422,0.06954928239174783,0.5836770324710424,33.259084127311695,0.3453877639491069,4.850002235937619e-07
\mathrm{IM}_1,Ia,0.7,0.3,6400,12800,0.8254041852680182,base,,nan,finite_interior,69608.6146776071,0.06962570746602154,0.5836770324710424,33.259084127311695,0.3465253846373607,7.897436073766479e-08
\mathrm{IM}_1,Ia,0.7,0.3,6400,12800,0.8733183876265621,boundary_refinement,terminal,0.17500000000000002,finite_interior,60033.949270848454,0.07352175622860194,0.5836770324710424,33.259084127311695,0.402952391273958,7.653726877931199e-07
\mathrm{IM}_1,Ia,0.7,0.3,6400,12800,0.9250657553592595,boundary_refinement,terminal,0.2,finite_interior,51842.26438541098,0.07771683149305098,0.5836770324710424,33.259084127311695,0.4605170185988092,4.097842331082167e-07
\mathrm{IM}_1,Ia,0.7,0.3,6400,12800,0.9798793473982381,boundary_refinement,terminal,0.225,finite_interior,44923.50912027179,0.08214670404670048,0.5836770324710424,33.259084127311695,0.5180816459236602,1.7637190341305962e-07
\mathrm{IM}_1,Ia,0.7,0.3,6400,12800,1.0,base,,nan,finite_interior,42737.68791760112,0.08376934345705238,0.5836770324710424,33.259084127311695,0.5384074757201981,5.438754650855893e-07
\mathrm{IM}_1,Ia,0.7,0.3,6400,12800,1.0379408489558746,boundary_refinement,terminal,0.25,finite_interior,39037.47547415253,0.08682417732609794,0.5836770324710424,33.259084127311695,0.5756462732485115,1.8131921333543372e-07
\mathrm{IM}_1,Ia,0.7,0.3,6400,12800,1.2115276586285877,base,,nan,finite_interior,27044.14800056317,0.10072204670131393,0.5836770324710424,33.259084127311695,0.7302895668030346,3.7553833881182554e-07
\mathrm{IM}_1,Ia,0.7,0.3,6400,12800,1.467799267622069,base,,nan,finite_interior,17378.965552804944,0.12102065854465786,0.5836770324710424,33.259084127311695,0.922171657885872,4.6045244330201896e-07
\mathrm{IM}_1,Ia,0.7,0.3,6400,12800,1.7782794100389228,base,,nan,finite_interior,11254.1963492217,0.14529328487491036,0.5836770324710424,33.259084127311695,1.1140537489687097,2.901550034538676e-07
\mathrm{IM}_1,Ia,0.7,0.3,6400,12800,2.154434690031882,base,,nan,finite_interior,7312.354867617308,0.17427068612610855,0.5836770324710424,33.259084127311695,1.305935840051546,4.541569061762495e-07
\mathrm{IM}_1,Ia,0.7,0.3,6400,12800,2.610157215682536,base,,nan,finite_interior,4755.2250993924035,0.2087969034481054,0.5836770324710424,33.259084127311695,1.4978179311343833,5.259140390770523e-07
\mathrm{IM}_1,Ia,0.7,0.3,6400,12800,3.1622776601683795,base,,nan,finite_interior,3090.6875706531787,0.24983793519309527,0.5836770324710424,33.259084127311695,1.689700022217221,5.135900642847263e-07
\mathrm{IM}_1,Ia,0.7,0.3,6400,12800,3.831186849557285,base,,nan,finite_interior,2006.3329920216993,0.29848656280304753,0.5836770324710424,33.259084127311695,1.8815821133000574,4.2914852789254165e-07
\mathrm{IM}_1,Ia,0.7,0.3,6400,12800,4.6415888336127775,base,,nan,finite_interior,1300.4175501756938,0.35596042647506126,0.5836770324710424,33.259084127311695,1.9692712079614167,5.310325257255474e-07
\mathrm{IM}_1,Ia,0.7,0.3,6400,12800,5.623413251903491,base,,nan,finite_interior,841.4998390759031,0.42358900159581137,0.5836770324710424,33.259084127311695,1.7773891168785794,3.2569225686752085e-07
\mathrm{IM}_1,Ia,0.7,0.3,6400,12800,6.812920690579608,base,,nan,finite_interior,543.634592801155,0.5027830079223651,0.5836770324710424,33.259084127311695,1.5855070257957429,4.7083540816584743e-07
\mathrm{IM}_1,Ia,0.7,0.3,6400,12800,8.254041852680182,base,,nan,finite_interior,350.614797873434,0.594976707281404,0.5836770324710424,33.259084127311695,1.3936249347129053,3.2637258139933635e-07
\mathrm{IM}_1,Ia,0.7,0.3,6400,12800,10.0,base,,nan,finite_interior,225.64281545055087,0.7015278667832741,0.5836770324710424,33.259084127311695,1.201742843630068,2.3640670618576473e-07
\mathrm{IM}_1,Ia,0.7,0.3,6400,12800,12.115276586285876,base,,nan,finite_interior,145.17625811849487,0.8235651570897095,0.5836770324710424,33.259084127311695,1.0098607525472314,2.5660604408153546e-07
\mathrm{IM}_1,Ia,0.7,0.3,6400,12800,14.677992676220676,base,,nan,finite_interior,92.2849088458848,0.9616907895860276,0.5836770324710424,33.259084127311695,0.8179786614643949,2.511824469124331e-07
\mathrm{IM}_1,Ia,0.7,0.3,6400,12800,17.78279410038923,base,,nan,finite_interior,58.72948633250568,1.1152891986445277,0.5836770324710424,33.259084127311695,0.6260965703815563,5.680051553770192e-07
\mathrm{IM}_1,Ia,0.7,0.3,6400,12800,18.702957442769762,boundary_refinement,zero,-0.25,finite_interior,52.751730722904576,1.1582139886707106,0.5836770324710424,33.259084127311695,0.5756462732485115,3.2708720196312295e-07
\mathrm{IM}_1,Ia,0.7,0.3,6400,12800,19.81117734308617,boundary_refinement,zero,-0.225,finite_interior,46.87657738114655,1.2085165522039523,0.5836770324710424,33.259084127311695,0.5180816459236602,4.555759008131196e-07
\mathrm{IM}_1,Ia,0.7,0.3,6400,12800,20.98506340081193,boundary_refinement,zero,-0.2,finite_interior,41.71248032061288,1.2602075926967506,0.5836770324710424,33.259084127311695,0.4605170185988091,5.698914488407735e-07
\mathrm{IM}_1,Ia,0.7,0.3,6400,12800,21.54434690031882,base,,nan,finite_interior,39.520968690578684,1.2842665723353697,0.5836770324710424,33.259084127311695,0.43421447929872,1.2055456425594093e-06
\mathrm{IM}_1,Ia,0.7,0.3,6400,12800,22.228506580391624,boundary_refinement,zero,-0.17500000000000002,finite_interior,37.01585005931232,1.3131940179279828,0.5836770324710424,33.259084127311695,0.4029523912739581,1.3557604955620103e-06
\mathrm{IM}_1,Ia,0.7,0.3,6400,12800,23.545628400407708,boundary_refinement,zero,-0.15,finite_interior,32.595575394832416,1.3672755750200856,0.5836770324710424,33.259084127311695,0.34538776394910686,1.5991573613055477e-06
\mathrm{IM}_1,Ia,0.7,0.3,6400,12800,24.940794594772036,boundary_refinement,zero,-0.125,finite_interior,28.289510715338377,1.422083984751922,0.5836770324710424,33.259084127311695,0.2878231366242556,1.5439644300646817e-06
\mathrm{IM}_1,Ia,0.7,0.3,6400,12800,26.10157215682533,base,,nan,finite_interior,24.86398523061897,1.4654981902102746,0.5836770324710424,33.259084127311695,0.24233238821588352,1.3078235424266232e-06
\mathrm{IM}_1,Ia,0.7,0.3,6400,12800,26.41862958339387,boundary_refinement,zero,-0.1,finite_interior,23.939533747393778,1.4769698066708121,0.5836770324710424,33.259084127311695,0.23025850929940458,4.0338119910069555e-07
\mathrm{IM}_1,Ia,0.7,0.3,6400,12800,27.984031800288882,boundary_refinement,zero,-0.07500000000000001,finite_interior,19.359938074676716,1.5307703199380946,0.5836770324710424,33.259084127311695,0.17269388197455351,1.0403514273699564e-06
\mathrm{IM}_1,Ia,0.7,0.3,6400,12800,29.642189929935714,boundary_refinement,zero,-0.05,finite_interior,14.282293865315731,1.5812693931928399,0.5836770324710424,33.259084127311695,0.11512925464970225,7.939922585437191e-08
\mathrm{IM}_1,Ia,0.7,0.3,6400,12800,31.398600105697124,boundary_refinement,zero,-0.025,finite_interior,8.220361697246627,1.623682848056292,0.5836770324710424,33.259084127311695,0.05756462732485113,1.3547569428757537e-06
\mathrm{IM}_1,Ia,0.7,0.3,6400,12800,31.622776601683793,base,,nan,finite_interior,7.359874952932764,1.6279012635843544,0.5836770324710424,33.259084127311695,0.05045029713304499,1.3344438962048129e-06
\mathrm{IM}_1,Ia,0.7,0.3,6400,12800,35.229808757839756,boundary_refinement,zero,0.025,no_training,0.0,1.6448559448999052,0.5836770324710424,33.259084127311695,0.057564627324851146,0.0
\mathrm{IM}_1,Ia,0.7,0.3,6400,12800,37.31730616402523,boundary_refinement,zero,0.05,no_training,0.0,1.6448559448999052,0.5836770324710424,33.259084127311695,0.1151292546497022,0.0
\mathrm{IM}_1,Ia,0.7,0.3,6400,12800,38.31186849557285,base,,nan,no_training,0.0,1.6448559448999052,0.5836770324710424,33.259084127311695,0.14143179394979155,0.0
\mathrm{IM}_1,Ia,0.7,0.3,6400,12800,39.52849556782514,boundary_refinement,zero,0.07500000000000001,no_training,0.0,1.6448559448999052,0.5836770324710424,33.259084127311695,0.1726938819745535,0.0
\mathrm{IM}_1,Ia,0.7,0.3,6400,12800,41.87070618087273,boundary_refinement,zero,0.1,no_training,0.0,1.6448559448999052,0.5836770324710424,33.259084127311695,0.2302585092994046,0.0
\mathrm{IM}_1,Ia,0.7,0.3,6400,12800,44.35170149789317,boundary_refinement,zero,0.125,no_training,0.0,1.6448559448999052,0.5836770324710424,33.259084127311695,0.2878231366242557,0.0
\mathrm{IM}_1,Ia,0.7,0.3,6400,12800,46.41588833612773,base,,nan,no_training,0.0,1.6448559448999052,0.5836770324710424,33.259084127311695,0.33331388503262793,0.0
\mathrm{IM}_1,Ia,0.7,0.3,6400,12800,46.979705029594484,boundary_refinement,zero,0.15,no_training,0.0,1.6448559448999052,0.5836770324710424,33.259084127311695,0.3453877639491069,0.0
\mathrm{IM}_1,Ia,0.7,0.3,6400,12800,49.76342756032817,boundary_refinement,zero,0.17500000000000002,no_training,0.0,1.6448559448999052,0.5836770324710424,33.259084127311695,0.402952391273958,0.0
\mathrm{IM}_1,Ia,0.7,0.3,6400,12800,52.71209602086778,boundary_refinement,zero,0.2,no_training,0.0,1.6448559448999052,0.5836770324710424,33.259084127311695,0.4605170185988092,0.0
\mathrm{IM}_1,Ia,0.7,0.3,6400,12800,55.83548407200714,boundary_refinement,zero,0.225,no_training,0.0,1.6448559448999052,0.5836770324710424,33.259084127311695,0.5180816459236602,0.0
\mathrm{IM}_1,Ia,0.7,0.3,6400,12800,56.23413251903491,base,,nan,no_training,0.0,1.6448559448999052,0.5836770324710424,33.259084127311695,0.5251959761154664,0.0
\mathrm{IM}_1,Ia,0.7,0.3,6400,12800,59.14394450035074,boundary_refinement,zero,0.25,no_training,0.0,1.6448559448999052,0.5836770324710424,33.259084127311695,0.5756462732485114,0.0
\mathrm{IM}_1,Ia,0.7,0.3,6400,12800,68.12920690579608,base,,nan,no_training,0.0,1.6448559448999052,0.5836770324710424,33.259084127311695,0.7170780671983028,0.0
\mathrm{IM}_1,Ia,0.7,0.3,6400,12800,82.54041852680173,base,,nan,no_training,0.0,1.6448559448999052,0.5836770324710424,33.259084127311695,0.9089601582811394,0.0
\mathrm{IM}_1,Ia,0.7,0.3,6400,12800,100.0,base,,nan,no_training,0.0,1.6448559448999052,0.5836770324710424,33.259084127311695,1.1008422493639778,0.0
\mathrm{IM}_1,Ia,0.7,0.3,6400,12800,121.15276586285876,base,,nan,no_training,0.0,1.6448559448999052,0.5836770324710424,33.259084127311695,1.2927243404468143,0.0
\mathrm{IM}_1,Ia,0.7,0.3,6400,12800,146.77992676220674,base,,nan,no_training,0.0,1.6448559448999052,0.5836770324710424,33.259084127311695,1.4846064315296505,0.0
\mathrm{IM}_1,Ia,0.7,0.3,6400,12800,177.82794100389228,base,,nan,no_training,0.0,1.6448559448999052,0.5836770324710424,33.259084127311695,1.6764885226124893,0.0
\mathrm{IM}_1,Ia,0.7,0.3,6400,12800,215.44346900318823,base,,nan,no_training,0.0,1.6448559448999052,0.5836770324710424,33.259084127311695,1.8683706136953258,0.0
\mathrm{IM}_1,Ia,0.7,0.3,6400,12800,261.0157215682533,base,,nan,no_training,0.0,1.6448559448999052,0.5836770324710424,33.259084127311695,2.0602527047781622,0.0
\mathrm{IM}_1,Ia,0.7,0.3,6400,12800,316.22776601683796,base,,nan,no_training,0.0,1.6448559448999052,0.5836770324710424,33.259084127311695,2.252134795861001,0.0
\mathrm{IM}_1,Ia,0.7,0.3,6400,12800,383.1186849557285,base,,nan,no_training,0.0,1.6448559448999052,0.5836770324710424,33.259084127311695,2.444016886943837,0.0
\mathrm{IM}_1,Ia,0.7,0.3,6400,12800,464.1588833612773,base,,nan,no_training,0.0,1.6448559448999052,0.5836770324710424,33.259084127311695,2.6358989780266735,0.0
\mathrm{IM}_1,Ia,0.7,0.3,6400,12800,562.341325190349,base,,nan,no_training,0.0,1.6448559448999052,0.5836770324710424,33.259084127311695,2.827781069109512,0.0
\mathrm{IM}_1,Ia,0.7,0.3,6400,12800,681.2920690579608,base,,nan,no_training,0.0,1.6448559448999052,0.5836770324710424,33.259084127311695,3.0196631601923483,0.0
\mathrm{IM}_1,Ia,0.7,0.3,6400,12800,825.4041852680173,base,,nan,no_training,0.0,1.6448559448999052,0.5836770324710424,33.259084127311695,3.2115452512751848,0.0
\mathrm{IM}_1,Ia,0.7,0.3,6400,12800,1000.0,base,,nan,no_training,0.0,1.6448559448999052,0.5836770324710424,33.259084127311695,3.4034273423580235,0.0
\mathrm{IM}_1,Ia,0.7,0.3,9600,19200,0.001,base,,nan,terminal_infimum,inf,0.00042033485092022834,0.45890899893567444,33.27256132110942,6.12885193100515,0.0
\mathrm{IM}_1,Ia,0.7,0.3,9600,19200,0.001211527658628589,base,,nan,terminal_infimum,inf,0.0004382446560963345,0.45890899893567444,33.27256132110942,5.9369698399223125,0.0
\mathrm{IM}_1,Ia,0.7,0.3,9600,19200,0.0014677992676220691,base,,nan,terminal_infimum,inf,0.0004599428804278365,0.45890899893567444,33.27256132110942,5.7450877488394765,0.0
\mathrm{IM}_1,Ia,0.7,0.3,9600,19200,0.0017782794100389228,base,,nan,terminal_infimum,inf,0.000486230879348579,0.45890899893567444,33.27256132110942,5.553205657756639,0.0
\mathrm{IM}_1,Ia,0.7,0.3,9600,19200,0.0021544346900318843,base,,nan,terminal_infimum,inf,0.0005180795171310572,0.45890899893567444,33.27256132110942,5.361323566673802,0.0
\mathrm{IM}_1,Ia,0.7,0.3,9600,19200,0.0026101572156825357,base,,nan,terminal_infimum,inf,0.0005566650226941727,0.45890899893567444,33.27256132110942,5.169441475590965,0.0
\mathrm{IM}_1,Ia,0.7,0.3,9600,19200,0.0031622776601683794,base,,nan,terminal_infimum,inf,0.0006034124299060547,0.45890899893567444,33.27256132110942,4.977559384508128,0.0
\mathrm{IM}_1,Ia,0.7,0.3,9600,19200,0.003831186849557285,base,,nan,terminal_infimum,inf,0.0006600482067124229,0.45890899893567444,33.27256132110942,4.785677293425291,0.0
\mathrm{IM}_1,Ia,0.7,0.3,9600,19200,0.004641588833612777,base,,nan,terminal_infimum,inf,0.0007286640167812539,0.45890899893567444,33.27256132110942,4.593795202342453,0.0
\mathrm{IM}_1,Ia,0.7,0.3,9600,19200,0.005623413251903491,base,,nan,terminal_infimum,inf,0.0008117939684988487,0.45890899893567444,33.27256132110942,4.401913111259616,0.0
\mathrm{IM}_1,Ia,0.7,0.3,9600,19200,0.006812920690579608,base,,nan,terminal_infimum,inf,0.0009125082042651734,0.45890899893567444,33.27256132110942,4.210031020176779,0.0
\mathrm{IM}_1,Ia,0.7,0.3,9600,19200,0.008254041852680182,base,,nan,terminal_infimum,inf,0.0010345262865137169,0.45890899893567444,33.27256132110942,4.018148929093942,0.0
\mathrm{IM}_1,Ia,0.7,0.3,9600,19200,0.01,base,,nan,terminal_infimum,inf,0.0011823545680106453,0.45890899893567444,33.27256132110942,3.8262668380111045,0.0
\mathrm{IM}_1,Ia,0.7,0.3,9600,19200,0.012115276586285882,base,,nan,terminal_infimum,inf,0.0013614526197717066,0.45890899893567444,33.27256132110942,3.6343847469282675,0.0
\mathrm{IM}_1,Ia,0.7,0.3,9600,19200,0.01467799267622069,base,,nan,terminal_infimum,inf,0.0015784348630867267,0.45890899893567444,33.27256132110942,3.4425026558454306,0.0
\mathrm{IM}_1,Ia,0.7,0.3,9600,19200,0.01778279410038923,base,,nan,terminal_infimum,inf,0.0018413148522941527,0.45890899893567444,33.27256132110942,3.250620564762593,0.0
\mathrm{IM}_1,Ia,0.7,0.3,9600,19200,0.021544346900318832,base,,nan,terminal_infimum,inf,0.002159801230118933,0.45890899893567444,33.27256132110942,3.0587384736797563,0.0
\mathrm{IM}_1,Ia,0.7,0.3,9600,19200,0.026101572156825358,base,,nan,terminal_infimum,inf,0.0025456562857500893,0.45890899893567444,33.27256132110942,2.8668563825969193,0.0
\mathrm{IM}_1,Ia,0.7,0.3,9600,19200,0.03162277660168379,base,,nan,terminal_infimum,inf,0.0030131303578689087,0.45890899893567444,33.27256132110942,2.674974291514082,0.0
\mathrm{IM}_1,Ia,0.7,0.3,9600,19200,0.03831186849557287,base,,nan,terminal_infimum,inf,0.003579488125932593,0.45890899893567444,33.27256132110942,2.4830922004312446,0.0
\mathrm{IM}_1,Ia,0.7,0.3,9600,19200,0.046415888336127774,base,,nan,terminal_infimum,inf,0.004265646226620901,0.45890899893567444,33.27256132110942,2.2912101093484076,0.0
\mathrm{IM}_1,Ia,0.7,0.3,9600,19200,0.05623413251903491,base,,nan,terminal_infimum,inf,0.005096945743796849,0.45890899893567444,33.27256132110942,2.0993280182655703,0.0
\mathrm{IM}_1,Ia,0.7,0.3,9600,19200,0.06812920690579612,base,,nan,terminal_infimum,inf,0.006104088101460098,0.45890899893567444,33.27256132110942,1.9074459271827335,0.0
\mathrm{IM}_1,Ia,0.7,0.3,9600,19200,0.08254041852680181,base,,nan,terminal_infimum,inf,0.0073242689239455296,0.45890899893567444,33.27256132110942,1.7155638360998964,0.0
\mathrm{IM}_1,Ia,0.7,0.3,9600,19200,0.1,base,,nan,terminal_infimum,inf,0.008802551738914815,0.45890899893567444,33.27256132110942,1.523681745017059,0.0
\mathrm{IM}_1,Ia,0.7,0.3,9600,19200,0.12115276586285877,base,,nan,terminal_infimum,inf,0.010593532256525423,0.45890899893567444,33.27256132110942,1.3317996539342225,0.0
\mathrm{IM}_1,Ia,0.7,0.3,9600,19200,0.1467799267622069,base,,nan,terminal_infimum,inf,0.01276335468967563,0.45890899893567444,33.27256132110942,1.139917562851385,0.0
\mathrm{IM}_1,Ia,0.7,0.3,9600,19200,0.1778279410038923,base,,nan,terminal_infimum,inf,0.01539215458174989,0.45890899893567444,33.27256132110942,0.9480354717685474,0.0
\mathrm{IM}_1,Ia,0.7,0.3,9600,19200,0.21544346900318823,base,,nan,terminal_infimum,inf,0.018577018359997685,0.45890899893567444,33.27256132110942,0.7561533806857111,0.0
\mathrm{IM}_1,Ia,0.7,0.3,9600,19200,0.25806349460326367,boundary_refinement,terminal,-0.25,terminal_infimum,inf,0.022185607232237222,0.45890899893567444,33.27256132110942,0.5756462732485115,0.0
\mathrm{IM}_1,Ia,0.7,0.3,9600,19200,0.2610157215682536,base,,nan,terminal_infimum,inf,0.022435568916309257,0.45890899893567444,33.27256132110942,0.5642712896028735,0.0
\mathrm{IM}_1,Ia,0.7,0.3,9600,19200,0.2733547179907762,boundary_refinement,terminal,-0.225,terminal_infimum,inf,0.023480297645539296,0.45890899893567444,33.27256132110942,0.5180816459236602,0.0
\mathrm{IM}_1,Ia,0.7,0.3,9600,19200,0.289552003326517,boundary_refinement,terminal,-0.2,terminal_infimum,inf,0.024851703288780846,0.45890899893567444,33.27256132110942,0.4605170185988091,0.0
\mathrm{IM}_1,Ia,0.7,0.3,9600,19200,0.3067090381561598,boundary_refinement,terminal,-0.17500000000000002,terminal_infimum,inf,0.026304369825113607,0.45890899893567444,33.27256132110942,0.4029523912739581,0.0
\mathrm{IM}_1,Ia,0.7,0.3,9600,19200,0.31622776601683794,base,,nan,terminal_infimum,inf,0.027110309637497453,0.45890899893567444,33.27256132110942,0.3723891985200361,0.0
\mathrm{IM}_1,Ia,0.7,0.3,9600,19200,0.32488269121245555,boundary_refinement,terminal,-0.15,terminal_infimum,inf,0.027843112265164484,0.45890899893567444,33.27256132110942,0.34538776394910686,0.0
\mathrm{IM}_1,Ia,0.7,0.3,9600,19200,0.3441332009124164,boundary_refinement,terminal,-0.125,terminal_infimum,inf,0.02947303092687676,0.45890899893567444,33.27256132110942,0.2878231366242556,0.0
\mathrm{IM}_1,Ia,0.7,0.3,9600,19200,0.3645243750236615,boundary_refinement,terminal,-0.1,terminal_infimum,inf,0.03119952834103147,0.45890899893567444,33.27256132110942,0.23025850929940458,0.0
\mathrm{IM}_1,Ia,0.7,0.3,9600,19200,0.3831186849557285,base,,nan,terminal_infimum,inf,0.03277388731813428,0.45890899893567444,33.27256132110942,0.18050710743719964,0.0
\mathrm{IM}_1,Ia,0.7,0.3,9600,19200,0.3861238021617365,boundary_refinement,terminal,-0.07500000000000001,terminal_infimum,inf,0.033028327158483806,0.45890899893567444,33.27256132110942,0.17269388197455338,0.0
\mathrm{IM}_1,Ia,0.7,0.3,9600,19200,0.4090030758194379,boundary_refinement,terminal,-0.05,terminal_infimum,inf,0.034965489118470014,0.45890899893567444,33.27256132110942,0.11512925464970225,0.0
\mathrm{IM}_1,Ia,0.7,0.3,9600,19200,0.4332380316707087,boundary_refinement,terminal,-0.025,terminal_infimum,inf,0.03701743514085713,0.45890899893567444,33.27256132110942,0.05756462732485113,0.0
\mathrm{IM}_1,Ia,0.7,0.3,9600,19200,0.4357391421222928,terminal_near_refinement,terminal,-0.0225,terminal_infimum,inf,0.03722920130516025,0.45890899893567444,33.27256132110942,0.051808164592365855,0.0
\mathrm{IM}_1,Ia,0.7,0.3,9600,19200,0.43825469164208813,terminal_near_refinement,terminal,-0.02,terminal_infimum,inf,0.03744219000887151,0.45890899893567444,33.27256132110942,0.04605170185988087,0.0
\mathrm{IM}_1,Ia,0.7,0.3,9600,19200,0.44078476358774527,terminal_near_refinement,terminal,-0.0175,terminal_infimum,inf,0.03765640830978796,0.45890899893567444,33.27256132110942,0.040295239127395764,0.0
\mathrm{IM}_1,Ia,0.7,0.3,9600,19200,0.4433294417981436,terminal_near_refinement,terminal,-0.015,terminal_infimum,inf,0.037871863306451724,0.45890899893567444,33.27256132110942,0.034538776394910715,0.0
\mathrm{IM}_1,Ia,0.7,0.3,9600,19200,0.44588881059616975,terminal_near_refinement,terminal,-0.0125,terminal_infimum,inf,0.038088562138385275,0.45890899893567444,33.27256132110942,0.028782313662425615,0.0
\mathrm{IM}_1,Ia,0.7,0.3,9600,19200,0.44846295479151155,terminal_near_refinement,terminal,-0.01,terminal_infimum,inf,0.03830651198632797,0.45890899893567444,33.27256132110942,0.02302585092994047,0.0
\mathrm{IM}_1,Ia,0.7,0.3,9600,19200,0.4510519596834687,terminal_near_refinement,terminal,-0.0075,terminal_infimum,inf,0.03852572007247407,0.45890899893567444,33.27256132110942,0.017269388197455333,0.0
\mathrm{IM}_1,Ia,0.7,0.3,9600,19200,0.45365591106377884,terminal_near_refinement,terminal,-0.005,terminal_infimum,inf,0.038746193660711976,0.45890899893567444,33.27256132110942,0.01151292546497021,0.0
\mathrm{IM}_1,Ia,0.7,0.3,9600,19200,0.45627489521946096,terminal_near_refinement,terminal,-0.0025,terminal_infimum,inf,0.038967940056865,0.45890899893567444,33.27256132110942,0.005756462732485091,0.0
\mathrm{IM}_1,Ia,0.7,0.3,9600,19200,0.4566144539409961,terminal_ultra_near_refinement,terminal,-0.002176919254274547,terminal_infimum,inf,0.03899669010585608,0.45890899893567444,33.27256132110942,0.005012541823544286,0.0
\mathrm{IM}_1,Ia,0.7,0.3,9600,19200,0.4570733629399317,terminal_ultra_near_refinement,terminal,-0.00174066157630127,terminal_infimum,inf,0.03903554540647155,0.45890899893567444,33.27256132110942,0.004008021397538822,0.0
\mathrm{IM}_1,Ia,0.7,0.3,9600,19200,0.4575322719388674,terminal_ultra_near_refinement,terminal,-0.0013048416883442813,terminal_infimum,inf,0.039074400707087016,0.45890899893567444,33.27256132110942,0.0030045090202987243,0.0
\mathrm{IM}_1,Ia,0.7,0.3,9600,19200,0.4579911809378031,terminal_ultra_near_refinement,terminal,-0.0008694587126288914,terminal_infimum,inf,0.039113256007702484,0.45890899893567444,33.27256132110942,0.0020020026706730793,0.0
\mathrm{IM}_1,Ia,0.7,0.3,9600,19200,0.45845008993673875,terminal_ultra_near_refinement,terminal,-0.0004345117740176917,terminal_infimum,inf,0.03915211130831795,0.45890899893567444,33.27256132110942,0.0010005003335835344,0.0
\mathrm{IM}_1,Ia,0.7,0.3,9600,19200,0.4586795444362066,terminal_extreme_near_refinement,terminal,-0.00021720154586423186,terminal_infimum,inf,0.039171538958625685,0.45890899893567444,33.27256132110942,0.0005001250416822429,0.0
\mathrm{IM}_1,Ia,0.7,0.3,9600,19200,0.45872543533610016,terminal_extreme_near_refinement,terminal,-0.00017375254558756316,terminal_infimum,inf,0.03917542448868723,0.45890899893567444,33.27256132110942,0.00040008002133980235,0.0
\mathrm{IM}_1,Ia,0.7,0.3,9600,19200,0.45877132623599376,terminal_extreme_near_refinement,terminal,-0.00013030789173217684,terminal_infimum,inf,0.03917931001874878,0.45890899893567444,33.27256132110942,0.00030004500900199243,0.0
\mathrm{IM}_1,Ia,0.7,0.3,9600,19200,0.4588172171358873,terminal_extreme_near_refinement,terminal,-8.686758342857122e-05,terminal_infimum,inf,0.03918319554881033,0.45890899893567444,33.27256132110942,0.0002000200026670447,0.0
\mathrm{IM}_1,Ia,0.7,0.3,9600,19200,0.4588631080357809,terminal_extreme_near_refinement,terminal,-4.3431619807505604e-05,terminal_infimum,inf,0.03918708107887187,0.45890899893567444,33.27256132110942,0.00010000500033334732,0.0
\mathrm{IM}_1,Ia,0.7,0.3,9600,19200,0.458954889835568,terminal_extreme_near_refinement,terminal,4.342727686266486e-05,finite_interior,374501.4911959736,0.039194793153986454,0.45890899893567444,33.27256132110942,9.999500033329732e-05,6.808996361487338e-07
\mathrm{IM}_1,Ia,0.7,0.3,9600,19200,0.4590007807354616,terminal_extreme_near_refinement,terminal,8.685021164894766e-05,finite_interior,374334.75166864396,0.03919861968057341,0.45890899893567444,33.27256132110942,0.0001999800026662447,4.740012796310922e-07
\mathrm{IM}_1,Ia,0.7,0.3,9600,19200,0.4590466716353551,terminal_extreme_near_refinement,terminal,0.00013026880522704667,finite_interior,374168.09303381684,0.0392024461886994,0.45890899893567444,33.27256132110942,0.00029995500899794244,8.282955799882776e-07
\mathrm{IM}_1,Ia,0.7,0.3,9600,19200,0.4590925625352487,terminal_extreme_near_refinement,terminal,0.0001736830584648997,finite_interior,374001.7991654393,0.03920627267836951,0.45890899893567444,33.27256132110942,0.0003999200213268913,8.010612025119459e-07
\mathrm{IM}_1,Ia,0.7,0.3,9600,19200,0.45913845343514226,terminal_extreme_near_refinement,terminal,0.00021709297223018438,finite_interior,373835.6583294055,0.039210099149588826,0.45890899893567444,33.27256132110942,0.0004998750416509929,1.1829454932599818e-06
\mathrm{IM}_1,Ia,0.7,0.3,9600,19200,0.4593679079346101,terminal_ultra_near_refinement,terminal,0.0004340774793185929,finite_interior,373006.9916703003,0.039229231229101096,0.45890899893567444,33.27256132110942,0.0009995003330834232,4.1419310003838166e-07
\mathrm{IM}_1,Ia,0.7,0.3,9600,19200,0.45982681693354577,terminal_ultra_near_refinement,terminal,0.0008677215312269133,finite_interior,371360.44819165935,0.03926749400720934,0.45890899893567444,33.27256132110942,0.001998002662673058,1.7270483140688396e-07
\mathrm{IM}_1,Ia,0.7,0.3,9600,19200,0.4602857259324814,terminal_ultra_near_refinement,terminal,0.001300933020418072,finite_interior,369728.90803218,0.0393057549482765,0.45890899893567444,33.27256132110942,0.002995508979798371,4.6622093716799756e-07
\mathrm{IM}_1,Ia,0.7,0.3,9600,19200,0.46074463493141715,terminal_ultra_near_refinement,terminal,0.0017337128090005314,finite_interior,368112.14527193236,0.03934401405743407,0.45890899893567444,33.27256132110942,0.003992021269537457,7.306955692569092e-07
\mathrm{IM}_1,Ia,0.7,0.3,9600,19200,0.4612035439303528,terminal_ultra_near_refinement,terminal,0.0021660617565076304,finite_interior,366509.9274470293,0.03938227133974174,0.45890899893567444,33.27256132110942,0.004987541511038968,1.0564684288707113e-06
\mathrm{IM}_1,Ia,0.7,0.3,9600,19200,0.4615583094985947,terminal_near_refinement,terminal,0.0025,finite_interior,365280.54320554715,0.03941184538031239,0.45890899893567444,33.27256132110942,0.00575646273248517,1.123874029354751e-06
\mathrm{IM}_1,Ia,0.7,0.3,9600,19200,0.46415888336127775,base,,nan,finite_interior,356520.58064859774,0.039628601919535336,0.45890899893567444,33.27256132110942,0.011374983645637816,1.2735149441866324e-06
\mathrm{IM}_1,Ia,0.7,0.3,9600,19200,0.46422291469830596,terminal_near_refinement,terminal,0.005,finite_interior,356310.31806452374,0.03963393817040421,0.45890899893567444,33.27256132110942,0.011512925464970295,1.2831979167944857e-06
\mathrm{IM}_1,Ia,0.7,0.3,9600,19200,0.4669029028317097,terminal_near_refinement,terminal,0.0075,finite_interior,347724.95410463255,0.03985725220142094,0.45890899893567444,33.27256132110942,0.017269388197455236,3.111983378674421e-07
\mathrm{IM}_1,Ia,0.7,0.3,9600,19200,0.4695983627054517,terminal_near_refinement,terminal,0.01,finite_interior,339496.7746878941,0.040081794692901546,0.45890899893567444,33.27256132110942,0.023025850929940427,8.707058104358824e-07
\mathrm{IM}_1,Ia,0.7,0.3,9600,19200,0.47230938363886343,terminal_near_refinement,terminal,0.0125,finite_interior,331600.2038693069,0.04030757286715813,0.45890899893567444,33.27256132110942,0.02878231366242563,1.1088164131567689e-06
\mathrm{IM}_1,Ia,0.7,0.3,9600,19200,0.47503605546692274,terminal_near_refinement,terminal,0.015,finite_interior,324013.1230238556,0.04053459395233646,0.45890899893567444,33.27256132110942,0.03453877639491076,6.191835188513516e-07
\mathrm{IM}_1,Ia,0.7,0.3,9600,19200,0.47777846854323053,terminal_near_refinement,terminal,0.0175,finite_interior,316715.0928356393,0.040762865185548114,0.45890899893567444,33.27256132110942,0.04029523912739586,2.872250654831611e-07
\mathrm{IM}_1,Ia,0.7,0.3,9600,19200,0.4805367137430046,terminal_near_refinement,terminal,0.02,finite_interior,309687.6998333801,0.04099239381554797,0.45890899893567444,33.27256132110942,0.046051701859880986,7.735974427252195e-07
\mathrm{IM}_1,Ia,0.7,0.3,9600,19200,0.4833108824660912,terminal_near_refinement,terminal,0.0225,finite_interior,302914.49009157694,0.04122318710664726,0.45890899893567444,33.27256132110942,0.05180816459236611,9.640449546838114e-07
\mathrm{IM}_1,Ia,0.7,0.3,9600,19200,0.48610106663999364,boundary_refinement,terminal,0.025,finite_interior,296379.9715191198,0.041455252339341324,0.45890899893567444,33.27256132110942,0.057564627324851146,2.535228861805555e-07
\mathrm{IM}_1,Ia,0.7,0.3,9600,19200,0.5149043656510668,boundary_refinement,terminal,0.05,finite_interior,241631.4018946437,0.04384747852484032,0.45890899893567444,33.27256132110942,0.1151292546497022,9.844855618161096e-07
\mathrm{IM}_1,Ia,0.7,0.3,9600,19200,0.5454143674259414,boundary_refinement,terminal,0.07500000000000001,finite_interior,200697.3204741319,0.046375088009878745,0.45890899893567444,33.27256132110942,0.1726938819745535,5.510580783782904e-07
\mathrm{IM}_1,Ia,0.7,0.3,9600,19200,0.5623413251903491,base,,nan,finite_interior,182852.3290760337,0.047774753353043514,0.45890899893567444,33.27256132110942,0.20325707472847523,3.8116485096354055e-07
\mathrm{IM}_1,Ia,0.7,0.3,9600,19200,0.577732200461143,boundary_refinement,terminal,0.1,finite_interior,168832.94116257344,0.049045827379166775,0.45890899893567444,33.27256132110942,0.2302585092994046,6.008987399077697e-07
\mathrm{IM}_1,Ia,0.7,0.3,9600,19200,0.6119649854933379,boundary_refinement,terminal,0.125,finite_interior,143347.29946282256,0.051867806774236726,0.45890899893567444,33.27256132110942,0.2878231366242557,6.628238770670335e-07
\mathrm{IM}_1,Ia,0.7,0.3,9600,19200,0.6482261905618838,boundary_refinement,terminal,0.15,finite_interior,122562.95815602803,0.054849537862870876,0.45890899893567444,33.27256132110942,0.3453877639491069,5.314556532386657e-07
\mathrm{IM}_1,Ia,0.7,0.3,9600,19200,0.6812920690579608,base,,nan,finite_interior,107518.66633402102,0.05756212532665929,0.45890899893567444,33.27256132110942,0.3951391658113118,3.330044539926087e-07
\mathrm{IM}_1,Ia,0.7,0.3,9600,19200,0.6866360071101585,boundary_refinement,terminal,0.17500000000000002,finite_interior,105363.3606190368,0.05799996378811162,0.45890899893567444,33.27256132110942,0.402952391273958,5.003067801881406e-07
\mathrm{IM}_1,Ia,0.7,0.3,9600,19200,0.7273217483722948,boundary_refinement,terminal,0.2,finite_interior,90968.41670631357,0.061328485822043095,0.45890899893567444,33.27256132110942,0.4605170185988092,1.4887301024025973e-07
\mathrm{IM}_1,Ia,0.7,0.3,9600,19200,0.770418271365812,boundary_refinement,terminal,0.225,finite_interior,78812.38934795474,0.06484498867184192,0.45890899893567444,33.27256132110942,0.5180816459236602,6.201335868322547e-07
\mathrm{IM}_1,Ia,0.7,0.3,9600,19200,0.8160684238888838,boundary_refinement,terminal,0.25,finite_interior,68472.65066917094,0.06855986534507226,0.45890899893567444,33.27256132110942,0.5756462732485114,5.95963310078801e-07
\mathrm{IM}_1,Ia,0.7,0.3,9600,19200,0.8254041852680182,base,,nan,finite_interior,66614.97976488402,0.06931834891919143,0.45890899893567444,33.27256132110942,0.5870212568941493,4.547363413969586e-07
\mathrm{IM}_1,Ia,0.7,0.3,9600,19200,1.0,base,,nan,finite_interior,42333.61879614512,0.08343011691813854,0.45890899893567444,33.27256132110942,0.7789033479769868,4.916970724343298e-07
\mathrm{IM}_1,Ia,0.7,0.3,9600,19200,1.2115276586285877,base,,nan,finite_interior,27254.591322752458,0.10035373206649041,0.45890899893567444,33.27256132110942,0.9707854390598233,5.445066361598075e-07
\mathrm{IM}_1,Ia,0.7,0.3,9600,19200,1.467799267622069,base,,nan,finite_interior,17658.49937625468,0.12062583275326062,0.45890899893567444,33.27256132110942,1.1626675301426606,2.8056078326534954e-07
\mathrm{IM}_1,Ia,0.7,0.3,9600,19200,1.7782794100389228,base,,nan,finite_interior,11470.754897939783,0.14487455529538207,0.45890899893567444,33.27256132110942,1.3545496212254982,4.1266081751815397e-07
\mathrm{IM}_1,Ia,0.7,0.3,9600,19200,2.154434690031882,base,,nan,finite_interior,7454.594393571789,0.1738307701145347,0.45890899893567444,33.27256132110942,1.5464317123083344,1.7262715625697424e-07
\mathrm{IM}_1,Ia,0.7,0.3,9600,19200,2.610157215682536,base,,nan,finite_interior,4841.1140636702185,0.20833864022390597,0.45890899893567444,33.27256132110942,1.738313803391172,6.176350334450373e-07
\mathrm{IM}_1,Ia,0.7,0.3,9600,19200,3.1622776601683795,base,,nan,finite_interior,3139.8804892530875,0.24936426696521435,0.45890899893567444,33.27256132110942,1.9301958944740096,2.6042266116603827e-07
\mathrm{IM}_1,Ia,0.7,0.3,9600,19200,3.831186849557285,base,,nan,finite_interior,2033.4804041526763,0.29800050585484733,0.45890899893567444,33.27256132110942,2.122077985556846,3.0826486473625623e-07
\mathrm{IM}_1,Ia,0.7,0.3,9600,19200,4.6415888336127775,base,,nan,finite_interior,1314.9918794872822,0.3554650485283045,0.45890899893567444,33.27256132110942,1.9696763443109306,4.1933201004967316e-07
\mathrm{IM}_1,Ia,0.7,0.3,9600,19200,5.623413251903491,base,,nan,finite_interior,849.1654040865795,0.4230874328611912,0.45890899893567444,33.27256132110942,1.7777942532280933,2.4261902644637535e-07
\mathrm{IM}_1,Ia,0.7,0.3,9600,19200,6.812920690579608,base,,nan,finite_interior,547.6056878638692,0.5022784974428618,0.45890899893567444,33.27256132110942,1.5859121621452568,4.082329282221981e-07
\mathrm{IM}_1,Ia,0.7,0.3,9600,19200,8.254041852680182,base,,nan,finite_interior,352.64801151521266,0.5944726869730602,0.45890899893567444,33.27256132110942,1.3940300710624194,3.487531858307576e-07
\mathrm{IM}_1,Ia,0.7,0.3,9600,19200,10.0,base,,nan,finite_interior,226.67294574036413,0.7010280012842455,0.45890899893567444,33.27256132110942,1.2021479799795818,2.8077257905241586e-07
\mathrm{IM}_1,Ia,0.7,0.3,9600,19200,12.115276586285876,base,,nan,finite_interior,145.69057909231296,0.8230729040688665,0.45890899893567444,33.27256132110942,1.0102658888967455,9.886770391254714e-08
\mathrm{IM}_1,Ia,0.7,0.3,9600,19200,14.677992676220676,base,,nan,finite_interior,92.55116139127334,0.9612117675628729,0.45890899893567444,33.27256132110942,0.8183837978139089,7.544740241790367e-07
\mathrm{IM}_1,Ia,0.7,0.3,9600,19200,17.78279410038923,base,,nan,finite_interior,58.846515134512615,1.1148273560417423,0.45890899893567444,33.27256132110942,0.6265017067310704,9.257449993228437e-07
\mathrm{IM}_1,Ia,0.7,0.3,9600,19200,18.710536225789824,boundary_refinement,zero,-0.25,finite_interior,52.80189789359605,1.158104646452029,0.45890899893567444,33.27256132110942,0.5756462732485115,7.230823734039409e-07
\mathrm{IM}_1,Ia,0.7,0.3,9600,19200,19.81920519723248,boundary_refinement,zero,-0.225,finite_interior,46.91476179000074,1.2084207329343581,0.45890899893567444,33.27256132110942,0.5180816459236602,3.920926246318682e-07
\mathrm{IM}_1,Ia,0.7,0.3,9600,19200,20.99356693522159,boundary_refinement,zero,-0.2,finite_interior,41.742301261363096,1.2601253192869701,0.45890899893567444,33.27256132110942,0.4605170185988091,2.2128706966547623e-07
\mathrm{IM}_1,Ia,0.7,0.3,9600,19200,21.54434690031882,base,,nan,finite_interior,39.58094232216301,1.2838179029427075,0.45890899893567444,33.27256132110942,0.4346196156482341,8.242987981613363e-07
\mathrm{IM}_1,Ia,0.7,0.3,9600,19200,22.237513980892228,boundary_refinement,zero,-0.17500000000000002,finite_interior,37.03957447407045,1.313125574662562,0.45890899893567444,33.27256132110942,0.4029523912739581,1.1027424338554329e-06
\mathrm{IM}_1,Ia,0.7,0.3,9600,19200,23.555169522942137,boundary_refinement,zero,-0.15,finite_interior,32.61462972806636,1.3672214442632327,0.45890899893567444,33.27256132110942,0.34538776394910686,1.3742205253546835e-06
\mathrm{IM}_1,Ia,0.7,0.3,9600,19200,24.950901064359,boundary_refinement,zero,-0.125,finite_interior,28.30480183256125,1.4220447704853614,0.45890899893567444,33.27256132110942,0.2878231366242556,6.767962975325204e-07
\mathrm{IM}_1,Ia,0.7,0.3,9600,19200,26.10157215682533,base,,nan,finite_interior,24.90753063101445,1.4650855484554786,0.45890899893567444,33.27256132110942,0.24273752456539763,5.841432725823863e-07
\mathrm{IM}_1,Ia,0.7,0.3,9600,19200,26.429334898952256,boundary_refinement,zero,-0.1,finite_interior,23.951506710135874,1.4769461159177362,0.45890899893567444,33.27256132110942,0.23025850929940458,1.4602493893510468e-06
\mathrm{IM}_1,Ia,0.7,0.3,9600,19200,27.9953714456733,boundary_refinement,zero,-0.07500000000000001,finite_interior,19.368820548888472,1.5307625257075537,0.45890899893567444,33.27256132110942,0.17269388197455351,5.945434407553314e-07
\mathrm{IM}_1,Ia,0.7,0.3,9600,19200,29.654201491551348,boundary_refinement,zero,-0.05,finite_interior,14.288095787921383,1.5812771009806679,0.45890899893567444,33.27256132110942,0.11512925464970225,1.611349180242559e-07
\mathrm{IM}_1,Ia,0.7,0.3,9600,19200,31.41132339708368,boundary_refinement,zero,-0.025,finite_interior,8.22295798584328,1.6237035244885871,0.45890899893567444,33.27256132110942,0.05756462732485113,1.1572411022833966e-06
\mathrm{IM}_1,Ia,0.7,0.3,9600,19200,31.622776601683793,base,,nan,finite_interior,7.411968983244818,1.6276913088798635,0.45890899893567444,33.27256132110942,0.05085543348255904,6.025958362398165e-07
\mathrm{IM}_1,Ia,0.7,0.3,9600,19200,35.244084525574934,boundary_refinement,zero,0.025,no_training,0.0,1.6448819848712064,0.45890899893567444,33.27256132110942,0.057564627324851146,0.0
\mathrm{IM}_1,Ia,0.7,0.3,9600,19200,37.33242782417848,boundary_refinement,zero,0.05,no_training,0.0,1.6448819848712064,0.45890899893567444,33.27256132110942,0.1151292546497022,0.0
\mathrm{IM}_1,Ia,0.7,0.3,9600,19200,38.31186849557285,base,,nan,no_training,0.0,1.6448819848712064,0.45890899893567444,33.27256132110942,0.1410266576002775,0.0
\mathrm{IM}_1,Ia,0.7,0.3,9600,19200,39.54451324267333,boundary_refinement,zero,0.07500000000000001,no_training,0.0,1.6448819848712064,0.45890899893567444,33.27256132110942,0.1726938819745535,0.0
\mathrm{IM}_1,Ia,0.7,0.3,9600,19200,41.88767296262436,boundary_refinement,zero,0.1,no_training,0.0,1.6448819848712064,0.45890899893567444,33.27256132110942,0.2302585092994046,0.0
\mathrm{IM}_1,Ia,0.7,0.3,9600,19200,44.369673624667854,boundary_refinement,zero,0.125,no_training,0.0,1.6448819848712064,0.45890899893567444,33.27256132110942,0.2878231366242557,0.0
\mathrm{IM}_1,Ia,0.7,0.3,9600,19200,46.41588833612773,base,,nan,no_training,0.0,1.6448819848712064,0.45890899893567444,33.27256132110942,0.33290874868311393,0.0
\mathrm{IM}_1,Ia,0.7,0.3,9600,19200,46.99874207182993,boundary_refinement,zero,0.15,no_training,0.0,1.6448819848712064,0.45890899893567444,33.27256132110942,0.3453877639491069,0.0
\mathrm{IM}_1,Ia,0.7,0.3,9600,19200,49.783592618232426,boundary_refinement,zero,0.17500000000000002,no_training,0.0,1.6448819848712064,0.45890899893567444,33.27256132110942,0.402952391273958,0.0
\mathrm{IM}_1,Ia,0.7,0.3,9600,19200,52.73345593357128,boundary_refinement,zero,0.2,no_training,0.0,1.6448819848712064,0.45890899893567444,33.27256132110942,0.4605170185988092,0.0
\mathrm{IM}_1,Ia,0.7,0.3,9600,19200,55.85810963910778,boundary_refinement,zero,0.225,no_training,0.0,1.6448819848712064,0.45890899893567444,33.27256132110942,0.5180816459236602,0.0
\mathrm{IM}_1,Ia,0.7,0.3,9600,19200,56.23413251903491,base,,nan,no_training,0.0,1.6448819848712064,0.45890899893567444,33.27256132110942,0.5247908397659524,0.0
\mathrm{IM}_1,Ia,0.7,0.3,9600,19200,59.16791071658634,boundary_refinement,zero,0.25,no_training,0.0,1.6448819848712064,0.45890899893567444,33.27256132110942,0.5756462732485114,0.0
\mathrm{IM}_1,Ia,0.7,0.3,9600,19200,68.12920690579608,base,,nan,no_training,0.0,1.6448819848712064,0.45890899893567444,33.27256132110942,0.7166729308487889,0.0
\mathrm{IM}_1,Ia,0.7,0.3,9600,19200,82.54041852680173,base,,nan,no_training,0.0,1.6448819848712064,0.45890899893567444,33.27256132110942,0.9085550219316254,0.0
\mathrm{IM}_1,Ia,0.7,0.3,9600,19200,100.0,base,,nan,no_training,0.0,1.6448819848712064,0.45890899893567444,33.27256132110942,1.100437113014464,0.0
\mathrm{IM}_1,Ia,0.7,0.3,9600,19200,121.15276586285876,base,,nan,no_training,0.0,1.6448819848712064,0.45890899893567444,33.27256132110942,1.2923192040973002,0.0
\mathrm{IM}_1,Ia,0.7,0.3,9600,19200,146.77992676220674,base,,nan,no_training,0.0,1.6448819848712064,0.45890899893567444,33.27256132110942,1.4842012951801367,0.0
\mathrm{IM}_1,Ia,0.7,0.3,9600,19200,177.82794100389228,base,,nan,no_training,0.0,1.6448819848712064,0.45890899893567444,33.27256132110942,1.6760833862629752,0.0
\mathrm{IM}_1,Ia,0.7,0.3,9600,19200,215.44346900318823,base,,nan,no_training,0.0,1.6448819848712064,0.45890899893567444,33.27256132110942,1.8679654773458116,0.0
\mathrm{IM}_1,Ia,0.7,0.3,9600,19200,261.0157215682533,base,,nan,no_training,0.0,1.6448819848712064,0.45890899893567444,33.27256132110942,2.059847568428648,0.0
\mathrm{IM}_1,Ia,0.7,0.3,9600,19200,316.22776601683796,base,,nan,no_training,0.0,1.6448819848712064,0.45890899893567444,33.27256132110942,2.251729659511487,0.0
\mathrm{IM}_1,Ia,0.7,0.3,9600,19200,383.1186849557285,base,,nan,no_training,0.0,1.6448819848712064,0.45890899893567444,33.27256132110942,2.443611750594323,0.0
\mathrm{IM}_1,Ia,0.7,0.3,9600,19200,464.1588833612773,base,,nan,no_training,0.0,1.6448819848712064,0.45890899893567444,33.27256132110942,2.6354938416771594,0.0
\mathrm{IM}_1,Ia,0.7,0.3,9600,19200,562.341325190349,base,,nan,no_training,0.0,1.6448819848712064,0.45890899893567444,33.27256132110942,2.827375932759998,0.0
\mathrm{IM}_1,Ia,0.7,0.3,9600,19200,681.2920690579608,base,,nan,no_training,0.0,1.6448819848712064,0.45890899893567444,33.27256132110942,3.0192580238428346,0.0
\mathrm{IM}_1,Ia,0.7,0.3,9600,19200,825.4041852680173,base,,nan,no_training,0.0,1.6448819848712064,0.45890899893567444,33.27256132110942,3.211140114925671,0.0
\mathrm{IM}_1,Ia,0.7,0.3,9600,19200,1000.0,base,,nan,no_training,0.0,1.6448819848712064,0.45890899893567444,33.27256132110942,3.4030222060085094,0.0
\mathrm{IM}_1,Ia,0.7,0.3,12800,25600,0.001,base,,nan,terminal_infimum,inf,0.00033721619216198575,0.3868349726801465,33.27936071198572,5.957998174900771,0.0
\mathrm{IM}_1,Ia,0.7,0.3,12800,25600,0.001211527658628589,base,,nan,terminal_infimum,inf,0.00035515863671285166,0.3868349726801465,33.27936071198572,5.766116083817933,0.0
\mathrm{IM}_1,Ia,0.7,0.3,12800,25600,0.0014677992676220691,base,,nan,terminal_infimum,inf,0.00037689640454963537,0.3868349726801465,33.27936071198572,5.574233992735097,0.0
\mathrm{IM}_1,Ia,0.7,0.3,12800,25600,0.0017782794100389228,base,,nan,terminal_infimum,inf,0.000403232311520746,0.3868349726801465,33.27936071198572,5.382351901652259,0.0
\mathrm{IM}_1,Ia,0.7,0.3,12800,25600,0.0021544346900318843,base,,nan,terminal_infimum,inf,0.00043513899123131595,0.3868349726801465,33.27936071198572,5.1904698105694225,0.0
\mathrm{IM}_1,Ia,0.7,0.3,12800,25600,0.0026101572156825357,base,,nan,terminal_infimum,inf,0.0004737948161956748,0.3868349726801465,33.27936071198572,4.9985877194865855,0.0
\mathrm{IM}_1,Ia,0.7,0.3,12800,25600,0.0031622776601683794,base,,nan,terminal_infimum,inf,0.0005206274173071013,0.3868349726801465,33.27936071198572,4.806705628403749,0.0
\mathrm{IM}_1,Ia,0.7,0.3,12800,25600,0.003831186849557285,base,,nan,terminal_infimum,inf,0.0005773664088791141,0.3868349726801465,33.27936071198572,4.614823537320912,0.0
\mathrm{IM}_1,Ia,0.7,0.3,12800,25600,0.004641588833612777,base,,nan,terminal_infimum,inf,0.0006461072664913025,0.3868349726801465,33.27936071198572,4.422941446238075,0.0
\mathrm{IM}_1,Ia,0.7,0.3,12800,25600,0.005623413251903491,base,,nan,terminal_infimum,inf,0.0007293887167663183,0.3868349726801465,33.27936071198572,4.231059355155237,0.0
\mathrm{IM}_1,Ia,0.7,0.3,12800,25600,0.006812920690579608,base,,nan,terminal_infimum,inf,0.0008302864972252006,0.3868349726801465,33.27936071198572,4.0391772640724,0.0
\mathrm{IM}_1,Ia,0.7,0.3,12800,25600,0.008254041852680182,base,,nan,terminal_infimum,inf,0.0009525269489453726,0.3868349726801465,33.27936071198572,3.847295172989563,0.0
\mathrm{IM}_1,Ia,0.7,0.3,12800,25600,0.01,base,,nan,terminal_infimum,inf,0.0011006246372076134,0.3868349726801465,33.27936071198572,3.655413081906725,0.0
\mathrm{IM}_1,Ia,0.7,0.3,12800,25600,0.012115276586285882,base,,nan,terminal_infimum,inf,0.001280049082716272,0.3868349726801465,33.27936071198572,3.4635309908238887,0.0
\mathrm{IM}_1,Ia,0.7,0.3,12800,25600,0.01467799267622069,base,,nan,terminal_infimum,inf,0.00149742676108411,0.3868349726801465,33.27936071198572,3.2716488997410518,0.0
\mathrm{IM}_1,Ia,0.7,0.3,12800,25600,0.01778279410038923,base,,nan,terminal_infimum,inf,0.0017607858307952162,0.3868349726801465,33.27936071198572,3.079766808658214,0.0
\mathrm{IM}_1,Ia,0.7,0.3,12800,25600,0.021544346900318832,base,,nan,terminal_infimum,inf,0.0020798526279009145,0.3868349726801465,33.27936071198572,2.887884717575377,0.0
\mathrm{IM}_1,Ia,0.7,0.3,12800,25600,0.026101572156825358,base,,nan,terminal_infimum,inf,0.0024664108775445046,0.3868349726801465,33.27936071198572,2.69600262649254,0.0
\mathrm{IM}_1,Ia,0.7,0.3,12800,25600,0.03162277660168379,base,,nan,terminal_infimum,inf,0.0029347368886587693,0.3868349726801465,33.27936071198572,2.5041205354097027,0.0
\mathrm{IM}_1,Ia,0.7,0.3,12800,25600,0.03831186849557287,base,,nan,terminal_infimum,inf,0.0035021268043789002,0.3868349726801465,33.27936071198572,2.3122384443268658,0.0
\mathrm{IM}_1,Ia,0.7,0.3,12800,25600,0.046415888336127774,base,,nan,terminal_infimum,inf,0.004189535380500781,0.3868349726801465,33.27936071198572,2.1203563532440284,0.0
\mathrm{IM}_1,Ia,0.7,0.3,12800,25600,0.05623413251903491,base,,nan,terminal_infimum,inf,0.005022349883250939,0.3868349726801465,33.27936071198572,1.9284742621611912,0.0
\mathrm{IM}_1,Ia,0.7,0.3,12800,25600,0.06812920690579612,base,,nan,terminal_infimum,inf,0.006031327687839766,0.3868349726801465,33.27936071198572,1.736592171078354,0.0
\mathrm{IM}_1,Ia,0.7,0.3,12800,25600,0.08254041852680181,base,,nan,terminal_infimum,inf,0.007253732205041481,0.3868349726801465,33.27936071198572,1.5447100799955173,0.0
\mathrm{IM}_1,Ia,0.7,0.3,12800,25600,0.1,base,,nan,terminal_infimum,inf,0.00873470908766389,0.3868349726801465,33.27936071198572,1.3528279889126797,0.0
\mathrm{IM}_1,Ia,0.7,0.3,12800,25600,0.12115276586285877,base,,nan,terminal_infimum,inf,0.010528953542750472,0.3868349726801465,33.27936071198572,1.1609458978298433,0.0
\mathrm{IM}_1,Ia,0.7,0.3,12800,25600,0.1467799267622069,base,,nan,terminal_infimum,inf,0.012702730326428859,0.3868349726801465,33.27936071198572,0.9690638067470058,0.0
\mathrm{IM}_1,Ia,0.7,0.3,12800,25600,0.1778279410038923,base,,nan,terminal_infimum,inf,0.015336321023539918,0.3868349726801465,33.27936071198572,0.7771817156641682,0.0
\mathrm{IM}_1,Ia,0.7,0.3,12800,25600,0.21544346900318823,base,,nan,terminal_infimum,inf,0.018526988994596892,0.3868349726801465,33.27936071198572,0.5852996245813318,0.0
\mathrm{IM}_1,Ia,0.7,0.3,12800,25600,0.21753329116692605,boundary_refinement,terminal,-0.25,terminal_infimum,inf,0.01870425431553478,0.3868349726801465,33.27936071198572,0.5756462732485115,0.0
\mathrm{IM}_1,Ia,0.7,0.3,12800,25600,0.23042294901864227,boundary_refinement,terminal,-0.225,terminal_infimum,inf,0.01979759583306243,0.3868349726801465,33.27936071198572,0.5180816459236602,0.0
\mathrm{IM}_1,Ia,0.7,0.3,12800,25600,0.24407636711433334,boundary_refinement,terminal,-0.2,terminal_infimum,inf,0.02095572190839458,0.3868349726801465,33.27936071198572,0.4605170185988091,0.0
\mathrm{IM}_1,Ia,0.7,0.3,12800,25600,0.2585388010935971,boundary_refinement,terminal,-0.17500000000000002,terminal_infimum,inf,0.022182471267915112,0.3868349726801465,33.27936071198572,0.40295239127395793,0.0
\mathrm{IM}_1,Ia,0.7,0.3,12800,25600,0.2610157215682536,base,,nan,terminal_infimum,inf,0.0223925714910328,0.3868349726801465,33.27936071198572,0.3934175334984944,0.0
\mathrm{IM}_1,Ia,0.7,0.3,12800,25600,0.2738581881612629,boundary_refinement,terminal,-0.15,terminal_infimum,inf,0.023481910096846095,0.3868349726801465,33.27936071198572,0.3453877639491067,0.0
\mathrm{IM}_1,Ia,0.7,0.3,12800,25600,0.2900853059801206,boundary_refinement,terminal,-0.125,terminal_infimum,inf,0.024858345517031248,0.3868349726801465,33.27936071198572,0.2878231366242556,0.0
\mathrm{IM}_1,Ia,0.7,0.3,12800,25600,0.3072739409786364,boundary_refinement,terminal,-0.1,terminal_infimum,inf,0.026316339863328337,0.3868349726801465,33.27936071198572,0.23025850929940458,0.0
\mathrm{IM}_1,Ia,0.7,0.3,12800,25600,0.31622776601683794,base,,nan,terminal_infimum,inf,0.02707583160217545,0.3868349726801465,33.27936071198572,0.2015354424156569,0.0
\mathrm{IM}_1,Ia,0.7,0.3,12800,25600,0.325481066631527,boundary_refinement,terminal,-0.07500000000000001,terminal_infimum,inf,0.027860725805930953,0.3868349726801465,33.27936071198572,0.17269388197455365,0.0
\mathrm{IM}_1,Ia,0.7,0.3,12800,25600,0.3447670323041224,boundary_refinement,terminal,-0.05,terminal_infimum,inf,0.029496622368744223,0.3868349726801465,33.27936071198572,0.11512925464970213,0.0
\mathrm{IM}_1,Ia,0.7,0.3,12800,25600,0.3651957632864603,boundary_refinement,terminal,-0.025,terminal_infimum,inf,0.03122945189690889,0.3868349726801465,33.27936071198572,0.05756462732485125,0.0
\mathrm{IM}_1,Ia,0.7,0.3,12800,25600,0.36730406143588096,terminal_near_refinement,terminal,-0.0225,terminal_infimum,inf,0.031408284409346864,0.3868349726801465,33.27936071198572,0.05180816459236597,0.0
\mathrm{IM}_1,Ia,0.7,0.3,12800,25600,0.36942453092334465,terminal_near_refinement,terminal,-0.02,terminal_infimum,inf,0.0315881493331459,0.3868349726801465,33.27936071198572,0.04605170185988087,0.0
\mathrm{IM}_1,Ia,0.7,0.3,12800,25600,0.3715572420147527,terminal_near_refinement,terminal,-0.0175,terminal_infimum,inf,0.031769052628481835,0.3868349726801465,33.27936071198572,0.040295239127395764,0.0
\mathrm{IM}_1,Ia,0.7,0.3,12800,25600,0.37370226538165596,terminal_near_refinement,terminal,-0.015,terminal_infimum,inf,0.03195100028993896,0.3868349726801465,33.27936071198572,0.034538776394910715,0.0
\mathrm{IM}_1,Ia,0.7,0.3,12800,25600,0.37585967210359655,terminal_near_refinement,terminal,-0.0125,terminal_infimum,inf,0.0321339983467087,0.3868349726801465,33.27936071198572,0.028782313662425615,0.0
\mathrm{IM}_1,Ia,0.7,0.3,12800,25600,0.3780295336704633,terminal_near_refinement,terminal,-0.01,terminal_infimum,inf,0.032318052862789375,0.3868349726801465,33.27936071198572,0.02302585092994047,0.0
\mathrm{IM}_1,Ia,0.7,0.3,12800,25600,0.38021192198486065,terminal_near_refinement,terminal,-0.0075,terminal_infimum,inf,0.03250316993718713,0.3868349726801465,33.27936071198572,0.017269388197455333,0.0
\mathrm{IM}_1,Ia,0.7,0.3,12800,25600,0.38240690936449123,terminal_near_refinement,terminal,-0.005,terminal_infimum,inf,0.03268935570411808,0.3868349726801465,33.27936071198572,0.01151292546497021,0.0
\mathrm{IM}_1,Ia,0.7,0.3,12800,25600,0.3831186849557285,base,,nan,terminal_infimum,inf,0.03274973075937673,0.3868349726801465,33.27936071198572,0.009653351332820534,0.0
\mathrm{IM}_1,Ia,0.7,0.3,12800,25600,0.38461456854455245,terminal_near_refinement,terminal,-0.0025,terminal_infimum,inf,0.03287661633321155,0.3868349726801465,33.27936071198572,0.005756462732485091,0.0
\mathrm{IM}_1,Ia,0.7,0.3,12800,25600,0.38490079781674574,terminal_ultra_near_refinement,terminal,-0.002176919254274547,terminal_infimum,inf,0.03290089520472395,0.3868349726801465,33.27936071198572,0.005012541823544286,0.0
\mathrm{IM}_1,Ia,0.7,0.3,12800,25600,0.3852876327894259,terminal_ultra_near_refinement,terminal,-0.00174066157630127,terminal_infimum,inf,0.03293370776972207,0.3868349726801465,33.27936071198572,0.004008021397538822,0.0
\mathrm{IM}_1,Ia,0.7,0.3,12800,25600,0.38567446776210607,terminal_ultra_near_refinement,terminal,-0.0013048416883442813,terminal_infimum,inf,0.03296652033472018,0.3868349726801465,33.27936071198572,0.0030045090202987243,0.0
\mathrm{IM}_1,Ia,0.7,0.3,12800,25600,0.3860613027347862,terminal_ultra_near_refinement,terminal,-0.0008694587126288914,terminal_infimum,inf,0.0329993328997183,0.3868349726801465,33.27936071198572,0.002002002670672968,0.0
\mathrm{IM}_1,Ia,0.7,0.3,12800,25600,0.38644813770746633,terminal_ultra_near_refinement,terminal,-0.0004345117740176917,terminal_infimum,inf,0.0330321454647164,0.3868349726801465,33.27936071198572,0.0010005003335835344,0.0
\mathrm{IM}_1,Ia,0.7,0.3,12800,25600,0.38664155519380644,terminal_extreme_near_refinement,terminal,-0.00021720154586423186,terminal_infimum,inf,0.033048551747215466,0.3868349726801465,33.27936071198572,0.0005001250416822429,0.0
\mathrm{IM}_1,Ia,0.7,0.3,12800,25600,0.38668023869107443,terminal_extreme_near_refinement,terminal,-0.00017375254558756316,terminal_infimum,inf,0.033051833003715274,0.3868349726801465,33.27936071198572,0.00040008002133980235,0.0
\mathrm{IM}_1,Ia,0.7,0.3,12800,25600,0.3867189221883425,terminal_extreme_near_refinement,terminal,-0.00013030789173217684,terminal_infimum,inf,0.03305511426021509,0.3868349726801465,33.27936071198572,0.00030004500900199243,0.0
\mathrm{IM}_1,Ia,0.7,0.3,12800,25600,0.38675760568561046,terminal_extreme_near_refinement,terminal,-8.686758342857122e-05,terminal_infimum,inf,0.0330583955167149,0.3868349726801465,33.27936071198572,0.0002000200026670447,0.0
\mathrm{IM}_1,Ia,0.7,0.3,12800,25600,0.3867962891828785,terminal_extreme_near_refinement,terminal,-4.3431619807505604e-05,terminal_infimum,inf,0.03306167677321471,0.3868349726801465,33.27936071198572,0.00010000500033323629,0.0
\mathrm{IM}_1,Ia,0.7,0.3,12800,25600,0.3868736561774145,terminal_extreme_near_refinement,terminal,4.342727686266486e-05,finite_interior,558929.7756429925,0.03306819488692115,0.3868349726801465,33.27936071198572,9.999500033329732e-05,8.47026954781178e-07
\mathrm{IM}_1,Ia,0.7,0.3,12800,25600,0.3869123396746825,terminal_extreme_near_refinement,terminal,8.685021164894766e-05,finite_interior,558680.8793055131,0.03307143173022647,0.3868349726801465,33.27936071198572,0.0001999800026662447,6.601817857597678e-07
\mathrm{IM}_1,Ia,0.7,0.3,12800,25600,0.3869510231719505,terminal_extreme_near_refinement,terminal,0.00013026880522704667,finite_interior,558432.5409076771,0.03307466855963442,0.3868349726801465,33.27936071198572,0.00029995500899794244,1.5299962382624266e-06
\mathrm{IM}_1,Ia,0.7,0.3,12800,25600,0.38698970666921856,terminal_extreme_near_refinement,terminal,0.0001736830584648997,finite_interior,558183.8849251467,0.033077905375148944,0.3868349726801465,33.27936071198572,0.0003999200213268913,5.621807660250433e-07
\mathrm{IM}_1,Ia,0.7,0.3,12800,25600,0.38702839016648655,terminal_extreme_near_refinement,terminal,0.00021709297223018438,finite_interior,557935.8935104467,0.03308114217677399,0.3868349726801465,33.27936071198572,0.0004998750416509929,1.156902753582377e-06
\mathrm{IM}_1,Ia,0.7,0.3,12800,25600,0.3872218076528266,terminal_ultra_near_refinement,terminal,0.0004340774793185929,finite_interior,556698.2164383503,0.033097325976694306,0.3868349726801465,33.27936071198572,0.0009995003330834232,1.3351811055502852e-06
\mathrm{IM}_1,Ia,0.7,0.3,12800,25600,0.38760864262550676,terminal_ultra_near_refinement,terminal,0.0008677215312269133,finite_interior,554239.3837384047,0.03312969253703344,0.3868349726801465,33.27936071198572,0.001998002662673058,5.495886537740213e-07
\mathrm{IM}_1,Ia,0.7,0.3,12800,25600,0.38799547759818687,terminal_ultra_near_refinement,terminal,0.001300933020418072,finite_interior,551803.0613768175,0.033162057714534586,0.3868349726801465,33.27936071198572,0.002995508979798371,9.063539806510946e-07
\mathrm{IM}_1,Ia,0.7,0.3,12800,25600,0.3883823125708671,terminal_ultra_near_refinement,terminal,0.0017337128090005314,finite_interior,549388.7006247811,0.03319442151304592,0.3868349726801465,33.27936071198572,0.003992021269537457,6.73123510072689e-07
\mathrm{IM}_1,Ia,0.7,0.3,12800,25600,0.3887691475435472,terminal_ultra_near_refinement,terminal,0.0021660617565076304,finite_interior,546995.8063375589,0.03322678393626055,0.3868349726801465,33.27936071198572,0.004987541511038968,2.8681055421723103e-07
\mathrm{IM}_1,Ia,0.7,0.3,12800,25600,0.3890681953487047,terminal_near_refinement,terminal,0.0025,finite_interior,545160.2223005871,0.03325180118803045,0.3868349726801465,33.27936071198572,0.00575646273248517,4.538213716817023e-07
\mathrm{IM}_1,Ia,0.7,0.3,12800,25600,0.3913143105524254,terminal_near_refinement,terminal,0.005,finite_interior,531764.3409945185,0.03343967698546869,0.3868349726801465,33.27936071198572,0.011512925464970295,6.990701824049945e-07
\mathrm{IM}_1,Ia,0.7,0.3,12800,25600,0.3935733927207262,terminal_near_refinement,terminal,0.0075,finite_interior,518943.3625189137,0.03362859154406032,0.3868349726801465,33.27936071198572,0.017269388197455236,6.116257461246354e-07
\mathrm{IM}_1,Ia,0.7,0.3,12800,25600,0.39584551671271084,terminal_near_refinement,terminal,0.01,finite_interior,506655.9963868488,0.03381855098806375,0.3868349726801465,33.27936071198572,0.023025850929940427,1.0653089015496653e-06
\mathrm{IM}_1,Ia,0.7,0.3,12800,25600,0.398130757819649,terminal_near_refinement,terminal,0.0125,finite_interior,494863.92672776536,0.0340095614472303,0.3868349726801465,33.27936071198572,0.02878231366242563,3.8896609685902386e-07
\mathrm{IM}_1,Ia,0.7,0.3,12800,25600,0.40042919176747166,terminal_near_refinement,terminal,0.015,finite_interior,483534.4214695627,0.03420162905945439,0.3868349726801465,33.27936071198572,0.03453877639491076,5.084131294975074e-07
\mathrm{IM}_1,Ia,0.7,0.3,12800,25600,0.4027408947192804,terminal_near_refinement,terminal,0.0175,finite_interior,472636.25860841136,0.03439475997417206,0.3868349726801465,33.27936071198572,0.04029523912739586,1.009070726444491e-06
\mathrm{IM}_1,Ia,0.7,0.3,12800,25600,0.4050659432778712,terminal_near_refinement,terminal,0.02,finite_interior,462142.14968528703,0.034588960353693396,0.3868349726801465,33.27936071198572,0.046051701859880986,6.762487055425455e-07
\mathrm{IM}_1,Ia,0.7,0.3,12800,25600,0.4074044144882729,terminal_near_refinement,terminal,0.0225,finite_interior,452028.18133987056,0.03478423637521211,0.3868349726801465,33.27936071198572,0.05180816459236611,3.008594337996992e-07
\mathrm{IM}_1,Ia,0.7,0.3,12800,25600,0.40975638584029994,boundary_refinement,terminal,0.025,finite_interior,442270.55334225245,0.03498059423257281,0.3868349726801465,33.27936071198572,0.057564627324851146,4.912122387716044e-07
\mathrm{IM}_1,Ia,0.7,0.3,12800,25600,0.43403597811652017,boundary_refinement,terminal,0.05,finite_interior,360521.91740861133,0.03700505101819526,0.3868349726801465,33.27936071198572,0.1151292546497022,2.8417009106916315e-07
\mathrm{IM}_1,Ia,0.7,0.3,12800,25600,0.45975422668089233,boundary_refinement,terminal,0.07500000000000001,finite_interior,299406.98923238175,0.03914467209660344,0.3868349726801465,33.27936071198572,0.1726938819745535,3.5778335688453916e-07
\mathrm{IM}_1,Ia,0.7,0.3,12800,25600,0.46415888336127775,base,,nan,finite_interior,290725.49713487347,0.039510647641520284,0.3868349726801465,33.27936071198572,0.18222873975001702,7.648759574670491e-07
\mathrm{IM}_1,Ia,0.7,0.3,12800,25600,0.48699637727773887,boundary_refinement,terminal,0.1,finite_interior,251837.67878659218,0.04140607370528822,0.3868349726801465,33.27936071198572,0.2302585092994046,2.9284733360735777e-07
\mathrm{IM}_1,Ia,0.7,0.3,12800,25600,0.5158527267792893,boundary_refinement,terminal,0.125,finite_interior,213795.0050077343,0.043796192212701875,0.3868349726801465,33.27936071198572,0.2878231366242557,5.190638978066854e-07
\mathrm{IM}_1,Ia,0.7,0.3,12800,25600,0.5464189224838244,boundary_refinement,terminal,0.15,finite_interior,182773.15131946222,0.04632231544183554,0.3868349726801465,33.27936071198572,0.3453877639491069,6.340315139097378e-07
\mathrm{IM}_1,Ia,0.7,0.3,12800,25600,0.5623413251903491,base,,nan,finite_interior,169378.05464541112,0.047636011303859103,0.3868349726801465,33.27936071198572,0.37411083083285457,4.1277890791938595e-07
\mathrm{IM}_1,Ia,0.7,0.3,12800,25600,0.5787962791483512,boundary_refinement,terminal,0.17500000000000002,finite_interior,157104.54929026082,0.048992108114559736,0.3868349726801465,33.27936071198572,0.402952391273958,1.1282855973957168e-07
\mathrm{IM}_1,Ia,0.7,0.3,12800,25600,0.613092114806645,boundary_refinement,terminal,0.2,finite_interior,135623.7471538928,0.05181363499086215,0.3868349726801465,33.27936071198572,0.4605170185988092,3.9081398735690474e-07
\mathrm{IM}_1,Ia,0.7,0.3,12800,25600,0.6494201064857608,boundary_refinement,terminal,0.225,finite_interior,117485.85973329948,0.05479538317510778,0.3868349726801465,33.27936071198572,0.5180816459236602,7.92733040399614e-08
\mathrm{IM}_1,Ia,0.7,0.3,12800,25600,0.6812920690579608,base,,nan,finite_interior,104479.46186911315,0.05740569181293907,0.3868349726801465,33.27936071198572,0.565992921915691,3.390209249186529e-07
\mathrm{IM}_1,Ia,0.7,0.3,12800,25600,0.6879006670000737,boundary_refinement,terminal,0.25,finite_interior,102059.70971726633,0.05794628427485266,0.3868349726801465,33.27936071198572,0.5756462732485114,6.405349078159973e-07
\mathrm{IM}_1,Ia,0.7,0.3,12800,25600,0.8254041852680182,base,,nan,finite_interior,66234.45155623215,0.0691459410443769,0.3868349726801465,33.27936071198572,0.7578750129985284,2.7898858841323185e-07
\mathrm{IM}_1,Ia,0.7,0.3,12800,25600,1.0,base,,nan,finite_interior,42580.3667677704,0.08324307762587754,0.3868349726801465,33.27936071198572,0.9497571040813659,2.7506708434439724e-07
\mathrm{IM}_1,Ia,0.7,0.3,12800,25600,1.2115276586285877,base,,nan,finite_interior,27563.514252085683,0.1001533157638339,0.3868349726801465,33.27936071198572,1.1416391951642024,5.699644002359551e-07
\mathrm{IM}_1,Ia,0.7,0.3,12800,25600,1.467799267622069,base,,nan,finite_interior,17894.604070962756,0.12041330715650596,0.3868349726801465,33.27936071198572,1.3335212862470398,7.049291316629071e-07
\mathrm{IM}_1,Ia,0.7,0.3,12800,25600,1.7782794100389228,base,,nan,finite_interior,11624.733169206504,0.14465123274546035,0.3868349726801465,33.27936071198572,1.5254033773298774,2.5203233659118534e-07
\mathrm{IM}_1,Ia,0.7,0.3,12800,25600,2.154434690031882,base,,nan,finite_interior,7547.0874938574125,0.17359800622698499,0.3868349726801465,33.27936071198572,1.717285468412714,4.483933911250847e-07
\mathrm{IM}_1,Ia,0.7,0.3,12800,25600,2.610157215682536,base,,nan,finite_interior,4893.854277694608,0.20809781947683145,0.3868349726801465,33.27936071198572,1.9091675594955513,1.597680928945857e-07
\mathrm{IM}_1,Ia,0.7,0.3,12800,25600,3.1622776601683795,base,,nan,finite_interior,3168.8848582100645,0.24911679100783068,0.3868349726801465,33.27936071198572,2.1010496505783887,5.025552917059769e-07
\mathrm{IM}_1,Ia,0.7,0.3,12800,25600,3.831186849557285,base,,nan,finite_interior,2049.0139968200756,0.2977477906838638,0.3868349726801465,33.27936071198572,2.161762768813217,6.709989343798972e-07
\mathrm{IM}_1,Ia,0.7,0.3,12800,25600,4.6415888336127775,base,,nan,finite_interior,1323.1466795178096,0.3552085284928083,0.3868349726801465,33.27936071198572,1.9698806777303794,1.4405425228650782e-07
\mathrm{IM}_1,Ia,0.7,0.3,12800,25600,5.623413251903491,base,,nan,finite_interior,853.3811494765233,0.4228285665342004,0.3868349726801465,33.27936071198572,1.7779985866475418,3.093825310845698e-07
\mathrm{IM}_1,Ia,0.7,0.3,12800,25600,6.812920690579608,base,,nan,finite_interior,549.7604816646045,0.5020187863943898,0.3868349726801465,33.27936071198572,1.5861164955647056,2.7834139654513804e-07
\mathrm{IM}_1,Ia,0.7,0.3,12800,25600,8.254041852680182,base,,nan,finite_interior,353.7406159719904,0.5942137222032168,0.3868349726801465,33.27936071198572,1.394234404481868,3.192295082192652e-07
\mathrm{IM}_1,Ia,0.7,0.3,12800,25600,10.0,base,,nan,finite_interior,227.22471036180445,0.7007715610171796,0.3868349726801465,33.27936071198572,1.2023523133990306,2.3132465896444555e-07
\mathrm{IM}_1,Ia,0.7,0.3,12800,25600,12.115276586285876,base,,nan,finite_interior,145.96729068793917,0.8228208338289911,0.3868349726801465,33.27936071198572,1.010470222316194,1.8505295184302867e-07
\mathrm{IM}_1,Ia,0.7,0.3,12800,25600,14.677992676220676,base,,nan,finite_interior,92.69594462040665,0.9609672363665126,0.3868349726801465,33.27936071198572,0.8185881312333576,7.012237833019214e-07
\mathrm{IM}_1,Ia,0.7,0.3,12800,25600,17.78279410038923,base,,nan,finite_interior,58.90979213658369,1.1145923040465167,0.3868349726801465,33.27936071198572,0.6267060401505191,1.0638205204851188e-06
\mathrm{IM}_1,Ia,0.7,0.3,12800,25600,18.714359804265687,boundary_refinement,zero,-0.25,finite_interior,52.830181687618335,1.158047407409538,0.3868349726801465,33.27936071198572,0.5756462732485115,7.819633325143506e-07
\mathrm{IM}_1,Ia,0.7,0.3,12800,25600,19.823255336976548,boundary_refinement,zero,-0.225,finite_interior,46.93612112235506,1.208370147063594,0.3868349726801465,33.27936071198572,0.5180816459236602,3.8660468660250416e-07
\mathrm{IM}_1,Ia,0.7,0.3,12800,25600,20.99785706083298,boundary_refinement,zero,-0.2,finite_interior,41.75885294564794,1.2600812675867428,0.3868349726801465,33.27936071198572,0.4605170185988091,2.957650988165663e-07
\mathrm{IM}_1,Ia,0.7,0.3,12800,25600,21.54434690031882,base,,nan,finite_interior,39.61256111032419,1.2835888391906065,0.3868349726801465,33.27936071198572,0.43482394906768274,8.753087003215695e-07
\mathrm{IM}_1,Ia,0.7,0.3,12800,25600,22.24205831242757,boundary_refinement,zero,-0.17500000000000002,finite_interior,37.05268187193551,1.3130881026578471,0.3868349726801465,33.27936071198572,0.4029523912739581,9.868644859124383e-07
\mathrm{IM}_1,Ia,0.7,0.3,12800,25600,23.559983123049392,boundary_refinement,zero,-0.15,finite_interior,32.6251630312283,1.3671907429234977,0.3868349726801465,33.27936071198572,0.34538776394910686,1.3202129855850269e-06
\mathrm{IM}_1,Ia,0.7,0.3,12800,25600,24.955999888204126,boundary_refinement,zero,-0.125,finite_interior,28.313308296564266,1.422021156634134,0.3868349726801465,33.27936071198572,0.2878231366242556,7.698233181432942e-07
\mathrm{IM}_1,Ia,0.7,0.3,12800,25600,26.10157215682533,base,,nan,finite_interior,24.93027449225124,1.4648732279565355,0.3868349726801465,33.27936071198572,0.24294185798484633,5.04328734438519e-07
\mathrm{IM}_1,Ia,0.7,0.3,12800,25600,26.43473584710422,boundary_refinement,zero,-0.1,finite_interior,23.958320842187916,1.476930007938193,0.3868349726801465,33.27936071198572,0.23025850929940458,1.4228458306415275e-06
\mathrm{IM}_1,Ia,0.7,0.3,12800,25600,28.00109242012276,boundary_refinement,zero,-0.07500000000000001,finite_interior,19.374112911959685,1.5307543926953417,0.3868349726801465,33.27936071198572,0.17269388197455351,5.093349040876657e-07
\mathrm{IM}_1,Ia,0.7,0.3,12800,25600,29.660261455048584,boundary_refinement,zero,-0.05,finite_interior,14.291890344266111,1.5812773119082042,0.3868349726801465,33.27936071198572,0.11512925464970225,1.0834222694477555e-07
\mathrm{IM}_1,Ia,0.7,0.3,12800,25600,31.41774243599257,boundary_refinement,zero,-0.025,finite_interior,8.225088058467286,1.623711809142422,0.3868349726801465,33.27936071198572,0.05756462732485113,1.0640822809350073e-06
\mathrm{IM}_1,Ia,0.7,0.3,12800,25600,31.622776601683793,base,,nan,finite_interior,7.439012783877002,1.6275830720805748,0.3868349726801465,33.27936071198572,0.05105976690200773,9.164026042772773e-07
\mathrm{IM}_1,Ia,0.7,0.3,12800,25600,35.25128680568958,boundary_refinement,zero,0.025,no_training,0.0,1.6448950051111564,0.3868349726801465,33.27936071198572,0.057564627324851146,0.0
\mathrm{IM}_1,Ia,0.7,0.3,12800,25600,37.3400568662197,boundary_refinement,zero,0.05,no_training,0.0,1.6448950051111564,0.3868349726801465,33.27936071198572,0.1151292546497022,0.0
\mathrm{IM}_1,Ia,0.7,0.3,12800,25600,38.31186849557285,base,,nan,no_training,0.0,1.6448950051111564,0.3868349726801465,33.27936071198572,0.1408223241808288,0.0
\mathrm{IM}_1,Ia,0.7,0.3,12800,25600,39.55259433387503,boundary_refinement,zero,0.07500000000000001,no_training,0.0,1.6448950051111564,0.3868349726801465,33.27936071198572,0.1726938819745535,0.0
\mathrm{IM}_1,Ia,0.7,0.3,12800,25600,41.89623288858325,boundary_refinement,zero,0.1,no_training,0.0,1.6448950051111564,0.3868349726801465,33.27936071198572,0.2302585092994046,0.0
\mathrm{IM}_1,Ia,0.7,0.3,12800,25600,44.37874075812705,boundary_refinement,zero,0.125,no_training,0.0,1.6448950051111564,0.3868349726801465,33.27936071198572,0.2878231366242557,0.0
\mathrm{IM}_1,Ia,0.7,0.3,12800,25600,46.41588833612773,base,,nan,no_training,0.0,1.6448950051111564,0.3868349726801465,33.27936071198572,0.33270441526366534,0.0
\mathrm{IM}_1,Ia,0.7,0.3,12800,25600,47.00834646672326,boundary_refinement,zero,0.15,no_training,0.0,1.6448950051111564,0.3868349726801465,33.27936071198572,0.3453877639491069,0.0
\mathrm{IM}_1,Ia,0.7,0.3,12800,25600,49.79376610930126,boundary_refinement,zero,0.17500000000000002,no_training,0.0,1.6448950051111564,0.3868349726801465,33.27936071198572,0.402952391273958,0.0
\mathrm{IM}_1,Ia,0.7,0.3,12800,25600,52.744232241884,boundary_refinement,zero,0.2,no_training,0.0,1.6448950051111564,0.3868349726801465,33.27936071198572,0.4605170185988092,0.0
\mathrm{IM}_1,Ia,0.7,0.3,12800,25600,55.86952448383169,boundary_refinement,zero,0.225,no_training,0.0,1.6448950051111564,0.3868349726801465,33.27936071198572,0.5180816459236602,0.0
\mathrm{IM}_1,Ia,0.7,0.3,12800,25600,56.23413251903491,base,,nan,no_training,0.0,1.6448950051111564,0.3868349726801465,33.27936071198572,0.5245865063465036,0.0
\mathrm{IM}_1,Ia,0.7,0.3,12800,25600,59.180001933382464,boundary_refinement,zero,0.25,no_training,0.0,1.6448950051111564,0.3868349726801465,33.27936071198572,0.5756462732485114,0.0
\mathrm{IM}_1,Ia,0.7,0.3,12800,25600,68.12920690579608,base,,nan,no_training,0.0,1.6448950051111564,0.3868349726801465,33.27936071198572,0.7164685974293402,0.0
\mathrm{IM}_1,Ia,0.7,0.3,12800,25600,82.54041852680173,base,,nan,no_training,0.0,1.6448950051111564,0.3868349726801465,33.27936071198572,0.9083506885121766,0.0
\mathrm{IM}_1,Ia,0.7,0.3,12800,25600,100.0,base,,nan,no_training,0.0,1.6448950051111564,0.3868349726801465,33.27936071198572,1.100232779595015,0.0
\mathrm{IM}_1,Ia,0.7,0.3,12800,25600,121.15276586285876,base,,nan,no_training,0.0,1.6448950051111564,0.3868349726801465,33.27936071198572,1.2921148706778516,0.0
\mathrm{IM}_1,Ia,0.7,0.3,12800,25600,146.77992676220674,base,,nan,no_training,0.0,1.6448950051111564,0.3868349726801465,33.27936071198572,1.483996961760688,0.0
\mathrm{IM}_1,Ia,0.7,0.3,12800,25600,177.82794100389228,base,,nan,no_training,0.0,1.6448950051111564,0.3868349726801465,33.27936071198572,1.6758790528435266,0.0
\mathrm{IM}_1,Ia,0.7,0.3,12800,25600,215.44346900318823,base,,nan,no_training,0.0,1.6448950051111564,0.3868349726801465,33.27936071198572,1.867761143926363,0.0
\mathrm{IM}_1,Ia,0.7,0.3,12800,25600,261.0157215682533,base,,nan,no_training,0.0,1.6448950051111564,0.3868349726801465,33.27936071198572,2.0596432350091995,0.0
\mathrm{IM}_1,Ia,0.7,0.3,12800,25600,316.22776601683796,base,,nan,no_training,0.0,1.6448950051111564,0.3868349726801465,33.27936071198572,2.251525326092038,0.0
\mathrm{IM}_1,Ia,0.7,0.3,12800,25600,383.1186849557285,base,,nan,no_training,0.0,1.6448950051111564,0.3868349726801465,33.27936071198572,2.4434074171748743,0.0
\mathrm{IM}_1,Ia,0.7,0.3,12800,25600,464.1588833612773,base,,nan,no_training,0.0,1.6448950051111564,0.3868349726801465,33.27936071198572,2.635289508257711,0.0
\mathrm{IM}_1,Ia,0.7,0.3,12800,25600,562.341325190349,base,,nan,no_training,0.0,1.6448950051111564,0.3868349726801465,33.27936071198572,2.8271715993405495,0.0
\mathrm{IM}_1,Ia,0.7,0.3,12800,25600,681.2920690579608,base,,nan,no_training,0.0,1.6448950051111564,0.3868349726801465,33.27936071198572,3.019053690423386,0.0
\mathrm{IM}_1,Ia,0.7,0.3,12800,25600,825.4041852680173,base,,nan,no_training,0.0,1.6448950051111564,0.3868349726801465,33.27936071198572,3.2109357815062225,0.0
\mathrm{IM}_1,Ia,0.7,0.3,12800,25600,1000.0,base,,nan,no_training,0.0,1.6448950051111564,0.3868349726801465,33.27936071198572,3.4028178725890608,0.0
\mathrm{IM}_1,Ia,0.7,0.3,19200,38400,0.001,base,,nan,terminal_infimum,inf,0.00025380087255737834,0.3039419776567761,33.28653093362414,5.716836820218435,0.0
\mathrm{IM}_1,Ia,0.7,0.3,19200,38400,0.001211527658628589,base,,nan,terminal_infimum,inf,0.0002717834133044743,0.3039419776567761,33.28653093362414,5.524954729135598,0.0
\mathrm{IM}_1,Ia,0.7,0.3,19200,38400,0.0014677992676220691,base,,nan,terminal_infimum,inf,0.0002935697587919966,0.3039419776567761,33.28653093362414,5.333072638052761,0.0
\mathrm{IM}_1,Ia,0.7,0.3,19200,38400,0.0017782794100389228,base,,nan,terminal_infimum,inf,0.00031996451893056806,0.3039419776567761,33.28653093362414,5.141190546969924,0.0
\mathrm{IM}_1,Ia,0.7,0.3,19200,38400,0.0021544346900318843,base,,nan,terminal_infimum,inf,0.00035194250088131483,0.3039419776567761,33.28653093362414,4.949308455887087,0.0
\mathrm{IM}_1,Ia,0.7,0.3,19200,38400,0.0026101572156825357,base,,nan,terminal_infimum,inf,0.00039068471048177007,0.3039419776567761,33.28653093362414,4.7574263648042505,0.0
\mathrm{IM}_1,Ia,0.7,0.3,19200,38400,0.0031622776601683794,base,,nan,terminal_infimum,inf,0.00043762196896910793,0.3039419776567761,33.28653093362414,4.565544273721413,0.0
\mathrm{IM}_1,Ia,0.7,0.3,19200,38400,0.003831186849557285,base,,nan,terminal_infimum,inf,0.0004944877558467169,0.3039419776567761,33.28653093362414,4.373662182638577,0.0
\mathrm{IM}_1,Ia,0.7,0.3,19200,38400,0.004641588833612777,base,,nan,terminal_infimum,inf,0.0005633822294786191,0.3039419776567761,33.28653093362414,4.181780091555739,0.0
\mathrm{IM}_1,Ia,0.7,0.3,19200,38400,0.005623413251903491,base,,nan,terminal_infimum,inf,0.0006468497898103266,0.3039419776567761,33.28653093362414,3.9898980004729014,0.0
\mathrm{IM}_1,Ia,0.7,0.3,19200,38400,0.006812920690579608,base,,nan,terminal_infimum,inf,0.0007479730477504402,0.3039419776567761,33.28653093362414,3.798015909390065,0.0
\mathrm{IM}_1,Ia,0.7,0.3,19200,38400,0.008254041852680182,base,,nan,terminal_infimum,inf,0.0008704866716755214,0.3039419776567761,33.28653093362414,3.606133818307227,0.0
\mathrm{IM}_1,Ia,0.7,0.3,19200,38400,0.01,base,,nan,terminal_infimum,inf,0.0010189153156195784,0.3039419776567761,33.28653093362414,3.4142517272243897,0.0
\mathrm{IM}_1,Ia,0.7,0.3,19200,38400,0.012115276586285882,base,,nan,terminal_infimum,inf,0.0011987407230905378,0.3039419776567761,33.28653093362414,3.222369636141553,0.0
\mathrm{IM}_1,Ia,0.7,0.3,19200,38400,0.01467799267622069,base,,nan,terminal_infimum,inf,0.001416604177965761,0.3039419776567761,33.28653093362414,3.030487545058716,0.0
\mathrm{IM}_1,Ia,0.7,0.3,19200,38400,0.01778279410038923,base,,nan,terminal_infimum,inf,0.0016805517793514763,0.3039419776567761,33.28653093362414,2.8386054539758785,0.0
\mathrm{IM}_1,Ia,0.7,0.3,19200,38400,0.021544346900318832,base,,nan,terminal_infimum,inf,0.0020003315988589426,0.3039419776567761,33.28653093362414,2.6467233628930416,0.0
\mathrm{IM}_1,Ia,0.7,0.3,19200,38400,0.026101572156825358,base,,nan,terminal_infimum,inf,0.0023877536948634964,0.3039419776567761,33.28653093362414,2.4548412718102046,0.0
\mathrm{IM}_1,Ia,0.7,0.3,19200,38400,0.03162277660168379,base,,nan,terminal_infimum,inf,0.0028571262797368745,0.3039419776567761,33.28653093362414,2.2629591807273672,0.0
\mathrm{IM}_1,Ia,0.7,0.3,19200,38400,0.03831186849557287,base,,nan,terminal_infimum,inf,0.0034257841485129657,0.3039419776567761,33.28653093362414,2.07107708964453,0.0
\mathrm{IM}_1,Ia,0.7,0.3,19200,38400,0.046415888336127774,base,,nan,terminal_infimum,inf,0.004114728884831986,0.3039419776567761,33.28653093362414,1.8791949985616931,0.0
\mathrm{IM}_1,Ia,0.7,0.3,19200,38400,0.05623413251903491,base,,nan,terminal_infimum,inf,0.004949404488149061,0.3039419776567761,33.28653093362414,1.6873129074788558,0.0
\mathrm{IM}_1,Ia,0.7,0.3,19200,38400,0.06812920690579612,base,,nan,terminal_infimum,inf,0.005960637067550199,0.3039419776567761,33.28653093362414,1.4954308163960188,0.0
\mathrm{IM}_1,Ia,0.7,0.3,19200,38400,0.08254041852680181,base,,nan,terminal_infimum,inf,0.0071857733068010085,0.3039419776567761,33.28653093362414,1.3035487253131817,0.0
\mathrm{IM}_1,Ia,0.7,0.3,19200,38400,0.1,base,,nan,terminal_infimum,inf,0.00867005974624158,0.3039419776567761,33.28653093362414,1.111666634230344,0.0
\mathrm{IM}_1,Ia,0.7,0.3,19200,38400,0.12115276586285877,base,,nan,terminal_infimum,inf,0.010468313820951168,0.3039419776567761,33.28653093362414,0.9197845431475078,0.0
\mathrm{IM}_1,Ia,0.7,0.3,19200,38400,0.1467799267622069,base,,nan,terminal_infimum,inf,0.012646948369703408,0.3039419776567761,33.28653093362414,0.7279024520646702,0.0
\mathrm{IM}_1,Ia,0.7,0.3,19200,38400,0.17091913449648694,boundary_refinement,terminal,-0.25,terminal_infimum,inf,0.014699087978767454,0.3039419776567761,33.28653093362414,0.5756462732485115,0.0
\mathrm{IM}_1,Ia,0.7,0.3,19200,38400,0.1778279410038923,base,,nan,terminal_infimum,inf,0.01528642438356056,0.3039419776567761,33.28653093362414,0.5360203609818327,0.0
\mathrm{IM}_1,Ia,0.7,0.3,19200,38400,0.18104672991948187,boundary_refinement,terminal,-0.225,terminal_infimum,inf,0.015560062371170125,0.3039419776567761,33.28653093362414,0.5180816459236602,0.0
\mathrm{IM}_1,Ia,0.7,0.3,19200,38400,0.1917744230983777,boundary_refinement,terminal,-0.2,terminal_infimum,inf,0.016472052703604908,0.3039419776567761,33.28653093362414,0.4605170185988091,0.0
\mathrm{IM}_1,Ia,0.7,0.3,19200,38400,0.20313777206068206,boundary_refinement,terminal,-0.17500000000000002,terminal_infimum,inf,0.017438081860562123,0.3039419776567761,33.28653093362414,0.4029523912739581,0.0
\mathrm{IM}_1,Ia,0.7,0.3,19200,38400,0.2151744417794925,boundary_refinement,terminal,-0.15,terminal_infimum,inf,0.018461351843698934,0.3039419776567761,33.28653093362414,0.34538776394910686,0.0
\mathrm{IM}_1,Ia,0.7,0.3,19200,38400,0.21544346900318823,base,,nan,terminal_infimum,inf,0.018484222578635214,0.3039419776567761,33.28653093362414,0.3441382698989964,0.0
\mathrm{IM}_1,Ia,0.7,0.3,19200,38400,0.2279243290178711,boundary_refinement,terminal,-0.125,terminal_infimum,inf,0.0195452543851987,0.3039419776567761,33.28653093362414,0.2878231366242556,0.0
\mathrm{IM}_1,Ia,0.7,0.3,19200,38400,0.24142969457071398,boundary_refinement,terminal,-0.1,terminal_infimum,inf,0.020693382190011454,0.3039419776567761,33.28653093362414,0.23025850929940458,0.0
\mathrm{IM}_1,Ia,0.7,0.3,19200,38400,0.2557353033424438,boundary_refinement,terminal,-0.07500000000000001,terminal_infimum,inf,0.02190954084423899,0.3039419776567761,33.28653093362414,0.17269388197455351,0.0
\mathrm{IM}_1,Ia,0.7,0.3,19200,38400,0.2610157215682536,base,,nan,terminal_infimum,inf,0.02235844353868076,0.3039419776567761,33.28653093362414,0.15225617881615888,0.0
\mathrm{IM}_1,Ia,0.7,0.3,19200,38400,0.27088857272482764,boundary_refinement,terminal,-0.05,terminal_infimum,inf,0.02319776142913611,0.3039419776567761,33.28653093362414,0.11512925464970225,0.0
\mathrm{IM}_1,Ia,0.7,0.3,19200,38400,0.2869397297667326,boundary_refinement,terminal,-0.025,terminal_infimum,inf,0.024562313882538447,0.3039419776567761,33.28653093362414,0.05756462732485113,0.0
\mathrm{IM}_1,Ia,0.7,0.3,19200,38400,0.2885962509043777,terminal_near_refinement,terminal,-0.0225,terminal_infimum,inf,0.024703139243388454,0.3039419776567761,33.28653093362414,0.05180816459236609,0.0
\mathrm{IM}_1,Ia,0.7,0.3,19200,38400,0.2902623352429141,terminal_near_refinement,terminal,-0.02,terminal_infimum,inf,0.024844777597918893,0.3039419776567761,33.28653093362414,0.04605170185988098,0.0
\mathrm{IM}_1,Ia,0.7,0.3,19200,38400,0.29193803799130313,terminal_near_refinement,terminal,-0.0175,terminal_infimum,inf,0.0249872336395935,0.3039419776567761,33.28653093362414,0.040295239127395764,0.0
\mathrm{IM}_1,Ia,0.7,0.3,19200,38400,0.29362341467723074,terminal_near_refinement,terminal,-0.015,terminal_infimum,inf,0.02513051208897167,0.3039419776567761,33.28653093362414,0.03453877639491083,0.0
\mathrm{IM}_1,Ia,0.7,0.3,19200,38400,0.2953185211489479,terminal_near_refinement,terminal,-0.0125,terminal_infimum,inf,0.025274617693864892,0.3039419776567761,33.28653093362414,0.02878231366242573,0.0
\mathrm{IM}_1,Ia,0.7,0.3,19200,38400,0.297023413577121,terminal_near_refinement,terminal,-0.01,terminal_infimum,inf,0.02541955522949407,0.3039419776567761,33.28653093362414,0.02302585092994047,0.0
\mathrm{IM}_1,Ia,0.7,0.3,19200,38400,0.29873814845669305,terminal_near_refinement,terminal,-0.0075,terminal_infimum,inf,0.02556532949864775,0.3039419776567761,33.28653093362414,0.017269388197455333,0.0
\mathrm{IM}_1,Ia,0.7,0.3,19200,38400,0.3004627826087562,terminal_near_refinement,terminal,-0.005,terminal_infimum,inf,0.025711945331841287,0.3039419776567761,33.28653093362414,0.01151292546497021,0.0
\mathrm{IM}_1,Ia,0.7,0.3,19200,38400,0.3021973731824341,terminal_near_refinement,terminal,-0.0025,terminal_infimum,inf,0.0258594075874769,0.3039419776567761,33.28653093362414,0.005756462732485091,0.0
\mathrm{IM}_1,Ia,0.7,0.3,19200,38400,0.30242226776849224,terminal_ultra_near_refinement,terminal,-0.002176919254274547,terminal_infimum,inf,0.025878526487027965,0.3039419776567761,33.28653093362414,0.005012541823544286,0.0
\mathrm{IM}_1,Ia,0.7,0.3,19200,38400,0.302726209746149,terminal_ultra_near_refinement,terminal,-0.00174066157630127,terminal_infimum,inf,0.025904365420023306,0.3039419776567761,33.28653093362414,0.004008021397538822,0.0
\mathrm{IM}_1,Ia,0.7,0.3,19200,38400,0.30303015172380576,terminal_ultra_near_refinement,terminal,-0.0013048416883442813,terminal_infimum,inf,0.025930204353018647,0.3039419776567761,33.28653093362414,0.0030045090202987243,0.0
\mathrm{IM}_1,Ia,0.7,0.3,19200,38400,0.3033340937014626,terminal_ultra_near_refinement,terminal,-0.0008694587126288914,terminal_infimum,inf,0.025956043286013995,0.3039419776567761,33.28653093362414,0.002002002670672968,0.0
\mathrm{IM}_1,Ia,0.7,0.3,19200,38400,0.30363803567911934,terminal_ultra_near_refinement,terminal,-0.0004345117740176917,terminal_infimum,inf,0.025981882219009336,0.3039419776567761,33.28653093362414,0.0010005003335835344,0.0
\mathrm{IM}_1,Ia,0.7,0.3,19200,38400,0.30379000666794775,terminal_extreme_near_refinement,terminal,-0.00021720154586423186,terminal_infimum,inf,0.02599480168550701,0.3039419776567761,33.28653093362414,0.0005001250416821317,0.0
\mathrm{IM}_1,Ia,0.7,0.3,19200,38400,0.30382040086571344,terminal_extreme_near_refinement,terminal,-0.00017375254558756316,terminal_infimum,inf,0.025997385578806546,0.3039419776567761,33.28653093362414,0.00040008002133958025,0.0
\mathrm{IM}_1,Ia,0.7,0.3,19200,38400,0.30385079506347906,terminal_extreme_near_refinement,terminal,-0.00013030789173217684,terminal_infimum,inf,0.025999969472106074,0.3039419776567761,33.28653093362414,0.0003000450090021035,0.0
\mathrm{IM}_1,Ia,0.7,0.3,19200,38400,0.30388118926124474,terminal_extreme_near_refinement,terminal,-8.686758342857122e-05,terminal_infimum,inf,0.02600255336540561,0.3039419776567761,33.28653093362414,0.0002000200026670447,0.0
\mathrm{IM}_1,Ia,0.7,0.3,19200,38400,0.3039115834590104,terminal_extreme_near_refinement,terminal,-4.3431619807505604e-05,terminal_infimum,inf,0.026005137258705145,0.3039419776567761,33.28653093362414,0.00010000500033334732,0.0
\mathrm{IM}_1,Ia,0.7,0.3,19200,38400,0.3039723718545418,terminal_extreme_near_refinement,terminal,4.342727686266486e-05,finite_interior,983234.5750414352,0.02601027531580372,0.3039419776567761,33.28653093362414,9.999500033329732e-05,1.6595234560495335e-07
\mathrm{IM}_1,Ia,0.7,0.3,19200,38400,0.30400276605230747,terminal_extreme_near_refinement,terminal,8.685021164894766e-05,finite_interior,982796.5568774198,0.026012829470292247,0.3039419776567761,33.28653093362414,0.0001999800026662447,2.8165545389429137e-07
\mathrm{IM}_1,Ia,0.7,0.3,19200,38400,0.30403316025007315,terminal_extreme_near_refinement,terminal,0.00013026880522704667,finite_interior,982358.3494723286,0.02601538361547279,0.3039419776567761,33.28653093362414,0.00029995500899794244,2.320645260763696e-07
\mathrm{IM}_1,Ia,0.7,0.3,19200,38400,0.3040635544478388,terminal_extreme_near_refinement,terminal,0.0001736830584648997,finite_interior,981921.1467734656,0.026017937751347867,0.3039419776567761,33.28653093362414,0.0003999200213268913,4.16723048312642e-07
\mathrm{IM}_1,Ia,0.7,0.3,19200,38400,0.30409394864560446,terminal_extreme_near_refinement,terminal,0.00021709297223018438,finite_interior,981483.8813853145,0.02602049187792005,0.3039419776567761,33.28653093362414,0.0004998750416509929,2.2572696371557525e-07
\mathrm{IM}_1,Ia,0.7,0.3,19200,38400,0.30424591963443287,terminal_ultra_near_refinement,terminal,0.0004340774793185929,finite_interior,979304.8066388634,0.026033262371330988,0.3039419776567761,33.28653093362414,0.0009995003330834232,7.174113358528128e-07
\mathrm{IM}_1,Ia,0.7,0.3,19200,38400,0.30454986161208963,terminal_ultra_near_refinement,terminal,0.0008677215312269133,finite_interior,974976.5169400207,0.02605880266196746,0.3039419776567761,33.28653093362414,0.001998002662673058,2.463905327491294e-07
\mathrm{IM}_1,Ia,0.7,0.3,19200,38400,0.3048538035897464,terminal_ultra_near_refinement,terminal,0.001300933020418072,finite_interior,970687.912283686,0.02608434202653909,0.3039419776567761,33.28653093362414,0.002995508979798371,9.334272727597584e-07
\mathrm{IM}_1,Ia,0.7,0.3,19200,38400,0.3051577455674032,terminal_ultra_near_refinement,terminal,0.0017337128090005314,finite_interior,966437.4706706887,0.026109880467609866,0.3039419776567761,33.28653093362414,0.003992021269537457,9.113319809365308e-07
\mathrm{IM}_1,Ia,0.7,0.3,19200,38400,0.30546168754506,terminal_ultra_near_refinement,terminal,0.0021660617565076304,finite_interior,962224.4214729473,0.026135417987614967,0.3039419776567761,33.28653093362414,0.004987541511038968,8.902950395930435e-07
\mathrm{IM}_1,Ia,0.7,0.3,19200,38400,0.3056966538426616,terminal_near_refinement,terminal,0.0025,finite_interior,958993.3188208055,0.026155159469861685,0.3039419776567761,33.28653093362414,0.00575646273248517,8.499356691720736e-07
\mathrm{IM}_1,Ia,0.7,0.3,19200,38400,0.30746145988471585,terminal_near_refinement,terminal,0.005,finite_interior,935409.6888404781,0.026303418140286184,0.3039419776567761,33.28653093362414,0.011512925464970295,7.060389220693948e-07
\mathrm{IM}_1,Ia,0.7,0.3,19200,38400,0.3092364542632367,terminal_near_refinement,terminal,0.0075,finite_interior,912840.0214286348,0.026452502006296785,0.3039419776567761,33.28653093362414,0.017269388197455236,8.694849750756084e-07
\mathrm{IM}_1,Ia,0.7,0.3,19200,38400,0.31102169579613254,terminal_near_refinement,terminal,0.01,finite_interior,891208.8546451994,0.026602415916776118,0.3039419776567761,33.28653093362414,0.023025850929940427,5.184365030304188e-07
\mathrm{IM}_1,Ia,0.7,0.3,19200,38400,0.3128172436408711,terminal_near_refinement,terminal,0.0125,finite_interior,870451.0365593445,0.026753164728450192,0.3039419776567761,33.28653093362414,0.02878231366242563,9.524855115586186e-07
\mathrm{IM}_1,Ia,0.7,0.3,19200,38400,0.31462315729643997,terminal_near_refinement,terminal,0.015,finite_interior,850506.3894156056,0.026904753308475342,0.3039419776567761,33.28653093362414,0.03453877639491076,6.688657986159275e-07
\mathrm{IM}_1,Ia,0.7,0.3,19200,38400,0.31622776601683794,base,,nan,finite_interior,833514.8140913195,0.027039418963546436,0.3039419776567761,33.28653093362414,0.03962591226667858,1.428636307035475e-07
\mathrm{IM}_1,Ia,0.7,0.3,19200,38400,0.3164394966053181,terminal_near_refinement,terminal,0.0175,finite_interior,831321.7460304727,0.027057186535502997,0.3039419776567761,33.28653093362414,0.04029523912739586,6.063656661091759e-07
\mathrm{IM}_1,Ia,0.7,0.3,19200,38400,0.31826632175545894,terminal_near_refinement,terminal,0.02,finite_interior,812849.5732363869,0.02721046930130812,0.3039419776567761,33.28653093362414,0.046051701859880986,7.79874606168353e-07
\mathrm{IM}_1,Ia,0.7,0.3,19200,38400,0.3201036932822847,terminal_near_refinement,terminal,0.0225,finite_interior,795045.4793204141,0.027364606512069636,0.3039419776567761,33.28653093362414,0.05180816459236611,3.2632678784448394e-07
\mathrm{IM}_1,Ia,0.7,0.3,19200,38400,0.3219516720706924,boundary_refinement,terminal,0.025,finite_interior,777869.6554635027,0.027519603089982726,0.3039419776567761,33.28653093362414,0.057564627324851146,9.606982146118551e-07
\mathrm{IM}_1,Ia,0.7,0.3,19200,38400,0.3410285079679378,boundary_refinement,terminal,0.05,finite_interior,633978.330070398,0.029117929853690206,0.3039419776567761,33.28653093362414,0.1151292546497022,1.236001633427075e-06
\mathrm{IM}_1,Ia,0.7,0.3,19200,38400,0.3612357174566909,boundary_refinement,terminal,0.07500000000000001,finite_interior,526419.8980004449,0.030807753472909014,0.3039419776567761,33.28653093362414,0.1726938819745535,3.584840084714348e-07
\mathrm{IM}_1,Ia,0.7,0.3,19200,38400,0.3826402793830905,boundary_refinement,terminal,0.1,finite_interior,442711.5535235726,0.03259435608932645,0.3039419776567761,33.28653093362414,0.2302585092994046,7.227090748310267e-07
\mathrm{IM}_1,Ia,0.7,0.3,19200,38400,0.3831186849557285,base,,nan,finite_interior,441100.0540063442,0.032634250044932735,0.3039419776567761,33.28653093362414,0.23150800334951496,5.493147109480842e-07
\mathrm{IM}_1,Ia,0.7,0.3,19200,38400,0.4053131413394171,boundary_refinement,terminal,0.125,finite_interior,375775.5113851111,0.03448328463973646,0.3039419776567761,33.28653093362414,0.2878231366242557,2.0434943816392128e-07
\mathrm{IM}_1,Ia,0.7,0.3,19200,38400,0.4293294548270866,boundary_refinement,terminal,0.15,finite_interior,321199.8722136661,0.03648037480647137,0.3039419776567761,33.28653093362414,0.3453877639491069,3.67345364445054e-07
\mathrm{IM}_1,Ia,0.7,0.3,19200,38400,0.454768824353926,boundary_refinement,terminal,0.17500000000000002,finite_interior,276047.42632365884,0.03859177120994953,0.3039419776567761,33.28653093362414,0.402952391273958,3.586975148037193e-07
\mathrm{IM}_1,Ia,0.7,0.3,19200,38400,0.46415888336127775,base,,nan,finite_interior,261876.2686966138,0.03937010759709542,0.3039419776567761,33.28653093362414,0.4233900944323525,2.9600367905616973e-07
\mathrm{IM}_1,Ia,0.7,0.3,19200,38400,0.48171557129139236,boundary_refinement,terminal,0.2,finite_interior,238266.5010697286,0.04082394624330947,0.3039419776567761,33.28653093362414,0.4605170185988092,1.289016278794956e-07
\mathrm{IM}_1,Ia,0.7,0.3,19200,38400,0.5102590133663132,boundary_refinement,terminal,0.225,finite_interior,206369.59018161517,0.0431837185443077,0.3039419776567761,33.28653093362414,0.5180816459236602,4.4091168006377497e-07
\mathrm{IM}_1,Ia,0.7,0.3,19200,38400,0.5404937607135553,boundary_refinement,terminal,0.25,finite_interior,179244.9175586382,0.04567827158220083,0.3039419776567761,33.28653093362414,0.5756462732485114,4.5048948006993557e-07
\mathrm{IM}_1,Ia,0.7,0.3,19200,38400,0.5623413251903491,base,,nan,finite_interior,162895.4917007671,0.047477701117948384,0.3039419776567761,33.28653093362414,0.61527218551519,4.2867557187839177e-07
\mathrm{IM}_1,Ia,0.7,0.3,19200,38400,0.6812920690579608,base,,nan,finite_interior,103681.45384921298,0.05723131256676313,0.3039419776567761,33.28653093362414,0.8071542765980264,5.671986248213379e-07
\mathrm{IM}_1,Ia,0.7,0.3,19200,38400,0.8254041852680182,base,,nan,finite_interior,66771.6419783373,0.06895682253240625,0.3039419776567761,33.28653093362414,0.9990363676808639,7.881081634949581e-08
\mathrm{IM}_1,Ia,0.7,0.3,19200,38400,1.0,base,,nan,finite_interior,43245.1396795857,0.08304046038840067,0.3039419776567761,33.28653093362414,1.1909184587637014,2.523601220503973e-07
\mathrm{IM}_1,Ia,0.7,0.3,19200,38400,1.2115276586285877,base,,nan,finite_interior,28069.40617375106,0.09993845057359216,0.3039419776567761,33.28653093362414,1.3828005498465379,1.8339258197211634e-07
\mathrm{IM}_1,Ia,0.7,0.3,19200,38400,1.467799267622069,base,,nan,finite_interior,18223.45050840403,0.12018748519575871,0.3039419776567761,33.28653093362414,1.5746826409293753,3.505339901887132e-07
\mathrm{IM}_1,Ia,0.7,0.3,19200,38400,1.7782794100389228,base,,nan,finite_interior,11821.694429426245,0.14441578500627322,0.3039419776567761,33.28653093362414,1.7665647320122129,5.799174493054038e-08
\mathrm{IM}_1,Ia,0.7,0.3,19200,38400,2.154434690031882,base,,nan,finite_interior,7659.08710033421,0.17335428990071333,0.3039419776567761,33.28653093362414,1.9584468230950491,3.9755381481837044e-07
\mathrm{IM}_1,Ia,0.7,0.3,19200,38400,2.610157215682536,base,,nan,finite_interior,4955.270912605751,0.20784720270597312,0.3039419776567761,33.28653093362414,2.1503289141778867,4.721569450666289e-07
\mathrm{IM}_1,Ia,0.7,0.3,19200,38400,3.1622776601683795,base,,nan,finite_interior,3201.6730011474774,0.2488606439043884,0.3039419776567761,33.28653093362414,2.342211005260724,2.479902938344579e-07
\mathrm{IM}_1,Ia,0.7,0.3,19200,38400,3.831186849557285,base,,nan,finite_interior,2066.1680646077134,0.2974874836365099,0.3039419776567761,33.28653093362414,2.1619782011161246,2.723264986090277e-07
\mathrm{IM}_1,Ia,0.7,0.3,19200,38400,4.6415888336127775,base,,nan,finite_interior,1331.9820423033116,0.35494543252282423,0.3039419776567761,33.28653093362414,1.970096110033287,3.7591777902973375e-07
\mathrm{IM}_1,Ia,0.7,0.3,19200,38400,5.623413251903491,base,,nan,finite_interior,857.8756607866354,0.42256405169564915,0.3039419776567761,33.28653093362414,1.7782140189504496,1.7218067740824446e-07
\mathrm{IM}_1,Ia,0.7,0.3,19200,38400,6.812920690579608,base,,nan,finite_interior,552.0231142839283,0.5017542143913517,0.3039419776567761,33.28653093362414,1.5863319278676131,4.32860162526713e-07
\mathrm{IM}_1,Ia,0.7,0.3,19200,38400,8.254041852680182,base,,nan,finite_interior,354.8713042149079,0.5939504678923359,0.3039419776567761,33.28653093362414,1.3944498367847757,4.350529062287036e-07
\mathrm{IM}_1,Ia,0.7,0.3,19200,38400,10.0,base,,nan,finite_interior,227.7891354323101,0.7005111809905373,0.3039419776567761,33.28653093362414,1.2025677457019384,6.313091592291364e-07
\mathrm{IM}_1,Ia,0.7,0.3,19200,38400,12.115276586285876,base,,nan,finite_interior,146.24828158637365,0.8225650742165351,0.3039419776567761,33.28653093362414,1.0106856546191016,8.026260344679107e-08
\mathrm{IM}_1,Ia,0.7,0.3,19200,38400,14.677992676220676,base,,nan,finite_interior,92.84217596554637,0.960719284568843,0.3039419776567761,33.28653093362414,0.8188035635362653,1.052115024323537e-06
\mathrm{IM}_1,Ia,0.7,0.3,19200,38400,17.78279410038923,base,,nan,finite_interior,58.97339567148213,1.114354163474103,0.3039419776567761,33.28653093362414,0.6269214724534268,1.081173085316174e-06
\mathrm{IM}_1,Ia,0.7,0.3,19200,38400,18.718391916203746,boundary_refinement,zero,-0.25,finite_interior,52.85733124490587,1.1579967597629541,0.3039419776567761,33.28653093362414,0.5756462732485115,6.082468072787667e-07
\mathrm{IM}_1,Ia,0.7,0.3,19200,38400,19.82752636656727,boundary_refinement,zero,-0.225,finite_interior,46.95638953789665,1.208326499688912,0.3039419776567761,33.28653093362414,0.5180816459236602,1.472066183069596e-07
\mathrm{IM}_1,Ia,0.7,0.3,19200,38400,21.002381164837296,boundary_refinement,zero,-0.2,finite_interior,41.77435291164122,1.260044467446796,0.3039419776567761,33.28653093362414,0.4605170185988091,1.0092598383180708e-06
\mathrm{IM}_1,Ia,0.7,0.3,19200,38400,21.54434690031882,base,,nan,finite_interior,39.64404331157285,1.2833569067560924,0.3039419776567761,33.28653093362414,0.43503938137059045,4.731386225898938e-08
\mathrm{IM}_1,Ia,0.7,0.3,19200,38400,22.246850486447233,boundary_refinement,zero,-0.17500000000000002,finite_interior,37.06473030864157,1.3130581316062442,0.3039419776567761,33.28653093362414,0.4029523912739581,5.215633397562507e-07
\mathrm{IM}_1,Ia,0.7,0.3,19200,38400,23.565059251231414,boundary_refinement,zero,-0.15,finite_interior,32.634602316177016,1.36716768488805,0.3039419776567761,33.28653093362414,0.34538776394910686,1.9561150445488008e-07
\mathrm{IM}_1,Ia,0.7,0.3,19200,38400,24.96137679589041,boundary_refinement,zero,-0.125,finite_interior,28.320659727725303,1.4220051555664024,0.3039419776567761,33.28653093362414,0.2878231366242556,1.529579710081616e-06
\mathrm{IM}_1,Ia,0.7,0.3,19200,38400,26.10157215682533,base,,nan,finite_interior,24.95268689625804,1.4646576798657285,0.3039419776567761,33.28653093362414,0.2431572902877539,1.4828753370802678e-06
\mathrm{IM}_1,Ia,0.7,0.3,19200,38400,26.440431356600854,boundary_refinement,zero,-0.1,finite_interior,23.963929667254313,1.476921203919519,0.3039419776567761,33.28653093362414,0.23025850929940458,1.498035793296665e-06
\mathrm{IM}_1,Ia,0.7,0.3,19200,38400,28.007125409773852,boundary_refinement,zero,-0.07500000000000001,finite_interior,19.378168547610112,1.5307528133520392,0.3039419776567761,33.28653093362414,0.17269388197455351,8.557213188613222e-07
\mathrm{IM}_1,Ia,0.7,0.3,19200,38400,29.66665192181046,boundary_refinement,zero,-0.05,finite_interior,14.29443478326919,1.5812826198365537,0.3039419776567761,33.28653093362414,0.11512925464970225,4.287013331319281e-07
\mathrm{IM}_1,Ia,0.7,0.3,19200,38400,31.424511561715704,boundary_refinement,zero,-0.025,finite_interior,8.226149676747145,1.6237226941988463,0.3039419776567761,33.28653093362414,0.05756462732485113,3.513107417692607e-07
\mathrm{IM}_1,Ia,0.7,0.3,19200,38400,31.622776601683793,base,,nan,finite_interior,7.466380142114781,1.6274703807539654,0.3039419776567761,33.28653093362414,0.051275199204915425,3.879694816798547e-07
\mathrm{IM}_1,Ia,0.7,0.3,19200,38400,35.258881889670434,boundary_refinement,zero,0.025,no_training,0.0,1.644908025520641,0.3039419776567761,33.28653093362414,0.057564627324851146,0.0
\mathrm{IM}_1,Ia,0.7,0.3,19200,38400,37.34810198721945,boundary_refinement,zero,0.05,no_training,0.0,1.644908025520641,0.3039419776567761,33.28653093362414,0.1151292546497022,0.0
\mathrm{IM}_1,Ia,0.7,0.3,19200,38400,38.31186849557285,base,,nan,no_training,0.0,1.644908025520641,0.3039419776567761,33.28653093362414,0.1406068918779212,0.0
\mathrm{IM}_1,Ia,0.7,0.3,19200,38400,39.56111615826351,boundary_refinement,zero,0.07500000000000001,no_training,0.0,1.644908025520641,0.3039419776567761,33.28653093362414,0.1726938819745535,0.0
\mathrm{IM}_1,Ia,0.7,0.3,19200,38400,41.905259662812064,boundary_refinement,zero,0.1,no_training,0.0,1.644908025520641,0.3039419776567761,33.28653093362414,0.2302585092994046,0.0
\mathrm{IM}_1,Ia,0.7,0.3,19200,38400,44.38830240235525,boundary_refinement,zero,0.125,no_training,0.0,1.644908025520641,0.3039419776567761,33.28653093362414,0.2878231366242557,0.0
\mathrm{IM}_1,Ia,0.7,0.3,19200,38400,46.41588833612773,base,,nan,no_training,0.0,1.644908025520641,0.3039419776567761,33.28653093362414,0.33248898296075763,0.0
\mathrm{IM}_1,Ia,0.7,0.3,19200,38400,47.01847467399081,boundary_refinement,zero,0.15,no_training,0.0,1.644908025520641,0.3039419776567761,33.28653093362414,0.3453877639491069,0.0
\mathrm{IM}_1,Ia,0.7,0.3,19200,38400,49.80449445057877,boundary_refinement,zero,0.17500000000000002,no_training,0.0,1.644908025520641,0.3039419776567761,33.28653093362414,0.402952391273958,0.0
\mathrm{IM}_1,Ia,0.7,0.3,19200,38400,52.75559627734718,boundary_refinement,zero,0.2,no_training,0.0,1.644908025520641,0.3039419776567761,33.28653093362414,0.4605170185988092,0.0
\mathrm{IM}_1,Ia,0.7,0.3,19200,38400,55.88156188072911,boundary_refinement,zero,0.225,no_training,0.0,1.644908025520641,0.3039419776567761,33.28653093362414,0.5180816459236602,0.0
\mathrm{IM}_1,Ia,0.7,0.3,19200,38400,56.23413251903491,base,,nan,no_training,0.0,1.644908025520641,0.3039419776567761,33.28653093362414,0.5243710740435961,0.0
\mathrm{IM}_1,Ia,0.7,0.3,19200,38400,59.192752590887494,boundary_refinement,zero,0.25,no_training,0.0,1.644908025520641,0.3039419776567761,33.28653093362414,0.5756462732485114,0.0
\mathrm{IM}_1,Ia,0.7,0.3,19200,38400,68.12920690579608,base,,nan,no_training,0.0,1.644908025520641,0.3039419776567761,33.28653093362414,0.7162531651264326,0.0
\mathrm{IM}_1,Ia,0.7,0.3,19200,38400,82.54041852680173,base,,nan,no_training,0.0,1.644908025520641,0.3039419776567761,33.28653093362414,0.9081352562092689,0.0
\mathrm{IM}_1,Ia,0.7,0.3,19200,38400,100.0,base,,nan,no_training,0.0,1.644908025520641,0.3039419776567761,33.28653093362414,1.1000173472921075,0.0
\mathrm{IM}_1,Ia,0.7,0.3,19200,38400,121.15276586285876,base,,nan,no_training,0.0,1.644908025520641,0.3039419776567761,33.28653093362414,1.2918994383749438,0.0
\mathrm{IM}_1,Ia,0.7,0.3,19200,38400,146.77992676220674,base,,nan,no_training,0.0,1.644908025520641,0.3039419776567761,33.28653093362414,1.4837815294577803,0.0
\mathrm{IM}_1,Ia,0.7,0.3,19200,38400,177.82794100389228,base,,nan,no_training,0.0,1.644908025520641,0.3039419776567761,33.28653093362414,1.675663620540619,0.0
\mathrm{IM}_1,Ia,0.7,0.3,19200,38400,215.44346900318823,base,,nan,no_training,0.0,1.644908025520641,0.3039419776567761,33.28653093362414,1.8675457116234553,0.0
\mathrm{IM}_1,Ia,0.7,0.3,19200,38400,261.0157215682533,base,,nan,no_training,0.0,1.644908025520641,0.3039419776567761,33.28653093362414,2.0594278027062916,0.0
\mathrm{IM}_1,Ia,0.7,0.3,19200,38400,316.22776601683796,base,,nan,no_training,0.0,1.644908025520641,0.3039419776567761,33.28653093362414,2.2513098937891303,0.0
\mathrm{IM}_1,Ia,0.7,0.3,19200,38400,383.1186849557285,base,,nan,no_training,0.0,1.644908025520641,0.3039419776567761,33.28653093362414,2.4431919848719668,0.0
\mathrm{IM}_1,Ia,0.7,0.3,19200,38400,464.1588833612773,base,,nan,no_training,0.0,1.644908025520641,0.3039419776567761,33.28653093362414,2.6350740759548033,0.0
\mathrm{IM}_1,Ia,0.7,0.3,19200,38400,562.341325190349,base,,nan,no_training,0.0,1.644908025520641,0.3039419776567761,33.28653093362414,2.8269561670376415,0.0
\mathrm{IM}_1,Ia,0.7,0.3,19200,38400,681.2920690579608,base,,nan,no_training,0.0,1.644908025520641,0.3039419776567761,33.28653093362414,3.018838258120478,0.0
\mathrm{IM}_1,Ia,0.7,0.3,19200,38400,825.4041852680173,base,,nan,no_training,0.0,1.644908025520641,0.3039419776567761,33.28653093362414,3.2107203492033145,0.0
\mathrm{IM}_1,Ia,0.7,0.3,19200,38400,1000.0,base,,nan,no_training,0.0,1.644908025520641,0.3039419776567761,33.28653093362414,3.402602440286153,0.0
\mathrm{IM}_1,Ia,0.7,0.3,25600,51200,0.001,base,,nan,terminal_infimum,inf,0.00021196433849617172,0.2560839478396118,33.28983633242135,5.545505311973624,0.0
\mathrm{IM}_1,Ia,0.7,0.3,25600,51200,0.001211527658628589,base,,nan,terminal_infimum,inf,0.0002299716520297083,0.2560839478396118,33.28983633242135,5.353623220890787,0.0
\mathrm{IM}_1,Ia,0.7,0.3,25600,51200,0.0014677992676220691,base,,nan,terminal_infimum,inf,0.0002517880104331847,0.2560839478396118,33.28983633242135,5.16174112980795,0.0
\mathrm{IM}_1,Ia,0.7,0.3,25600,51200,0.0017782794100389228,base,,nan,terminal_infimum,inf,0.0002782191320495507,0.2560839478396118,33.28983633242135,4.969859038725113,0.0
\mathrm{IM}_1,Ia,0.7,0.3,25600,51200,0.0021544346900318843,base,,nan,terminal_infimum,inf,0.0003102411669363541,0.2560839478396118,33.28983633242135,4.7779769476422755,0.0
\mathrm{IM}_1,Ia,0.7,0.3,25600,51200,0.0026101572156825357,base,,nan,terminal_infimum,inf,0.0003490367478872858,0.2560839478396118,33.28983633242135,4.5860948565594395,0.0
\mathrm{IM}_1,Ia,0.7,0.3,25600,51200,0.0031622776601683794,base,,nan,terminal_infimum,inf,0.0003960386672419042,0.2560839478396118,33.28983633242135,4.394212765476602,0.0
\mathrm{IM}_1,Ia,0.7,0.3,25600,51200,0.003831186849557285,base,,nan,terminal_infimum,inf,0.0004529827925486544,0.2560839478396118,33.28983633242135,4.202330674393766,0.0
\mathrm{IM}_1,Ia,0.7,0.3,25600,51200,0.004641588833612777,base,,nan,terminal_infimum,inf,0.0005219721753541948,0.2560839478396118,33.28983633242135,4.010448583310928,0.0
\mathrm{IM}_1,Ia,0.7,0.3,25600,51200,0.005623413251903491,base,,nan,terminal_infimum,inf,0.0006055547207748225,0.2560839478396118,33.28983633242135,3.8185664922280904,0.0
\mathrm{IM}_1,Ia,0.7,0.3,25600,51200,0.006812920690579608,base,,nan,terminal_infimum,inf,0.0007068172863304929,0.2560839478396118,33.28983633242135,3.626684401145254,0.0
\mathrm{IM}_1,Ia,0.7,0.3,25600,51200,0.008254041852680182,base,,nan,terminal_infimum,inf,0.0008294996852848788,0.2560839478396118,33.28983633242135,3.434802310062416,0.0
\mathrm{IM}_1,Ia,0.7,0.3,25600,51200,0.01,base,,nan,terminal_infimum,inf,0.0009781328048450242,0.2560839478396118,33.28983633242135,3.242920218979579,0.0
\mathrm{IM}_1,Ia,0.7,0.3,25600,51200,0.012115276586285882,base,,nan,terminal_infimum,inf,0.0011582059401803897,0.2560839478396118,33.28983633242135,3.0510381278967422,0.0
\mathrm{IM}_1,Ia,0.7,0.3,25600,51200,0.01467799267622069,base,,nan,terminal_infimum,inf,0.001376369524215154,0.2560839478396118,33.28983633242135,2.8591560368139053,0.0
\mathrm{IM}_1,Ia,0.7,0.3,25600,51200,0.01778279410038923,base,,nan,terminal_infimum,inf,0.0016406807403788145,0.2560839478396118,33.28983633242135,2.6672739457310675,0.0
\mathrm{IM}_1,Ia,0.7,0.3,25600,51200,0.021544346900318832,base,,nan,terminal_infimum,inf,0.001960901089246847,0.2560839478396118,33.28983633242135,2.4753918546482305,0.0
\mathrm{IM}_1,Ia,0.7,0.3,25600,51200,0.026101572156825358,base,,nan,terminal_infimum,inf,0.0023488568987561653,0.2560839478396118,33.28983633242135,2.2835097635653936,0.0
\mathrm{IM}_1,Ia,0.7,0.3,25600,51200,0.03162277660168379,base,,nan,terminal_infimum,inf,0.0028188760923023486,0.2560839478396118,33.28983633242135,2.091627672482556,0.0
\mathrm{IM}_1,Ia,0.7,0.3,25600,51200,0.03831186849557287,base,,nan,terminal_infimum,inf,0.003388317345369853,0.2560839478396118,33.28983633242135,1.899745581399719,0.0
\mathrm{IM}_1,Ia,0.7,0.3,25600,51200,0.046415888336127774,base,,nan,terminal_infimum,inf,0.004078211173425255,0.2560839478396118,33.28983633242135,1.7078634903168821,0.0
\mathrm{IM}_1,Ia,0.7,0.3,25600,51200,0.05623413251903491,base,,nan,terminal_infimum,inf,0.004914036627631534,0.2560839478396118,33.28983633242135,1.5159813992340445,0.0
\mathrm{IM}_1,Ia,0.7,0.3,25600,51200,0.06812920690579612,base,,nan,terminal_infimum,inf,0.0059266622831882386,0.2560839478396118,33.28983633242135,1.3240993081512078,0.0
\mathrm{IM}_1,Ia,0.7,0.3,25600,51200,0.08254041852680181,base,,nan,terminal_infimum,inf,0.0071534862727320936,0.2560839478396118,33.28983633242135,1.1322172170683706,0.0
\mathrm{IM}_1,Ia,0.7,0.3,25600,51200,0.1,base,,nan,terminal_infimum,inf,0.008639817468333548,0.2560839478396118,33.28983633242135,0.9403351259855333,0.0
\mathrm{IM}_1,Ia,0.7,0.3,25600,51200,0.12115276586285877,base,,nan,terminal_infimum,inf,0.010440548821687198,0.2560839478396118,33.28983633242135,0.7484530349026968,0.0
\mathrm{IM}_1,Ia,0.7,0.3,25600,51200,0.14400658658810353,boundary_refinement,terminal,-0.25,terminal_infimum,inf,0.012386090685606354,0.2560839478396118,33.28983633242135,0.5756462732485115,0.0
\mathrm{IM}_1,Ia,0.7,0.3,25600,51200,0.1467799267622069,base,,nan,terminal_infimum,inf,0.012622184662034849,0.2560839478396118,33.28983633242135,0.5565709438198593,0.0
\mathrm{IM}_1,Ia,0.7,0.3,25600,51200,0.15253951329351448,boundary_refinement,terminal,-0.225,terminal_infimum,inf,0.013112497281978785,0.2560839478396118,33.28983633242135,0.5180816459236602,0.0
\mathrm{IM}_1,Ia,0.7,0.3,25600,51200,0.16157804769288578,boundary_refinement,terminal,-0.2,terminal_infimum,inf,0.013881946175179634,0.2560839478396118,33.28983633242135,0.4605170185988091,0.0
\mathrm{IM}_1,Ia,0.7,0.3,25600,51200,0.1711521489255629,boundary_refinement,terminal,-0.17500000000000002,terminal_infimum,inf,0.014696987781636178,0.2560839478396118,33.28983633242135,0.4029523912739581,0.0
\mathrm{IM}_1,Ia,0.7,0.3,25600,51200,0.1778279410038923,base,,nan,terminal_infimum,inf,0.01526529682367145,0.2560839478396118,33.28983633242135,0.3646888527370218,0.0
\mathrm{IM}_1,Ia,0.7,0.3,25600,51200,0.18129355132150063,boundary_refinement,terminal,-0.15,terminal_infimum,inf,0.015560323639449754,0.2560839478396118,33.28983633242135,0.34538776394910686,0.0
\mathrm{IM}_1,Ia,0.7,0.3,25600,51200,0.19203586958791957,boundary_refinement,terminal,-0.125,terminal_infimum,inf,0.016474815362917918,0.2560839478396118,33.28983633242135,0.2878231366242556,0.0
\mathrm{IM}_1,Ia,0.7,0.3,25600,51200,0.2034147102286638,boundary_refinement,terminal,-0.1,terminal_infimum,inf,0.01744349412764536,0.2560839478396118,33.28983633242135,0.23025850929940458,0.0
\mathrm{IM}_1,Ia,0.7,0.3,25600,51200,0.21544346900318823,base,,nan,terminal_infimum,inf,0.01846750031235177,0.2560839478396118,33.28983633242135,0.17280676165418543,0.0
\mathrm{IM}_1,Ia,0.7,0.3,25600,51200,0.21546778956557092,boundary_refinement,terminal,-0.07500000000000001,terminal_infimum,inf,0.018469570717683046,0.2560839478396118,33.28983633242135,0.17269388197455351,0.0
\mathrm{IM}_1,Ia,0.7,0.3,25600,51200,0.22823505875304717,boundary_refinement,terminal,-0.05,terminal_infimum,inf,0.019556446167997673,0.2560839478396118,33.28983633242135,0.11512925464970225,0.0
\mathrm{IM}_1,Ia,0.7,0.3,25600,51200,0.24175883620022262,boundary_refinement,terminal,-0.025,terminal_infimum,inf,0.020707723037547185,0.2560839478396118,33.28983633242135,0.05756462732485113,0.0
\mathrm{IM}_1,Ia,0.7,0.3,25600,51200,0.24315452519283343,terminal_near_refinement,terminal,-0.0225,terminal_infimum,inf,0.02082653780365481,0.2560839478396118,33.28983633242135,0.05180816459236597,0.0
\mathrm{IM}_1,Ia,0.7,0.3,25600,51200,0.2445582715859294,terminal_near_refinement,terminal,-0.02,terminal_infimum,inf,0.020946038494892707,0.2560839478396118,33.28983633242135,0.04605170185988087,0.0
\mathrm{IM}_1,Ia,0.7,0.3,25600,51200,0.2459701218953912,terminal_near_refinement,terminal,-0.0175,terminal_infimum,inf,0.02106622907114987,0.2560839478396118,33.28983633242135,0.040295239127395764,0.0
\mathrm{IM}_1,Ia,0.7,0.3,25600,51200,0.2473901229056385,terminal_near_refinement,terminal,-0.015,terminal_infimum,inf,0.021187113515175982,0.2560839478396118,33.28983633242135,0.034538776394910715,0.0
\mathrm{IM}_1,Ia,0.7,0.3,25600,51200,0.2488183216711805,terminal_near_refinement,terminal,-0.0125,terminal_infimum,inf,0.021308695832713387,0.2560839478396118,33.28983633242135,0.028782313662425615,0.0
\mathrm{IM}_1,Ia,0.7,0.3,25600,51200,0.250254765518175,terminal_near_refinement,terminal,-0.01,terminal_infimum,inf,0.021430980052629833,0.2560839478396118,33.28983633242135,0.023025850929940583,0.0
\mathrm{IM}_1,Ia,0.7,0.3,25600,51200,0.25169950204599667,terminal_near_refinement,terminal,-0.0075,terminal_infimum,inf,0.021553970227051977,0.2560839478396118,33.28983633242135,0.017269388197455333,0.0
\mathrm{IM}_1,Ia,0.7,0.3,25600,51200,0.25315257912881434,terminal_near_refinement,terminal,-0.005,terminal_infimum,inf,0.02167767043149965,0.2560839478396118,33.28983633242135,0.011512925464970323,0.0
\mathrm{IM}_1,Ia,0.7,0.3,25600,51200,0.25461404491717754,terminal_near_refinement,terminal,-0.0025,terminal_infimum,inf,0.021802084765020935,0.2560839478396118,33.28983633242135,0.005756462732485091,0.0
\mathrm{IM}_1,Ia,0.7,0.3,25600,51200,0.25480352810041373,terminal_ultra_near_refinement,terminal,-0.002176919254274547,terminal_infimum,inf,0.021818215436120822,0.2560839478396118,33.28983633242135,0.005012541823544286,0.0
\mathrm{IM}_1,Ia,0.7,0.3,25600,51200,0.25505961204825334,terminal_ultra_near_refinement,terminal,-0.00174066157630127,terminal_infimum,inf,0.021840015818962246,0.2560839478396118,33.28983633242135,0.004008021397538934,0.0
\mathrm{IM}_1,Ia,0.7,0.3,25600,51200,0.25531569599609294,terminal_ultra_near_refinement,terminal,-0.0013048416883442813,terminal_infimum,inf,0.021861816201803674,0.2560839478396118,33.28983633242135,0.003004509020298836,0.0
\mathrm{IM}_1,Ia,0.7,0.3,25600,51200,0.2555717799439326,terminal_ultra_near_refinement,terminal,-0.0008694587126288914,terminal_infimum,inf,0.0218836165846451,0.2560839478396118,33.28983633242135,0.002002002670672968,0.0
\mathrm{IM}_1,Ia,0.7,0.3,25600,51200,0.2558278638917722,terminal_ultra_near_refinement,terminal,-0.0004345117740176917,terminal_infimum,inf,0.02190541696748653,0.2560839478396118,33.28983633242135,0.0010005003335835344,0.0
\mathrm{IM}_1,Ia,0.7,0.3,25600,51200,0.255955905865692,terminal_extreme_near_refinement,terminal,-0.00021720154586423186,terminal_infimum,inf,0.02191631715890724,0.2560839478396118,33.28983633242135,0.0005001250416822429,0.0
\mathrm{IM}_1,Ia,0.7,0.3,25600,51200,0.255981514260476,terminal_extreme_near_refinement,terminal,-0.00017375254558756316,terminal_infimum,inf,0.021918497197191387,0.2560839478396118,33.28983633242135,0.00040008002133958025,0.0
\mathrm{IM}_1,Ia,0.7,0.3,25600,51200,0.25600712265525993,terminal_extreme_near_refinement,terminal,-0.00013030789173217684,terminal_infimum,inf,0.021920677235475527,0.2560839478396118,33.28983633242135,0.00030004500900199243,0.0
\mathrm{IM}_1,Ia,0.7,0.3,25600,51200,0.25603273105004387,terminal_extreme_near_refinement,terminal,-8.686758342857122e-05,terminal_infimum,inf,0.021922857273759668,0.2560839478396118,33.28983633242135,0.00020002000266715575,0.0
\mathrm{IM}_1,Ia,0.7,0.3,25600,51200,0.25605833944482786,terminal_extreme_near_refinement,terminal,-4.3431619807505604e-05,terminal_infimum,inf,0.021925037312043812,0.2560839478396118,33.28983633242135,0.00010000500033323629,0.0
\mathrm{IM}_1,Ia,0.7,0.3,25600,51200,0.25610955623439574,terminal_extreme_near_refinement,terminal,4.342727686266486e-05,finite_interior,1468322.957650965,0.021929375032203883,0.2560839478396118,33.28983633242135,9.999500033329732e-05,5.948975080038174e-07
\mathrm{IM}_1,Ia,0.7,0.3,25600,51200,0.25613516462917973,terminal_extreme_near_refinement,terminal,8.685021164894766e-05,finite_interior,1467669.2621619676,0.02193153270707857,0.2560839478396118,33.28983633242135,0.0001999800026662447,1.004171476965728e-06
\mathrm{IM}_1,Ia,0.7,0.3,25600,51200,0.2561607730239637,terminal_extreme_near_refinement,terminal,0.00013026880522704667,finite_interior,1467014.9009510344,0.02193369037495396,0.2560839478396118,33.28983633242135,0.00029995500899794244,1.1751471374357722e-06
\mathrm{IM}_1,Ia,0.7,0.3,25600,51200,0.2561863814187476,terminal_extreme_near_refinement,terminal,0.0001736830584648997,finite_interior,1466361.155217467,0.021935848035832015,0.2560839478396118,33.28983633242135,0.0003999200213268913,2.763644525196714e-07
\mathrm{IM}_1,Ia,0.7,0.3,25600,51200,0.2562119898135316,terminal_extreme_near_refinement,terminal,0.00021709297223018438,finite_interior,1465707.8999702462,0.021938005689704332,0.2560839478396118,33.28983633242135,0.0004998750416509929,9.951902250605794e-07
\mathrm{IM}_1,Ia,0.7,0.3,25600,51200,0.2563400317874514,terminal_ultra_near_refinement,terminal,0.0004340774793185929,finite_interior,1462452.8873246145,0.021948793854231194,0.2560839478396118,33.28983633242135,0.0009995003330834232,1.2528163408190731e-06
\mathrm{IM}_1,Ia,0.7,0.3,25600,51200,0.256596115735291,terminal_ultra_near_refinement,terminal,0.0008677215312269133,finite_interior,1455986.036729109,0.02197036965975245,0.2560839478396118,33.28983633242135,0.001998002662673058,1.1066542930421448e-06
\mathrm{IM}_1,Ia,0.7,0.3,25600,51200,0.2568521996831306,terminal_ultra_near_refinement,terminal,0.001300933020418072,finite_interior,1449578.4444523735,0.02199194476882451,0.2560839478396118,33.28983633242135,0.002995508979798371,3.9702183305969165e-07
\mathrm{IM}_1,Ia,0.7,0.3,25600,51200,0.25710828363097027,terminal_ultra_near_refinement,terminal,0.0017337128090005314,finite_interior,1443227.3154672496,0.02201351918332031,0.2560839478396118,33.28983633242135,0.003992021269537457,2.3287211413868252e-07
\mathrm{IM}_1,Ia,0.7,0.3,25600,51200,0.2573643675788098,terminal_ultra_near_refinement,terminal,0.0021660617565076304,finite_interior,1436932.304278263,0.022035092905086255,0.2560839478396118,33.28983633242135,0.004987541511038968,5.990056468852895e-07
\mathrm{IM}_1,Ia,0.7,0.3,25600,51200,0.25756233660422373,terminal_near_refinement,terminal,0.0025,finite_interior,1432104.9850680241,0.022051770277631375,0.2560839478396118,33.28983633242135,0.00575646273248517,8.536655167508871e-07
\mathrm{IM}_1,Ia,0.7,0.3,25600,51200,0.2590492602003148,terminal_near_refinement,terminal,0.005,finite_interior,1396871.3480774607,0.02217701907946286,0.2560839478396118,33.28983633242135,0.011512925464970295,8.261012031435873e-07
\mathrm{IM}_1,Ia,0.7,0.3,25600,51200,0.2605447679000049,terminal_near_refinement,terminal,0.0075,finite_interior,1363150.29319328,0.022302967853412233,0.2560839478396118,33.28983633242135,0.017269388197455236,7.589300603033838e-07
\mathrm{IM}_1,Ia,0.7,0.3,25600,51200,0.2610157215682536,base,,nan,finite_interior,1352865.210902952,0.0223426259201824,0.2560839478396118,33.28983633242135,0.01907532942865212,2.5281349462462086e-07
\mathrm{IM}_1,Ia,0.7,0.3,25600,51200,0.2620489092598649,terminal_near_refinement,terminal,0.01,finite_interior,1330832.8129674236,0.02242962070433592,0.2560839478396118,33.28983633242135,0.023025850929940427,7.059118130812023e-07
\mathrm{IM}_1,Ia,0.7,0.3,25600,51200,0.2635617341225589,terminal_near_refinement,terminal,0.0125,finite_interior,1299819.8855003044,0.02255698174570682,0.2560839478396118,33.28983633242135,0.02878231366242563,1.0191693368321536e-06
\mathrm{IM}_1,Ia,0.7,0.3,25600,51200,0.26508329261849584,terminal_near_refinement,terminal,0.015,finite_interior,1270022.7326735447,0.022685055101162657,0.2560839478396118,33.28983633242135,0.03453877639491076,2.2310141284270008e-07
\mathrm{IM}_1,Ia,0.7,0.3,25600,51200,0.26661363516749065,terminal_near_refinement,terminal,0.0175,finite_interior,1241361.2391062374,0.022813844905661997,0.2560839478396118,33.28983633242135,0.04029523912739586,3.701266166237211e-07
\mathrm{IM}_1,Ia,0.7,0.3,25600,51200,0.26815281248043504,terminal_near_refinement,terminal,0.02,finite_interior,1213763.618159217,0.0229433553071275,0.2560839478396118,33.28983633242135,0.046051701859880986,9.785536141141431e-07
\mathrm{IM}_1,Ia,0.7,0.3,25600,51200,0.2697008755609779,terminal_near_refinement,terminal,0.0225,finite_interior,1187164.1940558346,0.023073590466884057,0.2560839478396118,33.28983633242135,0.05180816459236611,3.206233413998659e-07
\mathrm{IM}_1,Ia,0.7,0.3,25600,51200,0.2712578757072153,boundary_refinement,terminal,0.025,finite_interior,1161505.1696808303,0.023204554560554695,0.2560839478396118,33.28983633242135,0.057564627324851146,2.4385399425288247e-07
\mathrm{IM}_1,Ia,0.7,0.3,25600,51200,0.28733091532654587,boundary_refinement,terminal,0.05,finite_interior,946544.9478261827,0.024555217278883507,0.2560839478396118,33.28983633242135,0.1151292546497022,5.67488370157721e-07
\mathrm{IM}_1,Ia,0.7,0.3,25600,51200,0.3043563424182439,boundary_refinement,terminal,0.07500000000000001,finite_interior,785876.1045789568,0.025983497422334207,0.2560839478396118,33.28983633242135,0.1726938819745535,7.807308358264969e-08
\mathrm{IM}_1,Ia,0.7,0.3,25600,51200,0.31622776601683794,base,,nan,finite_interior,699556.2410817193,0.026978026147332624,0.2560839478396118,33.28983633242135,0.21095742051148955,1.3838749591321171e-07
\mathrm{IM}_1,Ia,0.7,0.3,25600,51200,0.32239058948785937,boundary_refinement,terminal,0.1,finite_interior,660843.76629356,0.02749388913785892,0.2560839478396118,33.28983633242135,0.2302585092994046,7.290448802242874e-07
\mathrm{IM}_1,Ia,0.7,0.3,25600,51200,0.3414934328771171,boundary_refinement,terminal,0.125,finite_interior,560871.3353630372,0.029091116606953016,0.2560839478396118,33.28983633242135,0.2878231366242557,1.1089265758099451e-07
\mathrm{IM}_1,Ia,0.7,0.3,25600,51200,0.36172819089866676,boundary_refinement,terminal,0.15,finite_interior,479365.97522929736,0.03078015388157444,0.2560839478396118,33.28983633242135,0.3453877639491069,6.708148690918681e-07
\mathrm{IM}_1,Ia,0.7,0.3,25600,51200,0.3831186849557285,base,,nan,finite_interior,412059.8259558508,0.03256264110610405,0.2560839478396118,33.28983633242135,0.402839511594326,5.221687390201036e-07
\mathrm{IM}_1,Ia,0.7,0.3,25600,51200,0.3831619337110542,boundary_refinement,terminal,0.17500000000000002,finite_interior,411939.2233968905,0.03256624200397028,0.2560839478396118,33.28983633242135,0.402952391273958,3.4789172421199073e-07
\mathrm{IM}_1,Ia,0.7,0.3,25600,51200,0.40586570562956764,boundary_refinement,terminal,0.2,finite_interior,355525.3456670763,0.034454905218366985,0.2560839478396118,33.28983633242135,0.4605170185988092,3.1133733964684154e-07
\mathrm{IM}_1,Ia,0.7,0.3,25600,51200,0.4299147606098284,boundary_refinement,terminal,0.225,finite_interior,307900.7086865825,0.0364519670335005,0.2560839478396118,33.28983633242135,0.5180816459236602,6.282160888269441e-07
\mathrm{IM}_1,Ia,0.7,0.3,25600,51200,0.45538881168466316,boundary_refinement,terminal,0.25,finite_interior,267405.1287397675,0.03856356649526196,0.2560839478396118,33.28983633242135,0.5756462732485114,4.36154922777522e-07
\mathrm{IM}_1,Ia,0.7,0.3,25600,51200,0.46415888336127775,base,,nan,finite_interior,255331.83926222648,0.039289657664571084,0.2560839478396118,33.28983633242135,0.5947216026771636,1.4722258137239024e-07
\mathrm{IM}_1,Ia,0.7,0.3,25600,51200,0.5623413251903491,base,,nan,finite_interior,162171.90286254606,0.04738921829784404,0.2560839478396118,33.28983633242135,0.786603693760001,3.088206403003066e-07
\mathrm{IM}_1,Ia,0.7,0.3,25600,51200,0.6812920690579608,base,,nan,finite_interior,104310.60054838158,0.057135445232951824,0.2560839478396118,33.28983633242135,0.9784857848428374,9.761803332820537e-08
\mathrm{IM}_1,Ia,0.7,0.3,25600,51200,0.8254041852680182,base,,nan,finite_interior,67507.14321451054,0.0688541820837794,0.2560839478396118,33.28983633242135,1.170367875925675,2.7695269242532486e-07
\mathrm{IM}_1,Ia,0.7,0.3,25600,51200,1.0,base,,nan,finite_interior,43796.838751690935,0.0829316650168331,0.2560839478396118,33.28983633242135,1.3622499670085124,2.5018366825163776e-07
\mathrm{IM}_1,Ia,0.7,0.3,25600,51200,1.2115276586285877,base,,nan,finite_interior,28425.252481837233,0.0998241377216307,0.2560839478396118,33.28983633242135,1.554132058091349,3.076432594189885e-07
\mathrm{IM}_1,Ia,0.7,0.3,25600,51200,1.467799267622069,base,,nan,finite_interior,18435.360368279435,0.12006830995599711,0.2560839478396118,33.28983633242135,1.7460141491741863,1.8642400725798223e-07
\mathrm{IM}_1,Ia,0.7,0.3,25600,51200,1.7782794100389228,base,,nan,finite_interior,11941.607689194372,0.14429241291358189,0.2560839478396118,33.28983633242135,1.937896240257024,7.074104943241923e-07
\mathrm{IM}_1,Ia,0.7,0.3,25600,51200,2.154434690031882,base,,nan,finite_interior,7724.547454959987,0.17322739009634763,0.2560839478396118,33.28983633242135,2.1297783313398604,4.67910900073649e-07
\mathrm{IM}_1,Ia,0.7,0.3,25600,51200,2.610157215682536,base,,nan,finite_interior,4990.061992982166,0.20771744362513778,0.2560839478396118,33.28983633242135,2.3216604224226978,5.353994028688165e-08
\mathrm{IM}_1,Ia,0.7,0.3,25600,51200,3.1622776601683795,base,,nan,finite_interior,3219.78068148053,0.24872868823895106,0.2560839478396118,33.28983633242135,2.353959588659121,4.448109820692679e-07
\mathrm{IM}_1,Ia,0.7,0.3,25600,51200,3.831186849557285,base,,nan,finite_interior,2075.4421447107406,0.297353987008418,0.2560839478396118,33.28983633242135,2.162077497576285,4.6657863388382843e-07
\mathrm{IM}_1,Ia,0.7,0.3,25600,51200,4.6415888336127775,base,,nan,finite_interior,1336.6761292437752,0.3548110561945895,0.2560839478396118,33.28983633242135,1.9701954064934475,3.354028730431394e-07
\mathrm{IM}_1,Ia,0.7,0.3,25600,51200,5.623413251903491,base,,nan,finite_interior,860.2316024486234,0.4224294858223031,0.2560839478396118,33.28983633242135,1.7783133154106099,2.949653268206574e-07
\mathrm{IM}_1,Ia,0.7,0.3,25600,51200,6.812920690579608,base,,nan,finite_interior,553.1990402011119,0.5016202057062025,0.2560839478396118,33.28983633242135,1.5864312243277734,4.3569583132671393e-07
\mathrm{IM}_1,Ia,0.7,0.3,25600,51200,8.254041852680182,base,,nan,finite_interior,355.454947818904,0.593817829061568,0.2560839478396118,33.28983633242135,1.394549133244936,2.9659429971588304e-07
\mathrm{IM}_1,Ia,0.7,0.3,25600,51200,10.0,base,,nan,finite_interior,228.07632675703096,0.7003807514638744,0.2560839478396118,33.28983633242135,1.2026670421620984,6.299148391068448e-07
\mathrm{IM}_1,Ia,0.7,0.3,25600,51200,12.115276586285876,base,,nan,finite_interior,146.3876446494387,0.8224375705329082,0.2560839478396118,33.28983633242135,1.0107849510792621,2.6364224791030006e-08
\mathrm{IM}_1,Ia,0.7,0.3,25600,51200,14.677992676220676,base,,nan,finite_interior,92.912638750529,0.960595972059409,0.2560839478396118,33.28983633242135,0.8189028599964255,1.124119264122565e-06
\mathrm{IM}_1,Ia,0.7,0.3,25600,51200,17.78279410038923,base,,nan,finite_interior,59.00405077750701,1.114236040630469,0.2560839478396118,33.28983633242135,0.6270207689135872,1.146840617555814e-06
\mathrm{IM}_1,Ia,0.7,0.3,25600,51200,18.720250678543653,boundary_refinement,zero,-0.25,finite_interior,52.87107516432001,1.1579653547727669,0.2560839478396118,33.28983633242135,0.5756462732485115,5.830583747793416e-07
\mathrm{IM}_1,Ia,0.7,0.3,25600,51200,19.829495267500036,boundary_refinement,zero,-0.225,finite_interior,46.96691874565423,1.2082987307370363,0.2560839478396118,33.28983633242135,0.5180816459236602,4.5198148513326047e-08
\mathrm{IM}_1,Ia,0.7,0.3,25600,51200,21.004466730484832,boundary_refinement,zero,-0.2,finite_interior,41.78263124194924,1.2600203695444088,0.2560839478396118,33.28983633242135,0.4605170185988091,1.0044008655539866e-06
\mathrm{IM}_1,Ia,0.7,0.3,25600,51200,21.54434690031882,base,,nan,finite_interior,39.65969160417789,1.2832431210932294,0.2560839478396118,33.28983633242135,0.43513867783075066,8.531647225591062e-08
\mathrm{IM}_1,Ia,0.7,0.3,25600,51200,22.249059629628487,boundary_refinement,zero,-0.17500000000000002,finite_interior,37.071376996790164,1.3130378125041378,0.2560839478396118,33.28983633242135,0.4029523912739581,4.910780180668292e-07
\mathrm{IM}_1,Ia,0.7,0.3,25600,51200,23.56739929437561,boundary_refinement,zero,-0.15,finite_interior,32.639987555860685,1.367151308955218,0.2560839478396118,33.28983633242135,0.34538776394910686,2.557136900584398e-07
\mathrm{IM}_1,Ia,0.7,0.3,25600,51200,24.96385549530797,boundary_refinement,zero,-0.125,finite_interior,28.325005931286107,1.4219929235680433,0.2560839478396118,33.28983633242135,0.2878231366242556,1.4514653709773809e-06
\mathrm{IM}_1,Ia,0.7,0.3,25600,51200,26.10157215682533,base,,nan,finite_interior,24.96389868151085,1.4645542385983152,0.2560839478396118,33.28983633242135,0.24325658674791428,1.4571268034494324e-06
\mathrm{IM}_1,Ia,0.7,0.3,25600,51200,26.4430569281925,boundary_refinement,zero,-0.1,finite_interior,23.96736863206176,1.4769133216627948,0.2560839478396118,33.28983633242135,0.23025850929940458,1.4631975276986913e-06
\mathrm{IM}_1,Ia,0.7,0.3,25600,51200,28.009906556263022,boundary_refinement,zero,-0.07500000000000001,finite_interior,19.380751901992493,1.530749429212872,0.2560839478396118,33.28983633242135,0.17269388197455351,8.755056008406872e-07
\mathrm{IM}_1,Ia,0.7,0.3,25600,51200,29.669597861589377,boundary_refinement,zero,-0.05,finite_interior,14.296152539048348,1.5812836775388206,0.2560839478396118,33.28983633242135,0.11512925464970225,4.2879237495827124e-07
\mathrm{IM}_1,Ia,0.7,0.3,25600,51200,31.427632059400672,boundary_refinement,zero,-0.025,finite_interior,8.22694693991366,1.623727547670153,0.2560839478396118,33.28983633242135,0.05756462732485113,2.605229211707313e-07
\mathrm{IM}_1,Ia,0.7,0.3,25600,51200,31.622776601683793,base,,nan,finite_interior,7.479269309294127,1.6274182804253292,0.2560839478396118,33.28983633242135,0.05137449566507564,1.057315144157916e-07
\mathrm{IM}_1,Ia,0.7,0.3,25600,51200,35.26238314565958,boundary_refinement,zero,0.025,no_training,0.0,1.6449145357889605,0.2560839478396118,33.28983633242135,0.057564627324851146,0.0
\mathrm{IM}_1,Ia,0.7,0.3,25600,51200,37.35181070566875,boundary_refinement,zero,0.05,no_training,0.0,1.6449145357889605,0.2560839478396118,33.28983633242135,0.1151292546497022,0.0
\mathrm{IM}_1,Ia,0.7,0.3,25600,51200,38.31186849557285,base,,nan,no_training,0.0,1.6449145357889605,0.2560839478396118,33.28983633242135,0.1405075954177608,0.0
\mathrm{IM}_1,Ia,0.7,0.3,25600,51200,39.565044632096566,boundary_refinement,zero,0.07500000000000001,no_training,0.0,1.6449145357889605,0.2560839478396118,33.28983633242135,0.1726938819745535,0.0
\mathrm{IM}_1,Ia,0.7,0.3,25600,51200,41.90942091335398,boundary_refinement,zero,0.1,no_training,0.0,1.6449145357889605,0.2560839478396118,33.28983633242135,0.2302585092994046,0.0
\mathrm{IM}_1,Ia,0.7,0.3,25600,51200,44.39271022249318,boundary_refinement,zero,0.125,no_training,0.0,1.6449145357889605,0.2560839478396118,33.28983633242135,0.2878231366242557,0.0
\mathrm{IM}_1,Ia,0.7,0.3,25600,51200,46.41588833612773,base,,nan,no_training,0.0,1.6449145357889605,0.2560839478396118,33.28983633242135,0.33238968650059736,0.0
\mathrm{IM}_1,Ia,0.7,0.3,25600,51200,47.023143673891816,boundary_refinement,zero,0.15,no_training,0.0,1.6449145357889605,0.2560839478396118,33.28983633242135,0.3453877639491069,0.0
\mathrm{IM}_1,Ia,0.7,0.3,25600,51200,49.80944010611677,boundary_refinement,zero,0.17500000000000002,no_training,0.0,1.6449145357889605,0.2560839478396118,33.28983633242135,0.402952391273958,0.0
\mathrm{IM}_1,Ia,0.7,0.3,25600,51200,52.76083498139925,boundary_refinement,zero,0.2,no_training,0.0,1.6449145357889605,0.2560839478396118,33.28983633242135,0.4605170185988092,0.0
\mathrm{IM}_1,Ia,0.7,0.3,25600,51200,55.887110997511364,boundary_refinement,zero,0.225,no_training,0.0,1.6449145357889605,0.2560839478396118,33.28983633242135,0.5180816459236602,0.0
\mathrm{IM}_1,Ia,0.7,0.3,25600,51200,56.23413251903491,base,,nan,no_training,0.0,1.6449145357889605,0.2560839478396118,33.28983633242135,0.5242717775834358,0.0
\mathrm{IM}_1,Ia,0.7,0.3,25600,51200,59.19863051351054,boundary_refinement,zero,0.25,no_training,0.0,1.6449145357889605,0.2560839478396118,33.28983633242135,0.5756462732485114,0.0
\mathrm{IM}_1,Ia,0.7,0.3,25600,51200,68.12920690579608,base,,nan,no_training,0.0,1.6449145357889605,0.2560839478396118,33.28983633242135,0.7161538686662722,0.0
\mathrm{IM}_1,Ia,0.7,0.3,25600,51200,82.54041852680173,base,,nan,no_training,0.0,1.6449145357889605,0.2560839478396118,33.28983633242135,0.9080359597491086,0.0
\mathrm{IM}_1,Ia,0.7,0.3,25600,51200,100.0,base,,nan,no_training,0.0,1.6449145357889605,0.2560839478396118,33.28983633242135,1.0999180508319473,0.0
\mathrm{IM}_1,Ia,0.7,0.3,25600,51200,121.15276586285876,base,,nan,no_training,0.0,1.6449145357889605,0.2560839478396118,33.28983633242135,1.2918001419147835,0.0
\mathrm{IM}_1,Ia,0.7,0.3,25600,51200,146.77992676220674,base,,nan,no_training,0.0,1.6449145357889605,0.2560839478396118,33.28983633242135,1.48368223299762,0.0
\mathrm{IM}_1,Ia,0.7,0.3,25600,51200,177.82794100389228,base,,nan,no_training,0.0,1.6449145357889605,0.2560839478396118,33.28983633242135,1.6755643240804587,0.0
\mathrm{IM}_1,Ia,0.7,0.3,25600,51200,215.44346900318823,base,,nan,no_training,0.0,1.6449145357889605,0.2560839478396118,33.28983633242135,1.867446415163295,0.0
\mathrm{IM}_1,Ia,0.7,0.3,25600,51200,261.0157215682533,base,,nan,no_training,0.0,1.6449145357889605,0.2560839478396118,33.28983633242135,2.0593285062461315,0.0
\mathrm{IM}_1,Ia,0.7,0.3,25600,51200,316.22776601683796,base,,nan,no_training,0.0,1.6449145357889605,0.2560839478396118,33.28983633242135,2.25121059732897,0.0
\mathrm{IM}_1,Ia,0.7,0.3,25600,51200,383.1186849557285,base,,nan,no_training,0.0,1.6449145357889605,0.2560839478396118,33.28983633242135,2.4430926884118063,0.0
\mathrm{IM}_1,Ia,0.7,0.3,25600,51200,464.1588833612773,base,,nan,no_training,0.0,1.6449145357889605,0.2560839478396118,33.28983633242135,2.6349747794946428,0.0
\mathrm{IM}_1,Ia,0.7,0.3,25600,51200,562.341325190349,base,,nan,no_training,0.0,1.6449145357889605,0.2560839478396118,33.28983633242135,2.8268568705774815,0.0
\mathrm{IM}_1,Ia,0.7,0.3,25600,51200,681.2920690579608,base,,nan,no_training,0.0,1.6449145357889605,0.2560839478396118,33.28983633242135,3.018738961660318,0.0
\mathrm{IM}_1,Ia,0.7,0.3,25600,51200,825.4041852680173,base,,nan,no_training,0.0,1.6449145357889605,0.2560839478396118,33.28983633242135,3.2106210527431545,0.0
\mathrm{IM}_1,Ia,0.7,0.3,25600,51200,1000.0,base,,nan,no_training,0.0,1.6449145357889605,0.2560839478396118,33.28983633242135,3.4025031438259927,0.0
\mathrm{IM}_1,Ia,0.7,0.3,38400,76800,0.001,base,,nan,terminal_infimum,inf,0.0001700290798607063,0.2011016441288921,33.29319757807727,5.303810472423416,0.0
\mathrm{IM}_1,Ia,0.7,0.3,38400,76800,0.001211527658628589,base,,nan,terminal_infimum,inf,0.0001880668210342669,0.2011016441288921,33.29319757807727,5.1119283813405785,0.0
\mathrm{IM}_1,Ia,0.7,0.3,38400,76800,0.0014677992676220691,base,,nan,terminal_infimum,inf,0.00020992004336521915,0.2011016441288921,33.29319757807727,4.9200462902577415,0.0
\mathrm{IM}_1,Ia,0.7,0.3,38400,76800,0.0017782794100389228,base,,nan,terminal_infimum,inf,0.00023639582664932785,0.2011016441288921,33.29319757807727,4.728164199174905,0.0
\mathrm{IM}_1,Ia,0.7,0.3,38400,76800,0.0021544346900318843,base,,nan,terminal_infimum,inf,0.000268471970381882,0.2011016441288921,33.29319757807727,4.536282108092067,0.0
\mathrm{IM}_1,Ia,0.7,0.3,38400,76800,0.0026101572156825357,base,,nan,terminal_infimum,inf,0.0003073331056960171,0.2011016441288921,33.29319757807727,4.344400017009231,0.0
\mathrm{IM}_1,Ia,0.7,0.3,38400,76800,0.0031622776601683794,base,,nan,terminal_infimum,inf,0.00035441444597480033,0.2011016441288921,33.29319757807727,4.152517925926393,0.0
\mathrm{IM}_1,Ia,0.7,0.3,38400,76800,0.003831186849557285,base,,nan,terminal_infimum,inf,0.00041145479192785,0.2011016441288921,33.29319757807727,3.9606358348435564,0.0
\mathrm{IM}_1,Ia,0.7,0.3,38400,76800,0.004641588833612777,base,,nan,terminal_infimum,inf,0.00048056074870771333,0.2011016441288921,33.29319757807727,3.768753743760719,0.0
\mathrm{IM}_1,Ia,0.7,0.3,38400,76800,0.005623413251903491,base,,nan,terminal_infimum,inf,0.0005642845267225098,0.2011016441288921,33.29319757807727,3.5768716526778817,0.0
\mathrm{IM}_1,Ia,0.7,0.3,38400,76800,0.006812920690579608,base,,nan,terminal_infimum,inf,0.000665718199472315,0.2011016441288921,33.29319757807727,3.384989561595045,0.0
\mathrm{IM}_1,Ia,0.7,0.3,38400,76800,0.008254041852680182,base,,nan,terminal_infimum,inf,0.0007886078995249858,0.2011016441288921,33.29319757807727,3.193107470512208,0.0
\mathrm{IM}_1,Ia,0.7,0.3,38400,76800,0.01,base,,nan,terminal_infimum,inf,0.0009374921700993675,0.2011016441288921,33.29319757807727,3.0012253794293704,0.0
\mathrm{IM}_1,Ia,0.7,0.3,38400,76800,0.012115276586285882,base,,nan,terminal_infimum,inf,0.0011178695818349728,0.2011016441288921,33.29319757807727,2.809343288346533,0.0
\mathrm{IM}_1,Ia,0.7,0.3,38400,76800,0.01467799267622069,base,,nan,terminal_infimum,inf,0.0013364018051444956,0.2011016441288921,33.29319757807727,2.617461197263696,0.0
\mathrm{IM}_1,Ia,0.7,0.3,38400,76800,0.01778279410038923,base,,nan,terminal_infimum,inf,0.0016011596379855828,0.2011016441288921,33.29319757807727,2.4255791061808587,0.0
\mathrm{IM}_1,Ia,0.7,0.3,38400,76800,0.021544346900318832,base,,nan,terminal_infimum,inf,0.001921921075311123,0.2011016441288921,33.29319757807727,2.2336970150980218,0.0
\mathrm{IM}_1,Ia,0.7,0.3,38400,76800,0.026101572156825358,base,,nan,terminal_infimum,inf,0.0023105324284524754,0.2011016441288921,33.29319757807727,2.041814924015185,0.0
\mathrm{IM}_1,Ia,0.7,0.3,38400,76800,0.03162277660168379,base,,nan,terminal_infimum,inf,0.0027813458312403072,0.2011016441288921,33.29319757807727,1.8499328329323474,0.0
\mathrm{IM}_1,Ia,0.7,0.3,38400,76800,0.03831186849557287,base,,nan,terminal_infimum,inf,0.0033517492907708065,0.2011016441288921,33.29319757807727,1.6580507418495103,0.0
\mathrm{IM}_1,Ia,0.7,0.3,38400,76800,0.046415888336127774,base,,nan,terminal_infimum,inf,0.004042808858569438,0.2011016441288921,33.29319757807727,1.4661686507666734,0.0
\mathrm{IM}_1,Ia,0.7,0.3,38400,76800,0.05623413251903491,base,,nan,terminal_infimum,inf,0.004880046638717402,0.2011016441288921,33.29319757807727,1.2742865596838358,0.0
\mathrm{IM}_1,Ia,0.7,0.3,38400,76800,0.06812920690579612,base,,nan,terminal_infimum,inf,0.005894383366215458,0.2011016441288921,33.29319757807727,1.0824044686009988,0.0
\mathrm{IM}_1,Ia,0.7,0.3,38400,76800,0.08254041852680181,base,,nan,terminal_infimum,inf,0.007123280366742162,0.2011016441288921,33.29319757807727,0.890522377518162,0.0
\mathrm{IM}_1,Ia,0.7,0.3,38400,76800,0.1,base,,nan,terminal_infimum,inf,0.00861212307248598,0.2011016441288921,33.29319757807727,0.6986402864353244,0.0
\mathrm{IM}_1,Ia,0.7,0.3,38400,76800,0.11308776505739916,boundary_refinement,terminal,-0.25,terminal_infimum,inf,0.009728164918626995,0.2011016441288921,33.29319757807727,0.5756462732485115,0.0
\mathrm{IM}_1,Ia,0.7,0.3,38400,76800,0.11978863640902411,boundary_refinement,terminal,-0.225,terminal_infimum,inf,0.010299572855828082,0.2011016441288921,33.29319757807727,0.5180816459236602,0.0
\mathrm{IM}_1,Ia,0.7,0.3,38400,76800,0.12115276586285877,base,,nan,terminal_infimum,inf,0.01041589718984203,0.2011016441288921,33.29319757807727,0.5067581953524881,0.0
\mathrm{IM}_1,Ia,0.7,0.3,38400,76800,0.1268865593501666,boundary_refinement,terminal,-0.2,terminal_infimum,inf,0.010904838841904204,0.2011016441288921,33.29319757807727,0.4605170185988091,0.0
\mathrm{IM}_1,Ia,0.7,0.3,38400,76800,0.1344050606665931,boundary_refinement,terminal,-0.17500000000000002,terminal_infimum,inf,0.011545969092378441,0.2011016441288921,33.29319757807727,0.4029523912739581,0.0
\mathrm{IM}_1,Ia,0.7,0.3,38400,76800,0.14236906119376827,boundary_refinement,terminal,-0.15,terminal_infimum,inf,0.012225088698517128,0.2011016441288921,33.29319757807727,0.34538776394910686,0.0
\mathrm{IM}_1,Ia,0.7,0.3,38400,76800,0.1467799267622069,base,,nan,terminal_infimum,inf,0.012601219422937265,0.2011016441288921,33.29319757807727,0.31487610426965046,0.0
\mathrm{IM}_1,Ia,0.7,0.3,38400,76800,0.15080495841949246,boundary_refinement,terminal,-0.125,terminal_infimum,inf,0.012944448671160465,0.2011016441288921,33.29319757807727,0.2878231366242556,0.0
\mathrm{IM}_1,Ia,0.7,0.3,38400,76800,0.15974071398105352,boundary_refinement,terminal,-0.1,terminal_infimum,inf,0.013706433401926349,0.2011016441288921,33.29319757807727,0.23025850929940458,0.0
\mathrm{IM}_1,Ia,0.7,0.3,38400,76800,0.16920594634691075,boundary_refinement,terminal,-0.07500000000000001,terminal_infimum,inf,0.014513568566518325,0.2011016441288921,33.29319757807727,0.17269388197455365,0.0
\mathrm{IM}_1,Ia,0.7,0.3,38400,76800,0.1778279410038923,base,,nan,terminal_infimum,inf,0.015248797751348134,0.2011016441288921,33.29319757807727,0.12299401318681306,0.0
\mathrm{IM}_1,Ia,0.7,0.3,38400,76800,0.17923202899011373,boundary_refinement,terminal,-0.05,terminal_infimum,inf,0.015368529496333966,0.2011016441288921,33.29319757807727,0.11512925464970225,0.0
\mathrm{IM}_1,Ia,0.7,0.3,38400,76800,0.18985219437886178,boundary_refinement,terminal,-0.025,terminal_infimum,inf,0.016274150046122215,0.2011016441288921,33.29319757807727,0.05756462732485113,0.0
\mathrm{IM}_1,Ia,0.7,0.3,38400,76800,0.19094822305802922,terminal_near_refinement,terminal,-0.0225,terminal_infimum,inf,0.016367612441355997,0.2011016441288921,33.29319757807727,0.05180816459236597,0.0
\mathrm{IM}_1,Ia,0.7,0.3,38400,76800,0.1920505791798132,terminal_near_refinement,terminal,-0.02,terminal_infimum,inf,0.016461614400885758,0.2011016441288921,33.29319757807727,0.04605170185988087,0.0
\mathrm{IM}_1,Ia,0.7,0.3,38400,76800,0.19315929927293857,terminal_near_refinement,terminal,-0.0175,terminal_infimum,inf,0.016556159039650166,0.2011016441288921,33.29319757807727,0.040295239127395764,0.0
\mathrm{IM}_1,Ia,0.7,0.3,38400,76800,0.19427442007701284,terminal_near_refinement,terminal,-0.015,terminal_infimum,inf,0.016651249490570643,0.2011016441288921,33.29319757807727,0.034538776394910715,0.0
\mathrm{IM}_1,Ia,0.7,0.3,38400,76800,0.1953959785437436,terminal_near_refinement,terminal,-0.0125,terminal_infimum,inf,0.016746888904655144,0.2011016441288921,33.29319757807727,0.0287823136624255,0.0
\mathrm{IM}_1,Ia,0.7,0.3,38400,76800,0.19652401183816293,terminal_near_refinement,terminal,-0.01,terminal_infimum,inf,0.016843080451102607,0.2011016441288921,33.29319757807727,0.02302585092994047,0.0
\mathrm{IM}_1,Ia,0.7,0.3,38400,76800,0.197658557339859,terminal_near_refinement,terminal,-0.0075,terminal_infimum,inf,0.01693982731740794,0.2011016441288921,33.29319757807727,0.017269388197455333,0.0
\mathrm{IM}_1,Ia,0.7,0.3,38400,76800,0.1987996526442147,terminal_near_refinement,terminal,-0.005,terminal_infimum,inf,0.017037132709467682,0.2011016441288921,33.29319757807727,0.01151292546497021,0.0
\mathrm{IM}_1,Ia,0.7,0.3,38400,76800,0.19994733556365343,terminal_near_refinement,terminal,-0.0025,terminal_infimum,inf,0.017134999851686192,0.2011016441288921,33.29319757807727,0.005756462732485091,0.0
\mathrm{IM}_1,Ia,0.7,0.3,38400,76800,0.20009613590824762,terminal_ultra_near_refinement,terminal,-0.002176919254274547,terminal_infimum,inf,0.01714768860416295,0.2011016441288921,33.29319757807727,0.005012541823544286,0.0
\mathrm{IM}_1,Ia,0.7,0.3,38400,76800,0.20029723755237652,terminal_ultra_near_refinement,terminal,-0.00174066157630127,terminal_infimum,inf,0.017164837280746865,0.2011016441288921,33.29319757807727,0.004008021397538822,0.0
\mathrm{IM}_1,Ia,0.7,0.3,38400,76800,0.20049833919650542,terminal_ultra_near_refinement,terminal,-0.0013048416883442813,terminal_infimum,inf,0.01718198595733078,0.2011016441288921,33.29319757807727,0.0030045090202987243,0.0
\mathrm{IM}_1,Ia,0.7,0.3,38400,76800,0.2006994408406343,terminal_ultra_near_refinement,terminal,-0.0008694587126288914,terminal_infimum,inf,0.017199134633914696,0.2011016441288921,33.29319757807727,0.0020020026706731903,0.0
\mathrm{IM}_1,Ia,0.7,0.3,38400,76800,0.2009005424847632,terminal_ultra_near_refinement,terminal,-0.0004345117740176917,terminal_infimum,inf,0.017216283310498612,0.2011016441288921,33.29319757807727,0.0010005003335835344,0.0
\mathrm{IM}_1,Ia,0.7,0.3,38400,76800,0.20100109330682767,terminal_extreme_near_refinement,terminal,-0.00021720154586423186,terminal_infimum,inf,0.01722485764879057,0.2011016441288921,33.29319757807727,0.0005001250416821317,0.0
\mathrm{IM}_1,Ia,0.7,0.3,38400,76800,0.20102120347124053,terminal_extreme_near_refinement,terminal,-0.00017375254558756316,terminal_infimum,inf,0.01722657251644896,0.2011016441288921,33.29319757807727,0.00040008002133980235,0.0
\mathrm{IM}_1,Ia,0.7,0.3,38400,76800,0.20104131363565342,terminal_extreme_near_refinement,terminal,-0.00013030789173217684,terminal_infimum,inf,0.017228287384107352,0.2011016441288921,33.29319757807727,0.00030004500900199243,0.0
\mathrm{IM}_1,Ia,0.7,0.3,38400,76800,0.2010614238000663,terminal_extreme_near_refinement,terminal,-8.686758342857122e-05,terminal_infimum,inf,0.01723000225176574,0.2011016441288921,33.29319757807727,0.0002000200026670447,0.0
\mathrm{IM}_1,Ia,0.7,0.3,38400,76800,0.2010815339644792,terminal_extreme_near_refinement,terminal,-4.3431619807505604e-05,terminal_infimum,inf,0.017231717119424134,0.2011016441288921,33.29319757807727,0.00010000500033334732,0.0
\mathrm{IM}_1,Ia,0.7,0.3,38400,76800,0.20112175429330498,terminal_extreme_near_refinement,terminal,4.342727686266486e-05,finite_interior,2584733.29851845,0.01723513190113481,0.2011016441288921,33.29319757807727,9.999500033329732e-05,2.1264290434834442e-07
\mathrm{IM}_1,Ia,0.7,0.3,38400,76800,0.20114186445771787,terminal_extreme_near_refinement,terminal,8.685021164894766e-05,finite_interior,2583580.0884443414,0.017236831810503284,0.2011016441288921,33.29319757807727,0.0001999800026662447,6.991666068991666e-07
\mathrm{IM}_1,Ia,0.7,0.3,38400,76800,0.20116197462213076,terminal_extreme_near_refinement,terminal,0.00013026880522704667,finite_interior,2582427.999113433,0.017238531715189295,0.2011016441288921,33.29319757807727,0.00029995500899794244,2.931107084420464e-07
\mathrm{IM}_1,Ia,0.7,0.3,38400,76800,0.20118208478654365,terminal_extreme_near_refinement,terminal,0.0001736830584648997,finite_interior,2581276.983358922,0.01724023161519418,0.2011016441288921,33.29319757807727,0.0003999200213268913,5.339979654185998e-07
\mathrm{IM}_1,Ia,0.7,0.3,38400,76800,0.2012021949509565,terminal_extreme_near_refinement,terminal,0.00021709297223018438,finite_interior,2580127.007918257,0.017241931510519278,0.2011016441288921,33.29319757807727,0.0004998750416509929,7.845011623370536e-07
\mathrm{IM}_1,Ia,0.7,0.3,38400,76800,0.20130274577302096,terminal_ultra_near_refinement,terminal,0.0004340774793185929,finite_interior,2574394.1518509225,0.017250430916994634,0.2011016441288921,33.29319757807727,0.0009995003330834232,1.128714532366452e-06
\mathrm{IM}_1,Ia,0.7,0.3,38400,76800,0.20150384741714988,terminal_ultra_near_refinement,terminal,0.0008677215312269133,finite_interior,2563004.2318713805,0.017267429379721862,0.2011016441288921,33.29319757807727,0.001998002662673058,6.931927737080798e-07
\mathrm{IM}_1,Ia,0.7,0.3,38400,76800,0.20170494906127875,terminal_ultra_near_refinement,terminal,0.001300933020418072,finite_interior,2551716.865583042,0.017284427376552444,0.2011016441288921,33.29319757807727,0.002995508979798371,1.444123894404152e-06
\mathrm{IM}_1,Ia,0.7,0.3,38400,76800,0.20190605070540765,terminal_ultra_near_refinement,terminal,0.0017337128090005314,finite_interior,2540532.6553909453,0.01730142490875601,0.2011016441288921,33.29319757807727,0.003992021269537457,4.408365542401349e-07
\mathrm{IM}_1,Ia,0.7,0.3,38400,76800,0.20210715234953652,terminal_ultra_near_refinement,terminal,0.0021660617565076304,finite_interior,2529446.5070418855,0.017318421977605827,0.2011016441288921,33.29319757807727,0.004987541511038968,4.194069260301425e-07
\mathrm{IM}_1,Ia,0.7,0.3,38400,76800,0.20226261659020134,terminal_near_refinement,terminal,0.0025,finite_interior,2520942.5659367163,0.017331561465891734,0.2011016441288921,33.29319757807727,0.00575646273248517,5.383684991224454e-07
\mathrm{IM}_1,Ia,0.7,0.3,38400,76800,0.203430291418673,terminal_near_refinement,terminal,0.005,finite_interior,2458882.995104391,0.01743024194768621,0.2011016441288921,33.29319757807727,0.011512925464970295,1.2776929568382549e-06
\mathrm{IM}_1,Ia,0.7,0.3,38400,76800,0.20460470730749494,terminal_near_refinement,terminal,0.0075,finite_interior,2399490.642018818,0.017529476667175133,0.2011016441288921,33.29319757807727,0.017269388197455236,9.734840137619993e-07
\mathrm{IM}_1,Ia,0.7,0.3,38400,76800,0.20578590317323334,terminal_near_refinement,terminal,0.01,finite_interior,2342569.2927495353,0.017629268866512976,0.2011016441288921,33.29319757807727,0.023025850929940427,1.186375902064889e-06
\mathrm{IM}_1,Ia,0.7,0.3,38400,76800,0.20697391815712202,terminal_near_refinement,terminal,0.0125,finite_interior,2287946.883835635,0.017729621796559986,0.2011016441288921,33.29319757807727,0.02878231366242563,1.5880607102492288e-07
\mathrm{IM}_1,Ia,0.7,0.3,38400,76800,0.2081687916263597,terminal_near_refinement,terminal,0.015,finite_interior,2235465.256347348,0.017830538717816112,0.2011016441288921,33.29319757807727,0.03453877639491076,1.178407954046215e-06
\mathrm{IM}_1,Ia,0.7,0.3,38400,76800,0.20937056317541441,terminal_near_refinement,terminal,0.0175,finite_interior,2184985.0670495518,0.017932022901557966,0.2011016441288921,33.29319757807727,0.04029523912739586,1.0362286455368308e-06
\mathrm{IM}_1,Ia,0.7,0.3,38400,76800,0.2105792726273355,terminal_near_refinement,terminal,0.02,finite_interior,2136377.9081055266,0.01803407763028345,0.2011016441288921,33.29319757807727,0.046051701859880986,6.84863421429123e-07
\mathrm{IM}_1,Ia,0.7,0.3,38400,76800,0.2117949600350733,terminal_near_refinement,terminal,0.0225,finite_interior,2089532.6879808041,0.018136706198406044,0.2011016441288921,33.29319757807727,0.05180816459236611,4.886889667205397e-07
\mathrm{IM}_1,Ia,0.7,0.3,38400,76800,0.21301766568280642,boundary_refinement,terminal,0.025,finite_interior,2044339.5223448302,0.018239911913182447,0.2011016441288921,33.29319757807727,0.057564627324851146,4.712378282230726e-07
\mathrm{IM}_1,Ia,0.7,0.3,38400,76800,0.21544346900318823,base,,nan,finite_interior,1959909.6306643772,0.018444623396441148,0.2011016441288921,33.29319757807727,0.06888807789602337,4.6531074671059927e-07
\mathrm{IM}_1,Ia,0.7,0.3,38400,76800,0.225639755903083,boundary_refinement,terminal,0.05,finite_interior,1665771.4419870332,0.01930444969511719,0.2011016441288921,33.29319757807727,0.1151292546497022,5.411539348248029e-07
\mathrm{IM}_1,Ia,0.7,0.3,38400,76800,0.23900975198843485,boundary_refinement,terminal,0.07500000000000001,finite_interior,1382839.985302134,0.020430449980375392,0.2011016441288921,33.29319757807727,0.1726938819745535,7.903683943629461e-07
\mathrm{IM}_1,Ia,0.7,0.3,38400,76800,0.2531719701474496,boundary_refinement,terminal,0.1,finite_interior,1162685.505924344,0.021621484306859458,0.2011016441288921,33.29319757807727,0.2302585092994046,6.723165734862222e-07
\mathrm{IM}_1,Ia,0.7,0.3,38400,76800,0.2610157215682536,base,,nan,finite_interior,1064747.8528340908,0.022280430617012705,0.2011016441288921,33.29319757807727,0.2607701689788609,9.997790173262594e-08
\mathrm{IM}_1,Ia,0.7,0.3,38400,76800,0.2681733524891593,boundary_refinement,terminal,0.125,finite_interior,986672.9584082131,0.022881311567422027,0.2011016441288921,33.29319757807727,0.2878231366242557,4.6890919606853585e-07
\mathrm{IM}_1,Ia,0.7,0.3,38400,76800,0.2840636226174242,boundary_refinement,terminal,0.15,finite_interior,843188.1221621131,0.024213893258766425,0.2011016441288921,33.29319757807727,0.3453877639491069,6.202683555610313e-07
\mathrm{IM}_1,Ia,0.7,0.3,38400,76800,0.3008954504448621,boundary_refinement,terminal,0.17500000000000002,finite_interior,724499.4762235142,0.0256234070290426,0.2011016441288921,33.29319757807727,0.402952391273958,2.332786123138594e-07
\mathrm{IM}_1,Ia,0.7,0.3,38400,76800,0.31622776601683794,base,,nan,finite_interior,637782.9385086588,0.02690560719196249,0.2011016441288921,33.29319757807727,0.45265226006169834,7.330665039995609e-07
\mathrm{IM}_1,Ia,0.7,0.3,38400,76800,0.31872462677261854,boundary_refinement,terminal,0.2,finite_interior,625205.4351436734,0.027114259743719383,0.2011016441288921,33.29319757807727,0.4605170185988092,4.957288654406537e-07
\mathrm{IM}_1,Ia,0.7,0.3,38400,76800,0.3376102482146372,boundary_refinement,terminal,0.225,finite_interior,541390.3083912804,0.028691100581659645,0.2011016441288921,33.29319757807727,0.5180816459236601,1.0714685534356607e-07
\mathrm{IM}_1,Ia,0.7,0.3,38400,76800,0.3576149130793836,boundary_refinement,terminal,0.25,finite_interior,470128.7248883476,0.03035883441101959,0.2011016441288921,33.29319757807727,0.5756462732485113,2.7479085992043643e-07
\mathrm{IM}_1,Ia,0.7,0.3,38400,76800,0.3831186849557285,base,,nan,finite_interior,398251.0070459342,0.03248136283332662,0.2011016441288921,33.29319757807727,0.6445343511445348,7.591061010192119e-07
\mathrm{IM}_1,Ia,0.7,0.3,38400,76800,0.46415888336127775,base,,nan,finite_interior,253889.4998260059,0.039200319399864895,0.2011016441288921,33.29319757807727,0.8364164422273722,4.206966541382913e-07
\mathrm{IM}_1,Ia,0.7,0.3,38400,76800,0.5623413251903491,base,,nan,finite_interior,163574.45107620224,0.04729246151667168,0.2011016441288921,33.29319757807727,1.02829853331021,8.106577935126928e-07
\mathrm{IM}_1,Ia,0.7,0.3,38400,76800,0.6812920690579608,base,,nan,finite_interior,105912.29483973984,0.05703187393976552,0.2011016441288921,33.29319757807727,1.2201806243930462,3.8804884359133845e-07
\mathrm{IM}_1,Ia,0.7,0.3,38400,76800,0.8254041852680182,base,,nan,finite_interior,68700.14883774037,0.06874440508951611,0.2011016441288921,33.29319757807727,1.4120627154758838,5.841025440929393e-07
\mathrm{IM}_1,Ia,0.7,0.3,38400,76800,1.0,base,,nan,finite_interior,44563.18216553627,0.08281630741536208,0.2011016441288921,33.29319757807727,1.6039448065587212,3.154308334705076e-07
\mathrm{IM}_1,Ia,0.7,0.3,38400,76800,1.2115276586285877,base,,nan,finite_interior,28880.22792633473,0.09970383859528549,0.2011016441288921,33.29319757807727,1.7958268976415577,3.81692025492327e-07
\mathrm{IM}_1,Ia,0.7,0.3,38400,76800,1.467799267622069,base,,nan,finite_interior,18692.151475936324,0.11994371449917171,0.2011016441288921,33.29319757807727,1.987708988724395,3.08485912828585e-07
\mathrm{IM}_1,Ia,0.7,0.3,38400,76800,1.7782794100389228,base,,nan,finite_interior,12081.447314731526,0.1441641638174503,0.2011016441288921,33.29319757807727,2.1795910798072327,5.809181562244067e-07
\mathrm{IM}_1,Ia,0.7,0.3,38400,76800,2.154434690031882,base,,nan,finite_interior,7798.704038839345,0.17309612158649734,0.2011016441288921,33.29319757807727,2.371473170890069,4.6833622184512154e-07
\mathrm{IM}_1,Ia,0.7,0.3,38400,76800,2.610157215682536,base,,nan,finite_interior,5028.593862877389,0.20758377874493017,0.2011016441288921,33.29319757807727,2.5459426437702213,1.7692063841904735e-07
\mathrm{IM}_1,Ia,0.7,0.3,38400,76800,3.1622776601683795,base,,nan,finite_interior,3239.4904030709613,0.24859323829165506,0.2011016441288921,33.29319757807727,2.354060552687384,5.0094470371252e-07
\mathrm{IM}_1,Ia,0.7,0.3,38400,76800,3.831186849557285,base,,nan,finite_interior,2085.40315509146,0.2972173560094223,0.2011016441288921,33.29319757807727,2.1621784616045474,3.8175612908054107e-07
\mathrm{IM}_1,Ia,0.7,0.3,38400,76800,4.6415888336127775,base,,nan,finite_interior,1341.6658105963984,0.3546738531093381,0.2011016441288921,33.29319757807727,1.97029637052171,3.6059410382133427e-07
\mathrm{IM}_1,Ia,0.7,0.3,38400,76800,5.623413251903491,base,,nan,finite_interior,862.7146647247336,0.4222923398021948,0.2011016441288921,33.29319757807727,1.7784142794388724,2.487502206514689e-07
\mathrm{IM}_1,Ia,0.7,0.3,38400,76800,6.812920690579608,base,,nan,finite_interior,554.4284492831961,0.5014837767767063,0.2011016441288921,33.29319757807727,1.586532188356036,2.902301275333638e-07
\mathrm{IM}_1,Ia,0.7,0.3,38400,76800,8.254041852680182,base,,nan,finite_interior,356.0611627715606,0.5936828177308875,0.2011016441288921,33.29319757807727,1.3946500972731986,3.1809311882402424e-07
\mathrm{IM}_1,Ia,0.7,0.3,38400,76800,10.0,base,,nan,finite_interior,228.37485826102645,0.7002479487331448,0.2011016441288921,33.29319757807727,1.202768006190361,3.994390728372323e-07
\mathrm{IM}_1,Ia,0.7,0.3,38400,76800,12.115276586285876,base,,nan,finite_interior,146.53390230592512,0.8223078022802646,0.2011016441288921,33.29319757807727,1.0108859151075247,8.365530760009835e-08
\mathrm{IM}_1,Ia,0.7,0.3,38400,76800,14.677992676220676,base,,nan,finite_interior,92.98764240552075,0.960470760800462,0.2011016441288921,33.29319757807727,0.8190038240246881,4.879317732362147e-07
\mathrm{IM}_1,Ia,0.7,0.3,38400,76800,17.78279410038923,base,,nan,finite_interior,59.03660581698113,1.1141164543929842,0.2011016441288921,33.29319757807727,0.6271217329418496,1.1515638189638148e-06
\mathrm{IM}_1,Ia,0.7,0.3,38400,76800,18.72214084588009,boundary_refinement,zero,-0.25,finite_interior,52.885959649383544,1.157933951666105,0.2011016441288921,33.29319757807727,0.5756462732485115,3.064297847864334e-07
\mathrm{IM}_1,Ia,0.7,0.3,38400,76800,19.831497434292366,boundary_refinement,zero,-0.225,finite_interior,46.97822402223013,1.2082709620836405,0.2011016441288921,33.29319757807727,0.5180816459236602,4.4441568052378157e-07
\mathrm{IM}_1,Ia,0.7,0.3,38400,76800,21.006587533118037,boundary_refinement,zero,-0.2,finite_interior,41.79142619759794,1.2599962087794387,0.2011016441288921,33.29319757807727,0.4605170185988091,5.667946069586141e-07
\mathrm{IM}_1,Ia,0.7,0.3,38400,76800,21.54434690031882,base,,nan,finite_interior,39.67593710350048,1.2831276838010157,0.2011016441288921,33.29319757807727,0.4352396418590132,1.1961807174428349e-06
\mathrm{IM}_1,Ia,0.7,0.3,38400,76800,22.25130609771807,boundary_refinement,zero,-0.17500000000000002,finite_interior,37.07837153592231,1.3130173142187882,0.2011016441288921,33.29319757807727,0.4029523912739581,1.3011375380570235e-06
\mathrm{IM}_1,Ia,0.7,0.3,38400,76800,23.569778874067993,boundary_refinement,zero,-0.15,finite_interior,32.64561822551624,1.3671345973670328,0.2011016441288921,33.29319757807727,0.34538776394910686,1.5980472855862392e-06
\mathrm{IM}_1,Ia,0.7,0.3,38400,76800,24.966376073961488,boundary_refinement,zero,-0.125,finite_interior,28.329529903141,1.421980176159816,0.2011016441288921,33.29319757807727,0.2878231366242556,1.385102015734346e-06
\mathrm{IM}_1,Ia,0.7,0.3,38400,76800,26.10157215682533,base,,nan,finite_interior,24.975397153289425,1.4644485394953097,0.2011016441288921,33.29319757807727,0.24335755077617677,1.5907912226332567e-06
\mathrm{IM}_1,Ia,0.7,0.3,38400,76800,26.44572686052084,boundary_refinement,zero,-0.1,finite_interior,23.970974971191193,1.476904749836778,0.2011016441288921,33.29319757807727,0.23025850929940458,2.24455775318301e-07
\mathrm{IM}_1,Ia,0.7,0.3,38400,76800,28.012734692027788,boundary_refinement,zero,-0.07500000000000001,finite_interior,19.383498805851918,1.5307452347592765,0.2011016441288921,33.29319757807727,0.17269388197455351,1.10581327230244e-06
\mathrm{IM}_1,Ia,0.7,0.3,38400,76800,29.67259357493351,boundary_refinement,zero,-0.05,finite_interior,14.298061360032742,1.581283942392405,0.2011016441288921,33.29319757807727,0.11512925464970225,1.2107675508627965e-07
\mathrm{IM}_1,Ia,0.7,0.3,38400,76800,31.43080527992001,boundary_refinement,zero,-0.025,finite_interior,8.227944352317143,1.6237319050836043,0.2011016441288921,33.29319757807727,0.05756462732485113,1.3916639958315366e-06
\mathrm{IM}_1,Ia,0.7,0.3,38400,76800,31.622776601683793,base,,nan,finite_interior,7.492551618351149,1.6273647010362018,0.2011016441288921,33.29319757807727,0.051475459693338235,1.507004684540602e-06
\mathrm{IM}_1,Ia,0.7,0.3,38400,76800,35.26594355764184,boundary_refinement,zero,0.025,no_training,0.0,1.6449210460996637,0.2011016441288921,33.29319757807727,0.057564627324851146,0.0
\mathrm{IM}_1,Ia,0.7,0.3,38400,76800,37.35558208532413,boundary_refinement,zero,0.05,no_training,0.0,1.6449210460996637,0.2011016441288921,33.29319757807727,0.1151292546497022,0.0
\mathrm{IM}_1,Ia,0.7,0.3,38400,76800,38.31186849557285,base,,nan,no_training,0.0,1.6449210460996637,0.2011016441288921,33.29319757807727,0.1404066313894983,0.0
\mathrm{IM}_1,Ia,0.7,0.3,38400,76800,39.56903948004558,boundary_refinement,zero,0.07500000000000001,no_training,0.0,1.6449210460996637,0.2011016441288921,33.29319757807727,0.1726938819745535,0.0
\mathrm{IM}_1,Ia,0.7,0.3,38400,76800,41.9136524709255,boundary_refinement,zero,0.1,no_training,0.0,1.6449210460996637,0.2011016441288921,33.29319757807727,0.2302585092994046,0.0
\mathrm{IM}_1,Ia,0.7,0.3,38400,76800,44.39719251561411,boundary_refinement,zero,0.125,no_training,0.0,1.6449210460996637,0.2011016441288921,33.29319757807727,0.2878231366242557,0.0
\mathrm{IM}_1,Ia,0.7,0.3,38400,76800,46.41588833612773,base,,nan,no_training,0.0,1.6449210460996637,0.2011016441288921,33.29319757807727,0.33228872247233476,0.0
\mathrm{IM}_1,Ia,0.7,0.3,38400,76800,47.0278915595775,boundary_refinement,zero,0.15,no_training,0.0,1.6449210460996637,0.2011016441288921,33.29319757807727,0.3453877639491069,0.0
\mathrm{IM}_1,Ia,0.7,0.3,38400,76800,49.81446932171605,boundary_refinement,zero,0.17500000000000002,no_training,0.0,1.6449210460996637,0.2011016441288921,33.29319757807727,0.402952391273958,0.0
\mathrm{IM}_1,Ia,0.7,0.3,38400,76800,52.7661621967575,boundary_refinement,zero,0.2,no_training,0.0,1.6449210460996637,0.2011016441288921,33.29319757807727,0.4605170185988092,0.0
\mathrm{IM}_1,Ia,0.7,0.3,38400,76800,55.89275387022441,boundary_refinement,zero,0.225,no_training,0.0,1.6449210460996637,0.2011016441288921,33.29319757807727,0.5180816459236602,0.0
\mathrm{IM}_1,Ia,0.7,0.3,38400,76800,56.23413251903491,base,,nan,no_training,0.0,1.6449210460996637,0.2011016441288921,33.29319757807727,0.5241708135551733,0.0
\mathrm{IM}_1,Ia,0.7,0.3,38400,76800,59.204607747452535,boundary_refinement,zero,0.25,no_training,0.0,1.6449210460996637,0.2011016441288921,33.29319757807727,0.5756462732485114,0.0
\mathrm{IM}_1,Ia,0.7,0.3,38400,76800,68.12920690579608,base,,nan,no_training,0.0,1.6449210460996637,0.2011016441288921,33.29319757807727,0.7160529046380096,0.0
\mathrm{IM}_1,Ia,0.7,0.3,38400,76800,82.54041852680173,base,,nan,no_training,0.0,1.6449210460996637,0.2011016441288921,33.29319757807727,0.9079349957208461,0.0
\mathrm{IM}_1,Ia,0.7,0.3,38400,76800,100.0,base,,nan,no_training,0.0,1.6449210460996637,0.2011016441288921,33.29319757807727,1.0998170868036847,0.0
\mathrm{IM}_1,Ia,0.7,0.3,38400,76800,121.15276586285876,base,,nan,no_training,0.0,1.6449210460996637,0.2011016441288921,33.29319757807727,1.291699177886521,0.0
\mathrm{IM}_1,Ia,0.7,0.3,38400,76800,146.77992676220674,base,,nan,no_training,0.0,1.6449210460996637,0.2011016441288921,33.29319757807727,1.4835812689693575,0.0
\mathrm{IM}_1,Ia,0.7,0.3,38400,76800,177.82794100389228,base,,nan,no_training,0.0,1.6449210460996637,0.2011016441288921,33.29319757807727,1.675463360052196,0.0
\mathrm{IM}_1,Ia,0.7,0.3,38400,76800,215.44346900318823,base,,nan,no_training,0.0,1.6449210460996637,0.2011016441288921,33.29319757807727,1.8673454511350327,0.0
\mathrm{IM}_1,Ia,0.7,0.3,38400,76800,261.0157215682533,base,,nan,no_training,0.0,1.6449210460996637,0.2011016441288921,33.29319757807727,2.0592275422178687,0.0
\mathrm{IM}_1,Ia,0.7,0.3,38400,76800,316.22776601683796,base,,nan,no_training,0.0,1.6449210460996637,0.2011016441288921,33.29319757807727,2.2511096333007075,0.0
\mathrm{IM}_1,Ia,0.7,0.3,38400,76800,383.1186849557285,base,,nan,no_training,0.0,1.6449210460996637,0.2011016441288921,33.29319757807727,2.442991724383544,0.0
\mathrm{IM}_1,Ia,0.7,0.3,38400,76800,464.1588833612773,base,,nan,no_training,0.0,1.6449210460996637,0.2011016441288921,33.29319757807727,2.6348738154663804,0.0
\mathrm{IM}_1,Ia,0.7,0.3,38400,76800,562.341325190349,base,,nan,no_training,0.0,1.6449210460996637,0.2011016441288921,33.29319757807727,2.8267559065492187,0.0
\mathrm{IM}_1,Ia,0.7,0.3,38400,76800,681.2920690579608,base,,nan,no_training,0.0,1.6449210460996637,0.2011016441288921,33.29319757807727,3.018637997632055,0.0
\mathrm{IM}_1,Ia,0.7,0.3,38400,76800,825.4041852680173,base,,nan,no_training,0.0,1.6449210460996637,0.2011016441288921,33.29319757807727,3.2105200887148917,0.0
\mathrm{IM}_1,Ia,0.7,0.3,38400,76800,1000.0,base,,nan,no_training,0.0,1.6449210460996637,0.2011016441288921,33.29319757807727,3.4024021797977304,0.0
\mathrm{IM}_1,Ia,0.7,0.3,51200,102400,0.001,base,,nan,terminal_infimum,inf,0.0001490211789914512,0.16938611790844774,33.29500399591814,5.132180830267586,0.0
\mathrm{IM}_1,Ia,0.7,0.3,51200,102400,0.001211527658628589,base,,nan,terminal_infimum,inf,0.0001670777112686331,0.16938611790844774,33.29500399591814,4.940298739184749,0.0
\mathrm{IM}_1,Ia,0.7,0.3,51200,102400,0.0014677992676220691,base,,nan,terminal_infimum,inf,0.0001889536995413587,0.16938611790844774,33.29500399591814,4.748416648101912,0.0
\mathrm{IM}_1,Ia,0.7,0.3,51200,102400,0.0017782794100389228,base,,nan,terminal_infimum,inf,0.00021545706439360049,0.16938611790844774,33.29500399591814,4.556534557019075,0.0
\mathrm{IM}_1,Ia,0.7,0.3,51200,102400,0.0021544346900318843,base,,nan,terminal_infimum,inf,0.00024756662395881626,0.16938611790844774,33.29500399591814,4.364652465936238,0.0
\mathrm{IM}_1,Ia,0.7,0.3,51200,102400,0.0026101572156825357,base,,nan,terminal_infimum,inf,0.0002864682434784571,0.16938611790844774,33.29500399591814,4.1727703748534015,0.0
\mathrm{IM}_1,Ia,0.7,0.3,51200,102400,0.0031622776601683794,base,,nan,terminal_infimum,inf,0.00033359863149194803,0.16938611790844774,33.29500399591814,3.9808882837705637,0.0
\mathrm{IM}_1,Ia,0.7,0.3,51200,102400,0.003831186849557285,base,,nan,terminal_infimum,inf,0.00039069840013218924,0.16938611790844774,33.29500399591814,3.789006192687727,0.0
\mathrm{IM}_1,Ia,0.7,0.3,51200,102400,0.004641588833612777,base,,nan,terminal_infimum,inf,0.0004598763491411351,0.16938611790844774,33.29500399591814,3.59712410160489,0.0
\mathrm{IM}_1,Ia,0.7,0.3,51200,102400,0.005623413251903491,base,,nan,terminal_infimum,inf,0.0005436873477326713,0.16938611790844774,33.29500399591814,3.405242010522052,0.0
\mathrm{IM}_1,Ia,0.7,0.3,51200,102400,0.006812920690579608,base,,nan,terminal_infimum,inf,0.0006452266906235985,0.16938611790844774,33.29500399591814,3.2133599194392155,0.0
\mathrm{IM}_1,Ia,0.7,0.3,51200,102400,0.008254041852680182,base,,nan,terminal_infimum,inf,0.0007682444129749295,0.16938611790844774,33.29500399591814,3.021477828356378,0.0
\mathrm{IM}_1,Ia,0.7,0.3,51200,102400,0.01,base,,nan,terminal_infimum,inf,0.0009172837861050593,0.16938611790844774,33.29500399591814,2.8295957372735407,0.0
\mathrm{IM}_1,Ia,0.7,0.3,51200,102400,0.012115276586285882,base,,nan,terminal_infimum,inf,0.0010978491088768775,0.16938611790844774,33.29500399591814,2.637713646190704,0.0
\mathrm{IM}_1,Ia,0.7,0.3,51200,102400,0.01467799267622069,base,,nan,terminal_infimum,inf,0.0013166089916041338,0.16938611790844774,33.29500399591814,2.445831555107867,0.0
\mathrm{IM}_1,Ia,0.7,0.3,51200,102400,0.01778279410038923,base,,nan,terminal_infimum,inf,0.001581642640126552,0.16938611790844774,33.29500399591814,2.2539494640250295,0.0
\mathrm{IM}_1,Ia,0.7,0.3,51200,102400,0.021544346900318832,base,,nan,terminal_infimum,inf,0.0019027382357787088,0.16938611790844774,33.29500399591814,2.062067372942192,0.0
\mathrm{IM}_1,Ia,0.7,0.3,51200,102400,0.026101572156825358,base,,nan,terminal_infimum,inf,0.002291754430975118,0.16938611790844774,33.29500399591814,1.8701852818593554,0.0
\mathrm{IM}_1,Ia,0.7,0.3,51200,102400,0.03162277660168379,base,,nan,terminal_infimum,inf,0.002763058311110027,0.16938611790844774,33.29500399591814,1.678303190776518,0.0
\mathrm{IM}_1,Ia,0.7,0.3,51200,102400,0.03831186849557287,base,,nan,terminal_infimum,inf,0.0033340559975124414,0.16938611790844774,33.29500399591814,1.4864210996936809,0.0
\mathrm{IM}_1,Ia,0.7,0.3,51200,102400,0.046415888336127774,base,,nan,terminal_infimum,inf,0.004025835487601898,0.16938611790844774,33.29500399591814,1.294539008610844,0.0
\mathrm{IM}_1,Ia,0.7,0.3,51200,102400,0.05623413251903491,base,,nan,terminal_infimum,inf,0.00486394547351726,0.16938611790844774,33.29500399591814,1.1026569175280063,0.0
\mathrm{IM}_1,Ia,0.7,0.3,51200,102400,0.06812920690579612,base,,nan,terminal_infimum,inf,0.005879338902426534,0.16938611790844774,33.29500399591814,0.9107748264451696,0.0
\mathrm{IM}_1,Ia,0.7,0.3,51200,102400,0.08254041852680181,base,,nan,terminal_infimum,inf,0.007109516125939841,0.16938611790844774,33.29500399591814,0.7188927353623324,0.0
\mathrm{IM}_1,Ia,0.7,0.3,51200,102400,0.09525281401348522,boundary_refinement,terminal,-0.25,terminal_infimum,inf,0.008194678136968581,0.16938611790844774,33.29500399591814,0.5756462732485115,0.0
\mathrm{IM}_1,Ia,0.7,0.3,51200,102400,0.1,base,,nan,terminal_infimum,inf,0.00859990985724114,0.16938611790844774,33.29500399591814,0.527010644279495,0.0
\mathrm{IM}_1,Ia,0.7,0.3,51200,102400,0.1008968980774037,boundary_refinement,terminal,-0.225,terminal_infimum,inf,0.008676471330047956,0.16938611790844774,33.29500399591814,0.5180816459236602,0.0
\mathrm{IM}_1,Ia,0.7,0.3,51200,102400,0.10687541514732309,boundary_refinement,terminal,-0.2,terminal_infimum,inf,0.009186812564582343,0.16938611790844774,33.29500399591814,0.4605170185988091,0.0
\mathrm{IM}_1,Ia,0.7,0.3,51200,102400,0.11320818162467122,boundary_refinement,terminal,-0.17500000000000002,terminal_infimum,inf,0.00972739341837447,0.16938611790844774,33.29500399591814,0.4029523912739581,0.0
\mathrm{IM}_1,Ia,0.7,0.3,51200,102400,0.1199161881064801,boundary_refinement,terminal,-0.15,terminal_infimum,inf,0.0103000057015133,0.16938611790844774,33.29500399591814,0.34538776394910686,0.0
\mathrm{IM}_1,Ia,0.7,0.3,51200,102400,0.12115276586285877,base,,nan,terminal_infimum,inf,0.010405563084959319,0.16938611790844774,33.29500399591814,0.3351285531966586,0.0
\mathrm{IM}_1,Ia,0.7,0.3,51200,102400,0.12702166896084957,boundary_refinement,terminal,-0.125,terminal_infimum,inf,0.01090654739551038,0.16938611790844774,33.29500399591814,0.2878231366242555,0.0
\mathrm{IM}_1,Ia,0.7,0.3,51200,102400,0.1345481760250163,boundary_refinement,terminal,-0.1,terminal_infimum,inf,0.011549028944352125,0.16938611790844774,33.29500399591814,0.23025850929940458,0.0
\mathrm{IM}_1,Ia,0.7,0.3,51200,102400,0.14252065667030808,boundary_refinement,terminal,-0.07500000000000001,terminal_infimum,inf,0.01222957991832042,0.16938611790844774,33.29500399591814,0.17269388197455351,0.0
\mathrm{IM}_1,Ia,0.7,0.3,51200,102400,0.1467799267622069,base,,nan,terminal_infimum,inf,0.012593161912231888,0.16938611790844774,33.29500399591814,0.1432464621138211,0.0
\mathrm{IM}_1,Ia,0.7,0.3,51200,102400,0.15096553649273728,boundary_refinement,terminal,-0.05,terminal_infimum,inf,0.012950456072669371,0.16938611790844774,33.29500399591814,0.11512925464970225,0.0
\mathrm{IM}_1,Ia,0.7,0.3,51200,102400,0.1599108069033199,boundary_refinement,terminal,-0.025,terminal_infimum,inf,0.013714046824554973,0.16938611790844774,33.29500399591814,0.05756462732485113,0.0
\mathrm{IM}_1,Ia,0.7,0.3,51200,102400,0.1608339820662316,terminal_near_refinement,terminal,-0.0225,terminal_infimum,inf,0.013792851375386203,0.16938611790844774,33.29500399591814,0.05180816459236597,0.0
\mathrm{IM}_1,Ia,0.7,0.3,51200,102400,0.16176248677752036,terminal_near_refinement,terminal,-0.02,terminal_infimum,inf,0.0138721108698542,0.16938611790844774,33.29500399591814,0.04605170185988098,0.0
\mathrm{IM}_1,Ia,0.7,0.3,51200,102400,0.16269635180500486,terminal_near_refinement,terminal,-0.0175,terminal_infimum,inf,0.013951827934377251,0.16938611790844774,33.29500399591814,0.04029523912739565,0.0
\mathrm{IM}_1,Ia,0.7,0.3,51200,102400,0.1636356080941281,terminal_near_refinement,terminal,-0.015,terminal_infimum,inf,0.014032005210536104,0.16938611790844774,33.29500399591814,0.034538776394910604,0.0
\mathrm{IM}_1,Ia,0.7,0.3,51200,102400,0.16458028676898326,terminal_near_refinement,terminal,-0.0125,terminal_infimum,inf,0.014112645355161532,0.16938611790844774,33.29500399591814,0.0287823136624255,0.0
\mathrm{IM}_1,Ia,0.7,0.3,51200,102400,0.16553041913334474,terminal_near_refinement,terminal,-0.01,terminal_infimum,inf,0.01419375104042235,0.16938611790844774,33.29500399591814,0.02302585092994047,0.0
\mathrm{IM}_1,Ia,0.7,0.3,51200,102400,0.16648603667170567,terminal_near_refinement,terminal,-0.0075,terminal_infimum,inf,0.01427532495391398,0.16938611790844774,33.29500399591814,0.017269388197455448,0.0
\mathrm{IM}_1,Ia,0.7,0.3,51200,102400,0.16744717105032114,terminal_near_refinement,terminal,-0.005,terminal_infimum,inf,0.014357369798747495,0.16938611790844774,33.29500399591814,0.01151292546497021,0.0
\mathrm{IM}_1,Ia,0.7,0.3,51200,102400,0.1684138541182575,terminal_near_refinement,terminal,-0.0025,terminal_infimum,inf,0.014439888293639201,0.16938611790844774,33.29500399591814,0.005756462732485091,0.0
\mathrm{IM}_1,Ia,0.7,0.3,51200,102400,0.1685391873189055,terminal_ultra_near_refinement,terminal,-0.002176919254274547,terminal_infimum,inf,0.014450587050471171,0.16938611790844774,33.29500399591814,0.005012541823544286,0.0
\mathrm{IM}_1,Ia,0.7,0.3,51200,102400,0.16870857343681395,terminal_ultra_near_refinement,terminal,-0.00174066157630127,terminal_infimum,inf,0.014465046274977083,0.16938611790844774,33.29500399591814,0.004008021397538822,0.0
\mathrm{IM}_1,Ia,0.7,0.3,51200,102400,0.1688779595547224,terminal_ultra_near_refinement,terminal,-0.0013048416883442813,terminal_infimum,inf,0.014479505499482993,0.16938611790844774,33.29500399591814,0.0030045090202987243,0.0
\mathrm{IM}_1,Ia,0.7,0.3,51200,102400,0.16904734567263083,terminal_ultra_near_refinement,terminal,-0.0008694587126288914,terminal_infimum,inf,0.014493964723988903,0.16938611790844774,33.29500399591814,0.0020020026706731903,0.0
\mathrm{IM}_1,Ia,0.7,0.3,51200,102400,0.16921673179053928,terminal_ultra_near_refinement,terminal,-0.0004345117740176917,terminal_infimum,inf,0.014508423948494815,0.16938611790844774,33.29500399591814,0.0010005003335835344,0.0
\mathrm{IM}_1,Ia,0.7,0.3,51200,102400,0.1693014248494935,terminal_extreme_near_refinement,terminal,-0.00021720154586423186,terminal_infimum,inf,0.014515653560747771,0.16938611790844774,33.29500399591814,0.0005001250416823539,0.0
\mathrm{IM}_1,Ia,0.7,0.3,51200,102400,0.16931836346128437,terminal_extreme_near_refinement,terminal,-0.00017375254558756316,terminal_infimum,inf,0.014517099483198362,0.16938611790844774,33.29500399591814,0.00040008002133969133,0.0
\mathrm{IM}_1,Ia,0.7,0.3,51200,102400,0.1693353020730752,terminal_extreme_near_refinement,terminal,-0.00013030789173217684,terminal_infimum,inf,0.014518545405648953,0.16938611790844774,33.29500399591814,0.00030004500900199243,0.0
\mathrm{IM}_1,Ia,0.7,0.3,51200,102400,0.16935224068486604,terminal_extreme_near_refinement,terminal,-8.686758342857122e-05,terminal_infimum,inf,0.014519991328099544,0.16938611790844774,33.29500399591814,0.00020002000266715575,0.0
\mathrm{IM}_1,Ia,0.7,0.3,51200,102400,0.1693691792966569,terminal_extreme_near_refinement,terminal,-4.3431619807505604e-05,terminal_infimum,inf,0.014521437250550136,0.16938611790844774,33.29500399591814,0.00010000500033334732,0.0
\mathrm{IM}_1,Ia,0.7,0.3,51200,102400,0.16940305652023857,terminal_extreme_near_refinement,terminal,4.342727686266486e-05,finite_interior,3861455.803696283,0.014524317857262768,0.16938611790844774,33.29500399591814,9.999500033329732e-05,7.917238534659848e-07
\mathrm{IM}_1,Ia,0.7,0.3,51200,102400,0.16941999513202943,terminal_extreme_near_refinement,terminal,8.685021164894766e-05,finite_interior,3859733.4677722575,0.014525752538004748,0.16938611790844774,33.29500399591814,0.0001999800026662447,1.0755797455371813e-06
\mathrm{IM}_1,Ia,0.7,0.3,51200,102400,0.16943693374382027,terminal_extreme_near_refinement,terminal,0.00013026880522704667,finite_interior,3858013.529771892,0.014527187215227642,0.16938611790844774,33.29500399591814,0.00029995500899794244,8.624069394367917e-07
\mathrm{IM}_1,Ia,0.7,0.3,51200,102400,0.1694538723556111,terminal_extreme_near_refinement,terminal,0.0001736830584648997,finite_interior,3856293.275433005,0.01452862188893244,0.16938611790844774,33.29500399591814,0.0003999200213268913,9.786343443258249e-07
\mathrm{IM}_1,Ia,0.7,0.3,51200,102400,0.16947081096740196,terminal_extreme_near_refinement,terminal,0.00021709297223018438,finite_interior,3854573.9167304737,0.01453005655912011,0.16938611790844774,33.29500399591814,0.0004998750416509929,6.908923164305879e-07
\mathrm{IM}_1,Ia,0.7,0.3,51200,102400,0.16955550402635616,terminal_ultra_near_refinement,terminal,0.0004340774793185929,finite_interior,3846003.863126036,0.014537229857335687,0.16938611790844774,33.29500399591814,0.0009995003330834232,1.315696746737101e-06
\mathrm{IM}_1,Ia,0.7,0.3,51200,102400,0.16972489014426465,terminal_ultra_near_refinement,terminal,0.0008677215312269133,finite_interior,3828982.396297751,0.014551576190538274,0.16938611790844774,33.29500399591814,0.001998002662673058,5.208601360569155e-07
\mathrm{IM}_1,Ia,0.7,0.3,51200,102400,0.16989427626217307,terminal_ultra_near_refinement,terminal,0.001300933020418072,finite_interior,3812112.4888814795,0.014565922173559712,0.16938611790844774,33.29500399591814,0.002995508979798371,1.1367873560017945e-07
\mathrm{IM}_1,Ia,0.7,0.3,51200,102400,0.17006366238008153,terminal_ultra_near_refinement,terminal,0.0017337128090005314,finite_interior,3795395.301533265,0.014580267807344328,0.16938611790844774,33.29500399591814,0.003992021269537457,1.1280802847419002e-06
\mathrm{IM}_1,Ia,0.7,0.3,51200,102400,0.17023304849798995,terminal_ultra_near_refinement,terminal,0.0021660617565076304,finite_interior,3778827.073566576,0.014594613092856895,0.16938611790844774,33.29500399591814,0.004987541511038968,6.97831245120515e-07
\mathrm{IM}_1,Ia,0.7,0.3,51200,102400,0.17036399463875307,terminal_near_refinement,terminal,0.0025,finite_interior,3766119.2257147124,0.01460570266425174,0.16938611790844774,33.29500399591814,0.00575646273248517,4.093773086555196e-07
\mathrm{IM}_1,Ia,0.7,0.3,51200,102400,0.1713475167130304,terminal_near_refinement,terminal,0.005,finite_interior,3673371.6913714926,0.014688988624453824,0.16938611790844774,33.29500399591814,0.011512925464970295,7.334104509582755e-07
\mathrm{IM}_1,Ia,0.7,0.3,51200,102400,0.1723367167222061,terminal_near_refinement,terminal,0.0075,finite_interior,3584614.7473060344,0.014772743786804814,0.16938611790844774,33.29500399591814,0.017269388197455236,4.872803265383393e-07
\mathrm{IM}_1,Ia,0.7,0.3,51200,102400,0.1733316274453561,terminal_near_refinement,terminal,0.01,finite_interior,3499546.9939189786,0.014856970891902474,0.16938611790844774,33.29500399591814,0.023025850929940427,8.185050781137121e-07
\mathrm{IM}_1,Ia,0.7,0.3,51200,102400,0.174332281850792,terminal_near_refinement,terminal,0.0125,finite_interior,3417916.6363076875,0.01494167268875802,0.16938611790844774,33.29500399591814,0.02878231366242563,1.28474031305732e-06
\mathrm{IM}_1,Ia,0.7,0.3,51200,102400,0.1753387130971534,terminal_near_refinement,terminal,0.015,finite_interior,3339484.126898886,0.015026851935356486,0.16938611790844774,33.29500399591814,0.03453877639491076,6.462896134559228e-07
\mathrm{IM}_1,Ia,0.7,0.3,51200,102400,0.17635095453450697,terminal_near_refinement,terminal,0.0175,finite_interior,3264047.48482743,0.015112511399367333,0.16938611790844774,33.29500399591814,0.04029523912739586,4.87230072821333e-07
\mathrm{IM}_1,Ia,0.7,0.3,51200,102400,0.17736903970545137,terminal_near_refinement,terminal,0.02,finite_interior,3191407.43458827,0.015198653858813263,0.16938611790844774,33.29500399591814,0.046051701859880986,7.596886043362345e-07
\mathrm{IM}_1,Ia,0.7,0.3,51200,102400,0.1778279410038923,base,,nan,finite_interior,3159668.250383083,0.015237478779868564,0.16938611790844774,33.29500399591814,0.048635628969016485,9.991043541703335e-07
\mathrm{IM}_1,Ia,0.7,0.3,51200,102400,0.17839300234622874,terminal_near_refinement,terminal,0.0225,finite_interior,3121399.2973690187,0.015285282102633824,0.16938611790844774,33.29500399591814,0.05180816459236611,2.7458177564396537e-07
\mathrm{IM}_1,Ia,0.7,0.3,51200,102400,0.17942287638784274,boundary_refinement,terminal,0.025,finite_interior,3053863.570417526,0.015372398930970754,0.16938611790844774,33.29500399591814,0.057564627324851146,6.689397408313263e-07
\mathrm{IM}_1,Ia,0.7,0.3,51200,102400,0.19005435019584663,boundary_refinement,terminal,0.05,finite_interior,2488144.3213812956,0.01627106422092739,0.16938611790844774,33.29500399591814,0.1151292546497022,2.6597282104849487e-07
\mathrm{IM}_1,Ia,0.7,0.3,51200,102400,0.20131577843109957,boundary_refinement,terminal,0.07500000000000001,finite_interior,2065367.9609779408,0.01722176460330542,0.16938611790844774,33.29500399591814,0.1726938819745535,6.621734246062003e-07
\mathrm{IM}_1,Ia,0.7,0.3,51200,102400,0.21324448824010794,boundary_refinement,terminal,0.1,finite_interior,1736416.751480708,0.018227530423358417,0.16938611790844774,33.29500399591814,0.2302585092994046,4.114226927293633e-07
\mathrm{IM}_1,Ia,0.7,0.3,51200,102400,0.21544346900318823,base,,nan,finite_interior,1685318.4617965703,0.018412800817719573,0.16938611790844774,33.29500399591814,0.2405177200518529,2.0609799552315365e-07
\mathrm{IM}_1,Ia,0.7,0.3,51200,102400,0.22588001854185888,boundary_refinement,terminal,0.125,finite_interior,1473438.2396233382,0.01929155333644256,0.16938611790844774,33.29500399591814,0.2878231366242557,1.371476219050741e-07
\mathrm{IM}_1,Ia,0.7,0.3,51200,102400,0.23926425108357913,boundary_refinement,terminal,0.15,finite_interior,1259070.9176560903,0.020417198980063087,0.16938611790844774,33.29500399591814,0.3453877639491069,4.86543841123597e-07
\mathrm{IM}_1,Ia,0.7,0.3,51200,102400,0.2534415492620354,boundary_refinement,terminal,0.17500000000000002,finite_interior,1081759.5674153976,0.021608018441000822,0.16938611790844774,33.29500399591814,0.40295239127395815,5.500683296093205e-07
\mathrm{IM}_1,Ia,0.7,0.3,51200,102400,0.2610157215682536,base,,nan,finite_interior,1002671.4943713223,0.022243589499107444,0.16938611790844774,33.29500399591814,0.43239981113469034,7.324742747286336e-07
\mathrm{IM}_1,Ia,0.7,0.3,51200,102400,0.26845890517051435,boundary_refinement,terminal,0.2,finite_interior,933432.5727870376,0.02286775943528684,0.16938611790844774,33.29500399591814,0.4605170185988092,1.1911278874062795e-07
\mathrm{IM}_1,Ia,0.7,0.3,51200,102400,0.28436609535888385,boundary_refinement,terminal,0.225,finite_interior,808235.3349192748,0.024200377591377505,0.16938611790844774,33.29500399591814,0.5180816459236603,2.091251858905491e-07
\mathrm{IM}_1,Ia,0.7,0.3,51200,102400,0.30121584582301786,boundary_refinement,terminal,0.25,finite_interior,701796.734460585,0.025610048030369433,0.16938611790844774,33.29500399591814,0.5756462732485114,4.732168756028011e-07
\mathrm{IM}_1,Ia,0.7,0.3,51200,102400,0.31622776601683794,base,,nan,finite_interior,623992.964406519,0.02686436224267978,0.16938611790844774,33.29500399591814,0.6242819022175279,5.660247563390931e-07
\mathrm{IM}_1,Ia,0.7,0.3,51200,102400,0.3831186849557285,base,,nan,finite_interior,397066.7843136854,0.032436095062762925,0.16938611790844774,33.29500399591814,0.8161639933003643,4.917003613556783e-07
\mathrm{IM}_1,Ia,0.7,0.3,51200,102400,0.46415888336127775,base,,nan,finite_interior,255548.92415782393,0.03915134200527091,0.16938611790844774,33.29500399591814,1.0080460843832018,6.06173283305441e-07
\mathrm{IM}_1,Ia,0.7,0.3,51200,102400,0.5623413251903491,base,,nan,finite_interior,165362.67617854598,0.047240072276193174,0.16938611790844774,33.29500399591814,1.1999281754660391,7.626715180490516e-08
\mathrm{IM}_1,Ia,0.7,0.3,51200,102400,0.6812920690579608,base,,nan,finite_interior,107223.3984519033,0.05697637361401602,0.16938611790844774,33.29500399591814,1.3918102665488756,3.6203435070894664e-07
\mathrm{IM}_1,Ia,0.7,0.3,51200,102400,0.8254041852680182,base,,nan,finite_interior,69535.4944805871,0.0686861019047734,0.16938611790844774,33.29500399591814,1.5836923576317132,4.351184624521612e-07
\mathrm{IM}_1,Ia,0.7,0.3,51200,102400,1.0,base,,nan,finite_interior,45056.37429744589,0.08275551526776302,0.16938611790844774,33.29500399591814,1.7755744487145506,7.443557591021787e-07
\mathrm{IM}_1,Ia,0.7,0.3,51200,102400,1.2115276586285877,base,,nan,finite_interior,29157.38742490878,0.09964087283093685,0.16938611790844774,33.29500399591814,1.967456539797387,6.925952397500985e-07
\mathrm{IM}_1,Ia,0.7,0.3,51200,102400,1.467799267622069,base,,nan,finite_interior,18842.550301756713,0.11987888760932543,0.16938611790844774,33.29500399591814,2.1593386308802245,3.373994028232741e-07
\mathrm{IM}_1,Ia,0.7,0.3,51200,102400,1.7782794100389228,base,,nan,finite_interior,12160.958315639673,0.14409778249825153,0.16938611790844774,33.29500399591814,2.351220721963062,3.531029617382607e-07
\mathrm{IM}_1,Ia,0.7,0.3,51200,102400,2.154434690031882,base,,nan,finite_interior,7839.902405039178,0.173028484497689,0.16938611790844774,33.29500399591814,2.5431028130458984,5.40672373942227e-07
\mathrm{IM}_1,Ia,0.7,0.3,51200,102400,2.610157215682536,base,,nan,finite_interior,5049.614874764614,0.20751517491971805,0.16938611790844774,33.29500399591814,2.545996900163955,1.2872782584764685e-07
\mathrm{IM}_1,Ia,0.7,0.3,51200,102400,3.1622776601683795,base,,nan,finite_interior,3250.091614083335,0.2485239489937726,0.16938611790844774,33.29500399591814,2.3541148090811177,4.384215783104073e-07
\mathrm{IM}_1,Ia,0.7,0.3,51200,102400,3.831186849557285,base,,nan,finite_interior,2090.702853520147,0.2971476581916666,0.16938611790844774,33.29500399591814,2.162232717998281,3.8347291728131264e-07
\mathrm{IM}_1,Ia,0.7,0.3,51200,102400,4.6415888336127775,base,,nan,finite_interior,1344.2951418901257,0.3546040170404614,0.16938611790844774,33.29500399591814,1.9703506269154436,5.597284054740273e-07
\mathrm{IM}_1,Ia,0.7,0.3,51200,102400,5.623413251903491,base,,nan,finite_interior,864.0097491987555,0.42222262003460936,0.16938611790844774,33.29500399591814,1.7784685358326062,2.8852490722026213e-07
\mathrm{IM}_1,Ia,0.7,0.3,51200,102400,6.812920690579608,base,,nan,finite_interior,555.0639958798685,0.501414420497511,0.16938611790844774,33.29500399591814,1.5865864447497697,2.328065158286846e-07
\mathrm{IM}_1,Ia,0.7,0.3,51200,102400,8.254041852680182,base,,nan,finite_interior,356.3735037611872,0.5936141094288347,0.16938611790844774,33.29500399591814,1.3947043536669324,3.231486543003074e-07
\mathrm{IM}_1,Ia,0.7,0.3,51200,102400,10.0,base,,nan,finite_interior,228.52919825320262,0.7001802645771842,0.16938611790844774,33.29500399591814,1.2028222625840947,3.957149258312962e-07
\mathrm{IM}_1,Ia,0.7,0.3,51200,102400,12.115276586285876,base,,nan,finite_interior,146.60997052651828,0.8222415695126961,0.16938611790844774,33.29500399591814,1.0109401715012583,1.5841274505193292e-07
\mathrm{IM}_1,Ia,0.7,0.3,51200,102400,14.677992676220676,base,,nan,finite_interior,93.02662368463558,0.9604067191513641,0.16938611790844774,33.29500399591814,0.8190580804184219,6.170714849060297e-07
\mathrm{IM}_1,Ia,0.7,0.3,51200,102400,17.78279410038923,base,,nan,finite_interior,59.05333717906045,1.114054972270178,0.16938611790844774,33.29500399591814,0.6271759893355834,1.1812697855214752e-06
\mathrm{IM}_1,Ia,0.7,0.3,51200,102400,18.723156669282574,boundary_refinement,zero,-0.25,finite_interior,52.89331842459158,1.157919697505489,0.16938611790844774,33.29500399591814,0.5756462732485115,3.846551949949646e-07
\mathrm{IM}_1,Ia,0.7,0.3,51200,102400,19.832573449015566,boundary_refinement,zero,-0.225,finite_interior,46.98373744751588,1.2082584573072097,0.16938611790844774,33.29500399591814,0.5180816459236602,4.549419809110689e-07
\mathrm{IM}_1,Ia,0.7,0.3,51200,102400,21.007727305721932,boundary_refinement,zero,-0.2,finite_interior,41.79566402768992,1.2599854159997352,0.16938611790844774,33.29500399591814,0.4605170185988091,5.016380797684367e-07
\mathrm{IM}_1,Ia,0.7,0.3,51200,102400,21.54434690031882,base,,nan,finite_interior,39.6842001070112,1.2830677299746802,0.16938611790844774,33.29500399591814,0.43529389825274706,1.2014236180228182e-06
\mathrm{IM}_1,Ia,0.7,0.3,51200,102400,22.252513406094604,boundary_refinement,zero,-0.17500000000000002,finite_interior,37.08169964738952,1.3130082383426933,0.16938611790844774,33.29500399591814,0.4029523912739581,1.3321546649703531e-06
\mathrm{IM}_1,Ia,0.7,0.3,51200,102400,23.57105771996327,boundary_refinement,zero,-0.15,finite_interior,32.64827024362053,1.3671272785662034,0.16938611790844774,33.29500399591814,0.34538776394910686,1.584999197387046e-06
\mathrm{IM}_1,Ia,0.7,0.3,51200,102400,24.96773069623999,boundary_refinement,zero,-0.125,finite_interior,28.331645318796102,1.421974682168197,0.16938611790844774,33.29500399591814,0.2878231366242556,1.3786745229292597e-06
\mathrm{IM}_1,Ia,0.7,0.3,51200,102400,26.10157215682533,base,,nan,finite_interior,24.981299967069642,1.464392832541523,0.16938611790844774,33.29500399591814,0.24341180716991054,1.580979736849232e-06
\mathrm{IM}_1,Ia,0.7,0.3,51200,102400,26.447161749215553,boundary_refinement,zero,-0.1,finite_interior,23.972642063212003,1.4769011658811686,0.16938611790844774,33.29500399591814,0.23025850929940458,6.661561962047841e-08
\mathrm{IM}_1,Ia,0.7,0.3,51200,102400,28.014254603222874,boundary_refinement,zero,-0.07500000000000001,finite_interior,19.384760227393794,1.5307436436780781,0.16938611790844774,33.29500399591814,0.17269388197455351,1.0839062284648505e-06
\mathrm{IM}_1,Ia,0.7,0.3,51200,102400,29.674203546528847,boundary_refinement,zero,-0.05,finite_interior,14.298929455607935,1.5812843749003573,0.16938611790844774,33.29500399591814,0.11512925464970225,5.8403940007613316e-08
\mathrm{IM}_1,Ia,0.7,0.3,51200,102400,31.432510648329796,boundary_refinement,zero,-0.025,finite_interior,8.228393949820427,1.6237341899955715,0.16938611790844774,33.29500399591814,0.05756462732485113,1.3015034733140762e-06
\mathrm{IM}_1,Ia,0.7,0.3,51200,102400,31.622776601683793,base,,nan,finite_interior,7.499610651554454,1.6273357887893853,0.16938611790844774,33.29500399591814,0.051529716087072006,1.4284075757213206e-06
\mathrm{IM}_1,Ia,0.7,0.3,51200,102400,35.26785701246901,boundary_refinement,zero,0.025,no_training,0.0,1.6449243012709105,0.16938611790844774,33.29500399591814,0.057564627324851146,0.0
\mathrm{IM}_1,Ia,0.7,0.3,51200,102400,37.35760891947776,boundary_refinement,zero,0.05,no_training,0.0,1.6449243012709105,0.16938611790844774,33.29500399591814,0.1151292546497022,0.0
\mathrm{IM}_1,Ia,0.7,0.3,51200,102400,38.31186849557285,base,,nan,no_training,0.0,1.6449243012709105,0.16938611790844774,33.29500399591814,0.1403523749957646,0.0
\mathrm{IM}_1,Ia,0.7,0.3,51200,102400,39.57118641167314,boundary_refinement,zero,0.07500000000000001,no_training,0.0,1.6449243012709105,0.16938611790844774,33.29500399591814,0.1726938819745535,0.0
\mathrm{IM}_1,Ia,0.7,0.3,51200,102400,41.915926616249685,boundary_refinement,zero,0.1,no_training,0.0,1.6449243012709105,0.16938611790844774,33.29500399591814,0.2302585092994046,0.0
\mathrm{IM}_1,Ia,0.7,0.3,51200,102400,44.39960141252035,boundary_refinement,zero,0.125,no_training,0.0,1.6449243012709105,0.16938611790844774,33.29500399591814,0.2878231366242557,0.0
\mathrm{IM}_1,Ia,0.7,0.3,51200,102400,46.41588833612773,base,,nan,no_training,0.0,1.6449243012709105,0.16938611790844774,33.29500399591814,0.332234466078601,0.0
\mathrm{IM}_1,Ia,0.7,0.3,51200,102400,47.030443192599,boundary_refinement,zero,0.15,no_training,0.0,1.6449243012709105,0.16938611790844774,33.29500399591814,0.3453877639491069,0.0
\mathrm{IM}_1,Ia,0.7,0.3,51200,102400,49.81717214849935,boundary_refinement,zero,0.17500000000000002,no_training,0.0,1.6449243012709105,0.16938611790844774,33.29500399591814,0.402952391273958,0.0
\mathrm{IM}_1,Ia,0.7,0.3,51200,102400,52.76902517609623,boundary_refinement,zero,0.2,no_training,0.0,1.6449243012709105,0.16938611790844774,33.29500399591814,0.4605170185988092,0.0
\mathrm{IM}_1,Ia,0.7,0.3,51200,102400,55.895786491754066,boundary_refinement,zero,0.225,no_training,0.0,1.6449243012709105,0.16938611790844774,33.29500399591814,0.5180816459236602,0.0
\mathrm{IM}_1,Ia,0.7,0.3,51200,102400,56.23413251903491,base,,nan,no_training,0.0,1.6449243012709105,0.16938611790844774,33.29500399591814,0.5241165571614395,0.0
\mathrm{IM}_1,Ia,0.7,0.3,51200,102400,59.20782006310488,boundary_refinement,zero,0.25,no_training,0.0,1.6449243012709105,0.16938611790844774,33.29500399591814,0.5756462732485114,0.0
\mathrm{IM}_1,Ia,0.7,0.3,51200,102400,68.12920690579608,base,,nan,no_training,0.0,1.6449243012709105,0.16938611790844774,33.29500399591814,0.7159986482442758,0.0
\mathrm{IM}_1,Ia,0.7,0.3,51200,102400,82.54041852680173,base,,nan,no_training,0.0,1.6449243012709105,0.16938611790844774,33.29500399591814,0.9078807393271123,0.0
\mathrm{IM}_1,Ia,0.7,0.3,51200,102400,100.0,base,,nan,no_training,0.0,1.6449243012709105,0.16938611790844774,33.29500399591814,1.099762830409951,0.0
\mathrm{IM}_1,Ia,0.7,0.3,51200,102400,121.15276586285876,base,,nan,no_training,0.0,1.6449243012709105,0.16938611790844774,33.29500399591814,1.2916449214927874,0.0
\mathrm{IM}_1,Ia,0.7,0.3,51200,102400,146.77992676220674,base,,nan,no_training,0.0,1.6449243012709105,0.16938611790844774,33.29500399591814,1.483527012575624,0.0
\mathrm{IM}_1,Ia,0.7,0.3,51200,102400,177.82794100389228,base,,nan,no_training,0.0,1.6449243012709105,0.16938611790844774,33.29500399591814,1.6754091036584622,0.0
\mathrm{IM}_1,Ia,0.7,0.3,51200,102400,215.44346900318823,base,,nan,no_training,0.0,1.6449243012709105,0.16938611790844774,33.29500399591814,1.8672911947412987,0.0
\mathrm{IM}_1,Ia,0.7,0.3,51200,102400,261.0157215682533,base,,nan,no_training,0.0,1.6449243012709105,0.16938611790844774,33.29500399591814,2.059173285824135,0.0
\mathrm{IM}_1,Ia,0.7,0.3,51200,102400,316.22776601683796,base,,nan,no_training,0.0,1.6449243012709105,0.16938611790844774,33.29500399591814,2.2510553769069737,0.0
\mathrm{IM}_1,Ia,0.7,0.3,51200,102400,383.1186849557285,base,,nan,no_training,0.0,1.6449243012709105,0.16938611790844774,33.29500399591814,2.44293746798981,0.0
\mathrm{IM}_1,Ia,0.7,0.3,51200,102400,464.1588833612773,base,,nan,no_training,0.0,1.6449243012709105,0.16938611790844774,33.29500399591814,2.6348195590726466,0.0
\mathrm{IM}_1,Ia,0.7,0.3,51200,102400,562.341325190349,base,,nan,no_training,0.0,1.6449243012709105,0.16938611790844774,33.29500399591814,2.826701650155485,0.0
\mathrm{IM}_1,Ia,0.7,0.3,51200,102400,681.2920690579608,base,,nan,no_training,0.0,1.6449243012709105,0.16938611790844774,33.29500399591814,3.0185837412383214,0.0
\mathrm{IM}_1,Ia,0.7,0.3,51200,102400,825.4041852680173,base,,nan,no_training,0.0,1.6449243012709105,0.16938611790844774,33.29500399591814,3.210465832321158,0.0
\mathrm{IM}_1,Ia,0.7,0.3,51200,102400,1000.0,base,,nan,no_training,0.0,1.6449243012709105,0.16938611790844774,33.29500399591814,3.4023479234039966,0.0
\mathrm{IM}_2,II,0.7,0.6,3200,6400,0.001,base,,nan,terminal_infimum,inf,0.00016302400211757045,0.06145891312985118,31.83031906172325,4.118368872358714,0.0
\mathrm{IM}_2,II,0.7,0.6,3200,6400,0.001211527658628589,base,,nan,terminal_infimum,inf,0.00018076847953942012,0.06145891312985118,31.83031906172325,3.926486781275877,0.0
\mathrm{IM}_2,II,0.7,0.6,3200,6400,0.0014677992676220691,base,,nan,terminal_infimum,inf,0.00020226640472390138,0.06145891312985118,31.83031906172325,3.7346046901930405,0.0
\mathrm{IM}_2,II,0.7,0.6,3200,6400,0.0017782794100389228,base,,nan,terminal_infimum,inf,0.00022831173568802865,0.06145891312985118,31.83031906172325,3.542722599110203,0.0
\mathrm{IM}_2,II,0.7,0.6,3200,6400,0.0021544346900318843,base,,nan,terminal_infimum,inf,0.00025986637452920445,0.06145891312985118,31.83031906172325,3.3508405080273658,0.0
\mathrm{IM}_2,II,0.7,0.6,3200,6400,0.0026101572156825357,base,,nan,terminal_infimum,inf,0.0002980956922433247,0.06145891312985118,31.83031906172325,3.1589584169445293,0.0
\mathrm{IM}_2,II,0.7,0.6,3200,6400,0.0031622776601683794,base,,nan,terminal_infimum,inf,0.00034441156802448143,0.06145891312985118,31.83031906172325,2.9670763258616915,0.0
\mathrm{IM}_2,II,0.7,0.6,3200,6400,0.003831186849557285,base,,nan,terminal_infimum,inf,0.0004005245325669585,0.06145891312985118,31.83031906172325,2.775194234778855,0.0
\mathrm{IM}_2,II,0.7,0.6,3200,6400,0.004641588833612777,base,,nan,terminal_infimum,inf,0.0004685069411178151,0.06145891312985118,31.83031906172325,2.5833121436960176,0.0
\mathrm{IM}_2,II,0.7,0.6,3200,6400,0.005623413251903491,base,,nan,terminal_infimum,inf,0.0005508695093773665,0.06145891312985118,31.83031906172325,2.39143005261318,0.0
\mathrm{IM}_2,II,0.7,0.6,3200,6400,0.006812920690579608,base,,nan,terminal_infimum,inf,0.0006506540388594977,0.06145891312985118,31.83031906172325,2.1995479615303437,0.0
\mathrm{IM}_2,II,0.7,0.6,3200,6400,0.008254041852680182,base,,nan,terminal_infimum,inf,0.0007715457562303401,0.06145891312985118,31.83031906172325,2.0076658704475063,0.0
\mathrm{IM}_2,II,0.7,0.6,3200,6400,0.01,base,,nan,terminal_infimum,inf,0.0009180094155242257,0.06145891312985118,31.83031906172325,1.8157837793646687,0.0
\mathrm{IM}_2,II,0.7,0.6,3200,6400,0.012115276586285882,base,,nan,terminal_infimum,inf,0.0010954541897427218,0.06145891312985118,31.83031906172325,1.6239016882818318,0.0
\mathrm{IM}_2,II,0.7,0.6,3200,6400,0.01467799267622069,base,,nan,terminal_infimum,inf,0.001310433441587535,0.06145891312985118,31.83031906172325,1.4320195971989949,0.0
\mathrm{IM}_2,II,0.7,0.6,3200,6400,0.01778279410038923,base,,nan,terminal_infimum,inf,0.0015708867512288077,0.06145891312985118,31.83031906172325,1.2401375061161573,0.0
\mathrm{IM}_2,II,0.7,0.6,3200,6400,0.021544346900318832,base,,nan,terminal_infimum,inf,0.0018864331396405648,0.06145891312985118,31.83031906172325,1.0482554150333205,0.0
\mathrm{IM}_2,II,0.7,0.6,3200,6400,0.026101572156825358,base,,nan,terminal_infimum,inf,0.002268726316781768,0.06145891312985118,31.83031906172325,0.8563733239504835,0.0
\mathrm{IM}_2,II,0.7,0.6,3200,6400,0.03162277660168379,base,,nan,terminal_infimum,inf,0.0027318850745933353,0.06145891312985118,31.83031906172325,0.664491232867646,0.0
\mathrm{IM}_2,II,0.7,0.6,3200,6400,0.034560886654199055,boundary_refinement,terminal,-0.25,terminal_infimum,inf,0.0029783551004413894,0.06145891312985118,31.83031906172325,0.5756462732485115,0.0
\mathrm{IM}_2,II,0.7,0.6,3200,6400,0.0366087479338904,boundary_refinement,terminal,-0.225,terminal_infimum,inf,0.0031501445887577506,0.06145891312985118,31.83031906172325,0.5180816459236602,0.0
\mathrm{IM}_2,II,0.7,0.6,3200,6400,0.03831186849557287,base,,nan,terminal_infimum,inf,0.003293014720018108,0.06145891312985118,31.83031906172325,0.4726091417848089,0.0
\mathrm{IM}_2,II,0.7,0.6,3200,6400,0.03877795262304978,boundary_refinement,terminal,-0.2,terminal_infimum,inf,0.0033321132442031567,0.06145891312985118,31.83031906172325,0.4605170185988091,0.0
\mathrm{IM}_2,II,0.7,0.6,3200,6400,0.0410756907707139,boundary_refinement,terminal,-0.17500000000000002,terminal_infimum,inf,0.003524864220349205,0.06145891312985118,31.83031906172325,0.4029523912739581,0.0
\mathrm{IM}_2,II,0.7,0.6,3200,6400,0.043509578463109086,boundary_refinement,terminal,-0.15,terminal_infimum,inf,0.003729036409863466,0.06145891312985118,31.83031906172325,0.34538776394910686,0.0
\mathrm{IM}_2,II,0.7,0.6,3200,6400,0.046087683067941844,boundary_refinement,terminal,-0.125,terminal_infimum,inf,0.00394530656218405,0.06145891312985118,31.83031906172325,0.2878231366242556,0.0
\mathrm{IM}_2,II,0.7,0.6,3200,6400,0.046415888336127774,base,,nan,terminal_infimum,inf,0.0039728388055266725,0.06145891312985118,31.83031906172325,0.2807270507019719,0.0
\mathrm{IM}_2,II,0.7,0.6,3200,6400,0.04881854997450766,boundary_refinement,terminal,-0.1,terminal_infimum,inf,0.004174391526674289,0.06145891312985118,31.83031906172325,0.23025850929940458,0.0
\mathrm{IM}_2,II,0.7,0.6,3200,6400,0.051711230918250875,boundary_refinement,terminal,-0.07500000000000001,terminal_infimum,inf,0.00441705062869268,0.06145891312985118,31.83031906172325,0.17269388197455351,0.0
\mathrm{IM}_2,II,0.7,0.6,3200,6400,0.054775313983660236,boundary_refinement,terminal,-0.05,terminal_infimum,inf,0.0046740881864538375,0.06145891312985118,31.83031906172325,0.11512925464970225,0.0
\mathrm{IM}_2,II,0.7,0.6,3200,6400,0.05623413251903491,base,,nan,terminal_infimum,inf,0.004796464488122186,0.06145891312985118,31.83031906172325,0.08884495961913443,0.0
\mathrm{IM}_2,II,0.7,0.6,3200,6400,0.058020955384947746,boundary_refinement,terminal,-0.025,terminal_infimum,inf,0.004946356177022816,0.06145891312985118,31.83031906172325,0.05756462732485113,0.0
\mathrm{IM}_2,II,0.7,0.6,3200,6400,0.0583559140158061,terminal_near_refinement,terminal,-0.0225,terminal_infimum,inf,0.004974454941510897,0.06145891312985118,31.83031906172325,0.05180816459236597,0.0
\mathrm{IM}_2,II,0.7,0.6,3200,6400,0.05869280638394337,terminal_near_refinement,terminal,-0.02,terminal_infimum,inf,0.005002715921936637,0.06145891312985118,31.83031906172325,0.04605170185988087,0.0
\mathrm{IM}_2,II,0.7,0.6,3200,6400,0.0590316436529467,terminal_near_refinement,terminal,-0.0175,terminal_infimum,inf,0.005031140054782866,0.06145891312985118,31.83031906172325,0.040295239127395764,0.0
\mathrm{IM}_2,II,0.7,0.6,3200,6400,0.059372437050851316,terminal_near_refinement,terminal,-0.015,terminal_infimum,inf,0.005059728281938785,0.06145891312985118,31.83031906172325,0.034538776394910715,0.0
\mathrm{IM}_2,II,0.7,0.6,3200,6400,0.05971519787051262,terminal_near_refinement,terminal,-0.0125,terminal_infimum,inf,0.005088481550731184,0.06145891312985118,31.83031906172325,0.028782313662425615,0.0
\mathrm{IM}_2,II,0.7,0.6,3200,6400,0.060059937469980354,terminal_near_refinement,terminal,-0.01,terminal_infimum,inf,0.005117400813955828,0.06145891312985118,31.83031906172325,0.02302585092994047,0.0
\mathrm{IM}_2,II,0.7,0.6,3200,6400,0.06040666727287501,terminal_near_refinement,terminal,-0.0075,terminal_infimum,inf,0.005146487029909032,0.06145891312985118,31.83031906172325,0.017269388197455333,0.0
\mathrm{IM}_2,II,0.7,0.6,3200,6400,0.06075539876876636,terminal_near_refinement,terminal,-0.005,terminal_infimum,inf,0.005175741162419415,0.06145891312985118,31.83031906172325,0.01151292546497021,0.0
\mathrm{IM}_2,II,0.7,0.6,3200,6400,0.06110614351355418,terminal_near_refinement,terminal,-0.0025,terminal_infimum,inf,0.005205164180879842,0.06145891312985118,31.83031906172325,0.005756462732485091,0.0
\mathrm{IM}_2,II,0.7,0.6,3200,6400,0.061151618564201926,terminal_ultra_near_refinement,terminal,-0.002176919254274547,terminal_infimum,inf,0.0052089789586479505,0.06145891312985118,31.83031906172325,0.005012541823544286,0.0
\mathrm{IM}_2,II,0.7,0.6,3200,6400,0.061213077477331776,terminal_ultra_near_refinement,terminal,-0.00174066157630127,terminal_infimum,inf,0.005214134578974269,0.06145891312985118,31.83031906172325,0.004008021397538822,0.0
\mathrm{IM}_2,II,0.7,0.6,3200,6400,0.061274536390461626,terminal_ultra_near_refinement,terminal,-0.0013048416883442813,terminal_infimum,inf,0.005219290199300587,0.06145891312985118,31.83031906172325,0.0030045090202987243,0.0
\mathrm{IM}_2,II,0.7,0.6,3200,6400,0.06133599530359148,terminal_ultra_near_refinement,terminal,-0.0008694587126288914,terminal_infimum,inf,0.005224445819626906,0.06145891312985118,31.83031906172325,0.0020020026706730793,0.0
\mathrm{IM}_2,II,0.7,0.6,3200,6400,0.06139745421672133,terminal_ultra_near_refinement,terminal,-0.0004345117740176917,terminal_infimum,inf,0.0052296014399532235,0.06145891312985118,31.83031906172325,0.0010005003335835344,0.0
\mathrm{IM}_2,II,0.7,0.6,3200,6400,0.06142818367328626,terminal_extreme_near_refinement,terminal,-0.00021720154586423186,terminal_infimum,inf,0.005232179250116383,0.06145891312985118,31.83031906172325,0.0005001250416822429,0.0
\mathrm{IM}_2,II,0.7,0.6,3200,6400,0.061434329564599245,terminal_extreme_near_refinement,terminal,-0.00017375254558756316,terminal_infimum,inf,0.005232694812149015,0.06145891312985118,31.83031906172325,0.00040008002133969133,0.0
\mathrm{IM}_2,II,0.7,0.6,3200,6400,0.061440475455912226,terminal_extreme_near_refinement,terminal,-0.00013030789173217684,terminal_infimum,inf,0.005233210374181646,0.06145891312985118,31.83031906172325,0.00030004500900199243,0.0
\mathrm{IM}_2,II,0.7,0.6,3200,6400,0.061446621347225214,terminal_extreme_near_refinement,terminal,-8.686758342857122e-05,terminal_infimum,inf,0.005233725936214279,0.06145891312985118,31.83031906172325,0.0002000200026670447,0.0
\mathrm{IM}_2,II,0.7,0.6,3200,6400,0.061452767238538195,terminal_extreme_near_refinement,terminal,-4.3431619807505604e-05,terminal_infimum,inf,0.00523424149824691,0.06145891312985118,31.83031906172325,0.00010000500033334732,0.0
\mathrm{IM}_2,II,0.7,0.6,3200,6400,0.06146505902116417,terminal_extreme_near_refinement,terminal,4.342727686266486e-05,finite_interior,61547.948897302515,0.0052352579403139215,0.06145891312985118,31.83031906172325,9.999500033329732e-05,1.0945465205115889e-06
\mathrm{IM}_2,II,0.7,0.6,3200,6400,0.06147120491247715,terminal_extreme_near_refinement,terminal,8.685021164894766e-05,finite_interior,61524.62537052601,0.005235758816704852,0.06145891312985118,31.83031906172325,0.0001999800026662447,1.5497145078132943e-06
\mathrm{IM}_2,II,0.7,0.6,3200,6400,0.06147735080379014,terminal_extreme_near_refinement,terminal,0.00013026880522704667,finite_interior,61501.28166943962,0.005236259689453535,0.06145891312985118,31.83031906172325,0.00029995500899794244,1.3488849785593378e-06
\mathrm{IM}_2,II,0.7,0.6,3200,6400,0.06148349669510312,terminal_extreme_near_refinement,terminal,0.0001736830584648997,finite_interior,61477.978081394765,0.005236760558561168,0.06145891312985118,31.83031906172325,0.0003999200213268913,1.3084654606645523e-06
\mathrm{IM}_2,II,0.7,0.6,3200,6400,0.06148964258641611,terminal_extreme_near_refinement,terminal,0.00021709297223018438,finite_interior,61454.67439613127,0.005237261424028945,0.06145891312985118,31.83031906172325,0.0004998750416509929,1.1000632304888328e-06
\mathrm{IM}_2,II,0.7,0.6,3200,6400,0.061520372042981025,terminal_ultra_near_refinement,terminal,0.0004340774793185929,finite_interior,61338.46944758579,0.005239765696778121,0.06145891312985118,31.83031906172325,0.0009995003330834232,1.1433358542737684e-06
\mathrm{IM}_2,II,0.7,0.6,3200,6400,0.06158183095611088,terminal_ultra_near_refinement,terminal,0.0008677215312269133,finite_interior,61107.60097209535,0.005244773969998937,0.06145891312985118,31.83031906172325,0.001998002662673058,1.6240076153123978e-06
\mathrm{IM}_2,II,0.7,0.6,3200,6400,0.06164328986924073,terminal_ultra_near_refinement,terminal,0.001300933020418072,finite_interior,60878.68187603717,0.005249781881132684,0.06145891312985118,31.83031906172325,0.002995508979798371,1.2864819997255391e-06
\mathrm{IM}_2,II,0.7,0.6,3200,6400,0.06170474878237059,terminal_ultra_near_refinement,terminal,0.0017337128090005314,finite_interior,60651.68806155482,0.005254789431336246,0.06145891312985118,31.83031906172325,0.003992021269537457,6.282110157285307e-07
\mathrm{IM}_2,II,0.7,0.6,3200,6400,0.06176620769550043,terminal_ultra_near_refinement,terminal,0.0021660617565076304,finite_interior,60426.546353685706,0.0052597966217429555,0.06145891312985118,31.83031906172325,0.004987541511038968,2.605144560856017e-07
\mathrm{IM}_2,II,0.7,0.6,3200,6400,0.061813719307368176,terminal_near_refinement,terminal,0.0025,finite_interior,60253.78286212177,0.005263667249517092,0.06145891312985118,31.83031906172325,0.00575646273248517,9.379334364705135e-07
\mathrm{IM}_2,II,0.7,0.6,3200,6400,0.06217057380330138,terminal_near_refinement,terminal,0.005,finite_interior,58990.816585786786,0.005292732311589087,0.06145891312985118,31.83031906172325,0.011512925464970295,8.36906433842029e-07
\mathrm{IM}_2,II,0.7,0.6,3200,6400,0.06252948844272203,terminal_near_refinement,terminal,0.0075,finite_interior,57778.444452051815,0.005321953218492258,0.06145891312985118,31.83031906172325,0.017269388197455236,1.4428559876211779e-06
\mathrm{IM}_2,II,0.7,0.6,3200,6400,0.06289047511896834,terminal_near_refinement,terminal,0.01,finite_interior,56613.33204163552,0.005351330939951811,0.06145891312985118,31.83031906172325,0.023025850929940427,4.275476302566796e-07
\mathrm{IM}_2,II,0.7,0.6,3200,6400,0.0632535457940394,terminal_near_refinement,terminal,0.0125,finite_interior,55492.39166299916,0.005380866443927085,0.06145891312985118,31.83031906172325,0.02878231366242563,1.3916928466360907e-06
\mathrm{IM}_2,II,0.7,0.6,3200,6400,0.06361871249899173,terminal_near_refinement,terminal,0.015,finite_interior,54412.76300659574,0.00541056069802782,0.06145891312985118,31.83031906172325,0.03453877639491076,1.4692791168311766e-06
\mathrm{IM}_2,II,0.7,0.6,3200,6400,0.06398598733433788,terminal_near_refinement,terminal,0.0175,finite_interior,53371.96629124309,0.005440414669207685,0.06145891312985118,31.83031906172325,0.04029523912739586,9.464480366830763e-07
\mathrm{IM}_2,II,0.7,0.6,3200,6400,0.06435538247044743,terminal_near_refinement,terminal,0.02,finite_interior,52367.64427888527,0.005470429324563879,0.06145891312985118,31.83031906172325,0.046051701859880986,1.0246309179682094e-06
\mathrm{IM}_2,II,0.7,0.6,3200,6400,0.06472691014795029,terminal_near_refinement,terminal,0.0225,finite_interior,51397.6526272146,0.005500605632123842,0.06145891312985118,31.83031906172325,0.05180816459236611,5.242940279228619e-07
\mathrm{IM}_2,II,0.7,0.6,3200,6400,0.06510058267814225,boundary_refinement,terminal,0.025,finite_interior,50460.118526524566,0.005530944560399495,0.06145891312985118,31.83031906172325,0.057564627324851146,1.0162340191814867e-06
\mathrm{IM}_2,II,0.7,0.6,3200,6400,0.06812920690579612,base,,nan,finite_interior,44012.326991939,0.0057764323806924365,0.06145891312985118,31.83031906172325,0.10303713146370252,6.301949660399799e-07
\mathrm{IM}_2,II,0.7,0.6,3200,6400,0.06895803471303426,boundary_refinement,terminal,0.05,finite_interior,42535.95150668441,0.005843492426664119,0.06145891312985118,31.83031906172325,0.1151292546497022,2.420723688473024e-07
\mathrm{IM}_2,II,0.7,0.6,3200,6400,0.07304405515068635,boundary_refinement,terminal,0.07500000000000001,finite_interior,36525.34716926818,0.006173385295051186,0.06145891312985118,31.83031906172325,0.1726938819745535,1.3189380569398213e-06
\mathrm{IM}_2,II,0.7,0.6,3200,6400,0.07737218752041986,boundary_refinement,terminal,0.1,finite_interior,31783.366808745,0.006521641927692888,0.06145891312985118,31.83031906172325,0.2302585092994046,5.044311197922048e-07
\mathrm{IM}_2,II,0.7,0.6,3200,6400,0.08195677785612046,boundary_refinement,terminal,0.125,finite_interior,27937.568952765952,0.00688932598041715,0.06145891312985118,31.83031906172325,0.2878231366242557,4.695695794931532e-07
\mathrm{IM}_2,II,0.7,0.6,3200,6400,0.08254041852680181,base,,nan,finite_interior,27513.065064223247,0.006936050086804155,0.06145891312985118,31.83031906172325,0.2949192225465394,1.1048562945563766e-06
\mathrm{IM}_2,II,0.7,0.6,3200,6400,0.08681302224762315,boundary_refinement,terminal,0.15,finite_interior,24753.695600834264,0.007277552696048522,0.06145891312985118,31.83031906172325,0.3453877639491069,2.565833145889821e-07
\mathrm{IM}_2,II,0.7,0.6,3200,6400,0.09195701720969367,boundary_refinement,terminal,0.17500000000000002,finite_interior,22075.169769591223,0.0076874940103927895,0.06145891312985118,31.83031906172325,0.402952391273958,1.066719729032694e-06
\mathrm{IM}_2,II,0.7,0.6,3200,6400,0.09740581303556009,boundary_refinement,terminal,0.2,finite_interior,19792.60603480284,0.008120382986823521,0.06145891312985118,31.83031906172325,0.4605170185988092,7.40332741413631e-07
\mathrm{IM}_2,II,0.7,0.6,3200,6400,0.1,base,,nan,finite_interior,18859.631099745857,0.008326024447100264,0.06145891312985118,31.83031906172325,0.486801313629377,1.0456461958085804e-06
\mathrm{IM}_2,II,0.7,0.6,3200,6400,0.10317747031183955,boundary_refinement,terminal,0.225,finite_interior,17826.748742242333,0.008577517973425748,0.06145891312985118,31.83031906172325,0.5180816459236602,7.099645780033292e-07
\mathrm{IM}_2,II,0.7,0.6,3200,6400,0.10929111978218517,boundary_refinement,terminal,0.25,finite_interior,16118.580724367872,0.009060266682362516,0.06145891312985118,31.83031906172325,0.5756462732485114,1.034921575117578e-06
\mathrm{IM}_2,II,0.7,0.6,3200,6400,0.12115276586285877,base,,nan,finite_interior,13568.78134666849,0.009992906513692161,0.06145891312985118,31.83031906172325,0.6786834047122133,1.0965074278994246e-06
\mathrm{IM}_2,II,0.7,0.6,3200,6400,0.1467799267622069,base,,nan,finite_interior,10059.006074541658,0.011992048529565655,0.06145891312985118,31.83031906172325,0.8705654957950509,6.674485795082416e-08
\mathrm{IM}_2,II,0.7,0.6,3200,6400,0.1778279410038923,base,,nan,finite_interior,7608.857945307882,0.01438939830964106,0.06145891312985118,31.83031906172325,1.0624475868778884,7.812406896076102e-07
\mathrm{IM}_2,II,0.7,0.6,3200,6400,0.21544346900318823,base,,nan,finite_interior,5838.046029926734,0.01726351670104381,0.06145891312985118,31.83031906172325,1.2543296779607247,1.620952083062919e-08
\mathrm{IM}_2,II,0.7,0.6,3200,6400,0.2610157215682536,base,,nan,finite_interior,4526.107353581034,0.02070791117626937,0.06145891312985118,31.83031906172325,1.4462117690435623,3.3590871890976135e-07
\mathrm{IM}_2,II,0.7,0.6,3200,6400,0.31622776601683794,base,,nan,finite_interior,3536.210744140326,0.024833746560469837,0.06145891312985118,31.83031906172325,1.6380938601263997,9.368148160611264e-07
\mathrm{IM}_2,II,0.7,0.6,3200,6400,0.3831186849557285,base,,nan,finite_interior,2778.9634084173463,0.029772988776382167,0.06145891312985118,31.83031906172325,1.8299759512092362,8.020861440160795e-07
\mathrm{IM}_2,II,0.7,0.6,3200,6400,0.46415888336127775,base,,nan,finite_interior,2193.5756812078157,0.03568203692323121,0.06145891312985118,31.83031906172325,2.0218580422920738,9.564627284677015e-07
\mathrm{IM}_2,II,0.7,0.6,3200,6400,0.5623413251903491,base,,nan,finite_interior,1737.3684802343635,0.042745898049876954,0.06145891312985118,31.83031906172325,2.213740133374911,6.674560857285879e-07
\mathrm{IM}_2,II,0.7,0.6,3200,6400,0.6812920690579608,base,,nan,finite_interior,1379.5981109407685,0.0511829550433411,0.06145891312985118,31.83031906172325,2.4056222244577476,3.6602900418754325e-07
\mathrm{IM}_2,II,0.7,0.6,3200,6400,0.8254041852680182,base,,nan,finite_interior,1097.6559965075746,0.061250369762479426,0.06145891312985118,31.83031906172325,2.597504315540585,8.138387263316652e-07
\mathrm{IM}_2,II,0.7,0.6,3200,6400,1.0,base,,nan,finite_interior,874.6278079852912,0.07325014768486562,0.06145891312985118,31.83031906172325,2.7893864066234224,9.886062589883487e-07
\mathrm{IM}_2,II,0.7,0.6,3200,6400,1.2115276586285877,base,,nan,finite_interior,697.6838611298956,0.08753586428589558,0.06145891312985118,31.83031906172325,2.9812684977062593,1.017752666965103e-06
\mathrm{IM}_2,II,0.7,0.6,3200,6400,1.467799267622069,base,,nan,finite_interior,556.9806055064171,0.104520010968124,0.06145891312985118,31.83031906172325,3.076655083009073,1.0088775485707844e-06
\mathrm{IM}_2,II,0.7,0.6,3200,6400,1.7782794100389228,base,,nan,finite_interior,444.9008611714987,0.12468185231750285,0.06145891312985118,31.83031906172325,2.8847729919262357,9.973658360885494e-07
\mathrm{IM}_2,II,0.7,0.6,3200,6400,2.154434690031882,base,,nan,finite_interior,355.5133664194433,0.1485756656053009,0.06145891312985118,31.83031906172325,2.6928909008433997,9.617036317060415e-07
\mathrm{IM}_2,II,0.7,0.6,3200,6400,2.610157215682536,base,,nan,finite_interior,284.1069584166261,0.17683877395567538,0.06145891312985118,31.83031906172325,2.501008809760562,1.0009750654482214e-06
\mathrm{IM}_2,II,0.7,0.6,3200,6400,3.1622776601683795,base,,nan,finite_interior,227.01764114530476,0.21019851083412455,0.06145891312985118,31.83031906172325,2.3091267186777245,1.1213496984827125e-06
\mathrm{IM}_2,II,0.7,0.6,3200,6400,3.831186849557285,base,,nan,finite_interior,181.55474225233405,0.24948138765306282,0.06145891312985118,31.83031906172325,2.117244627594888,9.218359530764136e-07
\mathrm{IM}_2,II,0.7,0.6,3200,6400,4.6415888336127775,base,,nan,finite_interior,145.32047269049218,0.29562242682615464,0.06145891312985118,31.83031906172325,1.9253625365120504,3.063855260758125e-07
\mathrm{IM}_2,II,0.7,0.6,3200,6400,5.623413251903491,base,,nan,finite_interior,115.86403943246967,0.3496445698482984,0.06145891312985118,31.83031906172325,1.733480445429213,6.420252774109281e-07
\mathrm{IM}_2,II,0.7,0.6,3200,6400,6.812920690579608,base,,nan,finite_interior,91.59923934437873,0.41259708741131157,0.06145891312985118,31.83031906172325,1.5415983543463765,1.4181969263304573e-06
\mathrm{IM}_2,II,0.7,0.6,3200,6400,8.254041852680182,base,,nan,finite_interior,72.62180687867416,0.4855884320243211,0.06145891312985118,31.83031906172325,1.3497162632635389,2.0261591335380044e-07
\mathrm{IM}_2,II,0.7,0.6,3200,6400,10.0,base,,nan,finite_interior,58.8029039901423,0.5700496218679266,0.06145891312985118,31.83031906172325,1.1578341721807015,1.6474887960732011e-06
\mathrm{IM}_2,II,0.7,0.6,3200,6400,12.115276586285876,base,,nan,finite_interior,48.453773531169375,0.667774366297613,0.06145891312985118,31.83031906172325,0.965952081097865,3.5194609158653324e-07
\mathrm{IM}_2,II,0.7,0.6,3200,6400,14.677992676220676,base,,nan,finite_interior,39.9248359831072,0.7805155683222116,0.06145891312985118,31.83031906172325,0.7740699900150286,7.753905753468304e-07
\mathrm{IM}_2,II,0.7,0.6,3200,6400,17.78279410038923,base,,nan,finite_interior,32.12392968466119,0.9093123289341779,0.06145891312985118,31.83031906172325,0.5821878989321901,1.5378691297652302e-06
\mathrm{IM}_2,II,0.7,0.6,3200,6400,17.89950380240108,boundary_refinement,zero,-0.25,finite_interior,31.860504025823754,0.913983039113957,0.06145891312985118,31.83031906172325,0.5756462732485115,1.560707054026963e-06
\mathrm{IM}_2,II,0.7,0.6,3200,6400,18.960116081518393,boundary_refinement,zero,-0.225,finite_interior,29.5307951740773,0.9558288684098598,0.06145891312985118,31.83031906172325,0.5180816459236602,6.941183047777562e-07
\mathrm{IM}_2,II,0.7,0.6,3200,6400,20.08357358914218,boundary_refinement,zero,-0.2,finite_interior,27.16210829965315,0.9989217423678654,0.06145891312985118,31.83031906172325,0.4605170185988091,1.710196243183368e-06
\mathrm{IM}_2,II,0.7,0.6,3200,6400,21.273600139171066,boundary_refinement,zero,-0.17500000000000002,finite_interior,24.725914704182017,1.0430719794067014,0.06145891312985118,31.83031906172325,0.4029523912739581,1.6550640116529174e-06
\mathrm{IM}_2,II,0.7,0.6,3200,6400,21.54434690031882,base,,nan,finite_interior,24.17837312248963,1.0528861519138246,0.06145891312985118,31.83031906172325,0.39030580784935365,1.4191035783587303e-06
\mathrm{IM}_2,II,0.7,0.6,3200,6400,22.534140195349043,boundary_refinement,zero,-0.15,finite_interior,22.187451621166463,1.0879789111887685,0.06145891312985118,31.83031906172325,0.34538776394910686,2.616686884156557e-07
\mathrm{IM}_2,II,0.7,0.6,3200,6400,23.869371945590757,boundary_refinement,zero,-0.125,finite_interior,19.50203887768214,1.1331693230796585,0.06145891312985118,31.83031906172325,0.2878231366242556,1.1672082090273849e-07
\mathrm{IM}_2,II,0.7,0.6,3200,6400,25.283721151009278,boundary_refinement,zero,-0.1,finite_interior,16.608655522676685,1.17788907711248,0.06145891312985118,31.83031906172325,0.23025850929940458,1.1632452196662728e-07
\mathrm{IM}_2,II,0.7,0.6,3200,6400,26.10157215682533,base,,nan,finite_interior,14.888399016205156,1.2019945697732608,0.06145891312985118,31.83031906172325,0.19842371676651724,3.189516439031245e-07
\mathrm{IM}_2,II,0.7,0.6,3200,6400,26.781875815550386,boundary_refinement,zero,-0.07500000000000001,finite_interior,13.418344246213255,1.220897803018313,0.06145891312985118,31.83031906172325,0.17269388197455351,3.134812757699648e-07
\mathrm{IM}_2,II,0.7,0.6,3200,6400,28.368801724857292,boundary_refinement,zero,-0.05,finite_interior,9.790942869839943,1.2600405783728665,0.06145891312985118,31.83031906172325,0.11512925464970225,6.036537457644375e-07
\mathrm{IM}_2,II,0.7,0.6,3200,6400,30.049758905870984,boundary_refinement,zero,-0.025,finite_interior,5.482227112190245,1.2912276222876535,0.06145891312985118,31.83031906172325,0.05756462732485113,2.0561037587371274e-06
\mathrm{IM}_2,II,0.7,0.6,3200,6400,31.622776601683793,base,,nan,finite_interior,0.7095349776119366,1.305240967901494,0.06145891312985118,31.83031906172325,0.006541625683678698,2.4087986301742034e-06
\mathrm{IM}_2,II,0.7,0.6,3200,6400,33.71638403971202,boundary_refinement,zero,0.025,no_training,0.0,1.3054773009861442,0.06145891312985118,31.83031906172325,0.057564627324851146,0.0
\mathrm{IM}_2,II,0.7,0.6,3200,6400,35.714205393573046,boundary_refinement,zero,0.05,no_training,0.0,1.3054773009861442,0.06145891312985118,31.83031906172325,0.1151292546497022,0.0
\mathrm{IM}_2,II,0.7,0.6,3200,6400,37.830405104889074,boundary_refinement,zero,0.07500000000000001,no_training,0.0,1.3054773009861442,0.06145891312985118,31.83031906172325,0.1726938819745535,0.0
\mathrm{IM}_2,II,0.7,0.6,3200,6400,38.31186849557285,base,,nan,no_training,0.0,1.3054773009861442,0.06145891312985118,31.83031906172325,0.18534046539915788,0.0
\mathrm{IM}_2,II,0.7,0.6,3200,6400,40.07199753231968,boundary_refinement,zero,0.1,no_training,0.0,1.3054773009861442,0.06145891312985118,31.83031906172325,0.2302585092994046,0.0
\mathrm{IM}_2,II,0.7,0.6,3200,6400,42.44641266140474,boundary_refinement,zero,0.125,no_training,0.0,1.3054773009861442,0.06145891312985118,31.83031906172325,0.2878231366242557,0.0
\mathrm{IM}_2,II,0.7,0.6,3200,6400,44.96152073200542,boundary_refinement,zero,0.15,no_training,0.0,1.3054773009861442,0.06145891312985118,31.83031906172325,0.3453877639491069,0.0
\mathrm{IM}_2,II,0.7,0.6,3200,6400,46.41588833612773,base,,nan,no_training,0.0,1.3054773009861442,0.06145891312985118,31.83031906172325,0.3772225564819944,0.0
\mathrm{IM}_2,II,0.7,0.6,3200,6400,47.62565832501264,boundary_refinement,zero,0.17500000000000002,no_training,0.0,1.3054773009861442,0.06145891312985118,31.83031906172325,0.402952391273958,0.0
\mathrm{IM}_2,II,0.7,0.6,3200,6400,50.4476559947904,boundary_refinement,zero,0.2,no_training,0.0,1.3054773009861442,0.06145891312985118,31.83031906172325,0.4605170185988092,0.0
\mathrm{IM}_2,II,0.7,0.6,3200,6400,53.43686753894412,boundary_refinement,zero,0.225,no_training,0.0,1.3054773009861442,0.06145891312985118,31.83031906172325,0.5180816459236602,0.0
\mathrm{IM}_2,II,0.7,0.6,3200,6400,56.23413251903491,base,,nan,no_training,0.0,1.3054773009861442,0.06145891312985118,31.83031906172325,0.5691046475648327,0.0
\mathrm{IM}_2,II,0.7,0.6,3200,6400,56.6032010024319,boundary_refinement,zero,0.25,no_training,0.0,1.3054773009861442,0.06145891312985118,31.83031906172325,0.5756462732485114,0.0
\mathrm{IM}_2,II,0.7,0.6,3200,6400,68.12920690579608,base,,nan,no_training,0.0,1.3054773009861442,0.06145891312985118,31.83031906172325,0.7609867386476693,0.0
\mathrm{IM}_2,II,0.7,0.6,3200,6400,82.54041852680173,base,,nan,no_training,0.0,1.3054773009861442,0.06145891312985118,31.83031906172325,0.9528688297305057,0.0
\mathrm{IM}_2,II,0.7,0.6,3200,6400,100.0,base,,nan,no_training,0.0,1.3054773009861442,0.06145891312985118,31.83031906172325,1.1447509208133442,0.0
\mathrm{IM}_2,II,0.7,0.6,3200,6400,121.15276586285876,base,,nan,no_training,0.0,1.3054773009861442,0.06145891312985118,31.83031906172325,1.3366330118961807,0.0
\mathrm{IM}_2,II,0.7,0.6,3200,6400,146.77992676220674,base,,nan,no_training,0.0,1.3054773009861442,0.06145891312985118,31.83031906172325,1.528515102979017,0.0
\mathrm{IM}_2,II,0.7,0.6,3200,6400,177.82794100389228,base,,nan,no_training,0.0,1.3054773009861442,0.06145891312985118,31.83031906172325,1.7203971940618557,0.0
\mathrm{IM}_2,II,0.7,0.6,3200,6400,215.44346900318823,base,,nan,no_training,0.0,1.3054773009861442,0.06145891312985118,31.83031906172325,1.9122792851446921,0.0
\mathrm{IM}_2,II,0.7,0.6,3200,6400,261.0157215682533,base,,nan,no_training,0.0,1.3054773009861442,0.06145891312985118,31.83031906172325,2.104161376227528,0.0
\mathrm{IM}_2,II,0.7,0.6,3200,6400,316.22776601683796,base,,nan,no_training,0.0,1.3054773009861442,0.06145891312985118,31.83031906172325,2.2960434673103673,0.0
\mathrm{IM}_2,II,0.7,0.6,3200,6400,383.1186849557285,base,,nan,no_training,0.0,1.3054773009861442,0.06145891312985118,31.83031906172325,2.4879255583932034,0.0
\mathrm{IM}_2,II,0.7,0.6,3200,6400,464.1588833612773,base,,nan,no_training,0.0,1.3054773009861442,0.06145891312985118,31.83031906172325,2.67980764947604,0.0
\mathrm{IM}_2,II,0.7,0.6,3200,6400,562.341325190349,base,,nan,no_training,0.0,1.3054773009861442,0.06145891312985118,31.83031906172325,2.871689740558878,0.0
\mathrm{IM}_2,II,0.7,0.6,3200,6400,681.2920690579608,base,,nan,no_training,0.0,1.3054773009861442,0.06145891312985118,31.83031906172325,3.0635718316417146,0.0
\mathrm{IM}_2,II,0.7,0.6,3200,6400,825.4041852680173,base,,nan,no_training,0.0,1.3054773009861442,0.06145891312985118,31.83031906172325,3.255453922724551,0.0
\mathrm{IM}_2,II,0.7,0.6,3200,6400,1000.0,base,,nan,no_training,0.0,1.3054773009861442,0.06145891312985118,31.83031906172325,3.44733601380739,0.0
\mathrm{IM}_2,II,0.7,0.6,4800,9600,0.001,base,,nan,terminal_infimum,inf,0.00012994669256855362,0.04119491096509507,31.855910680284108,3.7183147284615417,0.0
\mathrm{IM}_2,II,0.7,0.6,4800,9600,0.001211527658628589,base,,nan,terminal_infimum,inf,0.00014776069717550226,0.04119491096509507,31.855910680284108,3.5264326373787043,0.0
\mathrm{IM}_2,II,0.7,0.6,4800,9600,0.0014677992676220691,base,,nan,terminal_infimum,inf,0.0001693428564677575,0.04119491096509507,31.855910680284108,3.334550546295868,0.0
\mathrm{IM}_2,II,0.7,0.6,4800,9600,0.0017782794100389228,base,,nan,terminal_infimum,inf,0.00019549023938325287,0.04119491096509507,31.855910680284108,3.1426684552130304,0.0
\mathrm{IM}_2,II,0.7,0.6,4800,9600,0.0021544346900318843,base,,nan,terminal_infimum,inf,0.00022716851698612812,0.04119491096509507,31.855910680284108,2.950786364130193,0.0
\mathrm{IM}_2,II,0.7,0.6,4800,9600,0.0026101572156825357,base,,nan,terminal_infimum,inf,0.0002655476264797258,0.04119491096509507,31.855910680284108,2.7589042730473565,0.0
\mathrm{IM}_2,II,0.7,0.6,4800,9600,0.0031622776601683794,base,,nan,terminal_infimum,inf,0.0003120449791447548,0.04119491096509507,31.855910680284108,2.567022181964519,0.0
\mathrm{IM}_2,II,0.7,0.6,4800,9600,0.003831186849557285,base,,nan,terminal_infimum,inf,0.0003683778079514447,0.04119491096509507,31.855910680284108,2.375140090881682,0.0
\mathrm{IM}_2,II,0.7,0.6,4800,9600,0.004641588833612777,base,,nan,terminal_infimum,inf,0.0004366265881395392,0.04119491096509507,31.855910680284108,2.183257999798845,0.0
\mathrm{IM}_2,II,0.7,0.6,4800,9600,0.005623413251903491,base,,nan,terminal_infimum,inf,0.0005193118730050785,0.04119491096509507,31.855910680284108,1.9913759087160074,0.0
\mathrm{IM}_2,II,0.7,0.6,4800,9600,0.006812920690579608,base,,nan,terminal_infimum,inf,0.0006194873825812628,0.04119491096509507,31.855910680284108,1.799493817633171,0.0
\mathrm{IM}_2,II,0.7,0.6,4800,9600,0.008254041852680182,base,,nan,terminal_infimum,inf,0.0007408527831500235,0.04119491096509507,31.855910680284108,1.6076117265503336,0.0
\mathrm{IM}_2,II,0.7,0.6,4800,9600,0.01,base,,nan,terminal_infimum,inf,0.0008878903227396151,0.04119491096509507,31.855910680284108,1.415729635467496,0.0
\mathrm{IM}_2,II,0.7,0.6,4800,9600,0.012115276586285882,base,,nan,terminal_infimum,inf,0.001066030368809101,0.04119491096509507,31.855910680284108,1.223847544384659,0.0
\mathrm{IM}_2,II,0.7,0.6,4800,9600,0.01467799267622069,base,,nan,terminal_infimum,inf,0.001281851961731654,0.04119491096509507,31.855910680284108,1.031965453301822,0.0
\mathrm{IM}_2,II,0.7,0.6,4800,9600,0.01778279410038923,base,,nan,terminal_infimum,inf,0.0015433257908866078,0.04119491096509507,31.855910680284108,0.8400833622189846,0.0
\mathrm{IM}_2,II,0.7,0.6,4800,9600,0.021544346900318832,base,,nan,terminal_infimum,inf,0.0018601085669153593,0.04119491096509507,31.855910680284108,0.6482012711361477,0.0
\mathrm{IM}_2,II,0.7,0.6,4800,9600,0.02316560082321,boundary_refinement,terminal,-0.25,terminal_infimum,inf,0.0019966440206648267,0.04119491096509507,31.855910680284108,0.5756462732485115,0.0
\mathrm{IM}_2,II,0.7,0.6,4800,9600,0.024538248967955267,boundary_refinement,terminal,-0.225,terminal_infimum,inf,0.002112242900417693,0.04119491096509507,31.855910680284108,0.5180816459236602,0.0
\mathrm{IM}_2,II,0.7,0.6,4800,9600,0.025992231628634378,boundary_refinement,terminal,-0.2,terminal_infimum,inf,0.002234691444422238,0.04119491096509507,31.855910680284108,0.4605170185988091,0.0
\mathrm{IM}_2,II,0.7,0.6,4800,9600,0.026101572156825358,base,,nan,terminal_infimum,inf,0.0022438996618513373,0.04119491096509507,31.855910680284108,0.4563191800533107,0.0
\mathrm{IM}_2,II,0.7,0.6,4800,9600,0.027532368178301913,boundary_refinement,terminal,-0.17500000000000002,terminal_infimum,inf,0.0023643955208015877,0.04119491096509507,31.855910680284108,0.4029523912739581,0.0
\mathrm{IM}_2,II,0.7,0.6,4800,9600,0.029163763555818952,boundary_refinement,terminal,-0.15,terminal_infimum,inf,0.0025017850468770936,0.04119491096509507,31.855910680284108,0.34538776394910686,0.0
\mathrm{IM}_2,II,0.7,0.6,4800,9600,0.030891825186690883,boundary_refinement,terminal,-0.125,terminal_infimum,inf,0.0026473154141729155,0.04119491096509507,31.855910680284108,0.2878231366242556,0.0
\mathrm{IM}_2,II,0.7,0.6,4800,9600,0.03162277660168379,base,,nan,terminal_infimum,inf,0.0027088731885016263,0.04119491096509507,31.855910680284108,0.2644370889704733,0.0
\mathrm{IM}_2,II,0.7,0.6,4800,9600,0.032722280906527915,boundary_refinement,terminal,-0.1,terminal_infimum,inf,0.0028014689978574335,0.04119491096509507,31.855910680284108,0.23025850929940445,0.0
\mathrm{IM}_2,II,0.7,0.6,4800,9600,0.03466119794653736,boundary_refinement,terminal,-0.07500000000000001,terminal_infimum,inf,0.0029647567556246876,0.04119491096509507,31.855910680284108,0.17269388197455351,0.0
\mathrm{IM}_2,II,0.7,0.6,4800,9600,0.0367150030439771,boundary_refinement,terminal,-0.05,terminal_infimum,inf,0.0031377199213154998,0.04119491096509507,31.855910680284108,0.11512925464970225,0.0
\mathrm{IM}_2,II,0.7,0.6,4800,9600,0.03831186849557287,base,,nan,terminal_infimum,inf,0.0032722014765685275,0.04119491096509507,31.855910680284108,0.07255499788763613,0.0
\mathrm{IM}_2,II,0.7,0.6,4800,9600,0.03889050374422824,boundary_refinement,terminal,-0.025,terminal_infimum,inf,0.0033209317988919483,0.04119491096509507,31.855910680284108,0.05756462732485113,0.0
\mathrm{IM}_2,II,0.7,0.6,4800,9600,0.03911502107251301,terminal_near_refinement,terminal,-0.0225,terminal_infimum,inf,0.0033398397409848887,0.04119491096509507,31.855910680284108,0.05180816459236609,0.0
\mathrm{IM}_2,II,0.7,0.6,4800,9600,0.03934083455347895,terminal_near_refinement,terminal,-0.02,terminal_infimum,inf,0.0033588568398187652,0.04119491096509507,31.855910680284108,0.04605170185988087,0.0
\mathrm{IM}_2,II,0.7,0.6,4800,9600,0.03956795166989714,terminal_near_refinement,terminal,-0.0175,terminal_infimum,inf,0.0033779837255623196,0.04119491096509507,31.855910680284108,0.040295239127395764,0.0
\mathrm{IM}_2,II,0.7,0.6,4800,9600,0.03979637994773719,terminal_near_refinement,terminal,-0.015,terminal_infimum,inf,0.003397221032022298,0.04119491096509507,31.855910680284108,0.03453877639491083,0.0
\mathrm{IM}_2,II,0.7,0.6,4800,9600,0.04002612695641659,terminal_near_refinement,terminal,-0.0125,terminal_infimum,inf,0.0034165693966644543,0.04119491096509507,31.855910680284108,0.028782313662425615,0.0
\mathrm{IM}_2,II,0.7,0.6,4800,9600,0.040257200309051555,terminal_near_refinement,terminal,-0.01,terminal_infimum,inf,0.0034360294606346708,0.04119491096509507,31.855910680284108,0.02302585092994047,0.0
\mathrm{IM}_2,II,0.7,0.6,4800,9600,0.04048960766270931,terminal_near_refinement,terminal,-0.0075,terminal_infimum,inf,0.0034556018687802044,0.04119491096509507,31.855910680284108,0.017269388197455333,0.0
\mathrm{IM}_2,II,0.7,0.6,4800,9600,0.04072335671866179,terminal_near_refinement,terminal,-0.005,terminal_infimum,inf,0.0034752872696710586,0.04119491096509507,31.855910680284108,0.01151292546497021,0.0
\mathrm{IM}_2,II,0.7,0.6,4800,9600,0.04095845522264089,terminal_near_refinement,terminal,-0.0025,terminal_infimum,inf,0.00349508631562147,0.04119491096509507,31.855910680284108,0.005756462732485091,0.0
\mathrm{IM}_2,II,0.7,0.6,4800,9600,0.04098893641026959,terminal_ultra_near_refinement,terminal,-0.002176919254274547,terminal_infimum,inf,0.003497653318066273,0.04119491096509507,31.855910680284108,0.005012541823544286,0.0
\mathrm{IM}_2,II,0.7,0.6,4800,9600,0.04103013132123469,terminal_ultra_near_refinement,terminal,-0.00174066157630127,terminal_infimum,inf,0.0035011225869953236,0.04119491096509507,31.855910680284108,0.004008021397538822,0.0
\mathrm{IM}_2,II,0.7,0.6,4800,9600,0.041071326232199785,terminal_ultra_near_refinement,terminal,-0.0013048416883442813,terminal_infimum,inf,0.0035045918559243744,0.04119491096509507,31.855910680284108,0.0030045090202986133,0.0
\mathrm{IM}_2,II,0.7,0.6,4800,9600,0.041112521143164875,terminal_ultra_near_refinement,terminal,-0.0008694587126288914,terminal_infimum,inf,0.003508061124853425,0.04119491096509507,31.855910680284108,0.0020020026706731903,0.0
\mathrm{IM}_2,II,0.7,0.6,4800,9600,0.04115371605412997,terminal_ultra_near_refinement,terminal,-0.0004345117740176917,terminal_infimum,inf,0.003511530393782476,0.04119491096509507,31.855910680284108,0.0010005003335835344,0.0
\mathrm{IM}_2,II,0.7,0.6,4800,9600,0.04117431350961252,terminal_extreme_near_refinement,terminal,-0.00021720154586423186,terminal_infimum,inf,0.0035132650282470018,0.04119491096509507,31.855910680284108,0.0005001250416822429,0.0
\mathrm{IM}_2,II,0.7,0.6,4800,9600,0.04117843300070903,terminal_extreme_near_refinement,terminal,-0.00017375254558756316,terminal_infimum,inf,0.0035136119551399067,0.04119491096509507,31.855910680284108,0.00040008002133969133,0.0
\mathrm{IM}_2,II,0.7,0.6,4800,9600,0.04118255249180554,terminal_extreme_near_refinement,terminal,-0.00013030789173217684,terminal_infimum,inf,0.0035139588820328116,0.04119491096509507,31.855910680284108,0.0003000450090021035,0.0
\mathrm{IM}_2,II,0.7,0.6,4800,9600,0.04118667198290205,terminal_extreme_near_refinement,terminal,-8.686758342857122e-05,terminal_infimum,inf,0.003514305808925717,0.04119491096509507,31.855910680284108,0.00020002000266693365,0.0
\mathrm{IM}_2,II,0.7,0.6,4800,9600,0.04119079147399856,terminal_extreme_near_refinement,terminal,-4.3431619807505604e-05,terminal_infimum,inf,0.0035146527358186222,0.04119491096509507,31.855910680284108,0.00010000500033334732,0.0
\mathrm{IM}_2,II,0.7,0.6,4800,9600,0.041199030456191575,terminal_extreme_near_refinement,terminal,4.342727686266486e-05,finite_interior,102290.13063636451,0.0035153378872839845,0.04119491096509507,31.855910680284108,9.999500033329732e-05,2.120869811135982e-07
\mathrm{IM}_2,II,0.7,0.6,4800,9600,0.04120314994728808,terminal_extreme_near_refinement,terminal,8.685021164894766e-05,finite_interior,102250.59075937049,0.003515676109691921,0.04119491096509507,31.855910680284108,0.0001999800026662447,6.062876057615286e-07
\mathrm{IM}_2,II,0.7,0.6,4800,9600,0.0412072694383846,terminal_extreme_near_refinement,terminal,0.00013026880522704667,finite_interior,102211.1199251433,0.003516014329936032,0.04119491096509507,31.855910680284108,0.00029995500899794244,5.289311987710246e-07
\mathrm{IM}_2,II,0.7,0.6,4800,9600,0.041211388929481105,terminal_extreme_near_refinement,terminal,0.0001736830584648997,finite_interior,102171.68268274222,0.003516352548017012,0.04119491096509507,31.855910680284108,0.0003999200213268913,2.766609067605638e-07
\mathrm{IM}_2,II,0.7,0.6,4800,9600,0.04121550842057761,terminal_extreme_near_refinement,terminal,0.00021709297223018438,finite_interior,102132.29723910733,0.0035166907639355527,0.04119491096509507,31.855910680284108,0.0004998750416509929,1.952427690578094e-07
\mathrm{IM}_2,II,0.7,0.6,4800,9600,0.04123610587606016,terminal_ultra_near_refinement,terminal,0.0004340774793185929,finite_interior,101935.7709762945,0.00351838181111586,0.04119491096509507,31.855910680284108,0.0009995003330834232,1.5207536959839787e-07
\mathrm{IM}_2,II,0.7,0.6,4800,9600,0.04127730078702526,terminal_ultra_near_refinement,terminal,0.0008677215312269133,finite_interior,101545.30599600382,0.0035217637437011387,0.04119491096509507,31.855910680284108,0.001998002662673058,1.3043488727326329e-06
\mathrm{IM}_2,II,0.7,0.6,4800,9600,0.04131849569799035,terminal_ultra_near_refinement,terminal,0.001300933020418072,finite_interior,101158.15804962855,0.0035251454611891,0.04119491096509507,31.855910680284108,0.002995508979798371,9.762951100121968e-07
\mathrm{IM}_2,II,0.7,0.6,4800,9600,0.041359690608955446,terminal_ultra_near_refinement,terminal,0.0017337128090005314,finite_interior,100774.329749236,0.003528526964291314,0.04119491096509507,31.855910680284108,0.003992021269537457,1.3434245805054067e-06
\mathrm{IM}_2,II,0.7,0.6,4800,9600,0.041400885519920536,terminal_ultra_near_refinement,terminal,0.0021660617565076304,finite_interior,100393.73397726766,0.003531908253704678,0.04119491096509507,31.855910680284108,0.004987541511038968,6.640165534960728e-07
\mathrm{IM}_2,II,0.7,0.6,4800,9600,0.04143273178144756,terminal_near_refinement,terminal,0.0025,finite_interior,100101.67070966716,0.003534522057402901,0.04119491096509507,31.855910680284108,0.00575646273248517,1.370294463738882e-06
\mathrm{IM}_2,II,0.7,0.6,4800,9600,0.04167192555235598,terminal_near_refinement,terminal,0.005,finite_interior,97966.79560021407,0.003554150012205221,0.04119491096509507,31.855910680284108,0.011512925464970295,1.466451185761573e-06
\mathrm{IM}_2,II,0.7,0.6,4800,9600,0.04191250020397347,terminal_near_refinement,terminal,0.0075,finite_interior,95918.48640479735,0.0035738841830672305,0.04119491096509507,31.855910680284108,0.017269388197455236,6.111453105435785e-07
\mathrm{IM}_2,II,0.7,0.6,4800,9600,0.04215446370821138,terminal_near_refinement,terminal,0.01,finite_interior,93950.72081650884,0.003593725225067177,0.04119491096509507,31.855910680284108,0.023025850929940427,9.537676410288047e-07
\mathrm{IM}_2,II,0.7,0.6,4800,9600,0.042397824083003376,terminal_near_refinement,terminal,0.0125,finite_interior,92058.26944426379,0.003613673793083478,0.04119491096509507,31.855910680284108,0.02878231366242563,1.13811944840254e-06
\mathrm{IM}_2,II,0.7,0.6,4800,9600,0.04264258939257117,terminal_near_refinement,terminal,0.015,finite_interior,90236.45817804942,0.003633730541703976,0.04119491096509507,31.855910680284108,0.03453877639491076,8.673074484587768e-07
\mathrm{IM}_2,II,0.7,0.6,4800,9600,0.042888767747691736,terminal_near_refinement,terminal,0.0175,finite_interior,88480.69418774456,0.0036538961259028266,0.04119491096509507,31.855910680284108,0.04029523912739586,1.2962771763611304e-06
\mathrm{IM}_2,II,0.7,0.6,4800,9600,0.04313636730596608,terminal_near_refinement,terminal,0.02,finite_interior,86787.11545421081,0.003674171201297555,0.04119491096509507,31.855910680284108,0.046051701859880986,5.658146304773386e-07
\mathrm{IM}_2,II,0.7,0.6,4800,9600,0.043385396272089545,terminal_near_refinement,terminal,0.0225,finite_interior,85152.12575347623,0.0036945564240894744,0.04119491096509507,31.855910680284108,0.05180816459236611,1.3257908881657208e-06
\mathrm{IM}_2,II,0.7,0.6,4800,9600,0.0436358628981237,boundary_refinement,terminal,0.025,finite_interior,83572.34476338475,0.0037150524518705617,0.04119491096509507,31.855910680284108,0.057564627324851146,1.1432439369580572e-06
\mathrm{IM}_2,II,0.7,0.6,4800,9600,0.04622145032616297,boundary_refinement,terminal,0.05,finite_interior,70245.07500260453,0.0039262527446138175,0.04119491096509507,31.855910680284108,0.1151292546497022,1.0869634625323593e-06
\mathrm{IM}_2,II,0.7,0.6,4800,9600,0.046415888336127774,base,,nan,finite_interior,69417.72847007954,0.003942108372359864,0.04119491096509507,31.855910680284108,0.11932709319520077,1.98037770943661e-07
\mathrm{IM}_2,II,0.7,0.6,4800,9600,0.04896024344108515,boundary_refinement,terminal,0.07500000000000001,finite_interior,60169.16330616384,0.004149270531476707,0.04119491096509507,31.855910680284108,0.1726938819745535,7.26466757781106e-07
\mathrm{IM}_2,II,0.7,0.6,4800,9600,0.05186132025055636,boundary_refinement,terminal,0.1,finite_interior,52243.271808102734,0.004384801131041346,0.04119491096509507,31.855910680284108,0.2302585092994046,4.921004104497688e-07
\mathrm{IM}_2,II,0.7,0.6,4800,9600,0.05493429666801419,boundary_refinement,terminal,0.125,finite_interior,45832.414989470424,0.004633571889557299,0.04119491096509507,31.855910680284108,0.2878231366242557,1.3314536319247282e-07
\mathrm{IM}_2,II,0.7,0.6,4800,9600,0.05623413251903491,base,,nan,finite_interior,43564.14228342,0.004738592534514534,0.04119491096509507,31.855910680284108,0.3112091842780383,9.19825250923231e-07
\mathrm{IM}_2,II,0.7,0.6,4800,9600,0.05818935838558837,boundary_refinement,terminal,0.15,finite_interior,40537.947377163946,0.004896346475653898,0.04119491096509507,31.855910680284108,0.3453877639491069,7.575480182701452e-07
\mathrm{IM}_2,II,0.7,0.6,4800,9600,0.06163729463561079,boundary_refinement,terminal,0.17500000000000002,finite_interior,36093.899142307724,0.00517392825231552,0.04119491096509507,31.855910680284108,0.402952391273958,7.877223075310116e-07
\mathrm{IM}_2,II,0.7,0.6,4800,9600,0.06528953395262085,boundary_refinement,terminal,0.2,finite_interior,32314.738805631438,0.005467163269209319,0.04119491096509507,31.855910680284108,0.4605170185988092,5.037410961631038e-07
\mathrm{IM}_2,II,0.7,0.6,4800,9600,0.06812920690579612,base,,nan,finite_interior,29867.140276862614,0.0056946286817759,0.04119491096509507,31.855910680284108,0.5030912753608752,8.935280396506746e-07
\mathrm{IM}_2,II,0.7,0.6,4800,9600,0.06915818205440272,boundary_refinement,terminal,0.225,finite_interior,29066.252279400698,0.0057769431124375875,0.04119491096509507,31.855910680284108,0.5180816459236602,1.0732655399483374e-06
\mathrm{IM}_2,II,0.7,0.6,4800,9600,0.07325606196761521,boundary_refinement,terminal,0.25,finite_interior,26248.7116248274,0.006104207730764274,0.04119491096509507,31.855910680284108,0.5756462732485114,8.776437944263941e-07
\mathrm{IM}_2,II,0.7,0.6,4800,9600,0.08254041852680181,base,,nan,finite_interior,21471.776444864445,0.006842639626061143,0.04119491096509507,31.855910680284108,0.6949733664437122,9.511833626614467e-07
\mathrm{IM}_2,II,0.7,0.6,4800,9600,0.1,base,,nan,finite_interior,15901.435888146885,0.008221291919987607,0.04119491096509507,31.855910680284108,0.8868554575265496,4.2842634740906044e-07
\mathrm{IM}_2,II,0.7,0.6,4800,9600,0.12115276586285877,base,,nan,finite_interior,12015.365893918042,0.009876766929505598,0.04119491096509507,31.855910680284108,1.0787375486093862,7.227290950664873e-07
\mathrm{IM}_2,II,0.7,0.6,4800,9600,0.1467799267622069,base,,nan,finite_interior,9209.534557567391,0.01186421326655883,0.04119491096509507,31.855910680284108,1.2706196396922236,4.0670025476940034e-07
\mathrm{IM}_2,II,0.7,0.6,4800,9600,0.1778279410038923,base,,nan,finite_interior,7133.095453500574,0.01424944154448618,0.04119491096509507,31.855910680284108,1.4625017307750612,4.4280682553172065e-07
\mathrm{IM}_2,II,0.7,0.6,4800,9600,0.21544346900318823,base,,nan,finite_interior,5568.137567251523,0.017110908103407138,0.04119491096509507,31.855910680284108,1.6543838218578975,7.516670379058683e-07
\mathrm{IM}_2,II,0.7,0.6,4800,9600,0.2610157215682536,base,,nan,finite_interior,4372.296530195161,0.020542034141634254,0.04119491096509507,31.855910680284108,1.846265912940735,1.0200175106346178e-06
\mathrm{IM}_2,II,0.7,0.6,4800,9600,0.31622776601683794,base,,nan,finite_interior,3448.8240139545655,0.024653909294872673,0.04119491096509507,31.855910680284108,2.0381480040235727,8.430340497927385e-07
\mathrm{IM}_2,II,0.7,0.6,4800,9600,0.3831186849557285,base,,nan,finite_interior,2729.8414591386877,0.029578431528796096,0.04119491096509507,31.855910680284108,2.2300300951064087,2.885405853131853e-07
\mathrm{IM}_2,II,0.7,0.6,4800,9600,0.46415888336127775,base,,nan,finite_interior,2166.511709466146,0.0354719370628792,0.04119491096509507,31.855910680284108,2.4219121861892465,1.0095461952697415e-06
\mathrm{IM}_2,II,0.7,0.6,4800,9600,0.5623413251903491,base,,nan,finite_interior,1722.949918012847,0.042519373955707596,0.04119491096509507,31.855910680284108,2.613794277272084,8.097651623103159e-07
\mathrm{IM}_2,II,0.7,0.6,4800,9600,0.6812920690579608,base,,nan,finite_interior,1372.341135208323,0.05093906950283607,0.04119491096509507,31.855910680284108,2.8056763683549204,8.118598140573672e-07
\mathrm{IM}_2,II,0.7,0.6,4800,9600,0.8254041852680182,base,,nan,finite_interior,1094.3708335980925,0.06098813336641866,0.04119491096509507,31.855910680284108,2.997558459437758,9.110733858546097e-07
\mathrm{IM}_2,II,0.7,0.6,4800,9600,1.0,base,,nan,finite_interior,873.4719850475907,0.07296852256375216,0.04119491096509507,31.855910680284108,3.189440550520595,9.334775660246578e-07
\mathrm{IM}_2,II,0.7,0.6,4800,9600,1.2115276586285877,base,,nan,finite_interior,697.6075258240023,0.08723376848764522,0.04119491096509507,31.855910680284108,3.2693408523765886,9.320917773036017e-07
\mathrm{IM}_2,II,0.7,0.6,4800,9600,1.467799267622069,base,,nan,finite_interior,557.398282767404,0.10419632378493934,0.04119491096509507,31.855910680284108,3.0774587612937507,8.35193544256626e-07
\mathrm{IM}_2,II,0.7,0.6,4800,9600,1.7782794100389228,base,,nan,finite_interior,445.4966486895372,0.12433542096169486,0.04119491096509507,31.855910680284108,2.8855766702109134,9.333669831233106e-07
\mathrm{IM}_2,II,0.7,0.6,4800,9600,2.154434690031882,base,,nan,finite_interior,356.1263351367978,0.14820531371740353,0.04119491096509507,31.855910680284108,2.6936945791280773,8.231024808141369e-07
\mathrm{IM}_2,II,0.7,0.6,4800,9600,2.610157215682536,base,,nan,finite_interior,284.6630663706315,0.17644331805380137,0.04119491096509507,31.855910680284108,2.5018124880452395,9.096207348253302e-07
\mathrm{IM}_2,II,0.7,0.6,4800,9600,3.1622776601683795,base,,nan,finite_interior,227.48779721621054,0.20977677305951753,0.04119491096509507,31.855910680284108,2.309930396962402,1.0320949460181872e-06
\mathrm{IM}_2,II,0.7,0.6,4800,9600,3.831186849557285,base,,nan,finite_interior,181.93443139050956,0.24903215947216753,0.04119491096509507,31.855910680284108,2.1180483058795656,1.0392906590263917e-06
\mathrm{IM}_2,II,0.7,0.6,4800,9600,4.6415888336127775,base,,nan,finite_interior,145.6224051319944,0.2951445364077016,0.04119491096509507,31.855910680284108,1.926166214796728,4.6056858975115556e-07
\mathrm{IM}_2,II,0.7,0.6,4800,9600,5.623413251903491,base,,nan,finite_interior,116.10456646040069,0.34913732232856404,0.04119491096509507,31.855910680284108,1.7342841237138906,3.0717211455444893e-07
\mathrm{IM}_2,II,0.7,0.6,4800,9600,6.812920690579608,base,,nan,finite_interior,91.78322036754035,0.4120604834617274,0.04119491096509507,31.855910680284108,1.5424020326310541,6.478538067282117e-07
\mathrm{IM}_2,II,0.7,0.6,4800,9600,8.254041852680182,base,,nan,finite_interior,72.74903526008082,0.4850214413354318,0.04119491096509507,31.855910680284108,1.3505199415482165,2.8752636103106813e-06
\mathrm{IM}_2,II,0.7,0.6,4800,9600,10.0,base,,nan,finite_interior,58.88963361629175,0.5694485994264615,0.04119491096509507,31.855910680284108,1.1586378504653791,1.5665244030757574e-06
\mathrm{IM}_2,II,0.7,0.6,4800,9600,12.115276586285876,base,,nan,finite_interior,48.51841274142088,0.667135548993887,0.04119491096509507,31.855910680284108,0.9667557593825427,6.035239339553318e-07
\mathrm{IM}_2,II,0.7,0.6,4800,9600,14.677992676220676,base,,nan,finite_interior,39.97808271051745,0.7798383298625964,0.04119491096509507,31.855910680284108,0.7748736682997062,1.299804371890179e-07
\mathrm{IM}_2,II,0.7,0.6,4800,9600,17.78279410038923,base,,nan,finite_interior,32.171547785514676,0.9086033333223547,0.04119491096509507,31.855910680284108,0.5829915772168678,1.4790174742065496e-06
\mathrm{IM}_2,II,0.7,0.6,4800,9600,17.91389502709636,boundary_refinement,zero,-0.25,finite_interior,31.875638399817127,0.9138481857166616,0.04119491096509507,31.855910680284108,0.5756462732485115,3.5822384988355905e-07
\mathrm{IM}_2,II,0.7,0.6,4800,9600,18.97536003988673,boundary_refinement,zero,-0.225,finite_interior,29.544720260590918,0.95570660893951,0.04119491096509507,31.855910680284108,0.5180816459236602,1.70169684762982e-06
\mathrm{IM}_2,II,0.7,0.6,4800,9600,20.099720808830288,boundary_refinement,zero,-0.2,finite_interior,27.174855680489383,0.9988130004127354,0.04119491096509507,31.855910680284108,0.4605170185988091,2.3531040235389493e-08
\mathrm{IM}_2,II,0.7,0.6,4800,9600,21.29070414177695,boundary_refinement,zero,-0.17500000000000002,finite_interior,24.737421553686737,1.0429776837917315,0.04119491096509507,31.855910680284108,0.4029523912739581,6.515832566363328e-07
\mathrm{IM}_2,II,0.7,0.6,4800,9600,21.54434690031882,base,,nan,finite_interior,24.224570867180553,1.0521702303377465,0.04119491096509507,31.855910680284108,0.39110948613403135,1.546103382067261e-06
\mathrm{IM}_2,II,0.7,0.6,4800,9600,22.55225767382477,boundary_refinement,zero,-0.15,finite_interior,22.197677403398895,1.087899940958893,0.04119491096509507,31.855910680284108,0.34538776394910686,1.389642620120575e-06
\mathrm{IM}_2,II,0.7,0.6,4800,9600,23.888562952156988,boundary_refinement,zero,-0.125,finite_interior,19.510868847335768,1.1331064146081682,0.04119491096509507,31.855910680284108,0.2878231366242556,1.0443061951380077e-06
\mathrm{IM}_2,II,0.7,0.6,4800,9600,25.30404929620446,boundary_refinement,zero,-0.1,finite_interior,16.615955687334974,1.1778426616779232,0.04119491096509507,31.855910680284108,0.23025850929940458,6.157420910477935e-07
\mathrm{IM}_2,II,0.7,0.6,4800,9600,26.10157215682533,base,,nan,finite_interior,14.93949438503762,1.2013570307103798,0.04119491096509507,31.855910680284108,0.19922739505119483,6.629449083621573e-07
\mathrm{IM}_2,II,0.7,0.6,4800,9600,26.803408479074328,boundary_refinement,zero,-0.07500000000000001,finite_interior,13.423937139642726,1.2208676968392747,0.04119491096509507,31.855910680284108,0.17269388197455351,2.2224168069599338e-07
\mathrm{IM}_2,II,0.7,0.6,4800,9600,28.391610278908015,boundary_refinement,zero,-0.05,finite_interior,9.794630213995896,1.2600253976436462,0.04119491096509507,31.855910680284108,0.11512925464970225,2.72326275408916e-07
\mathrm{IM}_2,II,0.7,0.6,4800,9600,30.07391895171512,boundary_refinement,zero,-0.025,finite_interior,5.483864917156458,1.291223709304818,0.04119491096509507,31.855910680284108,0.05756462732485113,5.225535205192812e-07
\mathrm{IM}_2,II,0.7,0.6,4800,9600,31.622776601683793,base,,nan,finite_interior,0.79496417090803,1.305180838935069,0.04119491096509507,31.855910680284108,0.007345303968356312,2.8764126088977237e-06
\mathrm{IM}_2,II,0.7,0.6,4800,9600,33.74349205700592,boundary_refinement,zero,0.025,no_training,0.0,1.3054775434839219,0.04119491096509507,31.855910680284108,0.057564627324851146,0.0
\mathrm{IM}_2,II,0.7,0.6,4800,9600,35.74291966187378,boundary_refinement,zero,0.05,no_training,0.0,1.3054775434839219,0.04119491096509507,31.855910680284108,0.1151292546497022,0.0
\mathrm{IM}_2,II,0.7,0.6,4800,9600,37.86082080055237,boundary_refinement,zero,0.07500000000000001,no_training,0.0,1.3054775434839219,0.04119491096509507,31.855910680284108,0.1726938819745535,0.0
\mathrm{IM}_2,II,0.7,0.6,4800,9600,38.31186849557285,base,,nan,no_training,0.0,1.3054775434839219,0.04119491096509507,31.855910680284108,0.1845367871144801,0.0
\mathrm{IM}_2,II,0.7,0.6,4800,9600,40.10421547125488,boundary_refinement,zero,0.1,no_training,0.0,1.3054775434839219,0.04119491096509507,31.855910680284108,0.2302585092994046,0.0
\mathrm{IM}_2,II,0.7,0.6,4800,9600,42.48053963323939,boundary_refinement,zero,0.125,no_training,0.0,1.3054775434839219,0.04119491096509507,31.855910680284108,0.2878231366242557,0.0
\mathrm{IM}_2,II,0.7,0.6,4800,9600,44.997669854050294,boundary_refinement,zero,0.15,no_training,0.0,1.3054775434839219,0.04119491096509507,31.855910680284108,0.3453877639491069,0.0
\mathrm{IM}_2,II,0.7,0.6,4800,9600,46.41588833612773,base,,nan,no_training,0.0,1.3054775434839219,0.04119491096509507,31.855910680284108,0.3764188781973167,0.0
\mathrm{IM}_2,II,0.7,0.6,4800,9600,47.66394941720056,boundary_refinement,zero,0.17500000000000002,no_training,0.0,1.3054775434839219,0.04119491096509507,31.855910680284108,0.402952391273958,0.0
\mathrm{IM}_2,II,0.7,0.6,4800,9600,50.48821597683156,boundary_refinement,zero,0.2,no_training,0.0,1.3054775434839219,0.04119491096509507,31.855910680284108,0.4605170185988092,0.0
\mathrm{IM}_2,II,0.7,0.6,4800,9600,53.47983085101434,boundary_refinement,zero,0.225,no_training,0.0,1.3054775434839219,0.04119491096509507,31.855910680284108,0.5180816459236602,0.0
\mathrm{IM}_2,II,0.7,0.6,4800,9600,56.23413251903491,base,,nan,no_training,0.0,1.3054775434839219,0.04119491096509507,31.855910680284108,0.568300969280155,0.0
\mathrm{IM}_2,II,0.7,0.6,4800,9600,56.64871005078824,boundary_refinement,zero,0.25,no_training,0.0,1.3054775434839219,0.04119491096509507,31.855910680284108,0.5756462732485114,0.0
\mathrm{IM}_2,II,0.7,0.6,4800,9600,68.12920690579608,base,,nan,no_training,0.0,1.3054775434839219,0.04119491096509507,31.855910680284108,0.7601830603629917,0.0
\mathrm{IM}_2,II,0.7,0.6,4800,9600,82.54041852680173,base,,nan,no_training,0.0,1.3054775434839219,0.04119491096509507,31.855910680284108,0.9520651514458279,0.0
\mathrm{IM}_2,II,0.7,0.6,4800,9600,100.0,base,,nan,no_training,0.0,1.3054775434839219,0.04119491096509507,31.855910680284108,1.1439472425286665,0.0
\mathrm{IM}_2,II,0.7,0.6,4800,9600,121.15276586285876,base,,nan,no_training,0.0,1.3054775434839219,0.04119491096509507,31.855910680284108,1.335829333611503,0.0
\mathrm{IM}_2,II,0.7,0.6,4800,9600,146.77992676220674,base,,nan,no_training,0.0,1.3054775434839219,0.04119491096509507,31.855910680284108,1.5277114246943393,0.0
\mathrm{IM}_2,II,0.7,0.6,4800,9600,177.82794100389228,base,,nan,no_training,0.0,1.3054775434839219,0.04119491096509507,31.855910680284108,1.719593515777178,0.0
\mathrm{IM}_2,II,0.7,0.6,4800,9600,215.44346900318823,base,,nan,no_training,0.0,1.3054775434839219,0.04119491096509507,31.855910680284108,1.9114756068600143,0.0
\mathrm{IM}_2,II,0.7,0.6,4800,9600,261.0157215682533,base,,nan,no_training,0.0,1.3054775434839219,0.04119491096509507,31.855910680284108,2.103357697942851,0.0
\mathrm{IM}_2,II,0.7,0.6,4800,9600,316.22776601683796,base,,nan,no_training,0.0,1.3054775434839219,0.04119491096509507,31.855910680284108,2.2952397890256897,0.0
\mathrm{IM}_2,II,0.7,0.6,4800,9600,383.1186849557285,base,,nan,no_training,0.0,1.3054775434839219,0.04119491096509507,31.855910680284108,2.4871218801085258,0.0
\mathrm{IM}_2,II,0.7,0.6,4800,9600,464.1588833612773,base,,nan,no_training,0.0,1.3054775434839219,0.04119491096509507,31.855910680284108,2.6790039711913622,0.0
\mathrm{IM}_2,II,0.7,0.6,4800,9600,562.341325190349,base,,nan,no_training,0.0,1.3054775434839219,0.04119491096509507,31.855910680284108,2.8708860622742005,0.0
\mathrm{IM}_2,II,0.7,0.6,4800,9600,681.2920690579608,base,,nan,no_training,0.0,1.3054775434839219,0.04119491096509507,31.855910680284108,3.0627681533570374,0.0
\mathrm{IM}_2,II,0.7,0.6,4800,9600,825.4041852680173,base,,nan,no_training,0.0,1.3054775434839219,0.04119491096509507,31.855910680284108,3.2546502444398735,0.0
\mathrm{IM}_2,II,0.7,0.6,4800,9600,1000.0,base,,nan,no_training,0.0,1.3054775434839219,0.04119491096509507,31.855910680284108,3.446532335522712,0.0
\mathrm{IM}_2,II,0.7,0.6,6400,12800,0.001,base,,nan,terminal_infimum,inf,0.00011537406852065956,0.03099665155135462,31.868910123174313,3.4338791841787315,0.0
\mathrm{IM}_2,II,0.7,0.6,6400,12800,0.001211527658628589,base,,nan,terminal_infimum,inf,0.00013323105099839598,0.03099665155135462,31.868910123174313,3.2419970930958937,0.0
\mathrm{IM}_2,II,0.7,0.6,6400,12800,0.0014677992676220691,base,,nan,terminal_infimum,inf,0.0001548652791698196,0.03099665155135462,31.868910123174313,3.050115002013057,0.0
\mathrm{IM}_2,II,0.7,0.6,6400,12800,0.0017782794100389228,base,,nan,terminal_infimum,inf,0.0001810757449725812,0.03099665155135462,31.868910123174313,2.85823291093022,0.0
\mathrm{IM}_2,II,0.7,0.6,6400,12800,0.0021544346900318843,base,,nan,terminal_infimum,inf,0.0002128304492381657,0.03099665155135462,31.868910123174313,2.6663508198473824,0.0
\mathrm{IM}_2,II,0.7,0.6,6400,12800,0.0026101572156825357,base,,nan,terminal_infimum,inf,0.0002513021517474923,0.03099665155135462,31.868910123174313,2.474468728764546,0.0
\mathrm{IM}_2,II,0.7,0.6,6400,12800,0.0031622776601683794,base,,nan,terminal_infimum,inf,0.00029791168341207263,0.03099665155135462,31.868910123174313,2.2825866376817086,0.0
\mathrm{IM}_2,II,0.7,0.6,6400,12800,0.003831186849557285,base,,nan,terminal_infimum,inf,0.00035438042017943633,0.03099665155135462,31.868910123174313,2.090704546598872,0.0
\mathrm{IM}_2,II,0.7,0.6,6400,12800,0.004641588833612777,base,,nan,terminal_infimum,inf,0.00042279385662091496,0.03099665155135462,31.868910123174313,1.8988224555160345,0.0
\mathrm{IM}_2,II,0.7,0.6,6400,12800,0.005623413251903491,base,,nan,terminal_infimum,inf,0.0005056786270915954,0.03099665155135462,31.868910123174313,1.706940364433197,0.0
\mathrm{IM}_2,II,0.7,0.6,6400,12800,0.006812920690579608,base,,nan,terminal_infimum,inf,0.0006060958189959062,0.03099665155135462,31.868910123174313,1.5150582733503606,0.0
\mathrm{IM}_2,II,0.7,0.6,6400,12800,0.008254041852680182,base,,nan,terminal_infimum,inf,0.0007277540243897942,0.03099665155135462,31.868910123174313,1.3231761822675232,0.0
\mathrm{IM}_2,II,0.7,0.6,6400,12800,0.01,base,,nan,terminal_infimum,inf,0.0008751463051236072,0.03099665155135462,31.868910123174313,1.1312940911846856,0.0
\mathrm{IM}_2,II,0.7,0.6,6400,12800,0.012115276586285882,base,,nan,terminal_infimum,inf,0.0010537161299009707,0.03099665155135462,31.868910123174313,0.9394120001018488,0.0
\mathrm{IM}_2,II,0.7,0.6,6400,12800,0.01467799267622069,base,,nan,terminal_infimum,inf,0.0012700584116152073,0.03099665155135462,31.868910123174313,0.7475299090190118,0.0
\mathrm{IM}_2,II,0.7,0.6,6400,12800,0.017430698109852247,boundary_refinement,terminal,-0.25,terminal_infimum,inf,0.001502439429839578,0.03099665155135462,31.868910123174313,0.5756462732485115,0.0
\mathrm{IM}_2,II,0.7,0.6,6400,12800,0.01778279410038923,base,,nan,terminal_infimum,inf,0.0015321630696428239,0.03099665155135462,31.868910123174313,0.5556478179361741,0.0
\mathrm{IM}_2,II,0.7,0.6,6400,12800,0.01846353190530172,boundary_refinement,terminal,-0.225,terminal_infimum,inf,0.0015896303679293288,0.03099665155135462,31.868910123174313,0.5180816459236602,0.0
\mathrm{IM}_2,II,0.7,0.6,6400,12800,0.01955756495062057,boundary_refinement,terminal,-0.2,terminal_infimum,inf,0.0016819876939025997,0.03099665155135462,31.868910123174313,0.4605170185988091,0.0
\mathrm{IM}_2,II,0.7,0.6,6400,12800,0.02071642352934162,boundary_refinement,terminal,-0.17500000000000002,terminal_infimum,inf,0.0017798175354872,0.03099665155135462,31.868910123174313,0.4029523912739581,0.0
\mathrm{IM}_2,II,0.7,0.6,6400,12800,0.021544346900318832,base,,nan,terminal_infimum,inf,0.0018497101122986676,0.03099665155135462,31.868910123174313,0.3637657268533374,0.0
\mathrm{IM}_2,II,0.7,0.6,6400,12800,0.02194394879580555,boundary_refinement,terminal,-0.15,terminal_infimum,inf,0.0018834441596191924,0.03099665155135462,31.868910123174313,0.34538776394910686,0.0
\mathrm{IM}_2,II,0.7,0.6,6400,12800,0.023244209507056714,boundary_refinement,terminal,-0.125,terminal_infimum,inf,0.0019932110472585516,0.03099665155135462,31.868910123174313,0.2878231366242556,0.0
\mathrm{IM}_2,II,0.7,0.6,6400,12800,0.024621515509151176,boundary_refinement,terminal,-0.1,terminal_infimum,inf,0.00210948203189166,0.03099665155135462,31.868910123174313,0.23025850929940458,0.0
\mathrm{IM}_2,II,0.7,0.6,6400,12800,0.026080432022578773,boundary_refinement,terminal,-0.07500000000000001,terminal_infimum,inf,0.002232642505494311,0.03099665155135462,31.868910123174313,0.17269388197455351,0.0
\mathrm{IM}_2,II,0.7,0.6,6400,12800,0.026101572156825358,base,,nan,terminal_infimum,inf,0.002234427137391935,0.03099665155135462,31.868910123174313,0.17188363577050036,0.0
\mathrm{IM}_2,II,0.7,0.6,6400,12800,0.027625794774149625,boundary_refinement,terminal,-0.05,terminal_infimum,inf,0.002363100695952519,0.03099665155135462,31.868910123174313,0.11512925464970225,0.0
\mathrm{IM}_2,II,0.7,0.6,6400,12800,0.029262726025501267,boundary_refinement,terminal,-0.025,terminal_infimum,inf,0.0025012890201752632,0.03099665155135462,31.868910123174313,0.05756462732485113,0.0
\mathrm{IM}_2,II,0.7,0.6,6400,12800,0.029431661586449092,terminal_near_refinement,terminal,-0.0225,terminal_infimum,inf,0.002515550414506719,0.03099665155135462,31.868910123174313,0.05180816459236597,0.0
\mathrm{IM}_2,II,0.7,0.6,6400,12800,0.029601572423033504,terminal_near_refinement,terminal,-0.02,terminal_infimum,inf,0.002529894140766143,0.03099665155135462,31.868910123174313,0.04605170185988087,0.0
\mathrm{IM}_2,II,0.7,0.6,6400,12800,0.029772464165582192,terminal_near_refinement,terminal,-0.0175,terminal_infimum,inf,0.0025443206742609423,0.03099665155135462,31.868910123174313,0.040295239127395764,0.0
\mathrm{IM}_2,II,0.7,0.6,6400,12800,0.02994434247692709,terminal_near_refinement,terminal,-0.015,terminal_infimum,inf,0.0025588304930425037,0.03099665155135462,31.868910123174313,0.034538776394910715,0.0
\mathrm{IM}_2,II,0.7,0.6,6400,12800,0.030117213052592018,terminal_near_refinement,terminal,-0.0125,terminal_infimum,inf,0.0025734240779220346,0.03099665155135462,31.868910123174313,0.028782313662425615,0.0
\mathrm{IM}_2,II,0.7,0.6,6400,12800,0.030291081620981406,terminal_near_refinement,terminal,-0.01,terminal_infimum,inf,0.0025881019124864967,0.03099665155135462,31.868910123174313,0.02302585092994047,0.0
\mathrm{IM}_2,II,0.7,0.6,6400,12800,0.030465953943570125,terminal_near_refinement,terminal,-0.0075,terminal_infimum,inf,0.002602864483114628,0.03099665155135462,31.868910123174313,0.017269388197455333,0.0
\mathrm{IM}_2,II,0.7,0.6,6400,12800,0.03064183581509441,terminal_near_refinement,terminal,-0.005,terminal_infimum,inf,0.002617712278993064,0.03099665155135462,31.868910123174313,0.01151292546497021,0.0
\mathrm{IM}_2,II,0.7,0.6,6400,12800,0.030818733063743872,terminal_near_refinement,terminal,-0.0025,terminal_infimum,inf,0.0026326457921325426,0.03099665155135462,31.868910123174313,0.005756462732485091,0.0
\mathrm{IM}_2,II,0.7,0.6,6400,12800,0.030841668293597847,terminal_ultra_near_refinement,terminal,-0.002176919254274547,terminal_infimum,inf,0.0026345819644528934,0.03099665155135462,31.868910123174313,0.005012541823544286,0.0
\mathrm{IM}_2,II,0.7,0.6,6400,12800,0.0308726649451492,terminal_ultra_near_refinement,terminal,-0.00174066157630127,terminal_infimum,inf,0.002637198675039157,0.03099665155135462,31.868910123174313,0.004008021397538822,0.0
\mathrm{IM}_2,II,0.7,0.6,6400,12800,0.030903661596700556,terminal_ultra_near_refinement,terminal,-0.0013048416883442813,terminal_infimum,inf,0.002639815385625421,0.03099665155135462,31.868910123174313,0.0030045090202987243,0.0
\mathrm{IM}_2,II,0.7,0.6,6400,12800,0.03093465824825191,terminal_ultra_near_refinement,terminal,-0.0008694587126288914,terminal_infimum,inf,0.0026424320962116846,0.03099665155135462,31.868910123174313,0.0020020026706730793,0.0
\mathrm{IM}_2,II,0.7,0.6,6400,12800,0.030965654899803265,terminal_ultra_near_refinement,terminal,-0.0004345117740176917,terminal_infimum,inf,0.002645048806797949,0.03099665155135462,31.868910123174313,0.0010005003335835344,0.0
\mathrm{IM}_2,II,0.7,0.6,6400,12800,0.030981153225578942,terminal_extreme_near_refinement,terminal,-0.00021720154586423186,terminal_infimum,inf,0.002646357162091081,0.03099665155135462,31.868910123174313,0.0005001250416822429,0.0
\mathrm{IM}_2,II,0.7,0.6,6400,12800,0.030984252890734077,terminal_extreme_near_refinement,terminal,-0.00017375254558756316,terminal_infimum,inf,0.002646618833149707,0.03099665155135462,31.868910123174313,0.00040008002133969133,0.0
\mathrm{IM}_2,II,0.7,0.6,6400,12800,0.030987352555889212,terminal_extreme_near_refinement,terminal,-0.00013030789173217684,terminal_infimum,inf,0.0026468805042083334,0.03099665155135462,31.868910123174313,0.00030004500900199243,0.0
\mathrm{IM}_2,II,0.7,0.6,6400,12800,0.030990452221044348,terminal_extreme_near_refinement,terminal,-8.686758342857122e-05,terminal_infimum,inf,0.0026471421752669597,0.03099665155135462,31.868910123174313,0.0002000200026670447,0.0
\mathrm{IM}_2,II,0.7,0.6,6400,12800,0.030993551886199483,terminal_extreme_near_refinement,terminal,-4.3431619807505604e-05,terminal_infimum,inf,0.002647403846325586,0.03099665155135462,31.868910123174313,0.00010000500033334732,0.0
\mathrm{IM}_2,II,0.7,0.6,6400,12800,0.030999751216509754,terminal_extreme_near_refinement,terminal,4.342727686266486e-05,finite_interior,146793.57973471153,0.00264792119292943,0.03099665155135462,31.868910123174313,9.999500033329732e-05,1.5939612779011066e-06
\mathrm{IM}_2,II,0.7,0.6,6400,12800,0.03100285088166489,terminal_extreme_near_refinement,terminal,8.685021164894766e-05,finite_interior,146736.16797186728,0.00264817686698037,0.03099665155135462,31.868910123174313,0.0001999800026662447,1.7656015466593963e-06
\mathrm{IM}_2,II,0.7,0.6,6400,12800,0.031005950546820024,terminal_extreme_near_refinement,terminal,0.00013026880522704667,finite_interior,146678.83121343853,0.002648432539537524,0.03099665155135462,31.868910123174313,0.00029995500899794244,1.766647762354959e-06
\mathrm{IM}_2,II,0.7,0.6,6400,12800,0.03100905021197516,terminal_extreme_near_refinement,terminal,0.0001736830584648997,finite_interior,146621.51810943612,0.002648688210601384,0.03099665155135462,31.868910123174313,0.0003999200213268913,1.230135246916112e-06
\mathrm{IM}_2,II,0.7,0.6,6400,12800,0.031012149877130295,terminal_extreme_near_refinement,terminal,0.00021709297223018438,finite_interior,146564.3062452873,0.0026489438801724397,0.03099665155135462,31.868910123174313,0.0004998750416509929,1.0426854863153064e-06
\mathrm{IM}_2,II,0.7,0.6,6400,12800,0.031027648202905968,terminal_ultra_near_refinement,terminal,0.0004340774793185929,finite_interior,146278.6763717692,0.002650222205652722,0.03099665155135462,31.868910123174313,0.0009995003330834232,1.116136492861883e-06
\mathrm{IM}_2,II,0.7,0.6,6400,12800,0.031058644854457328,terminal_ultra_near_refinement,terminal,0.0008677215312269133,finite_interior,145711.26032583546,0.0026527787449317085,0.03099665155135462,31.868910123174313,0.001998002662673058,4.906799497174297e-07
\mathrm{IM}_2,II,0.7,0.6,6400,12800,0.031089641506008677,terminal_ultra_near_refinement,terminal,0.001300933020418072,finite_interior,145148.53079808792,0.0026553351356994165,0.03099665155135462,31.868910123174313,0.002995508979798371,4.839859978024436e-07
\mathrm{IM}_2,II,0.7,0.6,6400,12800,0.031120638157560037,terminal_ultra_near_refinement,terminal,0.0017337128090005314,finite_interior,144590.644442314,0.0026578913784301773,0.03099665155135462,31.868910123174313,0.003992021269537457,7.749521146678505e-07
\mathrm{IM}_2,II,0.7,0.6,6400,12800,0.031151634809111386,terminal_ultra_near_refinement,terminal,0.0021660617565076304,finite_interior,144037.63604460482,0.0026604474736112377,0.03099665155135462,31.868910123174313,0.004987541511038968,1.7880319378617556e-06
\mathrm{IM}_2,II,0.7,0.6,6400,12800,0.031175597173603516,terminal_near_refinement,terminal,0.0025,finite_interior,143613.21540834635,0.0026624233954083663,0.03099665155135462,31.868910123174313,0.00575646273248517,1.3340937032456326e-06
\mathrm{IM}_2,II,0.7,0.6,6400,12800,0.031355575860203544,terminal_near_refinement,terminal,0.005,finite_interior,140511.67145583994,0.0026772615393555843,0.03099665155135462,31.868910123174313,0.011512925464970295,5.789738069309744e-07
\mathrm{IM}_2,II,0.7,0.6,6400,12800,0.031536593575100275,terminal_near_refinement,terminal,0.0075,finite_interior,137536.71946418242,0.0026921804449074292,0.03099665155135462,31.868910123174313,0.017269388197455236,1.3679296162706943e-06
\mathrm{IM}_2,II,0.7,0.6,6400,12800,0.03162277660168379,base,,nan,finite_interior,136168.06158720292,0.002699281674587606,0.03099665155135462,31.868910123174313,0.01999845531233713,8.932109410340735e-08
\mathrm{IM}_2,II,0.7,0.6,6400,12800,0.03171865631666954,terminal_near_refinement,terminal,0.01,finite_interior,134679.7356070043,0.002707180607569,0.03099665155135462,31.868910123174313,0.023025850929940427,1.4696281492090454e-06
\mathrm{IM}_2,II,0.7,0.6,6400,12800,0.031901770117916166,terminal_near_refinement,terminal,0.0125,finite_interior,131932.93437698844,0.002722262522704723,0.03099665155135462,31.868910123174313,0.02878231366242563,3.9533374788574036e-07
\mathrm{IM}_2,II,0.7,0.6,6400,12800,0.032085941046673866,terminal_near_refinement,terminal,0.015,finite_interior,129289.27604747999,0.002737426685820312,0.03099665155135462,31.868910123174313,0.03453877639491076,1.5321528592135297e-06
\mathrm{IM}_2,II,0.7,0.6,6400,12800,0.03227117520580637,terminal_near_refinement,terminal,0.0175,finite_interior,126742.33083009942,0.002752673593061593,0.03099665155135462,31.868910123174313,0.04029523912739586,9.959475498496385e-07
\mathrm{IM}_2,II,0.7,0.6,6400,12800,0.03245747873340963,terminal_near_refinement,terminal,0.02,finite_interior,124286.40894228136,0.0027680037410472524,0.03099665155135462,31.868910123174313,0.046051701859880986,5.890757547037361e-07
\mathrm{IM}_2,II,0.7,0.6,6400,12800,0.03264485780301518,terminal_near_refinement,terminal,0.0225,finite_interior,121915.91109625006,0.002783417627265068,0.03099665155135462,31.868910123174313,0.05180816459236611,9.329366876123171e-07
\mathrm{IM}_2,II,0.7,0.6,6400,12800,0.03283331862379477,boundary_refinement,terminal,0.025,finite_interior,119626.26051262209,0.0027989157502678924,0.03099665155135462,31.868910123174313,0.057564627324851146,2.944954388362887e-07
\mathrm{IM}_2,II,0.7,0.6,6400,12800,0.03477881506218746,boundary_refinement,terminal,0.05,finite_interior,100336.37971414159,0.00295864062252335,0.03099665155135462,31.868910123174313,0.1151292546497022,9.165693191110437e-07
\mathrm{IM}_2,II,0.7,0.6,6400,12800,0.036839589411874075,boundary_refinement,terminal,0.07500000000000001,finite_interior,85787.86945472886,0.003127349022716248,0.03099665155135462,31.868910123174313,0.1726938819745535,6.914169441891065e-07
\mathrm{IM}_2,II,0.7,0.6,6400,12800,0.03831186849557287,base,,nan,finite_interior,77739.72911882038,0.0032476046939706278,0.03099665155135462,31.868910123174313,0.2118805463951743,8.098432632380499e-07
\mathrm{IM}_2,II,0.7,0.6,6400,12800,0.03902247231852943,boundary_refinement,terminal,0.1,finite_interior,74368.55770188048,0.0033055700760237553,0.03099665155135462,31.868910123174313,0.2302585092994046,6.922462335413159e-07
\mathrm{IM}_2,II,0.7,0.6,6400,12800,0.04133469916902993,boundary_refinement,terminal,0.125,finite_interior,65150.15720581359,0.0034938579354874453,0.03099665155135462,31.868910123174313,0.2878231366242557,2.8479599591980466e-07
\mathrm{IM}_2,II,0.7,0.6,6400,12800,0.04378393407387754,boundary_refinement,terminal,0.15,finite_interior,57550.73680462573,0.0036927949211192695,0.03099665155135462,31.868910123174313,0.3453877639491069,5.307949088475867e-07
\mathrm{IM}_2,II,0.7,0.6,6400,12800,0.04637829527067162,boundary_refinement,terminal,0.17500000000000002,finite_interior,51182.47107439103,0.0039029940318392495,0.03099665155135462,31.868910123174313,0.402952391273958,8.706127203902363e-07
\mathrm{IM}_2,II,0.7,0.6,6400,12800,0.046415888336127774,base,,nan,finite_interior,51100.23643647666,0.0039060361018531014,0.03099665155135462,31.868910123174313,0.4037626374780111,1.1102770845577376e-06
\mathrm{IM}_2,II,0.7,0.6,6400,12800,0.04912638203283115,boundary_refinement,terminal,0.2,finite_interior,45775.2413706259,0.004125101206721889,0.03099665155135462,31.868910123174313,0.4605170185988092,2.925895008553284e-07
\mathrm{IM}_2,II,0.7,0.6,6400,12800,0.05203730317275902,boundary_refinement,terminal,0.225,finite_interior,41133.92531172532,0.004359797498483176,0.03099665155135462,31.868910123174313,0.5180816459236602,1.0135968486880151e-06
\mathrm{IM}_2,II,0.7,0.6,6400,12800,0.055120707233924954,boundary_refinement,terminal,0.25,finite_interior,37113.58112453585,0.004607801244422449,0.03099665155135462,31.868910123174313,0.5756462732485114,9.153107283682461e-07
\mathrm{IM}_2,II,0.7,0.6,6400,12800,0.05623413251903491,base,,nan,finite_interior,35841.22746187785,0.004697212098708666,0.03099665155135462,31.868910123174313,0.5956447285608486,9.500256261988248e-07
\mathrm{IM}_2,II,0.7,0.6,6400,12800,0.06812920690579612,base,,nan,finite_interior,26114.657516868796,0.005648100559995379,0.03099665155135462,31.868910123174313,0.7875268196436856,1.0214026117268342e-06
\mathrm{IM}_2,II,0.7,0.6,6400,12800,0.08254041852680181,base,,nan,finite_interior,19507.771596227052,0.006790945480300302,0.03099665155135462,31.868910123174313,0.9794089107265226,9.40384161487057e-07
\mathrm{IM}_2,II,0.7,0.6,6400,12800,0.1,base,,nan,finite_interior,14827.090612261172,0.008164315843710416,0.03099665155135462,31.868910123174313,1.17129100180936,8.19799580777818e-07
\mathrm{IM}_2,II,0.7,0.6,6400,12800,0.12115276586285877,base,,nan,finite_interior,11411.472882663158,0.009814327862754348,0.03099665155135462,31.868910123174313,1.3631730928921966,1.0953231002952279e-06
\mathrm{IM}_2,II,0.7,0.6,6400,12800,0.1467799267622069,base,,nan,finite_interior,8864.535666343596,0.011796080822600781,0.03099665155135462,31.868910123174313,1.555055183975034,1.026279654257919e-06
\mathrm{IM}_2,II,0.7,0.6,6400,12800,0.1778279410038923,base,,nan,finite_interior,6934.371862807556,0.014175344718802768,0.03099665155135462,31.868910123174313,1.7469372750578716,1.1864535847206348e-07
\mathrm{IM}_2,II,0.7,0.6,6400,12800,0.21544346900318823,base,,nan,finite_interior,5453.472246700281,0.01703054044979691,0.03099665155135462,31.868910123174313,1.9388193661407078,8.37262866396705e-07
\mathrm{IM}_2,II,0.7,0.6,6400,12800,0.2610157215682536,base,,nan,finite_interior,4306.4256804010765,0.020455057033906543,0.03099665155135462,31.868910123174313,2.1307014572235454,6.360615569892493e-07
\mathrm{IM}_2,II,0.7,0.6,6400,12800,0.31622776601683794,base,,nan,finite_interior,3411.3879657443736,0.02455995407292853,0.03099665155135462,31.868910123174313,2.322583548306383,6.51056863052425e-07
\mathrm{IM}_2,II,0.7,0.6,6400,12800,0.3831186849557285,base,,nan,finite_interior,2708.9655907700053,0.02947710099858205,0.03099665155135462,31.868910123174313,2.5144656393892193,1.0295529943669472e-06
\mathrm{IM}_2,II,0.7,0.6,6400,12800,0.46415888336127775,base,,nan,finite_interior,2155.217681139639,0.03536280664971266,0.03099665155135462,31.868910123174313,2.7063477304720567,8.633129601670536e-07
\mathrm{IM}_2,II,0.7,0.6,6400,12800,0.5623413251903491,base,,nan,finite_interior,1717.1332001436583,0.0424019926777899,0.03099665155135462,31.868910123174313,2.8982298215548945,8.486140594429056e-07
\mathrm{IM}_2,II,0.7,0.6,6400,12800,0.6812920690579608,base,,nan,finite_interior,1369.5963866640504,0.05081296096650316,0.03099665155135462,31.868910123174313,3.0901119126377306,9.20287895379101e-07
\mathrm{IM}_2,II,0.7,0.6,6400,12800,0.8254041852680182,base,,nan,finite_interior,1093.2966071109165,0.06085279680451841,0.03099665155135462,31.868910123174313,3.2819940037205684,9.367238059892248e-07
\mathrm{IM}_2,II,0.7,0.6,6400,12800,1.0,base,,nan,finite_interior,873.2627896161836,0.07282343391988284,0.03099665155135462,31.868910123174313,3.461630930266029,1.0343242468900195e-06
\mathrm{IM}_2,II,0.7,0.6,6400,12800,1.2115276586285877,base,,nan,finite_interior,697.8097397329652,0.08707838155412863,0.03099665155135462,31.868910123174313,3.269748839183193,9.313033972117161e-07
\mathrm{IM}_2,II,0.7,0.6,6400,12800,1.467799267622069,base,,nan,finite_interior,557.7638382085205,0.10403007166970844,0.03099665155135462,31.868910123174313,3.077866748100355,9.30874455638704e-07
\mathrm{IM}_2,II,0.7,0.6,6400,12800,1.7782794100389228,base,,nan,finite_interior,445.8966566288577,0.12415771847822384,0.03099665155135462,31.868910123174313,2.885984657017518,1.0261634500289723e-06
\mathrm{IM}_2,II,0.7,0.6,6400,12800,2.154434690031882,base,,nan,finite_interior,356.4994077103427,0.1480155616985317,0.03099665155135462,31.868910123174313,2.6941025659346813,9.099490628387108e-07
\mathrm{IM}_2,II,0.7,0.6,6400,12800,2.610157215682536,base,,nan,finite_interior,284.9848287202044,0.176240914190698,0.03099665155135462,31.868910123174313,2.502220474851844,9.076520323336501e-07
\mathrm{IM}_2,II,0.7,0.6,6400,12800,3.1622776601683795,base,,nan,finite_interior,227.75190091935625,0.20956112282188352,0.03099665155135462,31.868910123174313,2.3103383837690066,9.488312017922658e-07
\mathrm{IM}_2,II,0.7,0.6,6400,12800,3.831186849557285,base,,nan,finite_interior,182.14384963107912,0.24880266062342096,0.03099665155135462,31.868910123174313,2.11845629268617,9.470302008657128e-07
\mathrm{IM}_2,II,0.7,0.6,6400,12800,4.6415888336127775,base,,nan,finite_interior,145.7869386224631,0.2949006179901956,0.03099665155135462,31.868910123174313,1.9265742016033325,4.4291323093851606e-07
\mathrm{IM}_2,II,0.7,0.6,6400,12800,5.623413251903491,base,,nan,finite_interior,116.23459190237145,0.3488786804213219,0.03099665155135462,31.868910123174313,1.7346921105204949,3.8373242876277644e-07
\mathrm{IM}_2,II,0.7,0.6,6400,12800,6.812920690579608,base,,nan,finite_interior,91.88214814636258,0.4117871908162372,0.03099665155135462,31.868910123174313,1.5428100194376586,4.63301779230412e-07
\mathrm{IM}_2,II,0.7,0.6,6400,12800,8.254041852680182,base,,nan,finite_interior,72.81699685602717,0.4847329997758597,0.03099665155135462,31.868910123174313,1.350927928354821,2.8342838554518066e-06
\mathrm{IM}_2,II,0.7,0.6,6400,12800,10.0,base,,nan,finite_interior,58.935450599118525,0.5691430529560471,0.03099665155135462,31.868910123174313,1.1590458372719836,1.609661753647321e-06
\mathrm{IM}_2,II,0.7,0.6,6400,12800,12.115276586285876,base,,nan,finite_interior,48.55219547118747,0.6668108163424701,0.03099665155135462,31.868910123174313,0.967163746189147,6.071390177054565e-07
\mathrm{IM}_2,II,0.7,0.6,6400,12800,14.677992676220676,base,,nan,finite_interior,40.00565485523949,0.779493925708906,0.03099665155135462,31.868910123174313,0.7752816551063106,1.0932930316808515e-07
\mathrm{IM}_2,II,0.7,0.6,6400,12800,17.78279410038923,base,,nan,finite_interior,32.19605078356698,0.9082425017496962,0.03099665155135462,31.868910123174313,0.5833995640234722,1.4932538122569054e-06
\mathrm{IM}_2,II,0.7,0.6,6400,12800,17.921205151037974,boundary_refinement,zero,-0.25,finite_interior,31.883623526674036,0.9137788307867839,0.03099665155135462,31.868910123174313,0.5756462732485115,4.4231718920540965e-07
\mathrm{IM}_2,II,0.7,0.6,6400,12800,18.983103315903392,boundary_refinement,zero,-0.225,finite_interior,29.552063103719608,0.9556435542459631,0.03099665155135462,31.868910123174313,0.5180816459236602,1.6801511685213777e-06
\mathrm{IM}_2,II,0.7,0.6,6400,12800,20.107922902796012,boundary_refinement,zero,-0.2,finite_interior,27.18156657222911,0.9987567191201011,0.03099665155135462,31.868910123174313,0.4605170185988091,1.1260261130409982e-07
\mathrm{IM}_2,II,0.7,0.6,6400,12800,21.299392240364398,boundary_refinement,zero,-0.17500000000000002,finite_interior,24.743490236948805,1.0429286569717058,0.03099665155135462,31.868910123174313,0.4029523912739581,5.806291884255904e-07
\mathrm{IM}_2,II,0.7,0.6,6400,12800,21.54434690031882,base,,nan,finite_interior,24.24825145847103,1.0518055119643528,0.03099665155135462,31.868910123174313,0.39151747294063577,1.5587688910051664e-06
\mathrm{IM}_2,II,0.7,0.6,6400,12800,22.56146057461823,boundary_refinement,zero,-0.15,finite_interior,22.203075922679524,1.087858635240111,0.03099665155135462,31.868910123174313,0.34538776394910686,1.3962139267115608e-06
\mathrm{IM}_2,II,0.7,0.6,6400,12800,23.8983111591049,boundary_refinement,zero,-0.125,finite_interior,19.515555262717893,1.1330732407373931,0.03099665155135462,31.868910123174313,0.2878231366242556,1.0019664854746726e-06
\mathrm{IM}_2,II,0.7,0.6,6400,12800,25.314375120727835,boundary_refinement,zero,-0.1,finite_interior,16.619860602165623,1.1778178976167495,0.03099665155135462,31.868910123174313,0.23025850929940458,5.75959904759964e-07
\mathrm{IM}_2,II,0.7,0.6,6400,12800,26.10157215682533,base,,nan,finite_interior,14.965621684529658,1.2010318679921206,0.03099665155135462,31.868910123174313,0.1996353818577994,5.643137536585042e-07
\mathrm{IM}_2,II,0.7,0.6,6400,12800,26.81434614716624,boundary_refinement,zero,-0.07500000000000001,finite_interior,13.42697298165173,1.2208513408455812,0.03099665155135462,31.868910123174313,0.17269388197455351,2.1444395471977808e-07
\mathrm{IM}_2,II,0.7,0.6,6400,12800,28.403196044579126,boundary_refinement,zero,-0.05,finite_interior,9.796686936997828,1.260016880605376,0.03099665155135462,31.868910123174313,0.11512925464970225,3.1038690259144245e-07
\mathrm{IM}_2,II,0.7,0.6,6400,12800,30.086191217161275,boundary_refinement,zero,-0.025,finite_interior,5.484843453795122,1.2912213328845792,0.03099665155135462,31.868910123174313,0.05756462732485113,2.0540641785168166e-07
\mathrm{IM}_2,II,0.7,0.6,6400,12800,31.622776601683793,base,,nan,finite_interior,0.8382275567150884,1.3051477589048575,0.03099665155135462,31.868910123174313,0.007753290774960752,4.271837587557754e-06
\mathrm{IM}_2,II,0.7,0.6,6400,12800,33.757261765312606,boundary_refinement,zero,0.025,no_training,0.0,1.305477641456221,0.03099665155135462,31.868910123174313,0.057564627324851146,0.0
\mathrm{IM}_2,II,0.7,0.6,6400,12800,35.757505276692235,boundary_refinement,zero,0.05,no_training,0.0,1.305477641456221,0.03099665155135462,31.868910123174313,0.1151292546497022,0.0
\mathrm{IM}_2,II,0.7,0.6,6400,12800,37.87627066738282,boundary_refinement,zero,0.07500000000000001,no_training,0.0,1.305477641456221,0.03099665155135462,31.868910123174313,0.1726938819745535,0.0
\mathrm{IM}_2,II,0.7,0.6,6400,12800,38.31186849557285,base,,nan,no_training,0.0,1.305477641456221,0.03099665155135462,31.868910123174313,0.18412880030787582,0.0
\mathrm{IM}_2,II,0.7,0.6,6400,12800,40.120580800248526,boundary_refinement,zero,0.1,no_training,0.0,1.305477641456221,0.03099665155135462,31.868910123174313,0.2302585092994046,0.0
\mathrm{IM}_2,II,0.7,0.6,6400,12800,42.497874668939666,boundary_refinement,zero,0.125,no_training,0.0,1.305477641456221,0.03099665155135462,31.868910123174313,0.2878231366242557,0.0
\mathrm{IM}_2,II,0.7,0.6,6400,12800,45.016032055191886,boundary_refinement,zero,0.15,no_training,0.0,1.305477641456221,0.03099665155135462,31.868910123174313,0.3453877639491069,0.0
\mathrm{IM}_2,II,0.7,0.6,6400,12800,46.41588833612773,base,,nan,no_training,0.0,1.305477641456221,0.03099665155135462,31.868910123174313,0.3760108913907122,0.0
\mathrm{IM}_2,II,0.7,0.6,6400,12800,47.68339964716225,boundary_refinement,zero,0.17500000000000002,no_training,0.0,1.305477641456221,0.03099665155135462,31.868910123174313,0.402952391273958,0.0
\mathrm{IM}_2,II,0.7,0.6,6400,12800,50.50881870537404,boundary_refinement,zero,0.2,no_training,0.0,1.305477641456221,0.03099665155135462,31.868910123174313,0.4605170185988092,0.0
\mathrm{IM}_2,II,0.7,0.6,6400,12800,53.501654367971774,boundary_refinement,zero,0.225,no_training,0.0,1.305477641456221,0.03099665155135462,31.868910123174313,0.5180816459236602,0.0
\mathrm{IM}_2,II,0.7,0.6,6400,12800,56.23413251903491,base,,nan,no_training,0.0,1.305477641456221,0.03099665155135462,31.868910123174313,0.5678929824735507,0.0
\mathrm{IM}_2,II,0.7,0.6,6400,12800,56.671826692421874,boundary_refinement,zero,0.25,no_training,0.0,1.305477641456221,0.03099665155135462,31.868910123174313,0.5756462732485114,0.0
\mathrm{IM}_2,II,0.7,0.6,6400,12800,68.12920690579608,base,,nan,no_training,0.0,1.305477641456221,0.03099665155135462,31.868910123174313,0.7597750735563872,0.0
\mathrm{IM}_2,II,0.7,0.6,6400,12800,82.54041852680173,base,,nan,no_training,0.0,1.305477641456221,0.03099665155135462,31.868910123174313,0.9516571646392236,0.0
\mathrm{IM}_2,II,0.7,0.6,6400,12800,100.0,base,,nan,no_training,0.0,1.305477641456221,0.03099665155135462,31.868910123174313,1.143539255722062,0.0
\mathrm{IM}_2,II,0.7,0.6,6400,12800,121.15276586285876,base,,nan,no_training,0.0,1.305477641456221,0.03099665155135462,31.868910123174313,1.3354213468048985,0.0
\mathrm{IM}_2,II,0.7,0.6,6400,12800,146.77992676220674,base,,nan,no_training,0.0,1.305477641456221,0.03099665155135462,31.868910123174313,1.527303437887735,0.0
\mathrm{IM}_2,II,0.7,0.6,6400,12800,177.82794100389228,base,,nan,no_training,0.0,1.305477641456221,0.03099665155135462,31.868910123174313,1.7191855289705735,0.0
\mathrm{IM}_2,II,0.7,0.6,6400,12800,215.44346900318823,base,,nan,no_training,0.0,1.305477641456221,0.03099665155135462,31.868910123174313,1.91106762005341,0.0
\mathrm{IM}_2,II,0.7,0.6,6400,12800,261.0157215682533,base,,nan,no_training,0.0,1.305477641456221,0.03099665155135462,31.868910123174313,2.1029497111362465,0.0
\mathrm{IM}_2,II,0.7,0.6,6400,12800,316.22776601683796,base,,nan,no_training,0.0,1.305477641456221,0.03099665155135462,31.868910123174313,2.294831802219085,0.0
\mathrm{IM}_2,II,0.7,0.6,6400,12800,383.1186849557285,base,,nan,no_training,0.0,1.305477641456221,0.03099665155135462,31.868910123174313,2.4867138933019213,0.0
\mathrm{IM}_2,II,0.7,0.6,6400,12800,464.1588833612773,base,,nan,no_training,0.0,1.305477641456221,0.03099665155135462,31.868910123174313,2.6785959843847578,0.0
\mathrm{IM}_2,II,0.7,0.6,6400,12800,562.341325190349,base,,nan,no_training,0.0,1.305477641456221,0.03099665155135462,31.868910123174313,2.870478075467596,0.0
\mathrm{IM}_2,II,0.7,0.6,6400,12800,681.2920690579608,base,,nan,no_training,0.0,1.305477641456221,0.03099665155135462,31.868910123174313,3.062360166550433,0.0
\mathrm{IM}_2,II,0.7,0.6,6400,12800,825.4041852680173,base,,nan,no_training,0.0,1.305477641456221,0.03099665155135462,31.868910123174313,3.2542422576332695,0.0
\mathrm{IM}_2,II,0.7,0.6,6400,12800,1000.0,base,,nan,no_training,0.0,1.305477641456221,0.03099665155135462,31.868910123174313,3.4461243487161077,0.0
\mathrm{IM}_2,II,0.7,0.6,9600,19200,0.001,base,,nan,terminal_infimum,inf,0.00010250249110830008,0.02074257646276154,31.881512983207653,3.0321884218342645,0.0
\mathrm{IM}_2,II,0.7,0.6,9600,19200,0.001211527658628589,base,,nan,terminal_infimum,inf,0.00012041229913067176,0.02074257646276154,31.881512983207653,2.8403063307514267,0.0
\mathrm{IM}_2,II,0.7,0.6,9600,19200,0.0014677992676220691,base,,nan,terminal_infimum,inf,0.00014211052691050308,0.02074257646276154,31.881512983207653,2.6484242396685906,0.0
\mathrm{IM}_2,II,0.7,0.6,9600,19200,0.0017782794100389228,base,,nan,terminal_infimum,inf,0.00016839853000899204,0.02074257646276154,31.881512983207653,2.456542148585753,0.0
\mathrm{IM}_2,II,0.7,0.6,9600,19200,0.0021544346900318843,base,,nan,terminal_infimum,inf,0.00020024717285292546,0.02074257646276154,31.881512983207653,2.2646600575029154,0.0
\mathrm{IM}_2,II,0.7,0.6,9600,19200,0.0026101572156825357,base,,nan,terminal_infimum,inf,0.0002388326845481341,0.02074257646276154,31.881512983207653,2.0727779664200794,0.0
\mathrm{IM}_2,II,0.7,0.6,9600,19200,0.0031622776601683794,base,,nan,terminal_infimum,inf,0.0002855800991892165,0.02074257646276154,31.881512983207653,1.8808958753372416,0.0
\mathrm{IM}_2,II,0.7,0.6,9600,19200,0.003831186849557285,base,,nan,terminal_infimum,inf,0.00034221588499626647,0.02074257646276154,31.881512983207653,1.689013784254405,0.0
\mathrm{IM}_2,II,0.7,0.6,9600,19200,0.004641588833612777,base,,nan,terminal_infimum,inf,0.0004108317059696723,0.02074257646276154,31.881512983207653,1.4971316931715677,0.0
\mathrm{IM}_2,II,0.7,0.6,9600,19200,0.005623413251903491,base,,nan,terminal_infimum,inf,0.0004939616708984613,0.02074257646276154,31.881512983207653,1.30524960208873,0.0
\mathrm{IM}_2,II,0.7,0.6,9600,19200,0.006812920690579608,base,,nan,terminal_infimum,inf,0.0005946759226705128,0.02074257646276154,31.881512983207653,1.1133675110058936,0.0
\mathrm{IM}_2,II,0.7,0.6,9600,19200,0.008254041852680182,base,,nan,terminal_infimum,inf,0.0007166940243104375,0.02074257646276154,31.881512983207653,0.9214854199230561,0.0
\mathrm{IM}_2,II,0.7,0.6,9600,19200,0.01,base,,nan,terminal_infimum,inf,0.0008645223293005604,0.02074257646276154,31.881512983207653,0.7296033288402187,0.0
\mathrm{IM}_2,II,0.7,0.6,9600,19200,0.011664407935931468,boundary_refinement,terminal,-0.25,terminal_infimum,inf,0.0010054458699699394,0.02074257646276154,31.881512983207653,0.5756462732485115,0.0
\mathrm{IM}_2,II,0.7,0.6,9600,19200,0.012115276586285882,base,,nan,terminal_infimum,inf,0.0010436204095242766,0.02074257646276154,31.881512983207653,0.5377212377573817,0.0
\mathrm{IM}_2,II,0.7,0.6,9600,19200,0.012355567558122938,boundary_refinement,terminal,-0.225,terminal_infimum,inf,0.001063965574799647,0.02074257646276154,31.881512983207653,0.5180816459236602,0.0
\mathrm{IM}_2,II,0.7,0.6,9600,19200,0.013087680962621381,boundary_refinement,terminal,-0.2,terminal_infimum,inf,0.0011259527901367901,0.02074257646276154,31.881512983207653,0.4605170185988091,0.0
\mathrm{IM}_2,II,0.7,0.6,9600,19200,0.013863174813588583,boundary_refinement,terminal,-0.17500000000000002,terminal_infimum,inf,0.0011916129788960257,0.02074257646276154,31.881512983207653,0.4029523912739581,0.0
\mathrm{IM}_2,II,0.7,0.6,9600,19200,0.01467799267622069,base,,nan,terminal_infimum,inf,0.0012606026873225903,0.02074257646276154,31.881512983207653,0.34583914667454474,0.0
\mathrm{IM}_2,II,0.7,0.6,9600,19200,0.014684619564077675,boundary_refinement,terminal,-0.15,terminal_infimum,inf,0.00126116377843509,0.02074257646276154,31.881512983207653,0.34538776394910686,0.0
\mathrm{IM}_2,II,0.7,0.6,9600,19200,0.015554737976060573,boundary_refinement,terminal,-0.125,terminal_infimum,inf,0.001334835721935903,0.02074257646276154,31.881512983207653,0.2878231366242556,0.0
\mathrm{IM}_2,II,0.7,0.6,9600,19200,0.016476414145298806,boundary_refinement,terminal,-0.1,terminal_infimum,inf,0.0014128730025301896,0.02074257646276154,31.881512983207653,0.23025850929940445,0.0
\mathrm{IM}_2,II,0.7,0.6,9600,19200,0.017452703060971533,boundary_refinement,terminal,-0.07500000000000001,terminal_infimum,inf,0.0014955342827023927,0.02074257646276154,31.881512983207653,0.17269388197455351,0.0
\mathrm{IM}_2,II,0.7,0.6,9600,19200,0.01778279410038923,base,,nan,terminal_infimum,inf,0.0015234827183074804,0.02074257646276154,31.881512983207653,0.15395705559170728,0.0
\mathrm{IM}_2,II,0.7,0.6,9600,19200,0.01848684073174717,boundary_refinement,terminal,-0.05,terminal_infimum,inf,0.0015830935516527231,0.02074257646276154,31.881512983207653,0.11512925464970225,0.0
\mathrm{IM}_2,II,0.7,0.6,9600,19200,0.01958225491186243,boundary_refinement,terminal,-0.025,terminal_infimum,inf,0.0016758410334621605,0.02074257646276154,31.881512983207653,0.057564627324851014,0.0
\mathrm{IM}_2,II,0.7,0.6,9600,19200,0.01969530450318471,terminal_near_refinement,terminal,-0.0225,terminal_infimum,inf,0.0016854128147162832,0.02074257646276154,31.881512983207653,0.05180816459236597,0.0
\mathrm{IM}_2,II,0.7,0.6,9600,19200,0.01980900673692001,terminal_near_refinement,terminal,-0.02,terminal_infimum,inf,0.0016950398544666248,0.02074257646276154,31.881512983207653,0.04605170185988098,0.0
\mathrm{IM}_2,II,0.7,0.6,9600,19200,0.019923365380814108,terminal_near_refinement,terminal,-0.0175,terminal_infimum,inf,0.0017047224717239653,0.02074257646276154,31.881512983207653,0.04029523912739588,0.0
\mathrm{IM}_2,II,0.7,0.6,9600,19200,0.0200383842243642,terminal_near_refinement,terminal,-0.015,terminal_infimum,inf,0.0017144609873407546,0.02074257646276154,31.881512983207653,0.034538776394910604,0.0
\mathrm{IM}_2,II,0.7,0.6,9600,19200,0.02015406707894449,terminal_near_refinement,terminal,-0.0125,terminal_infimum,inf,0.0017242557240217426,0.02074257646276154,31.881512983207653,0.028782313662425615,0.0
\mathrm{IM}_2,II,0.7,0.6,9600,19200,0.020270417777932495,terminal_near_refinement,terminal,-0.01,terminal_infimum,inf,0.0017341070063346753,0.02074257646276154,31.881512983207653,0.023025850929940583,0.0
\mathrm{IM}_2,II,0.7,0.6,9600,19200,0.020387440176836056,terminal_near_refinement,terminal,-0.0075,terminal_infimum,inf,0.001744015160721049,0.02074257646276154,31.881512983207653,0.017269388197455333,0.0
\mathrm{IM}_2,II,0.7,0.6,9600,19200,0.0205051381534211,terminal_near_refinement,terminal,-0.005,terminal_infimum,inf,0.0017539805155069258,0.02074257646276154,31.881512983207653,0.01151292546497021,0.0
\mathrm{IM}_2,II,0.7,0.6,9600,19200,0.020623515607840148,terminal_near_refinement,terminal,-0.0025,terminal_infimum,inf,0.0017640034009138161,0.02074257646276154,31.881512983207653,0.005756462732484979,0.0
\mathrm{IM}_2,II,0.7,0.6,9600,19200,0.020638863580447732,terminal_ultra_near_refinement,terminal,-0.002176919254274547,terminal_infimum,inf,0.0017653028964252618,0.02074257646276154,31.881512983207653,0.005012541823544286,0.0
\mathrm{IM}_2,II,0.7,0.6,9600,19200,0.020659606156910492,terminal_ultra_near_refinement,terminal,-0.00174066157630127,terminal_infimum,inf,0.0017670591469541332,0.02074257646276154,31.881512983207653,0.004008021397538934,0.0
\mathrm{IM}_2,II,0.7,0.6,9600,19200,0.020680348733373256,terminal_ultra_near_refinement,terminal,-0.0013048416883442813,terminal_infimum,inf,0.001768815397483005,0.02074257646276154,31.881512983207653,0.0030045090202987243,0.0
\mathrm{IM}_2,II,0.7,0.6,9600,19200,0.020701091309836016,terminal_ultra_near_refinement,terminal,-0.0008694587126288914,terminal_infimum,inf,0.0017705716480118764,0.02074257646276154,31.881512983207653,0.0020020026706730793,0.0
\mathrm{IM}_2,II,0.7,0.6,9600,19200,0.02072183388629878,terminal_ultra_near_refinement,terminal,-0.0004345117740176917,terminal_infimum,inf,0.0017723278985407483,0.02074257646276154,31.881512983207653,0.0010005003335834233,0.0
\mathrm{IM}_2,II,0.7,0.6,9600,19200,0.02073220517453016,terminal_extreme_near_refinement,terminal,-0.00021720154586423186,terminal_infimum,inf,0.001773206023805184,0.02074257646276154,31.881512983207653,0.0005001250416821317,0.0
\mathrm{IM}_2,II,0.7,0.6,9600,19200,0.020734279432176435,terminal_extreme_near_refinement,terminal,-0.00017375254558756316,terminal_infimum,inf,0.001773381648858071,0.02074257646276154,31.881512983207653,0.00040008002133969133,0.0
\mathrm{IM}_2,II,0.7,0.6,9600,19200,0.020736353689822712,terminal_extreme_near_refinement,terminal,-0.00013030789173217684,terminal_infimum,inf,0.0017735572739109582,0.02074257646276154,31.881512983207653,0.00030004500900199243,0.0
\mathrm{IM}_2,II,0.7,0.6,9600,19200,0.02073842794746899,terminal_extreme_near_refinement,terminal,-8.686758342857122e-05,terminal_infimum,inf,0.0017737328989638455,0.02074257646276154,31.881512983207653,0.00020002000266693365,0.0
\mathrm{IM}_2,II,0.7,0.6,9600,19200,0.020740502205115263,terminal_extreme_near_refinement,terminal,-4.3431619807505604e-05,terminal_infimum,inf,0.0017739085240167324,0.02074257646276154,31.881512983207653,0.00010000500033334732,0.0
\mathrm{IM}_2,II,0.7,0.6,9600,19200,0.020744650720407817,terminal_extreme_near_refinement,terminal,4.342727686266486e-05,finite_interior,244499.1805085378,0.0017742562349950183,0.02074257646276154,31.881512983207653,9.999500033329732e-05,5.186674639551998e-07
\mathrm{IM}_2,II,0.7,0.6,9600,19200,0.02074672497805409,terminal_extreme_near_refinement,terminal,8.685021164894766e-05,finite_interior,244401.8052553429,0.0017744283200348129,0.02074257646276154,31.881512983207653,0.0001999800026662447,9.330439673547569e-07
\mathrm{IM}_2,II,0.7,0.6,9600,19200,0.020748799235700367,terminal_extreme_near_refinement,terminal,0.00013026880522704667,finite_interior,244304.42666112212,0.0017746004041893078,0.02074257646276154,31.881512983207653,0.00029995500899794244,4.5318651088915927e-07
\mathrm{IM}_2,II,0.7,0.6,9600,19200,0.020750873493346644,terminal_extreme_near_refinement,terminal,0.0001736830584648997,finite_interior,244207.17952648076,0.0017747724874588049,0.02074257646276154,31.881512983207653,0.0003999200213268913,5.241126088286895e-07
\mathrm{IM}_2,II,0.7,0.6,9600,19200,0.020752947750992918,terminal_extreme_near_refinement,terminal,0.00021709297223018438,finite_interior,244110.062937763,0.0017749445698436066,0.02074257646276154,31.881512983207653,0.0004998750416509929,9.54246107351256e-07
\mathrm{IM}_2,II,0.7,0.6,9600,19200,0.0207633190392243,terminal_ultra_near_refinement,terminal,0.0004340774793185929,finite_interior,243625.49205758955,0.0017758049685077262,0.02074257646276154,31.881512983207653,0.0009995003330834232,1.0389993418417671e-06
\mathrm{IM}_2,II,0.7,0.6,9600,19200,0.020784061615687063,terminal_ultra_near_refinement,terminal,0.0008677215312269133,finite_interior,242662.8687814316,0.0017775256996558268,0.02074257646276154,31.881512983207653,0.001998002662673058,1.2974806227655862e-06
\mathrm{IM}_2,II,0.7,0.6,9600,19200,0.020804804192149823,terminal_ultra_near_refinement,terminal,0.001300933020418072,finite_interior,241708.58296944282,0.0017792463428089292,0.02074257646276154,31.881512983207653,0.002995508979798371,1.3820051261760823e-06
\mathrm{IM}_2,II,0.7,0.6,9600,19200,0.020825546768612587,terminal_ultra_near_refinement,terminal,0.0017337128090005314,finite_interior,240762.41278093145,0.0017809668982491074,0.02074257646276154,31.881512983207653,0.003992021269537457,8.601315700537651e-07
\mathrm{IM}_2,II,0.7,0.6,9600,19200,0.020846289345075344,terminal_ultra_near_refinement,terminal,0.0021660617565076304,finite_interior,239824.47813426732,0.0017826873662651944,0.02074257646276154,31.881512983207653,0.004987541511038968,1.0087402405010086e-06
\mathrm{IM}_2,II,0.7,0.6,9600,19200,0.020862324663499437,terminal_near_refinement,terminal,0.0025,finite_interior,239104.76603974975,0.0017840173366979756,0.02074257646276154,31.881512983207653,0.00575646273248517,1.2705190310110136e-06
\mathrm{IM}_2,II,0.7,0.6,9600,19200,0.020982764178144535,terminal_near_refinement,terminal,0.005,finite_interior,233846.3457264782,0.0017940049466934165,0.02074257646276154,31.881512983207653,0.011512925464970295,1.2915246302990401e-06
\mathrm{IM}_2,II,0.7,0.6,9600,19200,0.02110389899769558,terminal_near_refinement,terminal,0.0075,finite_interior,228804.8579686303,0.0018040473126033608,0.02074257646276154,31.881512983207653,0.017269388197455236,1.0345076170026182e-06
\mathrm{IM}_2,II,0.7,0.6,9600,19200,0.021225733136191596,terminal_near_refinement,terminal,0.01,finite_interior,223965.79021011473,0.001814144767971254,0.02074257646276154,31.881512983207653,0.023025850929940427,9.45953354581433e-07
\mathrm{IM}_2,II,0.7,0.6,9600,19200,0.021348270630844914,terminal_near_refinement,terminal,0.0125,finite_interior,219315.18995640907,0.001824297646589875,0.02074257646276154,31.881512983207653,0.02878231366242563,7.029798003730357e-07
\mathrm{IM}_2,II,0.7,0.6,9600,19200,0.02147151554217494,terminal_near_refinement,terminal,0.015,finite_interior,214841.13624781187,0.001834506282607626,0.02074257646276154,31.881512983207653,0.03453877639491076,4.914200141173412e-07
\mathrm{IM}_2,II,0.7,0.6,9600,19200,0.021544346900318832,base,,nan,finite_interior,212287.5297349834,0.0018405377297845465,0.02074257646276154,31.881512983207653,0.03792503549112966,1.0026956706050171e-06
\mathrm{IM}_2,II,0.7,0.6,9600,19200,0.021595471954142718,terminal_near_refinement,terminal,0.0175,finite_interior,210532.92980743837,0.0018447710106088587,0.02074257646276154,31.881512983207653,0.04029523912739586,1.2548511335568739e-06
\mathrm{IM}_2,II,0.7,0.6,9600,19200,0.021720143974286257,terminal_near_refinement,terminal,0.02,finite_interior,206380.14354599442,0.0018550921658752036,0.02074257646276154,31.881512983207653,0.046051701859880986,1.3990938789680919e-06
\mathrm{IM}_2,II,0.7,0.6,9600,19200,0.021845535733856634,terminal_near_refinement,terminal,0.0225,finite_interior,202373.7753978915,0.0018654700843763188,0.02074257646276154,31.881512983207653,0.05180816459236611,5.161163584709672e-07
\mathrm{IM}_2,II,0.7,0.6,9600,19200,0.021971651387954913,boundary_refinement,terminal,0.025,finite_interior,198505.3865089935,0.001875905102845337,0.02074257646276154,31.881512983207653,0.057564627324851146,1.2064428330439808e-06
\mathrm{IM}_2,II,0.7,0.6,9600,19200,0.02327355358098799,boundary_refinement,terminal,0.05,finite_interior,165982.10707722686,0.0019834706194184534,0.02074257646276154,31.881512983207653,0.1151292546497022,8.551855492284675e-07
\mathrm{IM}_2,II,0.7,0.6,9600,19200,0.024652598328774762,boundary_refinement,terminal,0.07500000000000001,finite_interior,141540.21225723563,0.0020971252456696,0.02074257646276154,31.881512983207653,0.1726938819745535,5.597171007553142e-07
\mathrm{IM}_2,II,0.7,0.6,9600,19200,0.026101572156825358,base,,nan,finite_interior,122550.08638760992,0.0022162602633132287,0.02074257646276154,31.881512983207653,0.22980712657396668,1.0451566422645098e-06
\mathrm{IM}_2,II,0.7,0.6,9600,19200,0.026113356615054074,boundary_refinement,terminal,0.1,finite_interior,122416.22125363606,0.002217228071702611,0.02074257646276154,31.881512983207653,0.2302585092994046,8.135219773910882e-07
\mathrm{IM}_2,II,0.7,0.6,9600,19200,0.02766067027137902,boundary_refinement,terminal,0.125,finite_interior,107022.30793786955,0.0023441557241386693,0.02074257646276154,31.881512983207653,0.2878231366242557,7.891105835435063e-07
\mathrm{IM}_2,II,0.7,0.6,9600,19200,0.029299668025858924,boundary_refinement,terminal,0.15,finite_interior,94364.94949732379,0.0024783043873684778,0.02074257646276154,31.881512983207653,0.3453877639491069,8.161874687444977e-07
\mathrm{IM}_2,II,0.7,0.6,9600,19200,0.031035782502848965,boundary_refinement,terminal,0.17500000000000002,finite_interior,83783.6890688444,0.002620091462977013,0.02074257646276154,31.881512983207653,0.402952391273958,9.335306868547794e-07
\mathrm{IM}_2,II,0.7,0.6,9600,19200,0.03162277660168379,base,,nan,finite_interior,80706.45559665885,0.0026679627005459345,0.02074257646276154,31.881512983207653,0.421689217656804,7.900350093820035e-07
\mathrm{IM}_2,II,0.7,0.6,9600,19200,0.03287476822993489,boundary_refinement,terminal,0.2,finite_interior,74818.97592741212,0.0027699570901451886,0.02074257646276154,31.881512983207653,0.4605170185988092,1.8053737511699252e-07
\mathrm{IM}_2,II,0.7,0.6,9600,19200,0.034822720711898514,boundary_refinement,terminal,0.225,finite_interior,67139.84114857821,0.002928365625468653,0.02074257646276154,31.881512983207653,0.5180816459236601,9.638043333229132e-07
\mathrm{IM}_2,II,0.7,0.6,9600,19200,0.03688609663488684,boundary_refinement,terminal,0.25,finite_interior,60500.74564680391,0.003095807132094421,0.02074257646276154,31.881512983207653,0.5756462732485114,1.110772107622055e-06
\mathrm{IM}_2,II,0.7,0.6,9600,19200,0.03831186849557287,base,,nan,finite_interior,56602.980756336576,0.0032113071507556415,0.02074257646276154,31.881512983207653,0.6135713087396412,8.760545018723974e-07
\mathrm{IM}_2,II,0.7,0.6,9600,19200,0.046415888336127774,base,,nan,finite_interior,41215.18289814248,0.00386500614711644,0.02074257646276154,31.881512983207653,0.8054533998224781,7.879317726894358e-07
\mathrm{IM}_2,II,0.7,0.6,9600,19200,0.05623413251903491,base,,nan,finite_interior,30762.253483954253,0.00465147633869714,0.02074257646276154,31.881512983207653,0.9973354909053155,7.920441522440411e-07
\mathrm{IM}_2,II,0.7,0.6,9600,19200,0.06812920690579612,base,,nan,finite_interior,23360.90602020522,0.00559757968639161,0.02074257646276154,31.881512983207653,1.1892175819881525,9.818029388249262e-07
\mathrm{IM}_2,II,0.7,0.6,9600,19200,0.08254041852680181,base,,nan,finite_interior,17964.280205707422,0.006735493560331993,0.02074257646276154,31.881512983207653,1.3810996730709895,8.952628320283705e-07
\mathrm{IM}_2,II,0.7,0.6,9600,19200,0.1,base,,nan,finite_interior,13943.796862007372,0.008103738248777428,0.02074257646276154,31.881512983207653,1.572981764153827,7.671848833081826e-07
\mathrm{IM}_2,II,0.7,0.6,9600,19200,0.12115276586285877,base,,nan,finite_interior,10899.721769050366,0.00974839073374371,0.02074257646276154,31.881512983207653,1.7648638552366636,9.990976615500016e-07
\mathrm{IM}_2,II,0.7,0.6,9600,19200,0.1467799267622069,base,,nan,finite_interior,8566.302407674377,0.011724516541721235,0.02074257646276154,31.881512983207653,1.956745946319501,7.851360496094808e-07
\mathrm{IM}_2,II,0.7,0.6,9600,19200,0.1778279410038923,base,,nan,finite_interior,6760.48038508765,0.014097855286448677,0.02074257646276154,31.881512983207653,2.1486280374023385,7.115465274320488e-07
\mathrm{IM}_2,II,0.7,0.6,9600,19200,0.21544346900318823,base,,nan,finite_interior,5352.551587132614,0.01694679966589864,0.02074257646276154,31.881512983207653,2.340510128485175,9.887928500234303e-07
\mathrm{IM}_2,II,0.7,0.6,9600,19200,0.2610157215682536,base,,nan,finite_interior,4248.440679182784,0.02036471194981003,0.02074257646276154,31.881512983207653,2.5323922195680124,9.220343728081951e-07
\mathrm{IM}_2,II,0.7,0.6,9600,19200,0.31622776601683794,base,,nan,finite_interior,3378.626654618547,0.024462625965598513,0.02074257646276154,31.881512983207653,2.72427431065085,8.50065894030333e-07
\mathrm{IM}_2,II,0.7,0.6,9600,19200,0.3831186849557285,base,,nan,finite_interior,2690.9268963040745,0.029372386009538714,0.02074257646276154,31.881512983207653,2.9161564017336863,5.617945457729085e-07
\mathrm{IM}_2,II,0.7,0.6,9600,19200,0.46415888336127775,base,,nan,finite_interior,2145.678062223089,0.0352502762004036,0.02074257646276154,31.881512983207653,3.1080384928165237,2.6437465298973573e-07
\mathrm{IM}_2,II,0.7,0.6,9600,19200,0.5623413251903491,base,,nan,finite_interior,1712.4158110974809,0.04228119380828804,0.02074257646276154,31.881512983207653,3.299920583899361,4.372857181160843e-08
\mathrm{IM}_2,II,0.7,0.6,9600,19200,0.6812920690579608,base,,nan,finite_interior,1367.544031688719,0.050683416806373144,0.02074257646276154,31.881512983207653,3.4918026749821975,1.024075778001051e-07
\mathrm{IM}_2,II,0.7,0.6,9600,19200,0.8254041852680182,base,,nan,finite_interior,1092.660473105696,0.060714007591684084,0.02074257646276154,31.881512983207653,3.65390840257407,1.5479414683027994e-07
\mathrm{IM}_2,II,0.7,0.6,9600,19200,1.0,base,,nan,finite_interior,873.3320979538369,0.07267487905940237,0.02074257646276154,31.881512983207653,3.4620263114912326,6.420127143646571e-08
\mathrm{IM}_2,II,0.7,0.6,9600,19200,1.2115276586285877,base,,nan,finite_interior,698.1904075324487,0.08691952304633953,0.02074257646276154,31.881512983207653,3.270144220408396,3.753219790871123e-08
\mathrm{IM}_2,II,0.7,0.6,9600,19200,1.467799267622069,base,,nan,finite_interior,558.2452971258571,0.10386035879629146,0.02074257646276154,31.881512983207653,3.0782621293255588,8.928281632101847e-08
\mathrm{IM}_2,II,0.7,0.6,9600,19200,1.7782794100389228,base,,nan,finite_interior,446.3730005519913,0.12397659303091302,0.02074257646276154,31.881512983207653,2.8863800382427214,1.344879568280218e-07
\mathrm{IM}_2,II,0.7,0.6,9600,19200,2.154434690031882,base,,nan,finite_interior,356.922928005761,0.1478224625635321,0.02074257646276154,31.881512983207653,2.694497947159885,2.2177459221719536e-07
\mathrm{IM}_2,II,0.7,0.6,9600,19200,2.610157215682536,base,,nan,finite_interior,285.33943360601614,0.1760352837889309,0.02074257646276154,31.881512983207653,2.5026158560770475,2.7184715829539607e-07
\mathrm{IM}_2,II,0.7,0.6,9600,19200,3.1622776601683795,base,,nan,finite_interior,228.0363625090321,0.20934240731323167,0.02074257646276154,31.881512983207653,2.3107337649942097,2.7065807568944535e-07
\mathrm{IM}_2,II,0.7,0.6,9600,19200,3.831186849557285,base,,nan,finite_interior,182.3647647860187,0.2485702780860189,0.02074257646276154,31.881512983207653,2.118851673911373,4.783575738559906e-07
\mathrm{IM}_2,II,0.7,0.6,9600,19200,4.6415888336127775,base,,nan,finite_interior,145.95702981132146,0.2946539852703337,0.02074257646276154,31.881512983207653,1.926969582828536,3.2487218988172405e-07
\mathrm{IM}_2,II,0.7,0.6,9600,19200,5.623413251903491,base,,nan,finite_interior,116.36645688523221,0.3486174476651283,0.02074257646276154,31.881512983207653,1.7350874917456984,1.6398976030048436e-07
\mathrm{IM}_2,II,0.7,0.6,9600,19200,6.812920690579608,base,,nan,finite_interior,91.98091225512479,0.4115113635810385,0.02074257646276154,31.881512983207653,1.543205400662862,2.294261657767935e-06
\mathrm{IM}_2,II,0.7,0.6,9600,19200,8.254041852680182,base,,nan,finite_interior,72.8845385154451,0.48444207584080257,0.02074257646276154,31.881512983207653,1.3513233095800246,2.413447250901107e-06
\mathrm{IM}_2,II,0.7,0.6,9600,19200,10.0,base,,nan,finite_interior,58.981147596601524,0.5688352668556146,0.02074257646276154,31.881512983207653,1.159441218497187,1.071951979747945e-06
\mathrm{IM}_2,II,0.7,0.6,9600,19200,12.115276586285876,base,,nan,finite_interior,48.586262162998686,0.6664844658611924,0.02074257646276154,31.881512983207653,0.9675591274143506,3.3136928217343267e-07
\mathrm{IM}_2,II,0.7,0.6,9600,19200,14.677992676220676,base,,nan,finite_interior,40.033712225950715,0.7791490370347975,0.02074257646276154,31.881512983207653,0.7756770363315141,1.287044077912798e-06
\mathrm{IM}_2,II,0.7,0.6,9600,19200,17.78279410038923,base,,nan,finite_interior,32.22105994310211,0.9078829345452792,0.02074257646276154,31.881512983207653,0.5837949452486756,5.438081118299013e-07
\mathrm{IM}_2,II,0.7,0.6,9600,19200,17.92829226005031,boundary_refinement,zero,-0.25,finite_interior,31.89259330965891,0.9137018250917311,0.02074257646276154,31.881512983207653,0.5756462732485115,1.7371976002683807e-06
\mathrm{IM}_2,II,0.7,0.6,9600,19200,18.990610362525448,boundary_refinement,zero,-0.225,finite_interior,29.560360306602238,0.9555732335109034,0.02074257646276154,31.881512983207653,0.5180816459236602,1.5598009540680677e-06
\mathrm{IM}_2,II,0.7,0.6,9600,19200,20.115874769895505,boundary_refinement,zero,-0.2,finite_interior,27.189216442801705,0.9986936484974247,0.02074257646276154,31.881512983207653,0.4605170185988091,1.7486985432672734e-06
\mathrm{IM}_2,II,0.7,0.6,9600,19200,21.30781528521165,boundary_refinement,zero,-0.17500000000000002,finite_interior,24.750468567717007,1.04287341753759,0.02074257646276154,31.881512983207653,0.4029523912739581,1.5089271363577628e-06
\mathrm{IM}_2,II,0.7,0.6,9600,19200,21.54434690031882,base,,nan,finite_interior,24.272265748793814,1.0514444323898222,0.02074257646276154,31.881512983207653,0.3919128541658392,1.0600194300019736e-06
\mathrm{IM}_2,II,0.7,0.6,9600,19200,22.57038271625002,boundary_refinement,zero,-0.15,finite_interior,22.209308943123702,1.0878118045812766,0.02074257646276154,31.881512983207653,0.34538776394910686,1.4829535435695322e-06
\mathrm{IM}_2,II,0.7,0.6,9600,19200,23.90776197086493,boundary_refinement,zero,-0.125,finite_interior,19.521007813064607,1.1330353508463045,0.02074257646276154,31.881512983207653,0.2878231366242556,1.2866577501877984e-06
\mathrm{IM}_2,II,0.7,0.6,9600,19200,25.324385928290596,boundary_refinement,zero,-0.1,finite_interior,16.624449087615332,1.1777893513114943,0.02074257646276154,31.881512983207653,0.23025850929940458,8.882627881937956e-07
\mathrm{IM}_2,II,0.7,0.6,9600,19200,26.10157215682533,base,,nan,finite_interior,14.991676300198733,1.2007126414374243,0.02074257646276154,31.881512983207653,0.2000307630830028,3.7599308239529485e-07
\mathrm{IM}_2,II,0.7,0.6,9600,19200,26.82495013236913,boundary_refinement,zero,-0.07500000000000001,finite_interior,13.430585470011057,1.220832251842896,0.02074257646276154,31.881512983207653,0.17269388197455351,8.1288306991379e-08
\mathrm{IM}_2,II,0.7,0.6,9600,19200,28.41442835540701,boundary_refinement,zero,-0.05,finite_interior,9.799171026277826,1.2600067492068123,0.02074257646276154,31.881512983207653,0.11512925464970225,7.501132558437522e-07
\mathrm{IM}_2,II,0.7,0.6,9600,19200,30.09808908424806,boundary_refinement,zero,-0.025,finite_interior,5.486065489453315,1.2912183883446595,0.02074257646276154,31.881512983207653,0.05756462732485113,2.0484284553371714e-06
\mathrm{IM}_2,II,0.7,0.6,9600,19200,31.622776601683793,base,,nan,finite_interior,0.8801099251307392,1.3051140626364075,0.02074257646276154,31.881512983207653,0.008148672000164218,3.0788976122951377e-06
\mathrm{IM}_2,II,0.7,0.6,9600,19200,33.770611391750805,boundary_refinement,zero,0.025,no_training,0.0,1.3054777214574802,0.02074257646276154,31.881512983207653,0.057564627324851146,0.0
\mathrm{IM}_2,II,0.7,0.6,9600,19200,35.771645918226625,boundary_refinement,zero,0.05,no_training,0.0,1.3054777214574802,0.02074257646276154,31.881512983207653,0.1151292546497022,0.0
\mathrm{IM}_2,II,0.7,0.6,9600,19200,37.89124919460452,boundary_refinement,zero,0.07500000000000001,no_training,0.0,1.3054777214574802,0.02074257646276154,31.881512983207653,0.1726938819745535,0.0
\mathrm{IM}_2,II,0.7,0.6,9600,19200,38.31186849557285,base,,nan,no_training,0.0,1.3054777214574802,0.02074257646276154,31.881512983207653,0.1837334190826722,0.0
\mathrm{IM}_2,II,0.7,0.6,9600,19200,40.13644686100579,boundary_refinement,zero,0.1,no_training,0.0,1.3054777214574802,0.02074257646276154,31.881512983207653,0.2302585092994046,0.0
\mathrm{IM}_2,II,0.7,0.6,9600,19200,42.514680852900675,boundary_refinement,zero,0.125,no_training,0.0,1.3054777214574802,0.02074257646276154,31.881512983207653,0.2878231366242557,0.0
\mathrm{IM}_2,II,0.7,0.6,9600,19200,45.033834068158605,boundary_refinement,zero,0.15,no_training,0.0,1.3054777214574802,0.02074257646276154,31.881512983207653,0.3453877639491069,0.0
\mathrm{IM}_2,II,0.7,0.6,9600,19200,46.41588833612773,base,,nan,no_training,0.0,1.3054777214574802,0.02074257646276154,31.881512983207653,0.3756155101655088,0.0
\mathrm{IM}_2,II,0.7,0.6,9600,19200,47.7022564957129,boundary_refinement,zero,0.17500000000000002,no_training,0.0,1.3054777214574802,0.02074257646276154,31.881512983207653,0.402952391273958,0.0
\mathrm{IM}_2,II,0.7,0.6,9600,19200,50.52879289244642,boundary_refinement,zero,0.2,no_training,0.0,1.3054777214574802,0.02074257646276154,31.881512983207653,0.4605170185988092,0.0
\mathrm{IM}_2,II,0.7,0.6,9600,19200,53.52281210003558,boundary_refinement,zero,0.225,no_training,0.0,1.3054777214574802,0.02074257646276154,31.881512983207653,0.5180816459236602,0.0
\mathrm{IM}_2,II,0.7,0.6,9600,19200,56.23413251903491,base,,nan,no_training,0.0,1.3054777214574802,0.02074257646276154,31.881512983207653,0.5674976012483472,0.0
\mathrm{IM}_2,II,0.7,0.6,9600,19200,56.69423809892676,boundary_refinement,zero,0.25,no_training,0.0,1.3054777214574802,0.02074257646276154,31.881512983207653,0.5756462732485114,0.0
\mathrm{IM}_2,II,0.7,0.6,9600,19200,68.12920690579608,base,,nan,no_training,0.0,1.3054777214574802,0.02074257646276154,31.881512983207653,0.7593796923311836,0.0
\mathrm{IM}_2,II,0.7,0.6,9600,19200,82.54041852680173,base,,nan,no_training,0.0,1.3054777214574802,0.02074257646276154,31.881512983207653,0.9512617834140202,0.0
\mathrm{IM}_2,II,0.7,0.6,9600,19200,100.0,base,,nan,no_training,0.0,1.3054777214574802,0.02074257646276154,31.881512983207653,1.1431438744968587,0.0
\mathrm{IM}_2,II,0.7,0.6,9600,19200,121.15276586285876,base,,nan,no_training,0.0,1.3054777214574802,0.02074257646276154,31.881512983207653,1.335025965579695,0.0
\mathrm{IM}_2,II,0.7,0.6,9600,19200,146.77992676220674,base,,nan,no_training,0.0,1.3054777214574802,0.02074257646276154,31.881512983207653,1.5269080566625315,0.0
\mathrm{IM}_2,II,0.7,0.6,9600,19200,177.82794100389228,base,,nan,no_training,0.0,1.3054777214574802,0.02074257646276154,31.881512983207653,1.71879014774537,0.0
\mathrm{IM}_2,II,0.7,0.6,9600,19200,215.44346900318823,base,,nan,no_training,0.0,1.3054777214574802,0.02074257646276154,31.881512983207653,1.9106722388282065,0.0
\mathrm{IM}_2,II,0.7,0.6,9600,19200,261.0157215682533,base,,nan,no_training,0.0,1.3054777214574802,0.02074257646276154,31.881512983207653,2.102554329911043,0.0
\mathrm{IM}_2,II,0.7,0.6,9600,19200,316.22776601683796,base,,nan,no_training,0.0,1.3054777214574802,0.02074257646276154,31.881512983207653,2.2944364209938817,0.0
\mathrm{IM}_2,II,0.7,0.6,9600,19200,383.1186849557285,base,,nan,no_training,0.0,1.3054777214574802,0.02074257646276154,31.881512983207653,2.4863185120767177,0.0
\mathrm{IM}_2,II,0.7,0.6,9600,19200,464.1588833612773,base,,nan,no_training,0.0,1.3054777214574802,0.02074257646276154,31.881512983207653,2.678200603159554,0.0
\mathrm{IM}_2,II,0.7,0.6,9600,19200,562.341325190349,base,,nan,no_training,0.0,1.3054777214574802,0.02074257646276154,31.881512983207653,2.870082694242393,0.0
\mathrm{IM}_2,II,0.7,0.6,9600,19200,681.2920690579608,base,,nan,no_training,0.0,1.3054777214574802,0.02074257646276154,31.881512983207653,3.0619647853252294,0.0
\mathrm{IM}_2,II,0.7,0.6,9600,19200,825.4041852680173,base,,nan,no_training,0.0,1.3054777214574802,0.02074257646276154,31.881512983207653,3.253846876408066,0.0
\mathrm{IM}_2,II,0.7,0.6,9600,19200,1000.0,base,,nan,no_training,0.0,1.3054777214574802,0.02074257646276154,31.881512983207653,3.445728967490904,0.0
\mathrm{IM}_2,II,0.7,0.6,12800,25600,0.001,base,,nan,terminal_infimum,inf,9.687117501235116e-05,0.015591578123434044,31.888328833435075,2.746730904594083,0.0
\mathrm{IM}_2,II,0.7,0.6,12800,25600,0.001211527658628589,base,,nan,terminal_infimum,inf,0.00011481361822350748,0.015591578123434044,31.888328833435075,2.5548488135112453,0.0
\mathrm{IM}_2,II,0.7,0.6,12800,25600,0.0014677992676220691,base,,nan,terminal_infimum,inf,0.00013655138443719597,0.015591578123434044,31.888328833435075,2.3629667224284088,0.0
\mathrm{IM}_2,II,0.7,0.6,12800,25600,0.0017782794100389228,base,,nan,terminal_infimum,inf,0.00016288728944188177,0.015591578123434044,31.888328833435075,2.1710846313455714,0.0
\mathrm{IM}_2,II,0.7,0.6,12800,25600,0.0021544346900318843,base,,nan,terminal_infimum,inf,0.0001947939667700737,0.015591578123434044,31.888328833435075,1.9792025402627342,0.0
\mathrm{IM}_2,II,0.7,0.6,12800,25600,0.0026101572156825357,base,,nan,terminal_infimum,inf,0.00023344978884811573,0.015591578123434044,31.888328833435075,1.7873204491798975,0.0
\mathrm{IM}_2,II,0.7,0.6,12800,25600,0.0031622776601683794,base,,nan,terminal_infimum,inf,0.00028028238646268957,0.015591578123434044,31.888328833435075,1.5954383580970601,0.0
\mathrm{IM}_2,II,0.7,0.6,12800,25600,0.003831186849557285,base,,nan,terminal_infimum,inf,0.00033702137379816864,0.015591578123434044,31.888328833435075,1.4035562670142236,0.0
\mathrm{IM}_2,II,0.7,0.6,12800,25600,0.004641588833612777,base,,nan,terminal_infimum,inf,0.00040576222627767915,0.015591578123434044,31.888328833435075,1.211674175931386,0.0
\mathrm{IM}_2,II,0.7,0.6,12800,25600,0.005623413251903491,base,,nan,terminal_infimum,inf,0.0004890436703343138,0.015591578123434044,31.888328833435075,1.0197920848485487,0.0
\mathrm{IM}_2,II,0.7,0.6,12800,25600,0.006812920690579608,base,,nan,terminal_infimum,inf,0.0005899414432594555,0.015591578123434044,31.888328833435075,0.8279099937657123,0.0
\mathrm{IM}_2,II,0.7,0.6,12800,25600,0.008254041852680182,base,,nan,terminal_infimum,inf,0.000712181885852292,0.015591578123434044,31.888328833435075,0.6360279026828747,0.0
\mathrm{IM}_2,II,0.7,0.6,12800,25600,0.008767788703740757,boundary_refinement,terminal,-0.25,terminal_infimum,inf,0.0007557595142335051,0.015591578123434044,31.888328833435075,0.5756462732485115,0.0
\mathrm{IM}_2,II,0.7,0.6,12800,25600,0.00928731284600475,boundary_refinement,terminal,-0.225,terminal_infimum,inf,0.0007998271906774808,0.015591578123434044,31.888328833435075,0.5180816459236602,0.0
\mathrm{IM}_2,II,0.7,0.6,12800,25600,0.00983762072901742,boundary_refinement,terminal,-0.2,terminal_infimum,inf,0.0008465060411106694,0.015591578123434044,31.888328833435075,0.4605170185988091,0.0
\mathrm{IM}_2,II,0.7,0.6,12800,25600,0.01,base,,nan,terminal_infimum,inf,0.0008602795630565137,0.015591578123434044,31.888328833435075,0.4441458116000372,0.0
\mathrm{IM}_2,II,0.7,0.6,12800,25600,0.010420536404093017,boundary_refinement,terminal,-0.17500000000000002,terminal_infimum,inf,0.0008959507873190179,0.015591578123434044,31.888328833435075,0.4029523912739581,0.0
\mathrm{IM}_2,II,0.7,0.6,12800,25600,0.011037992004381079,boundary_refinement,terminal,-0.15,terminal_infimum,inf,0.0009483253189306568,0.015591578123434044,31.888328833435075,0.34538776394910686,0.0
\mathrm{IM}_2,II,0.7,0.6,12800,25600,0.011692034149117788,boundary_refinement,terminal,-0.125,terminal_infimum,inf,0.001003803236644701,0.015591578123434044,31.888328833435075,0.2878231366242556,0.0
\mathrm{IM}_2,II,0.7,0.6,12800,25600,0.012115276586285882,base,,nan,terminal_infimum,inf,0.0010397039951680763,0.015591578123434044,31.888328833435075,0.25226372051720025,0.0
\mathrm{IM}_2,II,0.7,0.6,12800,25600,0.01238483072735309,boundary_refinement,terminal,-0.1,terminal_infimum,inf,0.0010625684276483814,0.015591578123434044,31.888328833435075,0.23025850929940458,0.0
\mathrm{IM}_2,II,0.7,0.6,12800,25600,0.013118678083638912,boundary_refinement,terminal,-0.07500000000000001,terminal_infimum,inf,0.0011248156751297847,0.015591578123434044,31.888328833435075,0.17269388197455351,0.0
\mathrm{IM}_2,II,0.7,0.6,12800,25600,0.013896008629496175,boundary_refinement,terminal,-0.05,terminal_infimum,inf,0.0011907513039064938,0.015591578123434044,31.888328833435075,0.11512925464970225,0.0
\mathrm{IM}_2,II,0.7,0.6,12800,25600,0.01467799267622069,base,,nan,terminal_infimum,inf,0.001257081657304962,0.015591578123434044,31.888328833435075,0.06038162943436337,0.0
\mathrm{IM}_2,II,0.7,0.6,12800,25600,0.014719398905889577,boundary_refinement,terminal,-0.025,terminal_infimum,inf,0.0012605938643101297,0.015591578123434044,31.888328833435075,0.05756462732485113,0.0
\mathrm{IM}_2,II,0.7,0.6,12800,25600,0.014804374923120995,terminal_near_refinement,terminal,-0.0225,terminal_infimum,inf,0.0012678017981253575,0.015591578123434044,31.888328833435075,0.05180816459236597,0.0
\mathrm{IM}_2,II,0.7,0.6,12800,25600,0.014889841512253527,terminal_near_refinement,terminal,-0.02,terminal_infimum,inf,0.001275051343796613,0.015591578123434044,31.888328833435075,0.04605170185988087,0.0
\mathrm{IM}_2,II,0.7,0.6,12800,25600,0.014975801505389663,terminal_near_refinement,terminal,-0.0175,terminal_infimum,inf,0.0012823427415517624,0.015591578123434044,31.888328833435075,0.040295239127395764,0.0
\mathrm{IM}_2,II,0.7,0.6,12800,25600,0.015062257750981804,terminal_near_refinement,terminal,-0.015,terminal_infimum,inf,0.001289676233005523,0.015591578123434044,31.888328833435075,0.034538776394910715,0.0
\mathrm{IM}_2,II,0.7,0.6,12800,25600,0.01514921311392664,terminal_near_refinement,terminal,-0.0125,terminal_infimum,inf,0.001297052061167469,0.015591578123434044,31.888328833435075,0.028782313662425615,0.0
\mathrm{IM}_2,II,0.7,0.6,12800,25600,0.015236670475660099,terminal_near_refinement,terminal,-0.01,terminal_infimum,inf,0.0013044704704500841,0.015591578123434044,31.888328833435075,0.02302585092994047,0.0
\mathrm{IM}_2,II,0.7,0.6,12800,25600,0.01532463273425281,terminal_near_refinement,terminal,-0.0075,terminal_infimum,inf,0.0013119317066768602,0.015591578123434044,31.888328833435075,0.017269388197455333,0.0
\mathrm{IM}_2,II,0.7,0.6,12800,25600,0.015413102804506152,terminal_near_refinement,terminal,-0.005,terminal_infimum,inf,0.0013194360170904443,0.015591578123434044,31.888328833435075,0.01151292546497021,0.0
\mathrm{IM}_2,II,0.7,0.6,12800,25600,0.015502083618048834,terminal_near_refinement,terminal,-0.0025,terminal_infimum,inf,0.0013269836503608306,0.015591578123434044,31.888328833435075,0.005756462732485091,0.0
\mathrm{IM}_2,II,0.7,0.6,12800,25600,0.015513620232816874,terminal_ultra_near_refinement,terminal,-0.002176919254274547,terminal_infimum,inf,0.0013279622224145592,0.015591578123434044,31.888328833435075,0.005012541823544286,0.0
\mathrm{IM}_2,II,0.7,0.6,12800,25600,0.015529211810940307,terminal_ultra_near_refinement,terminal,-0.00174066157630127,terminal_infimum,inf,0.0013292847492503675,0.015591578123434044,31.888328833435075,0.004008021397538822,0.0
\mathrm{IM}_2,II,0.7,0.6,12800,25600,0.015544803389063742,terminal_ultra_near_refinement,terminal,-0.0013048416883442813,terminal_infimum,inf,0.001330607276086176,0.015591578123434044,31.888328833435075,0.0030045090202987243,0.0
\mathrm{IM}_2,II,0.7,0.6,12800,25600,0.015560394967187176,terminal_ultra_near_refinement,terminal,-0.0008694587126288914,terminal_infimum,inf,0.0013319298029219843,0.015591578123434044,31.888328833435075,0.0020020026706730793,0.0
\mathrm{IM}_2,II,0.7,0.6,12800,25600,0.015575986545310611,terminal_ultra_near_refinement,terminal,-0.0004345117740176917,terminal_infimum,inf,0.0013332523297577927,0.015591578123434044,31.888328833435075,0.0010005003335835344,0.0
\mathrm{IM}_2,II,0.7,0.6,12800,25600,0.015583782334372328,terminal_extreme_near_refinement,terminal,-0.00021720154586423186,terminal_infimum,inf,0.0013339135931756969,0.015591578123434044,31.888328833435075,0.0005001250416822429,0.0
\mathrm{IM}_2,II,0.7,0.6,12800,25600,0.01558534149218467,terminal_extreme_near_refinement,terminal,-0.00017375254558756316,terminal_infimum,inf,0.0013340458458592777,0.015591578123434044,31.888328833435075,0.00040008002133969133,0.0
\mathrm{IM}_2,II,0.7,0.6,12800,25600,0.015586900649997015,terminal_extreme_near_refinement,terminal,-0.00013030789173217684,terminal_infimum,inf,0.0013341780985428587,0.015591578123434044,31.888328833435075,0.00030004500900199243,0.0
\mathrm{IM}_2,II,0.7,0.6,12800,25600,0.015588459807809358,terminal_extreme_near_refinement,terminal,-8.686758342857122e-05,terminal_infimum,inf,0.0013343103512264394,0.015591578123434044,31.888328833435075,0.0002000200026670447,0.0
\mathrm{IM}_2,II,0.7,0.6,12800,25600,0.015590018965621701,terminal_extreme_near_refinement,terminal,-4.3431619807505604e-05,terminal_infimum,inf,0.0013344426039100202,0.015591578123434044,31.888328833435075,0.00010000500033334732,0.0
\mathrm{IM}_2,II,0.7,0.6,12800,25600,0.015593137281246387,terminal_extreme_near_refinement,terminal,4.342727686266486e-05,finite_interior,351386.8785162853,0.0013347046774457875,0.015591578123434044,31.888328833435075,9.999500033329732e-05,6.916443908745742e-07
\mathrm{IM}_2,II,0.7,0.6,12800,25600,0.01559469643905873,terminal_extreme_near_refinement,terminal,8.685021164894766e-05,finite_interior,351244.8731999865,0.0013348344976875117,0.015591578123434044,31.888328833435075,0.0001999800026662447,1.2541360852333513e-06
\mathrm{IM}_2,II,0.7,0.6,12800,25600,0.015596255596871073,terminal_extreme_near_refinement,terminal,0.00013026880522704667,finite_interior,351103.240135389,0.0013349643173189748,0.015591578123434044,31.888328833435075,0.00029995500899794244,8.340271100807567e-07
\mathrm{IM}_2,II,0.7,0.6,12800,25600,0.015597814754683418,terminal_extreme_near_refinement,terminal,0.0001736830584648997,finite_interior,350961.47300807486,0.0013350941363403763,0.015591578123434044,31.888328833435075,0.0003999200213268913,1.3763815318720379e-06
\mathrm{IM}_2,II,0.7,0.6,12800,25600,0.015599373912495761,terminal_extreme_near_refinement,terminal,0.00021709297223018438,finite_interior,350820.1637596676,0.0013352239547519162,0.015591578123434044,31.888328833435075,0.0004998750416509929,7.695072253448073e-07
\mathrm{IM}_2,II,0.7,0.6,12800,25600,0.015607169701557476,terminal_ultra_near_refinement,terminal,0.0004340774793185929,finite_interior,350114.33909907646,0.0013358730376686453,0.015591578123434044,31.888328833435075,0.0009995003330834232,1.0932888805761676e-06
\mathrm{IM}_2,II,0.7,0.6,12800,25600,0.015622761279680913,terminal_ultra_near_refinement,terminal,0.0008677215312269133,finite_interior,348712.2940449232,0.00133717115787608,0.015591578123434044,31.888328833435075,0.001998002662673058,3.7140976204810893e-07
\mathrm{IM}_2,II,0.7,0.6,12800,25600,0.015638352857804346,terminal_ultra_near_refinement,terminal,0.001300933020418072,finite_interior,347322.2635592467,0.0013384692174125282,0.015591578123434044,31.888328833435075,0.002995508979798371,7.809042219207553e-07
\mathrm{IM}_2,II,0.7,0.6,12800,25600,0.01565394443592778,terminal_ultra_near_refinement,terminal,0.0017337128090005314,finite_interior,345944.4334745955,0.0013397672164796352,0.015591578123434044,31.888328833435075,0.003992021269537457,9.486675954563895e-07
\mathrm{IM}_2,II,0.7,0.6,12800,25600,0.015669536014051213,terminal_ultra_near_refinement,terminal,0.0021660617565076304,finite_interior,344578.5631679188,0.0013410651552778422,0.015591578123434044,31.888328833435075,0.004987541511038968,1.0682313252706724e-06
\mathrm{IM}_2,II,0.7,0.6,12800,25600,0.015681589286237155,terminal_near_refinement,terminal,0.0025,finite_interior,343530.7110861477,0.001342068502560792,0.015591578123434044,31.888328833435075,0.00575646273248517,1.0783578077027475e-06
\mathrm{IM}_2,II,0.7,0.6,12800,25600,0.015772120089153983,terminal_near_refinement,terminal,0.005,finite_interior,335875.4820599991,0.0013496033951092368,0.015591578123434044,31.888328833435075,0.011512925464970295,7.771574992260177e-07
\mathrm{IM}_2,II,0.7,0.6,12800,25600,0.01586317353209965,terminal_near_refinement,terminal,0.0075,finite_interior,328539.16297075426,0.0013571797857835793,0.015591578123434044,31.888328833435075,0.017269388197455236,9.431877952726931e-07
\mathrm{IM}_2,II,0.7,0.6,12800,25600,0.01595475263230797,terminal_near_refinement,terminal,0.01,finite_interior,321499.15957398264,0.001364797926279362,0.015591578123434044,31.888328833435075,0.023025850929940427,7.706235971807847e-07
\mathrm{IM}_2,II,0.7,0.6,12800,25600,0.016046860424431434,terminal_near_refinement,terminal,0.0125,finite_interior,314736.0019418112,0.0013724580685787486,0.015591578123434044,31.888328833435075,0.02878231366242563,1.036403337548681e-06
\mathrm{IM}_2,II,0.7,0.6,12800,25600,0.016139499960641776,terminal_near_refinement,terminal,0.015,finite_interior,308231.95840129897,0.001380160464993014,0.015591578123434044,31.888328833435075,0.03453877639491076,1.1377869621214068e-06
\mathrm{IM}_2,II,0.7,0.6,12800,25600,0.016232674310731113,terminal_near_refinement,terminal,0.0175,finite_interior,301970.5456072209,0.001387905368322825,0.015591578123434044,31.888328833435075,0.04029523912739586,7.527510356943253e-07
\mathrm{IM}_2,II,0.7,0.6,12800,25600,0.01632638656221366,terminal_near_refinement,terminal,0.02,finite_interior,295937.0114250363,0.001395693031935342,0.015591578123434044,31.888328833435075,0.046051701859880986,9.222061365778291e-07
\mathrm{IM}_2,II,0.7,0.6,12800,25600,0.016420639820428053,terminal_near_refinement,terminal,0.0225,finite_interior,290118.23775992973,0.0014035237097792708,0.015591578123434044,31.888328833435075,0.05180816459236611,1.2217421034395881e-06
\mathrm{IM}_2,II,0.7,0.6,12800,25600,0.016515437208640234,boundary_refinement,terminal,0.025,finite_interior,284501.4688246847,0.0014113976565486297,0.015591578123434044,31.888328833435075,0.057564627324851146,1.1845459565601195e-06
\mathrm{IM}_2,II,0.7,0.6,12800,25600,0.017494038386183772,boundary_refinement,terminal,0.05,finite_interior,237349.85645645528,0.0014925735449227535,0.015591578123434044,31.888328833435075,0.1151292546497022,3.068522315853285e-07
\mathrm{IM}_2,II,0.7,0.6,12800,25600,0.01778279410038923,base,,nan,finite_interior,226319.89076717448,0.0015164907896841788,0.015591578123434044,31.888328833435075,0.13150046164847426,4.896032833281006e-07
\mathrm{IM}_2,II,0.7,0.6,12800,25600,0.01853062532895965,boundary_refinement,terminal,0.07500000000000001,finite_interior,202007.44060521337,0.0015783634090448001,0.015591578123434044,31.888328833435075,0.1726938819745535,3.0368348567379736e-07
\mathrm{IM}_2,II,0.7,0.6,12800,25600,0.019628633909565135,boundary_refinement,terminal,0.1,finite_interior,174419.06750889646,0.001669039548019064,0.015591578123434044,31.888328833435075,0.2302585092994046,7.693879162389929e-07
\mathrm{IM}_2,II,0.7,0.6,12800,25600,0.020791703588848118,boundary_refinement,terminal,0.125,finite_interior,152258.3935808798,0.0017648878201538402,0.015591578123434044,31.888328833435075,0.2878231366242557,7.5903324536265e-07
\mathrm{IM}_2,II,0.7,0.6,12800,25600,0.021544346900318832,base,,nan,finite_interior,140624.23634580523,0.0018268110401875603,0.015591578123434044,31.888328833435075,0.323382552731311,1.0550550223524317e-06
\mathrm{IM}_2,II,0.7,0.6,12800,25600,0.022023689479269377,boundary_refinement,terminal,0.15,finite_interior,134072.01720198704,0.0018662091239973085,0.015591578123434044,31.888328833435075,0.3453877639491069,4.968386385518528e-07
\mathrm{IM}_2,II,0.7,0.6,12800,25600,0.02332867512306395,boundary_refinement,terminal,0.17500000000000002,finite_interior,118895.07602732016,0.001973320634921287,0.015591578123434044,31.888328833435075,0.402952391273958,9.127916333624039e-07
\mathrm{IM}_2,II,0.7,0.6,12800,25600,0.024710986027556243,boundary_refinement,terminal,0.2,finite_interior,106057.57412094237,0.0020865569514620704,0.015591578123434044,31.888328833435075,0.4605170185988092,9.612113611019184e-07
\mathrm{IM}_2,II,0.7,0.6,12800,25600,0.026101572156825358,base,,nan,finite_interior,95577.24251556107,0.0022002565326468505,0.015591578123434044,31.888328833435075,0.515264643814148,1.151840355683839e-06
\mathrm{IM}_2,II,0.7,0.6,12800,25600,0.02617520400249288,boundary_refinement,terminal,0.225,finite_interior,95077.31164136503,0.00220627121931976,0.015591578123434044,31.888328833435075,0.5180816459236602,1.0533034857963132e-06
\mathrm{IM}_2,II,0.7,0.6,12800,25600,0.027726182346916067,boundary_refinement,terminal,0.25,finite_interior,85597.32552616393,0.002332836268230913,0.015591578123434044,31.888328833435075,0.5756462732485114,4.6087472318777816e-07
\mathrm{IM}_2,II,0.7,0.6,12800,25600,0.03162277660168379,base,,nan,finite_interior,68223.57522419187,0.0026498085781865286,0.015591578123434044,31.888328833435075,0.7071467348969855,2.794187833376656e-07
\mathrm{IM}_2,II,0.7,0.6,12800,25600,0.03831186849557287,base,,nan,finite_interior,50229.27556470541,0.0031910240365899275,0.015591578123434044,31.888328833435075,0.8990288259798227,6.106575761399002e-07
\mathrm{IM}_2,II,0.7,0.6,12800,25600,0.046415888336127774,base,,nan,finite_interior,37769.33489334459,0.0038425648659238705,0.015591578123434044,31.888328833435075,1.0909109170626596,9.836282946394272e-07
\mathrm{IM}_2,II,0.7,0.6,12800,25600,0.05623413251903491,base,,nan,finite_interior,28830.9646817077,0.004626816174970915,0.015591578123434044,31.888328833435075,1.282793008145497,6.823967349096072e-07
\mathrm{IM}_2,II,0.7,0.6,12800,25600,0.06812920690579612,base,,nan,finite_interior,22252.966347127243,0.0055706170473134265,0.015591578123434044,31.888328833435075,1.474675099228334,5.090683571395748e-07
\mathrm{IM}_2,II,0.7,0.6,12800,25600,0.08254041852680181,base,,nan,finite_interior,17319.225029886522,0.006706126523985437,0.015591578123434044,31.888328833435075,1.6665571903111709,8.781059364398989e-07
\mathrm{IM}_2,II,0.7,0.6,12800,25600,0.1,base,,nan,finite_interior,13565.026259750344,0.008071849170071258,0.015591578123434044,31.888328833435075,1.8584392813940085,1.1517393112677786e-06
\mathrm{IM}_2,II,0.7,0.6,12800,25600,0.12115276586285877,base,,nan,finite_interior,10676.536091247466,0.009713847817724665,0.015591578123434044,31.888328833435075,2.0503213724768448,6.221737150981634e-07
\mathrm{IM}_2,II,0.7,0.6,12800,25600,0.1467799267622069,base,,nan,finite_interior,8434.893194631331,0.011687174811541997,0.015591578123434044,31.888328833435075,2.242203463559682,9.130617158683812e-07
\mathrm{IM}_2,II,0.7,0.6,12800,25600,0.1778279410038923,base,,nan,finite_interior,6683.505200271227,0.01405755716419464,0.015591578123434044,31.888328833435075,2.43408555464252,8.269069066505183e-07
\mathrm{IM}_2,II,0.7,0.6,12800,25600,0.21544346900318823,base,,nan,finite_interior,5307.890031616349,0.016903375311547925,0.015591578123434044,31.888328833435075,2.6259676457253565,9.426238387649988e-07
\mathrm{IM}_2,II,0.7,0.6,12800,25600,0.2610157215682536,base,,nan,finite_interior,4222.918599592911,0.02031797945967976,0.015591578123434044,31.888328833435075,2.817849736808194,7.357439286710596e-07
\mathrm{IM}_2,II,0.7,0.6,12800,25600,0.31622776601683794,base,,nan,finite_interior,3364.3711869560616,0.024412391540315242,0.015591578123434044,31.888328833435075,3.009731827891031,2.978451935649781e-07
\mathrm{IM}_2,II,0.7,0.6,12800,25600,0.3831186849557285,base,,nan,finite_interior,2683.2368153852794,0.029318444166356927,0.015591578123434044,31.888328833435075,3.2016139189738677,1.979408326220774e-07
\mathrm{IM}_2,II,0.7,0.6,12800,25600,0.46415888336127775,base,,nan,finite_interior,2141.7555168985773,0.03519241006716442,0.015591578123434044,31.888328833435075,3.393496010056705,1.3283658540547956e-07
\mathrm{IM}_2,II,0.7,0.6,12800,25600,0.5623413251903491,base,,nan,finite_interior,1710.6065878481775,0.04221917548784804,0.015591578123434044,31.888328833435075,3.5853781011395425,2.684269333138665e-07
\mathrm{IM}_2,II,0.7,0.6,12800,25600,0.6812920690579608,base,,nan,finite_interior,1366.879962312273,0.05061700772849172,0.015591578123434044,31.888328833435075,3.777260192222379,3.7215034802640117e-07
\mathrm{IM}_2,II,0.7,0.6,12800,25600,0.8254041852680182,base,,nan,finite_interior,1092.5826737349093,0.06064295870323204,0.015591578123434044,31.888328833435075,3.6541221666374333,2.334897832746962e-07
\mathrm{IM}_2,II,0.7,0.6,12800,25600,1.0,base,,nan,finite_interior,873.5264810727004,0.07259893072316857,0.015591578123434044,31.888328833435075,3.462240075554596,1.6190489327523092e-07
\mathrm{IM}_2,II,0.7,0.6,12800,25600,1.2115276586285877,base,,nan,finite_interior,698.4858818421959,0.08683840469820742,0.015591578123434044,31.888328833435075,3.2703579844717594,1.2673515647825668e-07
\mathrm{IM}_2,II,0.7,0.6,12800,25600,1.467799267622069,base,,nan,finite_interior,558.5541267088493,0.1037737887308298,0.015591578123434044,31.888328833435075,3.078475893388922,4.974302876986505e-08
\mathrm{IM}_2,II,0.7,0.6,12800,25600,1.7782794100389228,base,,nan,finite_interior,446.6542992999145,0.12388427885105086,0.015591578123434044,31.888328833435075,2.8865938023060846,2.3944039298129966e-07
\mathrm{IM}_2,II,0.7,0.6,12800,25600,2.154434690031882,base,,nan,finite_interior,357.16164017666165,0.147724102804026,0.015591578123434044,31.888328833435075,2.694711711223248,2.72821298967173e-07
\mathrm{IM}_2,II,0.7,0.6,12800,25600,2.610157215682536,base,,nan,finite_interior,285.53367193444285,0.17593057332810197,0.015591578123434044,31.888328833435075,2.5028296201404103,2.5506140733365684e-07
\mathrm{IM}_2,II,0.7,0.6,12800,25600,3.1622776601683795,base,,nan,finite_interior,228.18962674092558,0.20923104296146927,0.015591578123434044,31.888328833435075,2.310947529057573,2.922879486265808e-07
\mathrm{IM}_2,II,0.7,0.6,12800,25600,3.831186849557285,base,,nan,finite_interior,182.48293227504803,0.2484519505182538,0.015591578123434044,31.888328833435075,2.1190654379747365,4.92593214000026e-07
\mathrm{IM}_2,II,0.7,0.6,12800,25600,4.6415888336127775,base,,nan,finite_interior,146.04804640434557,0.2945284038314444,0.015591578123434044,31.888328833435075,1.927183346891899,3.299983506260758e-07
\mathrm{IM}_2,II,0.7,0.6,12800,25600,5.623413251903491,base,,nan,finite_interior,116.43744350445596,0.3484844735107929,0.015591578123434044,31.888328833435075,1.7353012558090617,1.3947653618281076e-07
\mathrm{IM}_2,II,0.7,0.6,12800,25600,6.812920690579608,base,,nan,finite_interior,92.03448809321007,0.41137107200460565,0.015591578123434044,31.888328833435075,1.5434191647262252,2.290565772999614e-06
\mathrm{IM}_2,II,0.7,0.6,12800,25600,8.254041852680182,base,,nan,finite_interior,72.92108611056995,0.4842942391071449,0.015591578123434044,31.888328833435075,1.3515370736433878,2.4207442004076352e-06
\mathrm{IM}_2,II,0.7,0.6,12800,25600,10.0,base,,nan,finite_interior,59.00551528005753,0.5686788493168049,0.015591578123434044,31.888328833435075,1.1596549825605502,1.0389431523338821e-06
\mathrm{IM}_2,II,0.7,0.6,12800,25600,12.115276586285876,base,,nan,finite_interior,48.6039970997128,0.6663183198442728,0.015591578123434044,31.888328833435075,0.9677728914777137,2.636964504613807e-07
\mathrm{IM}_2,II,0.7,0.6,12800,25600,14.677992676220676,base,,nan,finite_interior,40.04799330147036,0.7789728017415255,0.015591578123434044,31.888328833435075,0.7758908003948773,1.2882107454165536e-06
\mathrm{IM}_2,II,0.7,0.6,12800,25600,17.78279410038923,base,,nan,finite_interior,32.23360557548765,0.9076981063831977,0.015591578123434044,31.888328833435075,0.5840087093120389,5.854830012125605e-07
\mathrm{IM}_2,II,0.7,0.6,12800,25600,17.932125094299497,boundary_refinement,zero,-0.25,finite_interior,31.89646978741863,0.9136697267544354,0.015591578123434044,31.888328833435075,0.5756462732485115,1.7195360473577736e-06
\mathrm{IM}_2,II,0.7,0.6,12800,25600,18.994670306481886,boundary_refinement,zero,-0.225,finite_interior,29.56387523754282,0.9555443789548483,0.015591578123434044,31.888328833435075,0.5180816459236602,1.5794693557424477e-06
\mathrm{IM}_2,II,0.7,0.6,12800,25600,20.120175280655374,boundary_refinement,zero,-0.2,finite_interior,27.19237447677559,0.9986682418084306,0.015591578123434044,31.888328833435075,0.4605170185988091,1.7045585961404305e-06
\mathrm{IM}_2,II,0.7,0.6,12800,25600,21.312370617254206,boundary_refinement,zero,-0.17500000000000002,finite_interior,24.753268457071123,1.042851654942997,0.015591578123434044,31.888328833435075,0.4029523912739581,1.4837866863354419e-06
\mathrm{IM}_2,II,0.7,0.6,12800,25600,21.54434690031882,base,,nan,finite_interior,24.284292379877094,1.0512571576520175,0.015591578123434044,31.888328833435075,0.39212661822920236,1.0036974515980468e-06
\mathrm{IM}_2,II,0.7,0.6,12800,25600,22.575207968685515,boundary_refinement,zero,-0.15,finite_interior,22.211740760062792,1.0877938590003116,0.015591578123434044,31.888328833435075,0.34538776394910686,1.5821632336494604e-06
\mathrm{IM}_2,II,0.7,0.6,12800,25600,23.91287313748215,boundary_refinement,zero,-0.125,finite_interior,19.523052019372113,1.1330213452717321,0.015591578123434044,31.888328833435075,0.2878231366242556,1.2420718755768443e-06
\mathrm{IM}_2,II,0.7,0.6,12800,25600,25.32979995056989,boundary_refinement,zero,-0.1,finite_interior,16.626082940226578,1.1777793119979596,0.015591578123434044,31.888328833435075,0.23025850929940458,9.302471036575643e-07
\mathrm{IM}_2,II,0.7,0.6,12800,25600,26.10157215682533,base,,nan,finite_interior,15.004951542650987,1.200544689617364,0.015591578123434044,31.888328833435075,0.20024452714636604,4.3788913921272413e-07
\mathrm{IM}_2,II,0.7,0.6,12800,25600,26.830684955636663,boundary_refinement,zero,-0.07500000000000001,finite_interior,13.431774455008009,1.2208260252946963,0.015591578123434044,31.888328833435075,0.17269388197455351,3.311224106489743e-08
\mathrm{IM}_2,II,0.7,0.6,12800,25600,28.42050298831638,boundary_refinement,zero,-0.05,finite_interior,9.799885971979812,1.2600038545595202,0.015591578123434044,31.888328833435075,0.11512925464970225,7.686362175944689e-07
\mathrm{IM}_2,II,0.7,0.6,12800,25600,30.104523661786395,boundary_refinement,zero,-0.025,finite_interior,5.4863157979223,1.2912177818246848,0.015591578123434044,31.888328833435075,0.05756462732485113,1.984586909282976e-06
\mathrm{IM}_2,II,0.7,0.6,12800,25600,31.622776601683793,base,,nan,finite_interior,0.9026407945769414,1.3050952106559814,0.015591578123434044,31.888328833435075,0.008362436063527446,4.099627493213709e-06
\mathrm{IM}_2,II,0.7,0.6,12800,25600,33.77783110649445,boundary_refinement,zero,0.025,no_training,0.0,1.3054777537782087,0.015591578123434044,31.888328833435075,0.057564627324851146,0.0
\mathrm{IM}_2,II,0.7,0.6,12800,25600,35.77929342796355,boundary_refinement,zero,0.05,no_training,0.0,1.3054777537782087,0.015591578123434044,31.888328833435075,0.1151292546497022,0.0
\mathrm{IM}_2,II,0.7,0.6,12800,25600,37.899349847781686,boundary_refinement,zero,0.07500000000000001,no_training,0.0,1.3054777537782087,0.015591578123434044,31.888328833435075,0.1726938819745535,0.0
\mathrm{IM}_2,II,0.7,0.6,12800,25600,38.31186849557285,base,,nan,no_training,0.0,1.3054777537782087,0.015591578123434044,31.888328833435075,0.18351965501930906,0.0
\mathrm{IM}_2,II,0.7,0.6,12800,25600,40.14502750806007,boundary_refinement,zero,0.1,no_training,0.0,1.3054777537782087,0.015591578123434044,31.888328833435075,0.2302585092994046,0.0
\mathrm{IM}_2,II,0.7,0.6,12800,25600,42.52376993525736,boundary_refinement,zero,0.125,no_training,0.0,1.3054777537782087,0.015591578123434044,31.888328833435075,0.2878231366242557,0.0
\mathrm{IM}_2,II,0.7,0.6,12800,25600,45.043461712503365,boundary_refinement,zero,0.15,no_training,0.0,1.3054777537782087,0.015591578123434044,31.888328833435075,0.3453877639491069,0.0
\mathrm{IM}_2,II,0.7,0.6,12800,25600,46.41588833612773,base,,nan,no_training,0.0,1.3054777537782087,0.015591578123434044,31.888328833435075,0.37540174610214566,0.0
\mathrm{IM}_2,II,0.7,0.6,12800,25600,47.71245461384977,boundary_refinement,zero,0.17500000000000002,no_training,0.0,1.3054777537782087,0.015591578123434044,31.888328833435075,0.402952391273958,0.0
\mathrm{IM}_2,II,0.7,0.6,12800,25600,50.53959528707269,boundary_refinement,zero,0.2,no_training,0.0,1.3054777537782087,0.015591578123434044,31.888328833435075,0.4605170185988092,0.0
\mathrm{IM}_2,II,0.7,0.6,12800,25600,53.5342545767843,boundary_refinement,zero,0.225,no_training,0.0,1.3054777537782087,0.015591578123434044,31.888328833435075,0.5180816459236602,0.0
\mathrm{IM}_2,II,0.7,0.6,12800,25600,56.23413251903491,base,,nan,no_training,0.0,1.3054777537782087,0.015591578123434044,31.888328833435075,0.5672838371849841,0.0
\mathrm{IM}_2,II,0.7,0.6,12800,25600,56.70635858504809,boundary_refinement,zero,0.25,no_training,0.0,1.3054777537782087,0.015591578123434044,31.888328833435075,0.5756462732485114,0.0
\mathrm{IM}_2,II,0.7,0.6,12800,25600,68.12920690579608,base,,nan,no_training,0.0,1.3054777537782087,0.015591578123434044,31.888328833435075,0.7591659282678205,0.0
\mathrm{IM}_2,II,0.7,0.6,12800,25600,82.54041852680173,base,,nan,no_training,0.0,1.3054777537782087,0.015591578123434044,31.888328833435075,0.951048019350657,0.0
\mathrm{IM}_2,II,0.7,0.6,12800,25600,100.0,base,,nan,no_training,0.0,1.3054777537782087,0.015591578123434044,31.888328833435075,1.1429301104334955,0.0
\mathrm{IM}_2,II,0.7,0.6,12800,25600,121.15276586285876,base,,nan,no_training,0.0,1.3054777537782087,0.015591578123434044,31.888328833435075,1.334812201516332,0.0
\mathrm{IM}_2,II,0.7,0.6,12800,25600,146.77992676220674,base,,nan,no_training,0.0,1.3054777537782087,0.015591578123434044,31.888328833435075,1.5266942925991682,0.0
\mathrm{IM}_2,II,0.7,0.6,12800,25600,177.82794100389228,base,,nan,no_training,0.0,1.3054777537782087,0.015591578123434044,31.888328833435075,1.718576383682007,0.0
\mathrm{IM}_2,II,0.7,0.6,12800,25600,215.44346900318823,base,,nan,no_training,0.0,1.3054777537782087,0.015591578123434044,31.888328833435075,1.9104584747648434,0.0
\mathrm{IM}_2,II,0.7,0.6,12800,25600,261.0157215682533,base,,nan,no_training,0.0,1.3054777537782087,0.015591578123434044,31.888328833435075,2.1023405658476797,0.0
\mathrm{IM}_2,II,0.7,0.6,12800,25600,316.22776601683796,base,,nan,no_training,0.0,1.3054777537782087,0.015591578123434044,31.888328833435075,2.2942226569305184,0.0
\mathrm{IM}_2,II,0.7,0.6,12800,25600,383.1186849557285,base,,nan,no_training,0.0,1.3054777537782087,0.015591578123434044,31.888328833435075,2.486104748013355,0.0
\mathrm{IM}_2,II,0.7,0.6,12800,25600,464.1588833612773,base,,nan,no_training,0.0,1.3054777537782087,0.015591578123434044,31.888328833435075,2.6779868390961914,0.0
\mathrm{IM}_2,II,0.7,0.6,12800,25600,562.341325190349,base,,nan,no_training,0.0,1.3054777537782087,0.015591578123434044,31.888328833435075,2.8698689301790297,0.0
\mathrm{IM}_2,II,0.7,0.6,12800,25600,681.2920690579608,base,,nan,no_training,0.0,1.3054777537782087,0.015591578123434044,31.888328833435075,3.061751021261866,0.0
\mathrm{IM}_2,II,0.7,0.6,12800,25600,825.4041852680173,base,,nan,no_training,0.0,1.3054777537782087,0.015591578123434044,31.888328833435075,3.2536331123447026,0.0
\mathrm{IM}_2,II,0.7,0.6,12800,25600,1000.0,base,,nan,no_training,0.0,1.3054777537782087,0.015591578123434044,31.888328833435075,3.445515203427541,0.0
\mathrm{IM}_2,II,0.7,0.6,19200,38400,0.001,base,,nan,terminal_infimum,inf,9.193654612445636e-05,0.010420838252193343,31.894921510905313,2.3438074795572685,0.0
\mathrm{IM}_2,II,0.7,0.6,19200,38400,0.001211527658628589,base,,nan,terminal_infimum,inf,0.00010991908841184195,0.010420838252193343,31.894921510905313,2.151925388474431,0.0
\mathrm{IM}_2,II,0.7,0.6,19200,38400,0.0014677992676220691,base,,nan,terminal_infimum,inf,0.00013170543576546768,0.010420838252193343,31.894921510905313,1.9600432973915947,0.0
\mathrm{IM}_2,II,0.7,0.6,19200,38400,0.0017782794100389228,base,,nan,terminal_infimum,inf,0.00015810019816487513,0.010420838252193343,31.894921510905313,1.768161206308757,0.0
\mathrm{IM}_2,II,0.7,0.6,19200,38400,0.0021544346900318843,base,,nan,terminal_infimum,inf,0.00019007818285468714,0.010420838252193343,31.894921510905313,1.5762791152259197,0.0
\mathrm{IM}_2,II,0.7,0.6,19200,38400,0.0026101572156825357,base,,nan,terminal_infimum,inf,0.00022882039577359575,0.010420838252193343,31.894921510905313,1.3843970241430834,0.0
\mathrm{IM}_2,II,0.7,0.6,19200,38400,0.0031622776601683794,base,,nan,terminal_infimum,inf,0.00027575765828133164,0.010420838252193343,31.894921510905313,1.1925149330602458,0.0
\mathrm{IM}_2,II,0.7,0.6,19200,38400,0.003831186849557285,base,,nan,terminal_infimum,inf,0.00033262345002976393,0.010420838252193343,31.894921510905313,1.000632841977409,0.0
\mathrm{IM}_2,II,0.7,0.6,19200,38400,0.004641588833612777,base,,nan,terminal_infimum,inf,0.00040151792956280336,0.010420838252193343,31.894921510905313,0.8087507508945718,0.0
\mathrm{IM}_2,II,0.7,0.6,19200,38400,0.005623413251903491,base,,nan,terminal_infimum,inf,0.0004849854970439019,0.010420838252193343,31.894921510905313,0.6168686598117343,0.0
\mathrm{IM}_2,II,0.7,0.6,19200,38400,0.005860067992332686,boundary_refinement,terminal,-0.25,terminal_infimum,inf,0.0005051041609806618,0.010420838252193343,31.894921510905313,0.5756462732485115,0.0
\mathrm{IM}_2,II,0.7,0.6,19200,38400,0.006207298850670594,boundary_refinement,terminal,-0.225,terminal_infimum,inf,0.0005346232018192423,0.010420838252193343,31.894921510905313,0.5180816459236602,0.0
\mathrm{IM}_2,II,0.7,0.6,19200,38400,0.00657510443086153,boundary_refinement,terminal,-0.2,terminal_infimum,inf,0.0005658913557911691,0.010420838252193343,31.894921510905313,0.4605170185988091,0.0
\mathrm{IM}_2,II,0.7,0.6,19200,38400,0.006812920690579608,base,,nan,terminal_infimum,inf,0.0005861087636457003,0.010420838252193343,31.894921510905313,0.42498656872889784,0.0
\mathrm{IM}_2,II,0.7,0.6,19200,38400,0.006964703861819773,boundary_refinement,terminal,-0.17500000000000002,terminal_infimum,inf,0.0005990122643653497,0.010420838252193343,31.894921510905313,0.4029523912739581,0.0
\mathrm{IM}_2,II,0.7,0.6,19200,38400,0.007377388510389244,boundary_refinement,terminal,-0.15,terminal_infimum,inf,0.000634095710153807,0.010420838252193343,31.894921510905313,0.34538776394910686,0.0
\mathrm{IM}_2,II,0.7,0.6,19200,38400,0.007814526261709939,boundary_refinement,terminal,-0.125,terminal_infimum,inf,0.0006712579807972858,0.010420838252193343,31.894921510905313,0.2878231366242555,0.0
\mathrm{IM}_2,II,0.7,0.6,19200,38400,0.008254041852680182,base,,nan,terminal_infimum,inf,0.0007086223980646524,0.010420838252193343,31.894921510905313,0.23310447764606032,0.0
\mathrm{IM}_2,II,0.7,0.6,19200,38400,0.008277566053212004,boundary_refinement,terminal,-0.1,terminal_infimum,inf,0.0007106222544124371,0.010420838252193343,31.894921510905313,0.23025850929940458,0.0
\mathrm{IM}_2,II,0.7,0.6,19200,38400,0.008768042677265884,boundary_refinement,terminal,-0.07500000000000001,terminal_infimum,inf,0.0007523190078781844,0.010420838252193343,31.894921510905313,0.17269388197455351,0.0
\mathrm{IM}_2,II,0.7,0.6,19200,38400,0.009287581868407339,boundary_refinement,terminal,-0.05,terminal_infimum,inf,0.0007964864493145764,0.010420838252193343,31.894921510905313,0.11512925464970213,0.0
\mathrm{IM}_2,II,0.7,0.6,19200,38400,0.009837905691999518,boundary_refinement,terminal,-0.025,terminal_infimum,inf,0.0008432709761876241,0.010420838252193343,31.894921510905313,0.05756462732485113,0.0
\mathrm{IM}_2,II,0.7,0.6,19200,38400,0.00989470054136459,terminal_near_refinement,terminal,-0.0225,terminal_infimum,inf,0.0008480992609946072,0.010420838252193343,31.894921510905313,0.05180816459236609,0.0
\mathrm{IM}_2,II,0.7,0.6,19200,38400,0.009951823270973222,terminal_near_refinement,terminal,-0.02,terminal_infimum,inf,0.0008529554197939713,0.010420838252193343,31.894921510905313,0.04605170185988087,0.0
\mathrm{IM}_2,II,0.7,0.6,19200,38400,0.01,base,,nan,terminal_infimum,inf,0.0008570510547223243,0.010420838252193343,31.894921510905313,0.04122238656322283,0.0
\mathrm{IM}_2,II,0.7,0.6,19200,38400,0.010009275773698714,terminal_near_refinement,terminal,-0.0175,terminal_infimum,inf,0.0008578396135040306,0.010420838252193343,31.894921510905313,0.040295239127395764,0.0
\mathrm{IM}_2,II,0.7,0.6,19200,38400,0.010067059953342049,terminal_near_refinement,terminal,-0.015,terminal_infimum,inf,0.0008627520039720906,0.010420838252193343,31.894921510905313,0.034538776394910715,0.0
\mathrm{IM}_2,II,0.7,0.6,19200,38400,0.010125177724694968,terminal_near_refinement,terminal,-0.0125,terminal_infimum,inf,0.000867692753979812,0.010420838252193343,31.894921510905313,0.028782313662425615,0.0
\mathrm{IM}_2,II,0.7,0.6,19200,38400,0.01018363101360343,terminal_near_refinement,terminal,-0.01,terminal_infimum,inf,0.0008726620272486038,0.010420838252193343,31.894921510905313,0.02302585092994047,0.0
\mathrm{IM}_2,II,0.7,0.6,19200,38400,0.010242421757031418,terminal_near_refinement,terminal,-0.0075,terminal_infimum,inf,0.0008776599884450493,0.010420838252193343,31.894921510905313,0.017269388197455333,0.0
\mathrm{IM}_2,II,0.7,0.6,19200,38400,0.010301551903125135,terminal_near_refinement,terminal,-0.005,terminal_infimum,inf,0.0008826868031863619,0.010420838252193343,31.894921510905313,0.01151292546497021,0.0
\mathrm{IM}_2,II,0.7,0.6,19200,38400,0.010361023411277552,terminal_near_refinement,terminal,-0.0025,terminal_infimum,inf,0.0008877426380458742,0.010420838252193343,31.894921510905313,0.005756462732485091,0.0
\mathrm{IM}_2,II,0.7,0.6,19200,38400,0.010368734060932376,terminal_ultra_near_refinement,terminal,-0.002176919254274547,terminal_infimum,inf,0.0008883981413704988,0.010420838252193343,31.894921510905313,0.005012541823544175,0.0
\mathrm{IM}_2,II,0.7,0.6,19200,38400,0.010379154899184569,terminal_ultra_near_refinement,terminal,-0.00174066157630127,terminal_infimum,inf,0.0008892840452081103,0.010420838252193343,31.894921510905313,0.004008021397538822,0.0
\mathrm{IM}_2,II,0.7,0.6,19200,38400,0.010389575737436763,terminal_ultra_near_refinement,terminal,-0.0013048416883442813,terminal_infimum,inf,0.000890169949045722,0.010420838252193343,31.894921510905313,0.0030045090202987243,0.0
\mathrm{IM}_2,II,0.7,0.6,19200,38400,0.010399996575688956,terminal_ultra_near_refinement,terminal,-0.0008694587126288914,terminal_infimum,inf,0.0008910558528833337,0.010420838252193343,31.894921510905313,0.002002002670672968,0.0
\mathrm{IM}_2,II,0.7,0.6,19200,38400,0.010410417413941149,terminal_ultra_near_refinement,terminal,-0.0004345117740176917,terminal_infimum,inf,0.0008919417567209453,0.010420838252193343,31.894921510905313,0.0010005003335835344,0.0
\mathrm{IM}_2,II,0.7,0.6,19200,38400,0.010415627833067246,terminal_extreme_near_refinement,terminal,-0.00021720154586423186,terminal_infimum,inf,0.0008923847086397511,0.010420838252193343,31.894921510905313,0.0005001250416823539,0.0
\mathrm{IM}_2,II,0.7,0.6,19200,38400,0.010416669916892466,terminal_extreme_near_refinement,terminal,-0.00017375254558756316,terminal_infimum,inf,0.0008924732990235124,0.010420838252193343,31.894921510905313,0.00040008002133958025,0.0
\mathrm{IM}_2,II,0.7,0.6,19200,38400,0.010417712000717685,terminal_extreme_near_refinement,terminal,-0.00013030789173217684,terminal_infimum,inf,0.0008925618894072736,0.010420838252193343,31.894921510905313,0.00030004500900199243,0.0
\mathrm{IM}_2,II,0.7,0.6,19200,38400,0.010418754084542904,terminal_extreme_near_refinement,terminal,-8.686758342857122e-05,terminal_infimum,inf,0.0008926504797910347,0.010420838252193343,31.894921510905313,0.0002000200026670447,0.0
\mathrm{IM}_2,II,0.7,0.6,19200,38400,0.010419796168368124,terminal_extreme_near_refinement,terminal,-4.3431619807505604e-05,terminal_infimum,inf,0.0008927390701747958,0.010420838252193343,31.894921510905313,0.00010000500033334732,0.0
\mathrm{IM}_2,II,0.7,0.6,19200,38400,0.010421880336018562,terminal_extreme_near_refinement,terminal,4.342727686266486e-05,finite_interior,586386.4381192367,0.0008929148202576764,0.010420838252193343,31.894921510905313,9.999500033329732e-05,8.954209078164579e-07
\mathrm{IM}_2,II,0.7,0.6,19200,38400,0.01042292241984378,terminal_extreme_near_refinement,terminal,8.685021164894766e-05,finite_interior,586145.0400095148,0.0008930019795956786,0.010420838252193343,31.894921510905313,0.0001999800026662447,9.539514579706422e-07
\mathrm{IM}_2,II,0.7,0.6,19200,38400,0.010423964503669,terminal_extreme_near_refinement,terminal,0.00013026880522704667,finite_interior,585903.7449975843,0.0008930891385726874,0.010420838252193343,31.894921510905313,0.00029995500899794244,8.172069404162649e-07
\mathrm{IM}_2,II,0.7,0.6,19200,38400,0.010425006587494219,terminal_extreme_near_refinement,terminal,0.0001736830584648997,finite_interior,585662.781779984,0.0008931762971888268,0.010420838252193343,31.894921510905313,0.0003999200213268913,6.738328670613984e-07
\mathrm{IM}_2,II,0.7,0.6,19200,38400,0.01042604867131944,terminal_extreme_near_refinement,terminal,0.00021709297223018438,finite_interior,585421.9096802466,0.0008932634554442201,0.010420838252193343,31.894921510905313,0.0004998750416509929,5.29346554306735e-07
\mathrm{IM}_2,II,0.7,0.6,19200,38400,0.010431259090445535,terminal_ultra_near_refinement,terminal,0.0004340774793185929,finite_interior,584221.431383462,0.0008936992413142996,0.010420838252193343,31.894921510905313,0.0009995003330834232,7.300320934498391e-07
\mathrm{IM}_2,II,0.7,0.6,19200,38400,0.010441679928697729,terminal_ultra_near_refinement,terminal,0.0008677215312269133,finite_interior,581836.8655937578,0.0008945707860687682,0.010420838252193343,31.894921510905313,0.001998002662673058,1.2476846929137915e-06
\mathrm{IM}_2,II,0.7,0.6,19200,38400,0.01045210076694992,terminal_ultra_near_refinement,terminal,0.001300933020418072,finite_interior,579472.8230077473,0.0008954422949424722,0.010420838252193343,31.894921510905313,0.002995508979798371,7.204352999776983e-07
\mathrm{IM}_2,II,0.7,0.6,19200,38400,0.010462521605202117,terminal_ultra_near_refinement,terminal,0.0017337128090005314,finite_interior,577129.7184361629,0.0008963137680494633,0.010420838252193343,31.894921510905313,0.003992021269537457,1.1967628072995729e-06
\mathrm{IM}_2,II,0.7,0.6,19200,38400,0.010472942443454309,terminal_ultra_near_refinement,terminal,0.0021660617565076304,finite_interior,574806.7682995257,0.0008971852055109869,0.010420838252193343,31.894921510905313,0.004987541511038968,1.4906637461173765e-06
\mathrm{IM}_2,II,0.7,0.6,19200,38400,0.01048099840795418,terminal_near_refinement,terminal,0.0025,finite_interior,573024.9756403421,0.0008978588572136052,0.010420838252193343,31.894921510905313,0.00575646273248517,8.66754978103726e-07
\mathrm{IM}_2,II,0.7,0.6,19200,38400,0.010541505872084416,terminal_near_refinement,terminal,0.005,finite_interior,560011.824287019,0.000902917907657453,0.010420838252193343,31.894921510905313,0.011512925464970295,7.792059687957853e-07
\mathrm{IM}_2,II,0.7,0.6,19200,38400,0.010602362649617152,terminal_near_refinement,terminal,0.0075,finite_interior,547546.4349059274,0.0009080049807224854,0.010420838252193343,31.894921510905313,0.017269388197455236,1.1419394194750129e-06
\mathrm{IM}_2,II,0.7,0.6,19200,38400,0.01066357075716067,terminal_near_refinement,terminal,0.01,finite_interior,535591.7608594465,0.000913120245425071,0.010420838252193343,31.894921510905313,0.023025850929940427,3.56617549312882e-07
\mathrm{IM}_2,II,0.7,0.6,19200,38400,0.010725132222965252,terminal_near_refinement,terminal,0.0125,finite_interior,524112.1540473178,0.0009182638710478711,0.010420838252193343,31.894921510905313,0.02878231366242563,1.2689651751687402e-06
\mathrm{IM}_2,II,0.7,0.6,19200,38400,0.010787049086990404,terminal_near_refinement,terminal,0.015,finite_interior,513077.66687335743,0.0009234360272373071,0.010420838252193343,31.894921510905313,0.03453877639491076,9.64467592363827e-07
\mathrm{IM}_2,II,0.7,0.6,19200,38400,0.010849323400972442,terminal_near_refinement,terminal,0.0175,finite_interior,502460.4724965819,0.0009286368840064523,0.010420838252193343,31.894921510905313,0.04029523912739586,2.892545360923952e-07
\mathrm{IM}_2,II,0.7,0.6,19200,38400,0.010911957228492489,terminal_near_refinement,terminal,0.02,finite_interior,492233.8673323779,0.0009338666118075127,0.010420838252193343,31.894921510905313,0.046051701859880986,1.1847051429374352e-06
\mathrm{IM}_2,II,0.7,0.6,19200,38400,0.010974952645044849,terminal_near_refinement,terminal,0.0225,finite_interior,482375.6691172807,0.0009391253816148949,0.010420838252193343,31.894921510905313,0.05180816459236611,8.099551648910376e-07
\mathrm{IM}_2,II,0.7,0.6,19200,38400,0.011038311738105787,boundary_refinement,terminal,0.025,finite_interior,472864.6766058512,0.0009444133648951107,0.010420838252193343,31.894921510905313,0.057564627324851146,1.1960641165650137e-06
\mathrm{IM}_2,II,0.7,0.6,19200,38400,0.011692372828256747,boundary_refinement,terminal,0.05,finite_interior,393195.2201719841,0.000998938108363867,0.010420838252193343,31.894921510905313,0.1151292546497022,6.997168403536568e-07
\mathrm{IM}_2,II,0.7,0.6,19200,38400,0.012115276586285882,base,,nan,finite_interior,354628.0650134401,0.001034135429510756,0.010420838252193343,31.894921510905313,0.1506597045196141,9.907682236502256e-07
\mathrm{IM}_2,II,0.7,0.6,19200,38400,0.012385189474492674,boundary_refinement,terminal,0.07500000000000001,finite_interior,333708.7750173896,0.001056577853838629,0.010420838252193343,31.894921510905313,0.1726938819745535,1.349038666108343e-06
\mathrm{IM}_2,II,0.7,0.6,19200,38400,0.013119058087882914,boundary_refinement,terminal,0.1,finite_interior,287431.2265201209,0.0011175165983338202,0.010420838252193343,31.894921510905313,0.2302585092994046,1.047306620612471e-06
\mathrm{IM}_2,II,0.7,0.6,19200,38400,0.013896411150407215,boundary_refinement,terminal,0.125,finite_interior,250371.77816208097,0.0011819477208766967,0.010420838252193343,31.894921510905313,0.2878231366242557,9.57533339882011e-07
\mathrm{IM}_2,II,0.7,0.6,19200,38400,0.01467799267622069,base,,nan,finite_interior,221411.6734869616,0.0012466166760402855,0.010420838252193343,31.894921510905313,0.3425417956024511,5.86279312616479e-07
\mathrm{IM}_2,II,0.7,0.6,19200,38400,0.014719825277664059,boundary_refinement,terminal,0.15,finite_interior,220042.86009878234,0.001250074939780828,0.010420838252193343,31.894921510905313,0.3453877639491069,7.488969956885627e-07
\mathrm{IM}_2,II,0.7,0.6,19200,38400,0.015592029759324475,boundary_refinement,terminal,0.17500000000000002,finite_interior,194796.80437674475,0.0013221131296759538,0.010420838252193343,31.894921510905313,0.402952391273958,5.8301056719178e-07
\mathrm{IM}_2,II,0.7,0.6,19200,38400,0.016515915605639597,boundary_refinement,terminal,0.2,finite_interior,173491.8507847236,0.0013982890904156993,0.010420838252193343,31.894921510905313,0.46051701859880906,8.677954001095197e-07
\mathrm{IM}_2,II,0.7,0.6,19200,38400,0.017494545129987462,boundary_refinement,terminal,0.225,finite_interior,155308.20256544426,0.0014788423082068502,0.010420838252193343,31.894921510905313,0.5180816459236602,9.023865231845493e-07
\mathrm{IM}_2,II,0.7,0.6,19200,38400,0.01778279410038923,base,,nan,finite_interior,150626.61879093415,0.0015025433466250692,0.010420838252193343,31.894921510905313,0.5344238866852887,8.280165067825538e-07
\mathrm{IM}_2,II,0.7,0.6,19200,38400,0.018531162099221416,boundary_refinement,terminal,0.25,finite_interior,139640.08791592935,0.0015640257300444961,0.010420838252193343,31.894921510905313,0.5756462732485114,6.574661552806902e-07
\mathrm{IM}_2,II,0.7,0.6,19200,38400,0.021544346900318832,base,,nan,finite_interior,107500.38392915565,0.0018108788509523617,0.010420838252193343,31.894921510905313,0.7263059777681256,4.902710206777308e-07
\mathrm{IM}_2,II,0.7,0.6,19200,38400,0.026101572156825358,base,,nan,finite_interior,79103.72686715913,0.0021823825649084035,0.010420838252193343,31.894921510905313,0.9181880688509625,9.394860737320965e-07
\mathrm{IM}_2,II,0.7,0.6,19200,38400,0.03162277660168379,base,,nan,finite_interior,59441.333959995296,0.002629979092302578,0.010420838252193343,31.894921510905313,1.1100701599338,8.852664105769085e-07
\mathrm{IM}_2,II,0.7,0.6,19200,38400,0.03831186849557287,base,,nan,finite_interior,45342.58041284316,0.0031691925301586387,0.010420838252193343,31.894921510905313,1.301952251016637,2.4192621862016215e-07
\mathrm{IM}_2,II,0.7,0.6,19200,38400,0.046415888336127774,base,,nan,finite_interior,34973.60958811179,0.003818662062990275,0.010420838252193343,31.894921510905313,1.493834342099474,7.1802509164761e-07
\mathrm{IM}_2,II,0.7,0.6,19200,38400,0.05623413251903491,base,,nan,finite_interior,27202.122329350816,0.004600755031725882,0.010420838252193343,31.894921510905313,1.6857164331823113,1.4182684840140653e-07
\mathrm{IM}_2,II,0.7,0.6,19200,38400,0.06812920690579612,base,,nan,finite_interior,21292.996551128217,0.00554229553156599,0.010420838252193343,31.894921510905313,1.8775985242651483,7.920572083432807e-07
\mathrm{IM}_2,II,0.7,0.6,19200,38400,0.08254041852680181,base,,nan,finite_interior,16749.794139583613,0.0066754292550560545,0.010420838252193343,31.894921510905313,2.0694806153479854,6.795642502954109e-07
\mathrm{IM}_2,II,0.7,0.6,19200,38400,0.1,base,,nan,finite_interior,13226.478731551848,0.00803864840947976,0.010420838252193343,31.894921510905313,2.261362706430823,7.550425627767532e-07
\mathrm{IM}_2,II,0.7,0.6,19200,38400,0.12115276586285877,base,,nan,finite_interior,10475.522827368593,0.00967800407290577,0.010420838252193343,31.894921510905313,2.4532447975136593,8.102271525560761e-07
\mathrm{IM}_2,II,0.7,0.6,19200,38400,0.1467799267622069,base,,nan,finite_interior,8316.133443369601,0.011648537190235486,0.010420838252193343,31.894921510905313,2.6451268885964967,2.075560141243669e-08
\mathrm{IM}_2,II,0.7,0.6,19200,38400,0.1778279410038923,base,,nan,finite_interior,6613.951021275158,0.014015963566969967,0.010420838252193343,31.894921510905313,2.837008979679334,7.324014389849672e-07
\mathrm{IM}_2,II,0.7,0.6,19200,38400,0.21544346900318823,base,,nan,finite_interior,5267.702831336074,0.016858652524398308,0.010420838252193343,31.894921510905313,3.0288910707621706,1.1111478590906468e-06
\mathrm{IM}_2,II,0.7,0.6,19200,38400,0.2610157215682536,base,,nan,finite_interior,4200.152815920387,0.020269943177648575,0.010420838252193343,31.894921510905313,3.2207731618450084,9.129177671825778e-07
\mathrm{IM}_2,II,0.7,0.6,19200,38400,0.31622776601683794,base,,nan,finite_interior,3351.844362219375,0.024360846352592197,0.010420838252193343,31.894921510905313,3.4126552529278458,1.0208389008155592e-06
\mathrm{IM}_2,II,0.7,0.6,19200,38400,0.3831186849557285,base,,nan,finite_interior,2676.6449914442255,0.029263183520388952,0.010420838252193343,31.894921510905313,3.6045373440106823,1.1120282418496695e-06
\mathrm{IM}_2,II,0.7,0.6,19200,38400,0.46415888336127775,base,,nan,finite_interior,2138.5353051695965,0.03513321623819808,0.010420838252193343,31.894921510905313,3.7964194350935196,9.859486887758798e-07
\mathrm{IM}_2,II,0.7,0.6,19200,38400,0.5623413251903491,base,,nan,finite_interior,1709.2469799578735,0.042155819583817804,0.010420838252193343,31.894921510905313,3.988301526176357,9.862694459925217e-07
\mathrm{IM}_2,II,0.7,0.6,19200,38400,0.6812920690579608,base,,nan,finite_interior,1366.5032721880077,0.05054924976049853,0.010420838252193343,31.894921510905313,3.8462109789976635,9.944260599814407e-07
\mathrm{IM}_2,II,0.7,0.6,19200,38400,0.8254041852680182,base,,nan,finite_interior,1092.6889665702436,0.06057054774947053,0.010420838252193343,31.894921510905313,3.6543288879148257,1.014371631905233e-06
\mathrm{IM}_2,II,0.7,0.6,19200,38400,1.0,base,,nan,finite_interior,873.8389117378016,0.07252160522787977,0.010420838252193343,31.894921510905313,3.4624467968319883,1.1242866330265522e-06
\mathrm{IM}_2,II,0.7,0.6,19200,38400,1.2115276586285877,base,,nan,finite_interior,698.8575026821477,0.08675589298313129,0.010420838252193343,31.894921510905313,3.270564705749152,1.0241384475063494e-06
\mathrm{IM}_2,II,0.7,0.6,19200,38400,1.467799267622069,base,,nan,finite_interior,558.9127072196391,0.10368580985413527,0.010420838252193343,31.894921510905313,3.0786826146663144,1.0182124667053292e-06
\mathrm{IM}_2,II,0.7,0.6,19200,38400,1.7782794100389228,base,,nan,finite_interior,446.96867721680627,0.12379054390427317,0.010420838252193343,31.894921510905313,2.886800523583477,1.093436393814076e-06
\mathrm{IM}_2,II,0.7,0.6,19200,38400,2.154434690031882,base,,nan,finite_interior,357.42241923479384,0.14762431671952672,0.010420838252193343,31.894921510905313,2.6949184325006406,8.607277601735368e-07
\mathrm{IM}_2,II,0.7,0.6,19200,38400,2.610157215682536,base,,nan,finite_interior,285.74268238778205,0.17582443963829675,0.010420838252193343,31.894921510905313,2.503036341417803,9.839674567766023e-07
\mathrm{IM}_2,II,0.7,0.6,19200,38400,3.1622776601683795,base,,nan,finite_interior,228.3526061042798,0.20911826715150864,0.010420838252193343,31.894921510905313,2.311154250334966,1.1115128129743144e-06
\mathrm{IM}_2,II,0.7,0.6,19200,38400,3.831186849557285,base,,nan,finite_interior,182.60721798472943,0.2483322266230274,0.010420838252193343,31.894921510905313,2.1192721592521293,8.333640161936703e-07
\mathrm{IM}_2,II,0.7,0.6,19200,38400,4.6415888336127775,base,,nan,finite_interior,146.14268362550874,0.29440143309090944,0.010420838252193343,31.894921510905313,1.9273900681692917,2.0726361426245408e-07
\mathrm{IM}_2,II,0.7,0.6,19200,38400,5.623413251903491,base,,nan,finite_interior,116.51036520450855,0.34835009455708466,0.010420838252193343,31.894921510905313,1.735507977086454,6.494983630322588e-07
\mathrm{IM}_2,II,0.7,0.6,19200,38400,6.812920690579608,base,,nan,finite_interior,92.08896869948686,0.4112293224688656,0.010420838252193343,31.894921510905313,1.5436258860036178,1.5634893408015763e-06
\mathrm{IM}_2,II,0.7,0.6,19200,38400,8.254041852680182,base,,nan,finite_interior,72.95807884191372,0.48414485605810476,0.010420838252193343,31.894921510905313,1.3517437949207802,1.4315789394890469e-06
\mathrm{IM}_2,II,0.7,0.6,19200,38400,10.0,base,,nan,finite_interior,59.03023395908027,0.5685208084889667,0.010420838252193343,31.894921510905313,1.1598617038379426,1.3446770863097262e-06
\mathrm{IM}_2,II,0.7,0.6,19200,38400,12.115276586285876,base,,nan,finite_interior,48.6220714174402,0.6661505619541253,0.010420838252193343,31.894921510905313,0.9679796127551064,2.7680150585577205e-07
\mathrm{IM}_2,II,0.7,0.6,19200,38400,14.677992676220676,base,,nan,finite_interior,40.06265066103921,0.77879513292751,0.010420838252193343,31.894921510905313,0.7760975216722698,8.315038947995139e-07
\mathrm{IM}_2,II,0.7,0.6,19200,38400,17.78279410038923,base,,nan,finite_interior,32.24655511915587,0.907512300089132,0.010420838252193343,31.894921510905313,0.5842154305894314,1.714145540218375e-06
\mathrm{IM}_2,II,0.7,0.6,19200,38400,17.935832429284666,boundary_refinement,zero,-0.25,finite_interior,31.901023988556158,0.9136316415865674,0.010420838252193343,31.894921510905313,0.5756462732485115,1.5966906554588553e-06
\mathrm{IM}_2,II,0.7,0.6,19200,38400,18.998597314875404,boundary_refinement,zero,-0.225,finite_interior,29.56810399187373,0.9555095995239802,0.010420838252193343,31.894921510905313,0.5180816459236602,7.883391578347693e-07
\mathrm{IM}_2,II,0.7,0.6,19200,38400,20.12433497892501,boundary_refinement,zero,-0.2,finite_interior,27.196214990637166,0.9986370388045622,0.010420838252193343,31.894921510905313,0.4605170185988091,1.7067228695243832e-06
\mathrm{IM}_2,II,0.7,0.6,19200,38400,21.31677679314193,boundary_refinement,zero,-0.17500000000000002,finite_interior,24.75675218955967,1.042824307659595,0.010420838252193343,31.894921510905313,0.4029523912739581,1.6834032023827782e-06
\mathrm{IM}_2,II,0.7,0.6,19200,38400,21.54434690031882,base,,nan,finite_interior,24.296729311503796,1.0510698067854563,0.010420838252193343,31.894921510905313,0.39233333950659494,1.2405907033591833e-06
\mathrm{IM}_2,II,0.7,0.6,19200,38400,22.579875226908374,boundary_refinement,zero,-0.15,finite_interior,22.214865932532422,1.087770646144604,0.010420838252193343,31.894921510905313,0.34538776394910686,6.562974303192938e-08
\mathrm{IM}_2,II,0.7,0.6,19200,38400,23.917816948141077,boundary_refinement,zero,-0.125,finite_interior,19.5257826769304,1.1330025264677637,0.010420838252193343,31.894921510905313,0.2878231366242556,5.447615042523034e-08
\mathrm{IM}_2,II,0.7,0.6,19200,38400,25.33503670042693,boundary_refinement,zero,-0.1,finite_interior,16.628376880579008,1.1777650874888617,0.010420838252193343,31.894921510905313,0.23025850929940458,8.434666213260503e-08
\mathrm{IM}_2,II,0.7,0.6,19200,38400,26.10157215682533,base,,nan,finite_interior,15.018477157673582,1.200378169185022,0.010420838252193343,31.894921510905313,0.20045124842375855,2.1916572303362426e-07
\mathrm{IM}_2,II,0.7,0.6,19200,38400,26.836232002430553,boundary_refinement,zero,-0.07500000000000001,finite_interior,13.433577885515689,1.2208164604961846,0.010420838252193343,31.894921510905313,0.17269388197455351,2.860388183520229e-07
\mathrm{IM}_2,II,0.7,0.6,19200,38400,28.42637871829654,boundary_refinement,zero,-0.05,finite_interior,9.801138742259896,1.2599987256052283,0.010420838252193343,31.894921510905313,0.11512925464970225,6.565111859653901e-07
\mathrm{IM}_2,II,0.7,0.6,19200,38400,30.11074755065602,boundary_refinement,zero,-0.025,finite_interior,5.486943804379678,1.291216252559251,0.010420838252193343,31.894921510905313,0.05756462732485113,2.1222634338558084e-06
\mathrm{IM}_2,II,0.7,0.6,19200,38400,31.622776601683793,base,,nan,finite_interior,0.924483620351902,1.3050765065721524,0.010420838252193343,31.894921510905313,0.008569157340919984,2.8506889944809624e-06
\mathrm{IM}_2,II,0.7,0.6,19200,38400,33.78481442466369,boundary_refinement,zero,0.025,no_training,0.0,1.3054777801699082,0.010420838252193343,31.894921510905313,0.057564627324851146,0.0
\mathrm{IM}_2,II,0.7,0.6,19200,38400,35.78669053374842,boundary_refinement,zero,0.05,no_training,0.0,1.3054777801699082,0.010420838252193343,31.894921510905313,0.1151292546497022,0.0
\mathrm{IM}_2,II,0.7,0.6,19200,38400,37.90718525963984,boundary_refinement,zero,0.07500000000000001,no_training,0.0,1.3054777801699082,0.010420838252193343,31.894921510905313,0.1726938819745535,0.0
\mathrm{IM}_2,II,0.7,0.6,19200,38400,38.31186849557285,base,,nan,no_training,0.0,1.3054777801699082,0.010420838252193343,31.894921510905313,0.18331293374191665,0.0
\mathrm{IM}_2,II,0.7,0.6,19200,38400,40.15332719725912,boundary_refinement,zero,0.1,no_training,0.0,1.3054777801699082,0.010420838252193343,31.894921510905313,0.2302585092994046,0.0
\mathrm{IM}_2,II,0.7,0.6,19200,38400,42.532561411959264,boundary_refinement,zero,0.125,no_training,0.0,1.3054777801699082,0.010420838252193343,31.894921510905313,0.2878231366242557,0.0
\mathrm{IM}_2,II,0.7,0.6,19200,38400,45.052774116949664,boundary_refinement,zero,0.15,no_training,0.0,1.3054777801699082,0.010420838252193343,31.894921510905313,0.3453877639491069,0.0
\mathrm{IM}_2,II,0.7,0.6,19200,38400,46.41588833612773,base,,nan,no_training,0.0,1.3054777801699082,0.010420838252193343,31.894921510905313,0.37519502482475303,0.0
\mathrm{IM}_2,II,0.7,0.6,19200,38400,47.722318812949865,boundary_refinement,zero,0.17500000000000002,no_training,0.0,1.3054777801699082,0.010420838252193343,31.894921510905313,0.402952391273958,0.0
\mathrm{IM}_2,II,0.7,0.6,19200,38400,50.550043976715365,boundary_refinement,zero,0.2,no_training,0.0,1.3054777801699082,0.010420838252193343,31.894921510905313,0.4605170185988092,0.0
\mathrm{IM}_2,II,0.7,0.6,19200,38400,53.545322390211524,boundary_refinement,zero,0.225,no_training,0.0,1.3054777801699082,0.010420838252193343,31.894921510905313,0.5180816459236602,0.0
\mathrm{IM}_2,II,0.7,0.6,19200,38400,56.23413251903491,base,,nan,no_training,0.0,1.3054777801699082,0.010420838252193343,31.894921510905313,0.5670771159075916,0.0
\mathrm{IM}_2,II,0.7,0.6,19200,38400,56.71808220765045,boundary_refinement,zero,0.25,no_training,0.0,1.3054777801699082,0.010420838252193343,31.894921510905313,0.5756462732485114,0.0
\mathrm{IM}_2,II,0.7,0.6,19200,38400,68.12920690579608,base,,nan,no_training,0.0,1.3054777801699082,0.010420838252193343,31.894921510905313,0.7589592069904278,0.0
\mathrm{IM}_2,II,0.7,0.6,19200,38400,82.54041852680173,base,,nan,no_training,0.0,1.3054777801699082,0.010420838252193343,31.894921510905313,0.9508412980732643,0.0
\mathrm{IM}_2,II,0.7,0.6,19200,38400,100.0,base,,nan,no_training,0.0,1.3054777801699082,0.010420838252193343,31.894921510905313,1.1427233891561028,0.0
\mathrm{IM}_2,II,0.7,0.6,19200,38400,121.15276586285876,base,,nan,no_training,0.0,1.3054777801699082,0.010420838252193343,31.894921510905313,1.3346054802389393,0.0
\mathrm{IM}_2,II,0.7,0.6,19200,38400,146.77992676220674,base,,nan,no_training,0.0,1.3054777801699082,0.010420838252193343,31.894921510905313,1.5264875713217758,0.0
\mathrm{IM}_2,II,0.7,0.6,19200,38400,177.82794100389228,base,,nan,no_training,0.0,1.3054777801699082,0.010420838252193343,31.894921510905313,1.7183696624046143,0.0
\mathrm{IM}_2,II,0.7,0.6,19200,38400,215.44346900318823,base,,nan,no_training,0.0,1.3054777801699082,0.010420838252193343,31.894921510905313,1.9102517534874508,0.0
\mathrm{IM}_2,II,0.7,0.6,19200,38400,261.0157215682533,base,,nan,no_training,0.0,1.3054777801699082,0.010420838252193343,31.894921510905313,2.1021338445702873,0.0
\mathrm{IM}_2,II,0.7,0.6,19200,38400,316.22776601683796,base,,nan,no_training,0.0,1.3054777801699082,0.010420838252193343,31.894921510905313,2.294015935653126,0.0
\mathrm{IM}_2,II,0.7,0.6,19200,38400,383.1186849557285,base,,nan,no_training,0.0,1.3054777801699082,0.010420838252193343,31.894921510905313,2.485898026735962,0.0
\mathrm{IM}_2,II,0.7,0.6,19200,38400,464.1588833612773,base,,nan,no_training,0.0,1.3054777801699082,0.010420838252193343,31.894921510905313,2.6777801178187985,0.0
\mathrm{IM}_2,II,0.7,0.6,19200,38400,562.341325190349,base,,nan,no_training,0.0,1.3054777801699082,0.010420838252193343,31.894921510905313,2.8696622089016373,0.0
\mathrm{IM}_2,II,0.7,0.6,19200,38400,681.2920690579608,base,,nan,no_training,0.0,1.3054777801699082,0.010420838252193343,31.894921510905313,3.0615442999844737,0.0
\mathrm{IM}_2,II,0.7,0.6,19200,38400,825.4041852680173,base,,nan,no_training,0.0,1.3054777801699082,0.010420838252193343,31.894921510905313,3.2534263910673102,0.0
\mathrm{IM}_2,II,0.7,0.6,19200,38400,1000.0,base,,nan,no_training,0.0,1.3054777801699082,0.010420838252193343,31.894921510905313,3.4453084821501485,0.0
\mathrm{IM}_2,II,0.7,0.6,25600,51200,0.001,base,,nan,terminal_infimum,inf,8.979993339874572e-05,0.007826737756093587,31.898295249039418,2.0575457892267184,0.0
\mathrm{IM}_2,II,0.7,0.6,25600,51200,0.001211527658628589,base,,nan,terminal_infimum,inf,0.00010780724570961255,0.007826737756093587,31.898295249039418,1.8656636981438808,0.0
\mathrm{IM}_2,II,0.7,0.6,25600,51200,0.0014677992676220691,base,,nan,terminal_infimum,inf,0.00012962360263179065,0.007826737756093587,31.898295249039418,1.6737816070610443,0.0
\mathrm{IM}_2,II,0.7,0.6,25600,51200,0.0017782794100389228,base,,nan,terminal_infimum,inf,0.00015605472245352285,0.007826737756093587,31.898295249039418,1.4818995159782071,0.0
\mathrm{IM}_2,II,0.7,0.6,25600,51200,0.0021544346900318843,base,,nan,terminal_infimum,inf,0.00018807675516607772,0.007826737756093587,31.898295249039418,1.2900174248953695,0.0
\mathrm{IM}_2,II,0.7,0.6,25600,51200,0.0026101572156825357,base,,nan,terminal_infimum,inf,0.0002268723334828472,0.007826737756093587,31.898295249039418,1.098135333812533,0.0
\mathrm{IM}_2,II,0.7,0.6,25600,51200,0.0031622776601683794,base,,nan,terminal_infimum,inf,0.00027387424964610523,0.007826737756093587,31.898295249039418,0.9062532427296955,0.0
\mathrm{IM}_2,II,0.7,0.6,25600,51200,0.003831186849557285,base,,nan,terminal_infimum,inf,0.00033081837108643407,0.007826737756093587,31.898295249039418,0.714371151646859,0.0
\mathrm{IM}_2,II,0.7,0.6,25600,51200,0.004401298081679007,boundary_refinement,terminal,-0.25,terminal_infimum,inf,0.0003793518398314118,0.007826737756093587,31.898295249039418,0.5756462732485115,0.0
\mathrm{IM}_2,II,0.7,0.6,25600,51200,0.004641588833612777,base,,nan,terminal_infimum,inf,0.000399807749207698,0.007826737756093587,31.898295249039418,0.5224890605640216,0.0
\mathrm{IM}_2,II,0.7,0.6,25600,51200,0.004662091388634144,boundary_refinement,terminal,-0.225,terminal_infimum,inf,0.00040155312810440645,0.007826737756093587,31.898295249039418,0.5180816459236602,0.0
\mathrm{IM}_2,II,0.7,0.6,25600,51200,0.004938337670527676,boundary_refinement,terminal,-0.2,terminal_infimum,inf,0.0004250699254113108,0.007826737756093587,31.898295249039418,0.4605170185988091,0.0
\mathrm{IM}_2,II,0.7,0.6,25600,51200,0.005230952573689776,boundary_refinement,terminal,-0.17500000000000002,terminal_infimum,inf,0.0004499801805628886,0.007826737756093587,31.898295249039418,0.4029523912739581,0.0
\mathrm{IM}_2,II,0.7,0.6,25600,51200,0.005540905999906622,boundary_refinement,terminal,-0.15,terminal_infimum,inf,0.0004763664611273141,0.007826737756093587,31.898295249039418,0.34538776394910686,0.0
\mathrm{IM}_2,II,0.7,0.6,25600,51200,0.005623413251903491,base,,nan,terminal_infimum,inf,0.0004833902889531954,0.007826737756093587,31.898295249039418,0.3306069694811842,0.0
\mathrm{IM}_2,II,0.7,0.6,25600,51200,0.005869225321258281,boundary_refinement,terminal,-0.125,terminal_infimum,inf,0.000504316227108755,0.007826737756093587,31.898295249039418,0.2878231366242556,0.0
\mathrm{IM}_2,II,0.7,0.6,25600,51200,0.006216998785447703,boundary_refinement,terminal,-0.1,terminal_infimum,inf,0.0005339221208424294,0.007826737756093587,31.898295249039418,0.23025850929940458,0.0
\mathrm{IM}_2,II,0.7,0.6,25600,51200,0.00658537912290816,boundary_refinement,terminal,-0.07500000000000001,terminal_infimum,inf,0.0005652822740670273,0.007826737756093587,31.898295249039418,0.17269388197455351,0.0
\mathrm{IM}_2,II,0.7,0.6,25600,51200,0.006812920690579608,base,,nan,terminal_infimum,inf,0.0005846528476332882,0.007826737756093587,31.898295249039418,0.13872487839834763,0.0
\mathrm{IM}_2,II,0.7,0.6,25600,51200,0.0069755873676452165,boundary_refinement,terminal,-0.05,terminal_infimum,inf,0.0005985006331923131,0.007826737756093587,31.898295249039418,0.11512925464970225,0.0
\mathrm{IM}_2,II,0.7,0.6,25600,51200,0.0073889169044778335,boundary_refinement,terminal,-0.025,terminal_infimum,inf,0.000633687303840049,0.007826737756093587,31.898295249039418,0.05756462732485113,0.0
\mathrm{IM}_2,II,0.7,0.6,25600,51200,0.007431573587281993,terminal_near_refinement,terminal,-0.0225,terminal_infimum,inf,0.0006373186597316622,0.007826737756093587,31.898295249039418,0.05180816459236597,0.0
\mathrm{IM}_2,II,0.7,0.6,25600,51200,0.007474476529803426,terminal_near_refinement,terminal,-0.02,terminal_infimum,inf,0.0006409709796696194,0.007826737756093587,31.898295249039418,0.04605170185988087,0.0
\mathrm{IM}_2,II,0.7,0.6,25600,51200,0.007517627153714995,terminal_near_refinement,terminal,-0.0175,terminal_infimum,inf,0.0006446443846806811,0.007826737756093587,31.898295249039418,0.040295239127395764,0.0
\mathrm{IM}_2,II,0.7,0.6,25600,51200,0.007561026888896969,terminal_near_refinement,terminal,-0.015,terminal_infimum,inf,0.0006483389964903023,0.007826737756093587,31.898295249039418,0.034538776394910715,0.0
\mathrm{IM}_2,II,0.7,0.6,25600,51200,0.007604677173484408,terminal_near_refinement,terminal,-0.0125,terminal_infimum,inf,0.0006520549375266675,0.007826737756093587,31.898295249039418,0.028782313662425615,0.0
\mathrm{IM}_2,II,0.7,0.6,25600,51200,0.0076485794539148146,terminal_near_refinement,terminal,-0.01,terminal_infimum,inf,0.0006557923309247465,0.007826737756093587,31.898295249039418,0.02302585092994047,0.0
\mathrm{IM}_2,II,0.7,0.6,25600,51200,0.007692735184976066,terminal_near_refinement,terminal,-0.0075,terminal_infimum,inf,0.0006595513005303749,0.007826737756093587,31.898295249039418,0.017269388197455333,0.0
\mathrm{IM}_2,II,0.7,0.6,25600,51200,0.007737145829854622,terminal_near_refinement,terminal,-0.005,terminal_infimum,inf,0.0006633319709043581,0.007826737756093587,31.898295249039418,0.01151292546497021,0.0
\mathrm{IM}_2,II,0.7,0.6,25600,51200,0.007781812860184008,terminal_near_refinement,terminal,-0.0025,terminal_infimum,inf,0.0006671344673265991,0.007826737756093587,31.898295249039418,0.005756462732485091,0.0
\mathrm{IM}_2,II,0.7,0.6,25600,51200,0.0077876040673131195,terminal_ultra_near_refinement,terminal,-0.002176919254274547,terminal_infimum,inf,0.0006676274717691715,0.007826737756093587,31.898295249039418,0.005012541823544286,0.0
\mathrm{IM}_2,II,0.7,0.6,25600,51200,0.007795430805069213,terminal_ultra_near_refinement,terminal,-0.00174066157630127,terminal_infimum,inf,0.0006682937605753871,0.007826737756093587,31.898295249039418,0.004008021397538822,0.0
\mathrm{IM}_2,II,0.7,0.6,25600,51200,0.0078032575428253065,terminal_ultra_near_refinement,terminal,-0.0013048416883442813,terminal_infimum,inf,0.0006689600493816028,0.007826737756093587,31.898295249039418,0.0030045090202987243,0.0
\mathrm{IM}_2,II,0.7,0.6,25600,51200,0.0078110842805814,terminal_ultra_near_refinement,terminal,-0.0008694587126288914,terminal_infimum,inf,0.0006696263381878184,0.007826737756093587,31.898295249039418,0.0020020026706730793,0.0
\mathrm{IM}_2,II,0.7,0.6,25600,51200,0.007818911018337494,terminal_ultra_near_refinement,terminal,-0.0004345117740176917,terminal_infimum,inf,0.000670292626994034,0.007826737756093587,31.898295249039418,0.0010005003335834233,0.0
\mathrm{IM}_2,II,0.7,0.6,25600,51200,0.007822824387215542,terminal_extreme_near_refinement,terminal,-0.00021720154586423186,terminal_infimum,inf,0.0006706257713971419,0.007826737756093587,31.898295249039418,0.0005001250416821317,0.0
\mathrm{IM}_2,II,0.7,0.6,25600,51200,0.00782360706099115,terminal_extreme_near_refinement,terminal,-0.00017375254558756316,terminal_infimum,inf,0.0006706924002777634,0.007826737756093587,31.898295249039418,0.00040008002133980235,0.0
\mathrm{IM}_2,II,0.7,0.6,25600,51200,0.007824389734766759,terminal_extreme_near_refinement,terminal,-0.00013030789173217684,terminal_infimum,inf,0.000670759029158385,0.007826737756093587,31.898295249039418,0.0003000450090021035,0.0
\mathrm{IM}_2,II,0.7,0.6,25600,51200,0.007825172408542368,terminal_extreme_near_refinement,terminal,-8.686758342857122e-05,terminal_infimum,inf,0.0006708256580390065,0.007826737756093587,31.898295249039418,0.0002000200026670447,0.0
\mathrm{IM}_2,II,0.7,0.6,25600,51200,0.007825955082317978,terminal_extreme_near_refinement,terminal,-4.3431619807505604e-05,terminal_infimum,inf,0.0006708922869196281,0.007826737756093587,31.898295249039418,0.00010000500033334732,0.0
\mathrm{IM}_2,II,0.7,0.6,25600,51200,0.007827520429869197,terminal_extreme_near_refinement,terminal,4.342727686266486e-05,finite_interior,843827.0014457995,0.0006710245638146095,0.007826737756093587,31.898295249039418,9.999500033329732e-05,1.0422189364601964e-06
\mathrm{IM}_2,II,0.7,0.6,25600,51200,0.007828303103644806,terminal_extreme_near_refinement,terminal,8.685021164894766e-05,finite_interior,843475.2469503039,0.0006710902115803313,0.007826737756093587,31.898295249039418,0.0001999800026662447,9.459046757015292e-07
\mathrm{IM}_2,II,0.7,0.6,25600,51200,0.007829085777420416,terminal_extreme_near_refinement,terminal,0.00013026880522704667,finite_interior,843123.187088849,0.0006711558590974973,0.007826737756093587,31.898295249039418,0.00029995500899794244,1.1251929925648577e-06
\mathrm{IM}_2,II,0.7,0.6,25600,51200,0.007829868451196025,terminal_extreme_near_refinement,terminal,0.0001736830584648997,finite_interior,842771.7503750374,0.0006712215063661895,0.007826737756093587,31.898295249039418,0.0003999200213268913,3.3592408989566536e-07
\mathrm{IM}_2,II,0.7,0.6,25600,51200,0.007830651124971633,terminal_extreme_near_refinement,terminal,0.00021709297223018438,finite_interior,842420.1148947402,0.0006712871533864892,0.007826737756093587,31.898295249039418,0.0004998750416509929,1.3151212756402482e-06
\mathrm{IM}_2,II,0.7,0.6,25600,51200,0.00783456449384968,terminal_ultra_near_refinement,terminal,0.0004340774793185929,finite_interior,840668.3348829759,0.0006716153847649603,0.007826737756093587,31.898295249039418,0.0009995003330834232,8.702698369949993e-07
\mathrm{IM}_2,II,0.7,0.6,25600,51200,0.007842391231605775,terminal_ultra_near_refinement,terminal,0.0008677215312269133,finite_interior,837187.9448646067,0.0006722718289390521,0.007826737756093587,31.898295249039418,0.001998002662673058,3.229797662064727e-07
\mathrm{IM}_2,II,0.7,0.6,25600,51200,0.007850217969361866,terminal_ultra_near_refinement,terminal,0.001300933020418072,finite_interior,833739.0514294609,0.0006729282484032396,0.007826737756093587,31.898295249039418,0.002995508979798371,1.258177939463922e-06
\mathrm{IM}_2,II,0.7,0.6,25600,51200,0.007858044707117961,terminal_ultra_near_refinement,terminal,0.0017337128090005314,finite_interior,830320.3200432102,0.0006735846432402593,0.007826737756093587,31.898295249039418,0.003992021269537457,1.1768270289856487e-06
\mathrm{IM}_2,II,0.7,0.6,25600,51200,0.007865871444874054,terminal_ultra_near_refinement,terminal,0.0021660617565076304,finite_interior,826931.6307947236,0.0006742410135321082,0.007826737756093587,31.898295249039418,0.004987541511038968,1.5407302026680733e-06
\mathrm{IM}_2,II,0.7,0.6,25600,51200,0.0078719220062576,terminal_near_refinement,terminal,0.0025,finite_interior,824332.7912171128,0.0006747484123491997,0.007826737756093587,31.898295249039418,0.00575646273248517,9.57908234152136e-07
\mathrm{IM}_2,II,0.7,0.6,25600,51200,0.007917367107944495,terminal_near_refinement,terminal,0.005,finite_interior,805353.7482049712,0.000678558965410786,0.007826737756093587,31.898295249039418,0.011512925464970295,1.0664882254091493e-06
\mathrm{IM}_2,II,0.7,0.6,25600,51200,0.007963074567066547,terminal_near_refinement,terminal,0.0075,finite_interior,787182.0230289518,0.0006823907021072426,0.007826737756093587,31.898295249039418,0.017269388197455236,3.960990010449227e-07
\mathrm{IM}_2,II,0.7,0.6,25600,51200,0.008009045898229762,terminal_near_refinement,terminal,0.01,finite_interior,769759.580462191,0.0006862437497526215,0.007826737756093587,31.898295249039418,0.023025850929940427,1.1939709083136132e-06
\mathrm{IM}_2,II,0.7,0.6,25600,51200,0.008055282624784057,terminal_near_refinement,terminal,0.0125,finite_interior,753036.8306442361,0.0006901182359259951,0.007826737756093587,31.898295249039418,0.02878231366242563,9.798445481304038e-07
\mathrm{IM}_2,II,0.7,0.6,25600,51200,0.008101786278873742,terminal_near_refinement,terminal,0.015,finite_interior,736968.14797427,0.0006940142884864609,0.007826737756093587,31.898295249039418,0.03453877639491076,4.906898697548986e-07
\mathrm{IM}_2,II,0.7,0.6,25600,51200,0.0081485584014883,terminal_near_refinement,terminal,0.0175,finite_interior,721511.6009790187,0.0006979320356194379,0.007826737756093587,31.898295249039418,0.04029523912739586,8.746143868109754e-07
\mathrm{IM}_2,II,0.7,0.6,25600,51200,0.008195600542513434,terminal_near_refinement,terminal,0.02,finite_interior,706630.1962171207,0.0007018716059038039,0.007826737756093587,31.898295249039418,0.046051701859880986,1.1493896201257607e-06
\mathrm{IM}_2,II,0.7,0.6,25600,51200,0.008242914260782445,terminal_near_refinement,terminal,0.0225,finite_interior,692289.533916385,0.0007058331283006716,0.007826737756093587,31.898295249039418,0.05180816459236611,3.183812548962117e-07
\mathrm{IM}_2,II,0.7,0.6,25600,51200,0.008254041852680182,base,,nan,finite_interior,689002.8425486551,0.0007067647145919244,0.007826737756093587,31.898295249039418,0.0531572126844898,5.528653799705348e-07
\mathrm{IM}_2,II,0.7,0.6,25600,51200,0.008290501124127868,boundary_refinement,terminal,0.025,finite_interior,678457.3870037358,0.0007098167321952911,0.007826737756093587,31.898295249039418,0.057564627324851146,1.5568110501548039e-06
\mathrm{IM}_2,II,0.7,0.6,25600,51200,0.008781744199318944,boundary_refinement,terminal,0.05,finite_interior,562787.2601442029,0.0007508960731773922,0.007826737756093587,31.898295249039418,0.1151292546497022,1.25379072024425e-06
\mathrm{IM}_2,II,0.7,0.6,25600,51200,0.00930209525668264,boundary_refinement,terminal,0.07500000000000001,finite_interior,476665.1676476372,0.0007943298546553096,0.007826737756093587,31.898295249039418,0.1726938819745535,7.341002058245735e-07
\mathrm{IM}_2,II,0.7,0.6,25600,51200,0.009853279052595075,boundary_refinement,terminal,0.1,finite_interior,409833.25647655124,0.0008402572217190408,0.007826737756093587,31.898295249039418,0.2302585092994046,1.43891784387851e-06
\mathrm{IM}_2,II,0.7,0.6,25600,51200,0.01,base,,nan,finite_interior,395014.1664911685,0.0008524698601061931,0.007826737756093587,31.898295249039418,0.24503930376732733,8.297247184204126e-07
\mathrm{IM}_2,II,0.7,0.6,25600,51200,0.01043712254167268,boundary_refinement,terminal,0.125,finite_interior,356433.44714521983,0.0008888245188505491,0.007826737756093587,31.898295249039418,0.2878231366242557,1.143566727579033e-06
\mathrm{IM}_2,II,0.7,0.6,25600,51200,0.011055560932398642,boundary_refinement,terminal,0.15,finite_interior,312820.35443790397,0.0009401859930971396,0.007826737756093587,31.898295249039418,0.3453877639491069,8.914416381350425e-07
\mathrm{IM}_2,II,0.7,0.6,25600,51200,0.011710644101567762,boundary_refinement,terminal,0.17500000000000002,finite_interior,276583.3928438409,0.000994504403123441,0.007826737756093587,31.898295249039418,0.402952391273958,8.969045816350177e-07
\mathrm{IM}_2,II,0.7,0.6,25600,51200,0.012115276586285882,base,,nan,finite_interior,257963.37387514053,0.0010280143013324187,0.007826737756093587,31.898295249039418,0.4369213948501643,4.833534759468237e-07
\mathrm{IM}_2,II,0.7,0.6,25600,51200,0.012404543388811098,boundary_refinement,terminal,0.2,finite_interior,246055.07049192238,0.0010519515979338357,0.007826737756093587,31.898295249039418,0.4605170185988092,9.624641781292242e-07
\mathrm{IM}_2,II,0.7,0.6,25600,51200,0.013139558793721466,boundary_refinement,terminal,0.225,finite_interior,220039.77076017513,0.0011127090931817782,0.007826737756093587,31.898295249039418,0.5180816459236602,8.995739278259525e-07
\mathrm{IM}_2,II,0.7,0.6,25600,51200,0.013918126599435466,boundary_refinement,terminal,0.25,finite_interior,197655.48429755802,0.0011769686596948075,0.007826737756093587,31.898295249039418,0.5756462732485114,2.8083096872738284e-07
\mathrm{IM}_2,II,0.7,0.6,25600,51200,0.01467799267622069,base,,nan,finite_interior,179630.75258387334,0.001239593525601722,0.007826737756093587,31.898295249039418,0.6288034859330012,3.9562517167965363e-07
\mathrm{IM}_2,II,0.7,0.6,25600,51200,0.01778279410038923,base,,nan,finite_interior,130026.91453984311,0.0014946420165392713,0.007826737756093587,31.898295249039418,0.8206855770158389,5.837702021119345e-07
\mathrm{IM}_2,II,0.7,0.6,25600,51200,0.021544346900318832,base,,nan,finite_interior,96576.01798697162,0.0018020961993356142,0.007826737756093587,31.898295249039418,1.0125676680986757,7.464486560488865e-07
\mathrm{IM}_2,II,0.7,0.6,25600,51200,0.026101572156825358,base,,nan,finite_interior,73040.44898096596,0.0021726999658215717,0.007826737756093587,31.898295249039418,1.2044497591815126,9.53016810882896e-07
\mathrm{IM}_2,II,0.7,0.6,25600,51200,0.03162277660168379,base,,nan,finite_interior,55973.508506606115,0.002619367244515941,0.007826737756093587,31.898295249039418,1.39633185026435,6.816730205866257e-07
\mathrm{IM}_2,II,0.7,0.6,25600,51200,0.03831186849557287,base,,nan,finite_interior,43318.70382630319,0.0031576138640648016,0.007826737756093587,31.898295249039418,1.5882139413471872,8.360196237998464e-07
\mathrm{IM}_2,II,0.7,0.6,25600,51200,0.046415888336127774,base,,nan,finite_interior,33776.49746552831,0.003806072074566186,0.007826737756093587,31.898295249039418,1.7800960324300241,9.754318778137381e-07
\mathrm{IM}_2,II,0.7,0.6,25600,51200,0.05623413251903491,base,,nan,finite_interior,26488.07366011597,0.00458710306559787,0.007826737756093587,31.898295249039418,1.9719781235128617,6.787151279484045e-07
\mathrm{IM}_2,II,0.7,0.6,25600,51200,0.06812920690579612,base,,nan,finite_interior,20865.16691715216,0.005527525254156268,0.007826737756093587,31.898295249039418,2.1638602145956987,8.761059930366017e-07
\mathrm{IM}_2,II,0.7,0.6,25600,51200,0.08254041852680181,base,,nan,finite_interior,16493.1763477261,0.006659478937199838,0.007826737756093587,31.898295249039418,2.3557423056785356,9.419106342788472e-07
\mathrm{IM}_2,II,0.7,0.6,25600,51200,0.1,base,,nan,finite_interior,13072.836246779332,0.008021451090769795,0.007826737756093587,31.898295249039418,2.547624396761373,6.459598837733793e-07
\mathrm{IM}_2,II,0.7,0.6,25600,51200,0.12115276586285877,base,,nan,finite_interior,10383.97482635296,0.009659487639666836,0.007826737756093587,31.898295249039418,2.7395064878442095,5.969102948002392e-07
\mathrm{IM}_2,II,0.7,0.6,25600,51200,0.1467799267622069,base,,nan,finite_interior,8262.023584452689,0.011628624402717381,0.007826737756093587,31.898295249039418,2.931388578927047,7.883110060046669e-07
\mathrm{IM}_2,II,0.7,0.6,25600,51200,0.1778279410038923,base,,nan,finite_interior,6582.351960459182,0.013994572052546814,0.007826737756093587,31.898295249039418,3.1232706700098847,1.0361847323302114e-06
\mathrm{IM}_2,II,0.7,0.6,25600,51200,0.21544346900318823,base,,nan,finite_interior,5249.559057418846,0.016835694744050923,0.007826737756093587,31.898295249039418,3.3151527610927207,1.016541631583566e-06
\mathrm{IM}_2,II,0.7,0.6,25600,51200,0.2610157215682536,base,,nan,finite_interior,4189.983719603614,0.02024532638030422,0.007826737756093587,31.898295249039418,3.507034852175558,9.663071855210255e-07
\mathrm{IM}_2,II,0.7,0.6,25600,51200,0.31622776601683794,base,,nan,finite_interior,3346.344153875735,0.024334472525025252,0.007826737756093587,31.898295249039418,3.698916943258396,9.297938129399428e-07
\mathrm{IM}_2,II,0.7,0.6,25600,51200,0.3831186849557285,base,,nan,finite_interior,2673.8318386032015,0.029234949339257604,0.007826737756093587,31.898295249039418,3.8907990343412324,7.995875517819903e-07
\mathrm{IM}_2,II,0.7,0.6,25600,51200,0.46415888336127775,base,,nan,finite_interior,2137.2317149647924,0.03510301302751643,0.007826737756093587,31.898295249039418,4.082681125424069,9.270487622867732e-07
\mathrm{IM}_2,II,0.7,0.6,25600,51200,0.5623413251903491,base,,nan,finite_interior,1708.762211271087,0.042123533294359805,0.007826737756093587,31.898295249039418,4.038198841142334,9.501465363788422e-07
\mathrm{IM}_2,II,0.7,0.6,25600,51200,0.6812920690579608,base,,nan,finite_interior,1366.4386111204717,0.050514761023750424,0.007826737756093587,31.898295249039418,3.8463167500594975,9.818072092307981e-07
\mathrm{IM}_2,II,0.7,0.6,25600,51200,0.8254041852680182,base,,nan,finite_interior,1092.8204988338248,0.060533732079589085,0.007826737756093587,31.898295249039418,3.65443465897666,1.004508669004153e-06
\mathrm{IM}_2,II,0.7,0.6,25600,51200,1.0,base,,nan,finite_interior,874.0447196214924,0.07248233341508532,0.007826737756093587,31.898295249039418,3.4625525678938223,1.02069259231456e-06
\mathrm{IM}_2,II,0.7,0.6,25600,51200,1.2115276586285877,base,,nan,finite_interior,699.0749550083033,0.08671403167242923,0.007826737756093587,31.898295249039418,3.2706704768109858,1.0247341055505937e-06
\mathrm{IM}_2,II,0.7,0.6,25600,51200,1.467799267622069,base,,nan,finite_interior,559.1121538446787,0.10364122229514813,0.007826737756093587,31.898295249039418,3.0787883857281484,1.021157254722096e-06
\mathrm{IM}_2,II,0.7,0.6,25600,51200,1.7782794100389228,base,,nan,finite_interior,447.1386154124186,0.1237430908264378,0.007826737756093587,31.898295249039418,2.886906294645311,1.0072412494151875e-06
\mathrm{IM}_2,II,0.7,0.6,25600,51200,2.154434690031882,base,,nan,finite_interior,357.5609250802991,0.14757385729818484,0.007826737756093587,31.898295249039418,2.6950242035624745,9.540128630747672e-07
\mathrm{IM}_2,II,0.7,0.6,25600,51200,2.610157215682536,base,,nan,finite_interior,285.8522647181092,0.17577083387270248,0.007826737756093587,31.898295249039418,2.503142112479637,9.902366988303248e-07
\mathrm{IM}_2,II,0.7,0.6,25600,51200,3.1622776601683795,base,,nan,finite_interior,228.4372209573573,0.20906137757334298,0.007826737756093587,31.898295249039418,2.3112600213967993,1.1193481525518604e-06
\mathrm{IM}_2,II,0.7,0.6,25600,51200,3.831186849557285,base,,nan,finite_interior,182.67124716960214,0.24827191165029783,0.007826737756093587,31.898295249039418,2.119377930313963,8.454691770077197e-07
\mathrm{IM}_2,II,0.7,0.6,25600,51200,4.6415888336127775,base,,nan,finite_interior,146.19114242957627,0.2943375571363391,0.007826737756093587,31.898295249039418,1.9274958392311257,2.768511845325632e-07
\mathrm{IM}_2,II,0.7,0.6,25600,51200,5.623413251903491,base,,nan,finite_interior,116.54750996762512,0.34828259481935053,0.007826737756093587,31.898295249039418,1.735613748148288,6.4860371306081e-07
\mathrm{IM}_2,II,0.7,0.6,25600,51200,6.812920690579608,base,,nan,finite_interior,92.11660177002513,0.4111582403270731,0.007826737756093587,31.898295249039418,1.5437316570654518,1.4964758620746025e-06
\mathrm{IM}_2,II,0.7,0.6,25600,51200,8.254041852680182,base,,nan,finite_interior,72.97675105912455,0.4840700825767799,0.007826737756093587,31.898295249039418,1.3518495659826142,1.3300480955364915e-06
\mathrm{IM}_2,II,0.7,0.6,25600,51200,10.0,base,,nan,finite_interior,59.04265336595159,0.5684418487577652,0.007826737756093587,31.898295249039418,1.1599674748997766,1.2402148162393914e-06
\mathrm{IM}_2,II,0.7,0.6,25600,51200,12.115276586285876,base,,nan,finite_interior,48.63111451196596,0.6660668929759659,0.007826737756093587,31.898295249039418,0.9680853838169403,2.9867963544484023e-07
\mathrm{IM}_2,II,0.7,0.6,25600,51200,14.677992676220676,base,,nan,finite_interior,40.06993428631204,0.7787066481197209,0.007826737756093587,31.898295249039418,0.7762032927341038,8.322797797845388e-07
\mathrm{IM}_2,II,0.7,0.6,25600,51200,17.78279410038923,base,,nan,finite_interior,32.25293534024078,0.907419835330818,0.007826737756093587,31.898295249039418,0.5843212016512652,1.645621424868886e-06
\mathrm{IM}_2,II,0.7,0.6,25600,51200,17.93772962165784,boundary_refinement,zero,-0.25,finite_interior,31.903111326449046,0.9136147668118498,0.007826737756093587,31.898295249039418,0.5756462732485115,1.5184049818065155e-06
\mathrm{IM}_2,II,0.7,0.6,25600,51200,19.00060692296407,boundary_refinement,zero,-0.225,finite_interior,29.56999955753321,0.955494436704474,0.007826737756093587,31.898295249039418,0.5180816459236602,9.008461636449129e-07
\mathrm{IM}_2,II,0.7,0.6,25600,51200,20.126463663779077,boundary_refinement,zero,-0.2,finite_interior,27.19791691780333,0.9986236992234263,0.007826737756093587,31.898295249039418,0.4605170185988091,1.6964454621750397e-06
\mathrm{IM}_2,II,0.7,0.6,25600,51200,21.31903161050333,boundary_refinement,zero,-0.17500000000000002,finite_interior,24.7582578201377,1.0428128982930576,0.007826737756093587,31.898295249039418,0.4029523912739581,1.606761961390304e-06
\mathrm{IM}_2,II,0.7,0.6,25600,51200,21.54434690031882,base,,nan,finite_interior,24.302801055521204,1.050976509464374,0.007826737756093587,31.898295249039418,0.3924391105684288,1.3687097989147116e-06
\mathrm{IM}_2,II,0.7,0.6,25600,51200,22.58226365059803,boundary_refinement,zero,-0.15,finite_interior,22.216176144713355,1.0877612606906601,0.007826737756093587,31.898295249039418,0.34538776394910686,1.7069822956410142e-08
\mathrm{IM}_2,II,0.7,0.6,25600,51200,23.92034689483165,boundary_refinement,zero,-0.125,finite_interior,19.52688108370434,1.1329952304792985,0.007826737756093587,31.898295249039418,0.2878231366242556,1.602168120590442e-07
\mathrm{IM}_2,II,0.7,0.6,25600,51200,25.337716555883414,boundary_refinement,zero,-0.1,finite_interior,16.629247948648032,1.1777598923316268,0.007826737756093587,31.898295249039418,0.23025850929940458,1.590495882405096e-08
\mathrm{IM}_2,II,0.7,0.6,25600,51200,26.10157215682533,base,,nan,finite_interior,15.025095729603176,1.2002948497698098,0.007826737756093587,31.898295249039418,0.20055701948559246,2.2440572407810288e-07
\mathrm{IM}_2,II,0.7,0.6,25600,51200,26.83907064930577,boundary_refinement,zero,-0.07500000000000001,finite_interior,13.434205044827396,1.2208132772231304,0.007826737756093587,31.898295249039418,0.17269388197455351,2.1047247992119079e-07
\mathrm{IM}_2,II,0.7,0.6,25600,51200,28.42938556557358,boundary_refinement,zero,-0.05,finite_interior,9.80150661713297,1.2599972837752549,0.007826737756093587,31.898295249039418,0.11512925464970225,6.711673367449846e-07
\mathrm{IM}_2,II,0.7,0.6,25600,51200,30.11393256483526,boundary_refinement,zero,-0.025,finite_interior,5.487061819582704,1.2912159746093879,0.007826737756093587,31.898295249039418,0.05756462732485113,2.084856042534063e-06
\mathrm{IM}_2,II,0.7,0.6,25600,51200,31.622776601683793,base,,nan,finite_interior,0.9356062845683938,1.3050667886353273,0.007826737756093587,31.898295249039418,0.008674928402753895,2.113891260186926e-06
\mathrm{IM}_2,II,0.7,0.6,25600,51200,33.78838806935002,boundary_refinement,zero,0.025,no_training,0.0,1.3054777908320894,0.007826737756093587,31.898295249039418,0.057564627324851146,0.0
\mathrm{IM}_2,II,0.7,0.6,25600,51200,35.790475930194866,boundary_refinement,zero,0.05,no_training,0.0,1.3054777908320894,0.007826737756093587,31.898295249039418,0.1151292546497022,0.0
\mathrm{IM}_2,II,0.7,0.6,25600,51200,37.91119495492701,boundary_refinement,zero,0.07500000000000001,no_training,0.0,1.3054777908320894,0.007826737756093587,31.898295249039418,0.1726938819745535,0.0
\mathrm{IM}_2,II,0.7,0.6,25600,51200,38.31186849557285,base,,nan,no_training,0.0,1.3054777908320894,0.007826737756093587,31.898295249039418,0.18320716268008258,0.0
\mathrm{IM}_2,II,0.7,0.6,25600,51200,40.157574481928876,boundary_refinement,zero,0.1,no_training,0.0,1.3054777908320894,0.007826737756093587,31.898295249039418,0.2302585092994046,0.0
\mathrm{IM}_2,II,0.7,0.6,25600,51200,42.5370603640676,boundary_refinement,zero,0.125,no_training,0.0,1.3054777908320894,0.007826737756093587,31.898295249039418,0.2878231366242557,0.0
\mathrm{IM}_2,II,0.7,0.6,25600,51200,45.05753964872981,boundary_refinement,zero,0.15,no_training,0.0,1.3054777908320894,0.007826737756093587,31.898295249039418,0.3453877639491069,0.0
\mathrm{IM}_2,II,0.7,0.6,25600,51200,46.41588833612773,base,,nan,no_training,0.0,1.3054777908320894,0.007826737756093587,31.898295249039418,0.3750892537629192,0.0
\mathrm{IM}_2,II,0.7,0.6,25600,51200,47.72736672024044,boundary_refinement,zero,0.17500000000000002,no_training,0.0,1.3054777908320894,0.007826737756093587,31.898295249039418,0.402952391273958,0.0
\mathrm{IM}_2,II,0.7,0.6,25600,51200,50.55539099131725,boundary_refinement,zero,0.2,no_training,0.0,1.3054777908320894,0.007826737756093587,31.898295249039418,0.4605170185988092,0.0
\mathrm{IM}_2,II,0.7,0.6,25600,51200,53.550986235347146,boundary_refinement,zero,0.225,no_training,0.0,1.3054777908320894,0.007826737756093587,31.898295249039418,0.5180816459236602,0.0
\mathrm{IM}_2,II,0.7,0.6,25600,51200,56.23413251903491,base,,nan,no_training,0.0,1.3054777908320894,0.007826737756093587,31.898295249039418,0.5669713448457576,0.0
\mathrm{IM}_2,II,0.7,0.6,25600,51200,56.72408165670919,boundary_refinement,zero,0.25,no_training,0.0,1.3054777908320894,0.007826737756093587,31.898295249039418,0.5756462732485114,0.0
\mathrm{IM}_2,II,0.7,0.6,25600,51200,68.12920690579608,base,,nan,no_training,0.0,1.3054777908320894,0.007826737756093587,31.898295249039418,0.7588534359285941,0.0
\mathrm{IM}_2,II,0.7,0.6,25600,51200,82.54041852680173,base,,nan,no_training,0.0,1.3054777908320894,0.007826737756093587,31.898295249039418,0.9507355270114305,0.0
\mathrm{IM}_2,II,0.7,0.6,25600,51200,100.0,base,,nan,no_training,0.0,1.3054777908320894,0.007826737756093587,31.898295249039418,1.142617618094269,0.0
\mathrm{IM}_2,II,0.7,0.6,25600,51200,121.15276586285876,base,,nan,no_training,0.0,1.3054777908320894,0.007826737756093587,31.898295249039418,1.3344997091771054,0.0
\mathrm{IM}_2,II,0.7,0.6,25600,51200,146.77992676220674,base,,nan,no_training,0.0,1.3054777908320894,0.007826737756093587,31.898295249039418,1.5263818002599419,0.0
\mathrm{IM}_2,II,0.7,0.6,25600,51200,177.82794100389228,base,,nan,no_training,0.0,1.3054777908320894,0.007826737756093587,31.898295249039418,1.7182638913427803,0.0
\mathrm{IM}_2,II,0.7,0.6,25600,51200,215.44346900318823,base,,nan,no_training,0.0,1.3054777908320894,0.007826737756093587,31.898295249039418,1.9101459824256168,0.0
\mathrm{IM}_2,II,0.7,0.6,25600,51200,261.0157215682533,base,,nan,no_training,0.0,1.3054777908320894,0.007826737756093587,31.898295249039418,2.1020280735084533,0.0
\mathrm{IM}_2,II,0.7,0.6,25600,51200,316.22776601683796,base,,nan,no_training,0.0,1.3054777908320894,0.007826737756093587,31.898295249039418,2.293910164591292,0.0
\mathrm{IM}_2,II,0.7,0.6,25600,51200,383.1186849557285,base,,nan,no_training,0.0,1.3054777908320894,0.007826737756093587,31.898295249039418,2.485792255674128,0.0
\mathrm{IM}_2,II,0.7,0.6,25600,51200,464.1588833612773,base,,nan,no_training,0.0,1.3054777908320894,0.007826737756093587,31.898295249039418,2.6776743467569646,0.0
\mathrm{IM}_2,II,0.7,0.6,25600,51200,562.341325190349,base,,nan,no_training,0.0,1.3054777908320894,0.007826737756093587,31.898295249039418,2.8695564378398033,0.0
\mathrm{IM}_2,II,0.7,0.6,25600,51200,681.2920690579608,base,,nan,no_training,0.0,1.3054777908320894,0.007826737756093587,31.898295249039418,3.06143852892264,0.0
\mathrm{IM}_2,II,0.7,0.6,25600,51200,825.4041852680173,base,,nan,no_training,0.0,1.3054777908320894,0.007826737756093587,31.898295249039418,3.2533206200054763,0.0
\mathrm{IM}_2,II,0.7,0.6,25600,51200,1000.0,base,,nan,no_training,0.0,1.3054777908320894,0.007826737756093587,31.898295249039418,3.4452027110883146,0.0
\mathrm{IM}_2,II,0.7,0.6,38400,76800,0.001,base,,nan,terminal_infimum,inf,8.795200578745611e-05,0.005225898836936773,31.90156585793748,1.653626809264058,0.0
\mathrm{IM}_2,II,0.7,0.6,38400,76800,0.001211527658628589,base,,nan,terminal_infimum,inf,0.00010598974488586655,0.005225898836936773,31.90156585793748,1.4617447181812204,0.0
\mathrm{IM}_2,II,0.7,0.6,38400,76800,0.0014677992676220691,base,,nan,terminal_infimum,inf,0.00012784296470271693,0.005225898836936773,31.90156585793748,1.269862627098384,0.0
\mathrm{IM}_2,II,0.7,0.6,38400,76800,0.0017782794100389228,base,,nan,terminal_infimum,inf,0.00015431874494092172,0.005225898836936773,31.90156585793748,1.0779805360155468,0.0
\mathrm{IM}_2,II,0.7,0.6,38400,76800,0.0021544346900318843,base,,nan,terminal_infimum,inf,0.00018639488498327898,0.005225898836936773,31.90156585793748,0.8860984449327093,0.0
\mathrm{IM}_2,II,0.7,0.6,38400,76800,0.0026101572156825357,base,,nan,terminal_infimum,inf,0.00022525601582663862,0.005225898836936773,31.90156585793748,0.6942163538498729,0.0
\mathrm{IM}_2,II,0.7,0.6,38400,76800,0.0029387388772737287,boundary_refinement,terminal,-0.25,terminal_infimum,inf,0.0002532753789809901,0.005225898836936773,31.90156585793748,0.5756462732485115,0.0
\mathrm{IM}_2,II,0.7,0.6,38400,76800,0.003112870103075521,boundary_refinement,terminal,-0.225,terminal_infimum,inf,0.00026812418712392016,0.005225898836936773,31.90156585793748,0.5180816459236602,0.0
\mathrm{IM}_2,II,0.7,0.6,38400,76800,0.0031622776601683794,base,,nan,terminal_infimum,inf,0.0002723373506889536,0.005225898836936773,31.90156585793748,0.5023342627670352,0.0
\mathrm{IM}_2,II,0.7,0.6,38400,76800,0.0032973192526757566,boundary_refinement,terminal,-0.2,terminal_infimum,inf,0.00028385284246376164,0.005225898836936773,31.90156585793748,0.4605170185988091,0.0
\mathrm{IM}_2,II,0.7,0.6,38400,76800,0.0034926977014955894,boundary_refinement,terminal,-0.17500000000000002,terminal_infimum,inf,0.00030051347922451844,0.005225898836936773,31.90156585793748,0.4029523912739581,0.0
\mathrm{IM}_2,II,0.7,0.6,38400,76800,0.0036996530512273577,boundary_refinement,terminal,-0.15,terminal_infimum,inf,0.00031816132077717573,0.005225898836936773,31.90156585793748,0.34538776394910686,0.0
\mathrm{IM}_2,II,0.7,0.6,38400,76800,0.003831186849557285,base,,nan,terminal_infimum,inf,0.0003293776900798023,0.005225898836936773,31.90156585793748,0.31045217168419875,0.0
\mathrm{IM}_2,II,0.7,0.6,38400,76800,0.0039188712763761025,boundary_refinement,terminal,-0.125,terminal_infimum,inf,0.0003368548626831666,0.005225898836936773,31.90156585793748,0.2878231366242555,0.0
\mathrm{IM}_2,II,0.7,0.6,38400,76800,0.004151078997991662,boundary_refinement,terminal,-0.1,terminal_infimum,inf,0.000356656066583845,0.005225898836936773,31.90156585793748,0.23025850929940472,0.0
\mathrm{IM}_2,II,0.7,0.6,38400,76800,0.004397045892127876,boundary_refinement,terminal,-0.07500000000000001,terminal_infimum,inf,0.0003776305655786338,0.005225898836936773,31.90156585793748,0.17269388197455338,0.0
\mathrm{IM}_2,II,0.7,0.6,38400,76800,0.004641588833612777,base,,nan,terminal_infimum,inf,0.00039848363890937754,0.005225898836936773,31.90156585793748,0.11857008060136136,0.0
\mathrm{IM}_2,II,0.7,0.6,38400,76800,0.004657587241011949,boundary_refinement,terminal,-0.05,terminal_infimum,inf,0.0003998478817725911,0.005225898836936773,31.90156585793748,0.11512925464970225,0.0
\mathrm{IM}_2,II,0.7,0.6,38400,76800,0.004933566635380118,boundary_refinement,terminal,-0.025,terminal_infimum,inf,0.0004233816567144821,0.005225898836936773,31.90156585793748,0.05756462732485113,0.0
\mathrm{IM}_2,II,0.7,0.6,38400,76800,0.004962048426389441,terminal_near_refinement,terminal,-0.0225,terminal_infimum,inf,0.000425810403473239,0.005225898836936773,31.90156585793748,0.05180816459236597,0.0
\mathrm{IM}_2,II,0.7,0.6,38400,76800,0.004990694644572664,terminal_near_refinement,terminal,-0.02,terminal_infimum,inf,0.00042825317154004955,0.005225898836936773,31.90156585793748,0.04605170185988075,0.0
\mathrm{IM}_2,II,0.7,0.6,38400,76800,0.005019506239178219,terminal_near_refinement,terminal,-0.0175,terminal_infimum,inf,0.0004307100418608083,0.005225898836936773,31.90156585793748,0.040295239127395764,0.0
\mathrm{IM}_2,II,0.7,0.6,38400,76800,0.005048484164934613,terminal_near_refinement,terminal,-0.015,terminal_infimum,inf,0.0004331810958487159,0.005225898836936773,31.90156585793748,0.034538776394910715,0.0
\mathrm{IM}_2,II,0.7,0.6,38400,76800,0.005077629382082058,terminal_near_refinement,terminal,-0.0125,terminal_infimum,inf,0.00043566641538697647,0.005225898836936773,31.90156585793748,0.028782313662425615,0.0
\mathrm{IM}_2,II,0.7,0.6,38400,76800,0.005106942856404295,terminal_near_refinement,terminal,-0.01,terminal_infimum,inf,0.00043816608283151083,0.005225898836936773,31.90156585793748,0.02302585092994047,0.0
\mathrm{IM}_2,II,0.7,0.6,38400,76800,0.0051364255592605945,terminal_near_refinement,terminal,-0.0075,terminal_infimum,inf,0.0004406801810136859,0.005225898836936773,31.90156585793748,0.017269388197455333,0.0
\mathrm{IM}_2,II,0.7,0.6,38400,76800,0.0051660784676179445,terminal_near_refinement,terminal,-0.005,terminal_infimum,inf,0.00044320879324305924,0.005225898836936773,31.90156585793748,0.01151292546497021,0.0
\mathrm{IM}_2,II,0.7,0.6,38400,76800,0.005195902564083426,terminal_near_refinement,terminal,-0.0025,terminal_infimum,inf,0.0004457520033101397,0.005225898836936773,31.90156585793748,0.005756462732485091,0.0
\mathrm{IM}_2,II,0.7,0.6,38400,76800,0.005199769342752089,terminal_ultra_near_refinement,terminal,-0.002176919254274547,terminal_infimum,inf,0.00044608173770624107,0.005225898836936773,31.90156585793748,0.005012541823544398,0.0
\mathrm{IM}_2,II,0.7,0.6,38400,76800,0.005204995241589026,terminal_ultra_near_refinement,terminal,-0.00174066157630127,terminal_infimum,inf,0.00044652736926282567,0.005225898836936773,31.90156585793748,0.004008021397538822,0.0
\mathrm{IM}_2,II,0.7,0.6,38400,76800,0.005210221140425963,terminal_ultra_near_refinement,terminal,-0.0013048416883442813,terminal_infimum,inf,0.00044697300081941027,0.005225898836936773,31.90156585793748,0.0030045090202987243,0.0
\mathrm{IM}_2,II,0.7,0.6,38400,76800,0.005215447039262899,terminal_ultra_near_refinement,terminal,-0.0008694587126288914,terminal_infimum,inf,0.0004474186323759948,0.005225898836936773,31.90156585793748,0.0020020026706731903,0.0
\mathrm{IM}_2,II,0.7,0.6,38400,76800,0.0052206729380998365,terminal_ultra_near_refinement,terminal,-0.0004345117740176917,terminal_infimum,inf,0.0004478642639325795,0.005225898836936773,31.90156585793748,0.0010005003335835344,0.0
\mathrm{IM}_2,II,0.7,0.6,38400,76800,0.005223285887518305,terminal_extreme_near_refinement,terminal,-0.00021720154586423186,terminal_infimum,inf,0.00044808707971087175,0.005225898836936773,31.90156585793748,0.0005001250416822429,0.0
\mathrm{IM}_2,II,0.7,0.6,38400,76800,0.005223808477401999,terminal_extreme_near_refinement,terminal,-0.00017375254558756316,terminal_infimum,inf,0.00044813164286653024,0.005225898836936773,31.90156585793748,0.00040008002133958025,0.0
\mathrm{IM}_2,II,0.7,0.6,38400,76800,0.005224331067285692,terminal_extreme_near_refinement,terminal,-0.00013030789173217684,terminal_infimum,inf,0.0004481762060221887,0.005225898836936773,31.90156585793748,0.00030004500900199243,0.0
\mathrm{IM}_2,II,0.7,0.6,38400,76800,0.0052248536571693855,terminal_extreme_near_refinement,terminal,-8.686758342857122e-05,terminal_infimum,inf,0.0004482207691778471,0.005225898836936773,31.90156585793748,0.0002000200026670447,0.0
\mathrm{IM}_2,II,0.7,0.6,38400,76800,0.00522537624705308,terminal_extreme_near_refinement,terminal,-4.3431619807505604e-05,terminal_infimum,inf,0.0004482653323335056,0.005225898836936773,31.90156585793748,0.00010000500033323629,0.0
\mathrm{IM}_2,II,0.7,0.6,38400,76800,0.005226421426820466,terminal_extreme_near_refinement,terminal,4.342727686266486e-05,finite_interior,1410579.1032686909,0.00044835388324908484,0.005225898836936773,31.90156585793748,9.999500033329732e-05,4.1312972069322265e-07
\mathrm{IM}_2,II,0.7,0.6,38400,76800,0.0052269440167041605,terminal_extreme_near_refinement,terminal,8.685021164894766e-05,finite_interior,1409978.585012639,0.00044839787086213426,0.005225898836936773,31.90156585793748,0.0001999800026662447,5.108043597819948e-07
\mathrm{IM}_2,II,0.7,0.6,38400,76800,0.005227466606587854,terminal_extreme_near_refinement,terminal,0.00013026880522704667,finite_interior,1409378.0351461566,0.00044844185832836346,0.005225898836936773,31.90156585793748,0.00029995500899794244,3.62380000292629e-07
\mathrm{IM}_2,II,0.7,0.6,38400,76800,0.005227989196471547,terminal_extreme_near_refinement,terminal,0.0001736830584648997,finite_interior,1408778.6235865871,0.00044848584564782297,0.005225898836936773,31.90156585793748,0.0003999200213268913,6.30715263213371e-07
\mathrm{IM}_2,II,0.7,0.6,38400,76800,0.005228511786355241,terminal_extreme_near_refinement,terminal,0.00021709297223018438,finite_interior,1408179.7658847023,0.0004485298328205638,0.005225898836936773,31.90156585793748,0.0004998750416509929,8.831184716075339e-07
\mathrm{IM}_2,II,0.7,0.6,38400,76800,0.0052311247357737095,terminal_ultra_near_refinement,terminal,0.0004340774793185929,finite_interior,1405191.8890520006,0.00044874976648525344,0.005225898836936773,31.90156585793748,0.0009995003330834232,9.365763384094371e-07
\mathrm{IM}_2,II,0.7,0.6,38400,76800,0.005236350634610647,terminal_ultra_near_refinement,terminal,0.0008677215312269133,finite_interior,1399258.1494309774,0.0004491896228395792,0.005225898836936773,31.90156585793748,0.001998002662673058,1.4070626861823592e-06
\mathrm{IM}_2,II,0.7,0.6,38400,76800,0.0052415765334475825,terminal_ultra_near_refinement,terminal,0.001300933020418072,finite_interior,1393377.1175447903,0.0004496294646016262,0.005225898836936773,31.90156585793748,0.002995508979798371,1.0747745216642952e-06
\mathrm{IM}_2,II,0.7,0.6,38400,76800,0.00524680243228452,terminal_ultra_near_refinement,terminal,0.0017337128090005314,finite_interior,1387548.091887095,0.00045006929181871924,0.005225898836936773,31.90156585793748,0.003992021269537457,1.214382361952933e-06
\mathrm{IM}_2,II,0.7,0.6,38400,76800,0.005252028331121456,terminal_ultra_near_refinement,terminal,0.0021660617565076304,finite_interior,1381771.3264990693,0.0004505091045395222,0.005225898836936773,31.90156585793748,0.004987541511038968,1.295694059680142e-06
\mathrm{IM}_2,II,0.7,0.6,38400,76800,0.00525606828016312,terminal_near_refinement,terminal,0.0025,finite_interior,1377340.8226767152,0.0004508490975766348,0.005225898836936773,31.90156585793748,0.00575646273248517,9.160784401869831e-07
\mathrm{IM}_2,II,0.7,0.6,38400,76800,0.005286411893485939,terminal_near_refinement,terminal,0.005,finite_interior,1345000.0945402128,0.00045340247405996754,0.005225898836936773,31.90156585793748,0.011512925464970295,9.270403535174414e-07
\mathrm{IM}_2,II,0.7,0.6,38400,76800,0.005316930682400171,terminal_near_refinement,terminal,0.0075,finite_interior,1314051.585839842,0.00045597011008693684,0.005225898836936773,31.90156585793748,0.017269388197455236,1.3383348879246334e-06
\mathrm{IM}_2,II,0.7,0.6,38400,76800,0.005347625658205543,terminal_near_refinement,terminal,0.01,finite_interior,1284396.5560174184,0.00045855209097606667,0.005225898836936773,31.90156585793748,0.023025850929940427,4.933244542561919e-07
\mathrm{IM}_2,II,0.7,0.6,38400,76800,0.005378497838040076,terminal_near_refinement,terminal,0.0125,finite_interior,1255947.9213712616,0.00046114850224682837,0.005225898836936773,31.90156585793748,0.02878231366242563,7.760271755274302e-07
\mathrm{IM}_2,II,0.7,0.6,38400,76800,0.005409548244913794,terminal_near_refinement,terminal,0.015,finite_interior,1228625.046393736,0.0004637594296611943,0.005225898836936773,31.90156585793748,0.03453877639491076,1.333734476396031e-06
\mathrm{IM}_2,II,0.7,0.6,38400,76800,0.005440777907742624,terminal_near_refinement,terminal,0.0175,finite_interior,1202357.7004671071,0.00046638495922937163,0.005225898836936773,31.90156585793748,0.04029523912739586,2.893250037300075e-07
\mathrm{IM}_2,II,0.7,0.6,38400,76800,0.005472187861382488,terminal_near_refinement,terminal,0.02,finite_interior,1177080.7936710394,0.0004690251772330633,0.005225898836936773,31.90156585793748,0.046051701859880986,1.0250030898074056e-06
\mathrm{IM}_2,II,0.7,0.6,38400,76800,0.0055037791466635965,terminal_near_refinement,terminal,0.0225,finite_interior,1152733.2586597805,0.00047168017026350385,0.005225898836936773,31.90156585793748,0.05180816459236611,1.3336620863709396e-06
\mathrm{IM}_2,II,0.7,0.6,38400,76800,0.005535552810424938,boundary_refinement,terminal,0.025,finite_interior,1129262.3073376052,0.00047435002521766873,0.005225898836936773,31.90156585793748,0.057564627324851146,2.6042229164166885e-07
\mathrm{IM}_2,II,0.7,0.6,38400,76800,0.005623413251903491,base,,nan,finite_interior,1069140.6741086289,0.000481730324700147,0.005225898836936773,31.90156585793748,0.07331201048147609,1.4093250939445367e-06
\mathrm{IM}_2,II,0.7,0.6,38400,76800,0.005863554935358226,boundary_refinement,terminal,0.05,finite_interior,933447.9115413766,0.0005018853495847001,0.005225898836936773,31.90156585793748,0.1151292546497022,2.7271676462177077e-07
\mathrm{IM}_2,II,0.7,0.6,38400,76800,0.006210992408059879,boundary_refinement,terminal,0.07500000000000001,finite_interior,788257.0432350326,0.0005310052493699985,0.005225898836936773,31.90156585793748,0.1726938819745535,1.5613914691240764e-06
\mathrm{IM}_2,II,0.7,0.6,38400,76800,0.006579016845285287,boundary_refinement,terminal,0.1,finite_interior,675996.3911862156,0.000561803429632692,0.005225898836936773,31.90156585793748,0.2302585092994046,1.3206074801207728e-07
\mathrm{IM}_2,II,0.7,0.6,38400,76800,0.006812920690579608,base,,nan,finite_interior,619469.7262548542,0.0005813545581891375,0.005225898836936773,31.90156585793748,0.26519410156431267,1.0829989795610296e-06
\mathrm{IM}_2,II,0.7,0.6,38400,76800,0.006968848101372575,boundary_refinement,terminal,0.125,finite_interior,586589.8792824179,0.0005943785316697639,0.005225898836936773,31.90156585793748,0.2878231366242557,7.021102016955409e-07
\mathrm{IM}_2,II,0.7,0.6,38400,76800,0.007381778311573577,boundary_refinement,terminal,0.15,finite_interior,513783.0196424681,0.0006288345890031118,0.005225898836936773,31.90156585793748,0.3453877639491069,8.958731675109174e-07
\mathrm{IM}_2,II,0.7,0.6,38400,76800,0.007819176174967229,boundary_refinement,terminal,0.17500000000000002,finite_interior,453451.5126154441,0.0006652814300792957,0.005225898836936773,31.90156585793748,0.402952391273958,8.002982076648743e-07
\mathrm{IM}_2,II,0.7,0.6,38400,76800,0.008254041852680182,base,,nan,finite_interior,405548.4322202027,0.0007014691924127693,0.005225898836936773,31.90156585793748,0.45707619264715016,1.7953472466883509e-07
\mathrm{IM}_2,II,0.7,0.6,38400,76800,0.008282491491151543,boundary_refinement,terminal,0.2,finite_interior,402748.09055192285,0.0007038350656009131,0.005225898836936773,31.90156585793748,0.4605170185988092,1.0520720267689317e-06
\mathrm{IM}_2,II,0.7,0.6,38400,76800,0.008773259965751469,boundary_refinement,terminal,0.225,finite_interior,359637.10993590794,0.0007446180772288973,0.005225898836936773,31.90156585793748,0.5180816459236602,1.2763018721920452e-06
\mathrm{IM}_2,II,0.7,0.6,38400,76800,0.009293108300671017,boundary_refinement,terminal,0.25,finite_interior,322619.60995017027,0.0007877600163298544,0.005225898836936773,31.90156585793748,0.5756462732485114,4.404651139340235e-07
\mathrm{IM}_2,II,0.7,0.6,38400,76800,0.01,base,,nan,finite_interior,282543.7222926456,0.0008463361858143972,0.005225898836936773,31.90156585793748,0.6489582837299875,9.862405989775218e-07
\mathrm{IM}_2,II,0.7,0.6,38400,76800,0.012115276586285882,base,,nan,finite_interior,204487.43951906037,0.0010210777540176712,0.005225898836936773,31.90156585793748,0.8408403748128246,1.0222428802365414e-06
\mathrm{IM}_2,II,0.7,0.6,38400,76800,0.01467799267622069,base,,nan,finite_interior,151816.73397090635,0.001231857683332021,0.005225898836936773,31.90156585793748,1.0327224658956615,1.1194875050227807e-06
\mathrm{IM}_2,II,0.7,0.6,38400,76800,0.01778279410038923,base,,nan,finite_interior,114759.78040796121,0.0014860940383134066,0.005225898836936773,31.90156585793748,1.2246045569784991,9.931118014838707e-07
\mathrm{IM}_2,II,0.7,0.6,38400,76800,0.021544346900318832,base,,nan,finite_interior,87896.9836507553,0.0017927124969190759,0.005225898836936773,31.90156585793748,1.416486648061336,1.0824123512848407e-06
\mathrm{IM}_2,II,0.7,0.6,38400,76800,0.026101572156825358,base,,nan,finite_interior,67988.57483891517,0.002162448885245085,0.005225898836936773,31.90156585793748,1.608368739144173,7.24597196074867e-07
\mathrm{IM}_2,II,0.7,0.6,38400,76800,0.03162277660168379,base,,nan,finite_interior,52985.198418423366,0.002608210504977085,0.005225898836936773,31.90156585793748,1.8002508302270104,7.865420405363546e-07
\mathrm{IM}_2,II,0.7,0.6,38400,76800,0.03831186849557287,base,,nan,finite_interior,41532.082405484674,0.0031455073861401226,0.005225898836936773,31.90156585793748,1.9921329213098473,8.40072286122134e-07
\mathrm{IM}_2,II,0.7,0.6,38400,76800,0.046415888336127774,base,,nan,finite_interior,32701.28182292685,0.003792966472576162,0.005225898836936773,31.90156585793748,2.1840150123926843,9.110771384137892e-07
\mathrm{IM}_2,II,0.7,0.6,38400,76800,0.05623413251903491,base,,nan,finite_interior,25838.828722217666,0.004572943941130077,0.005225898836936773,31.90156585793748,2.375897103475522,2.220414445865084e-07
\mathrm{IM}_2,II,0.7,0.6,38400,76800,0.06812920690579612,base,,nan,finite_interior,20472.93326884986,0.005512253360274094,0.005225898836936773,31.90156585793748,2.567779194558359,9.314135041556427e-07
\mathrm{IM}_2,II,0.7,0.6,38400,76800,0.08254041852680181,base,,nan,finite_interior,16256.69645363131,0.006643030258268199,0.005225898836936773,31.90156585793748,2.759661285641196,9.64685739365973e-07
\mathrm{IM}_2,II,0.7,0.6,38400,76800,0.1,base,,nan,finite_interior,12930.90978295118,0.008003756859059248,0.005225898836936773,31.90156585793748,2.9515433767240333,8.718622765250527e-07
\mathrm{IM}_2,II,0.7,0.6,38400,76800,0.12115276586285877,base,,nan,finite_interior,10299.422813067018,0.00964047430755143,0.005225898836936773,31.90156585793748,3.14342546780687,8.124692968148809e-07
\mathrm{IM}_2,II,0.7,0.6,38400,76800,0.1467799267622069,base,,nan,finite_interior,8212.17994669806,0.011608213577453605,0.005225898836936773,31.90156585793748,3.335307558889707,8.913766252607886e-07
\mathrm{IM}_2,II,0.7,0.6,38400,76800,0.1778279410038923,base,,nan,finite_interior,6553.393902206941,0.01397268040527049,0.005225898836936773,31.90156585793748,3.5271896499725446,8.073586074751777e-07
\mathrm{IM}_2,II,0.7,0.6,38400,76800,0.21544346900318823,base,,nan,finite_interior,5233.073779905589,0.016812233904187696,0.005225898836936773,31.90156585793748,3.719071741055381,8.721009888376288e-07
\mathrm{IM}_2,II,0.7,0.6,38400,76800,0.2610157215682536,base,,nan,finite_interior,4180.868331861788,0.02022020281758419,0.005225898836936773,31.90156585793748,3.9109538321382185,7.18186770810395e-07
\mathrm{IM}_2,II,0.7,0.6,38400,76800,0.31622776601683794,base,,nan,finite_interior,3341.5185196515263,0.024307587415086238,0.005225898836936773,31.90156585793748,4.102835923221056,7.249726968237979e-07
\mathrm{IM}_2,II,0.7,0.6,38400,76800,0.3831186849557285,base,,nan,finite_interior,2671.453264347039,0.02920619841938748,0.005225898836936773,31.90156585793748,4.294718014303893,6.727577062324101e-07
\mathrm{IM}_2,II,0.7,0.6,38400,76800,0.46415888336127775,base,,nan,finite_interior,2136.208926966139,0.03507228647432044,0.005225898836936773,31.90156585793748,4.230183459373167,7.989108728753725e-07
\mathrm{IM}_2,II,0.7,0.6,38400,76800,0.5623413251903491,base,,nan,finite_interior,1708.4595270619131,0.04209071565209372,0.005225898836936773,31.90156585793748,4.03830136829033,8.469486300836347e-07
\mathrm{IM}_2,II,0.7,0.6,38400,76800,0.6812920690579608,base,,nan,finite_interior,1366.4928140575432,0.0504797311623774,0.005225898836936773,31.90156585793748,3.8464192772074934,8.86006397006619e-07
\mathrm{IM}_2,II,0.7,0.6,38400,76800,0.8254041852680182,base,,nan,finite_interior,1093.0293332131112,0.06049636312479915,0.005225898836936773,31.90156585793748,3.654537186124656,9.167261590981405e-07
\mathrm{IM}_2,II,0.7,0.6,38400,76800,1.0,base,,nan,finite_interior,874.3003671344659,0.07244249262794628,0.005225898836936773,31.90156585793748,3.4626550950418187,9.340928165592438e-07
\mathrm{IM}_2,II,0.7,0.6,38400,76800,1.2115276586285877,base,,nan,finite_interior,699.323966192914,0.08667158031824271,0.005225898836936773,31.90156585793748,3.270773003958982,9.378245549489523e-07
\mathrm{IM}_2,II,0.7,0.6,38400,76800,1.467799267622069,base,,nan,finite_interior,559.331054190246,0.10359601562115822,0.005225898836936773,31.90156585793748,3.078890912876145,9.308439572587416e-07
\mathrm{IM}_2,II,0.7,0.6,38400,76800,1.7782794100389228,base,,nan,finite_interior,447.32022972883635,0.12369497845889724,0.005225898836936773,31.90156585793748,2.8870088217933074,1.0090270371892711e-06
\mathrm{IM}_2,II,0.7,0.6,38400,76800,2.154434690031882,base,,nan,finite_interior,357.7062906956047,0.14752268467218663,0.005225898836936773,31.90156585793748,2.695126730710471,8.751051910080493e-07
\mathrm{IM}_2,II,0.7,0.6,38400,76800,2.610157215682536,base,,nan,finite_interior,285.9659969068334,0.17571644653167154,0.005225898836936773,31.90156585793748,2.503244639627633,8.658947702636778e-07
\mathrm{IM}_2,II,0.7,0.6,38400,76800,3.1622776601683795,base,,nan,finite_interior,228.5245516978373,0.20900362592569038,0.005225898836936773,31.90156585793748,2.3113625485447957,9.83544441901656e-07
\mathrm{IM}_2,II,0.7,0.6,38400,76800,3.831186849557285,base,,nan,finite_interior,182.73723859746408,0.24821064755356215,0.005225898836936773,31.90156585793748,2.1194804574619592,8.776055966091497e-07
\mathrm{IM}_2,II,0.7,0.6,38400,76800,4.6415888336127775,base,,nan,finite_interior,146.2411296922784,0.29427264724863267,0.005225898836936773,31.90156585793748,1.9275983663791219,4.607117750469646e-07
\mathrm{IM}_2,II,0.7,0.6,38400,76800,5.623413251903491,base,,nan,finite_interior,116.58597397357266,0.3482139914605393,0.005225898836936773,31.90156585793748,1.7357162752962843,3.863814370928534e-07
\mathrm{IM}_2,II,0.7,0.6,38400,76800,6.812920690579608,base,,nan,finite_interior,92.14533452761565,0.4110860159553757,0.005225898836936773,31.90156585793748,1.543834184213448,1.4140907347449035e-07
\mathrm{IM}_2,II,0.7,0.6,38400,76800,8.254041852680182,base,,nan,finite_interior,72.99611852112159,0.4839941621752728,0.005225898836936773,31.90156585793748,1.3519520931306104,2.725086282341109e-06
\mathrm{IM}_2,II,0.7,0.6,38400,76800,10.0,base,,nan,finite_interior,59.05563433813312,0.568361760262901,0.005225898836936773,31.90156585793748,1.1600700020477728,1.6236756980184128e-06
\mathrm{IM}_2,II,0.7,0.6,38400,76800,12.115276586285876,base,,nan,finite_interior,48.64056003558429,0.6659821348980537,0.005225898836936773,31.90156585793748,0.9681879109649365,6.160153051263475e-07
\mathrm{IM}_2,II,0.7,0.6,38400,76800,14.677992676220676,base,,nan,finite_interior,40.0775354613126,0.7786171614752476,0.005225898836936773,31.90156585793748,0.7763058198821001,8.345439263668017e-08
\mathrm{IM}_2,II,0.7,0.6,38400,76800,17.78279410038923,base,,nan,finite_interior,32.259578060968565,0.9073265565038768,0.005225898836936773,31.90156585793748,0.5844237287992614,1.4600524007041056e-06
\mathrm{IM}_2,II,0.7,0.6,38400,76800,17.939568820199757,boundary_refinement,zero,-0.25,finite_interior,31.90562197976667,0.9135947686523851,0.005225898836936773,31.90156585793748,0.5756462732485115,7.476721155437146e-07
\mathrm{IM}_2,II,0.7,0.6,38400,76800,19.002555100870936,boundary_refinement,zero,-0.225,finite_interior,29.572276479134494,0.9554761697010354,0.005225898836936773,31.90156585793748,0.5180816459236602,1.6001669397975048e-06
\mathrm{IM}_2,II,0.7,0.6,38400,76800,20.12852727848423,boundary_refinement,zero,-0.2,finite_interior,27.20002302192403,0.9986073028957714,0.005225898836936773,31.90156585793748,0.4605170185988091,3.48230147258505e-07
\mathrm{IM}_2,II,0.7,0.6,38400,76800,21.321217502067096,boundary_refinement,zero,-0.17500000000000002,finite_interior,24.760149432490234,1.042798521136112,0.005225898836936773,31.90156585793748,0.4029523912739581,3.2319850773903653e-07
\mathrm{IM}_2,II,0.7,0.6,38400,76800,21.54434690031882,base,,nan,finite_interior,24.309106483350117,1.0508827841614479,0.005225898836936773,31.90156585793748,0.3925416377164252,1.4246646137971054e-06
\mathrm{IM}_2,II,0.7,0.6,38400,76800,22.584579064379785,boundary_refinement,zero,-0.15,finite_interior,22.217862763313878,1.087749051346509,0.005225898836936773,31.90156585793748,0.34538776394910686,1.403608270198001e-06
\mathrm{IM}_2,II,0.7,0.6,38400,76800,23.922799505505296,boundary_refinement,zero,-0.125,finite_interior,19.528347270353247,1.1329853248624944,0.005225898836936773,31.90156585793748,0.2878231366242556,1.0431881230820276e-06
\mathrm{IM}_2,II,0.7,0.6,38400,76800,25.340314492875887,boundary_refinement,zero,-0.1,finite_interior,16.630476607902008,1.177752397375014,0.005225898836936773,31.90156585793748,0.23025850929940458,6.188461651045113e-07
\mathrm{IM}_2,II,0.7,0.6,38400,76800,26.10157215682533,base,,nan,finite_interior,15.0318830649703,1.200211849527515,0.005225898836936773,31.90156585793748,0.2006595466335887,4.3360976507794754e-07
\mathrm{IM}_2,II,0.7,0.6,38400,76800,26.841822523742824,boundary_refinement,zero,-0.07500000000000001,finite_interior,13.435173116229826,1.2208082298609175,0.005225898836936773,31.90156585793748,0.17269388197455351,1.491173069365318e-07
\mathrm{IM}_2,II,0.7,0.6,38400,76800,28.432300498822247,boundary_refinement,zero,-0.05,finite_interior,9.802179806350127,1.2599945700968433,0.005225898836936773,31.90156585793748,0.11512925464970225,1.7291331981331736e-07
\mathrm{IM}_2,II,0.7,0.6,38400,76800,30.117020218737554,boundary_refinement,zero,-0.025,finite_interior,5.487394524902813,1.2912151591355225,0.005225898836936773,31.90156585793748,0.05756462732485113,3.005302485295178e-07
\mathrm{IM}_2,II,0.7,0.6,38400,76800,31.622776601683793,base,,nan,finite_interior,0.9464299910808872,1.3050572392578894,0.005225898836936773,31.90156585793748,0.008777455550750157,2.700381839995546e-06
\mathrm{IM}_2,II,0.7,0.6,38400,76800,33.79185247400889,boundary_refinement,zero,0.025,no_training,0.0,1.3054777995382894,0.005225898836936773,31.90156585793748,0.057564627324851146,0.0
\mathrm{IM}_2,II,0.7,0.6,38400,76800,35.794145613735296,boundary_refinement,zero,0.05,no_training,0.0,1.3054777995382894,0.005225898836936773,31.90156585793748,0.1151292546497022,0.0
\mathrm{IM}_2,II,0.7,0.6,38400,76800,37.91508208088744,boundary_refinement,zero,0.07500000000000001,no_training,0.0,1.3054777995382894,0.005225898836936773,31.90156585793748,0.1726938819745535,0.0
\mathrm{IM}_2,II,0.7,0.6,38400,76800,38.31186849557285,base,,nan,no_training,0.0,1.3054777995382894,0.005225898836936773,31.90156585793748,0.18310463553208642,0.0
\mathrm{IM}_2,II,0.7,0.6,38400,76800,40.16169193458269,boundary_refinement,zero,0.1,no_training,0.0,1.3054777995382894,0.005225898836936773,31.90156585793748,0.2302585092994046,0.0
\mathrm{IM}_2,II,0.7,0.6,38400,76800,42.54142179112939,boundary_refinement,zero,0.125,no_training,0.0,1.3054777995382894,0.005225898836936773,31.90156585793748,0.2878231366242557,0.0
\mathrm{IM}_2,II,0.7,0.6,38400,76800,45.0621595065921,boundary_refinement,zero,0.15,no_training,0.0,1.3054777995382894,0.005225898836936773,31.90156585793748,0.3453877639491069,0.0
\mathrm{IM}_2,II,0.7,0.6,38400,76800,46.41588833612773,base,,nan,no_training,0.0,1.3054777995382894,0.005225898836936773,31.90156585793748,0.3749867266149228,0.0
\mathrm{IM}_2,II,0.7,0.6,38400,76800,47.73226032189086,boundary_refinement,zero,0.17500000000000002,no_training,0.0,1.3054777995382894,0.005225898836936773,31.90156585793748,0.402952391273958,0.0
\mathrm{IM}_2,II,0.7,0.6,38400,76800,50.560574557094995,boundary_refinement,zero,0.2,no_training,0.0,1.3054777995382894,0.005225898836936773,31.90156585793748,0.4605170185988092,0.0
\mathrm{IM}_2,II,0.7,0.6,38400,76800,53.55647694670692,boundary_refinement,zero,0.225,no_training,0.0,1.3054777995382894,0.005225898836936773,31.90156585793748,0.5180816459236602,0.0
\mathrm{IM}_2,II,0.7,0.6,38400,76800,56.23413251903491,base,,nan,no_training,0.0,1.3054777995382894,0.005225898836936773,31.90156585793748,0.5668688176977613,0.0
\mathrm{IM}_2,II,0.7,0.6,38400,76800,56.72989771317091,boundary_refinement,zero,0.25,no_training,0.0,1.3054777995382894,0.005225898836936773,31.90156585793748,0.5756462732485114,0.0
\mathrm{IM}_2,II,0.7,0.6,38400,76800,68.12920690579608,base,,nan,no_training,0.0,1.3054777995382894,0.005225898836936773,31.90156585793748,0.7587509087805978,0.0
\mathrm{IM}_2,II,0.7,0.6,38400,76800,82.54041852680173,base,,nan,no_training,0.0,1.3054777995382894,0.005225898836936773,31.90156585793748,0.9506329998634343,0.0
\mathrm{IM}_2,II,0.7,0.6,38400,76800,100.0,base,,nan,no_training,0.0,1.3054777995382894,0.005225898836936773,31.90156585793748,1.1425150909462727,0.0
\mathrm{IM}_2,II,0.7,0.6,38400,76800,121.15276586285876,base,,nan,no_training,0.0,1.3054777995382894,0.005225898836936773,31.90156585793748,1.3343971820291092,0.0
\mathrm{IM}_2,II,0.7,0.6,38400,76800,146.77992676220674,base,,nan,no_training,0.0,1.3054777995382894,0.005225898836936773,31.90156585793748,1.5262792731119457,0.0
\mathrm{IM}_2,II,0.7,0.6,38400,76800,177.82794100389228,base,,nan,no_training,0.0,1.3054777995382894,0.005225898836936773,31.90156585793748,1.7181613641947842,0.0
\mathrm{IM}_2,II,0.7,0.6,38400,76800,215.44346900318823,base,,nan,no_training,0.0,1.3054777995382894,0.005225898836936773,31.90156585793748,1.9100434552776206,0.0
\mathrm{IM}_2,II,0.7,0.6,38400,76800,261.0157215682533,base,,nan,no_training,0.0,1.3054777995382894,0.005225898836936773,31.90156585793748,2.101925546360457,0.0
\mathrm{IM}_2,II,0.7,0.6,38400,76800,316.22776601683796,base,,nan,no_training,0.0,1.3054777995382894,0.005225898836936773,31.90156585793748,2.2938076374432956,0.0
\mathrm{IM}_2,II,0.7,0.6,38400,76800,383.1186849557285,base,,nan,no_training,0.0,1.3054777995382894,0.005225898836936773,31.90156585793748,2.485689728526132,0.0
\mathrm{IM}_2,II,0.7,0.6,38400,76800,464.1588833612773,base,,nan,no_training,0.0,1.3054777995382894,0.005225898836936773,31.90156585793748,2.6775718196089686,0.0
\mathrm{IM}_2,II,0.7,0.6,38400,76800,562.341325190349,base,,nan,no_training,0.0,1.3054777995382894,0.005225898836936773,31.90156585793748,2.869453910691807,0.0
\mathrm{IM}_2,II,0.7,0.6,38400,76800,681.2920690579608,base,,nan,no_training,0.0,1.3054777995382894,0.005225898836936773,31.90156585793748,3.0613360017746434,0.0
\mathrm{IM}_2,II,0.7,0.6,38400,76800,825.4041852680173,base,,nan,no_training,0.0,1.3054777995382894,0.005225898836936773,31.90156585793748,3.25321809285748,0.0
\mathrm{IM}_2,II,0.7,0.6,38400,76800,1000.0,base,,nan,no_training,0.0,1.3054777995382894,0.005225898836936773,31.90156585793748,3.4451001839403186,0.0
\mathrm{IM}_2,II,0.7,0.6,51200,102400,0.001,base,,nan,terminal_infimum,inf,8.716663730375726e-05,0.00392260204705989,31.903338737310346,1.3667552211081593,0.0
\mathrm{IM}_2,II,0.7,0.6,51200,102400,0.001211527658628589,base,,nan,terminal_infimum,inf,0.00010522316686194033,0.00392260204705989,31.903338737310346,1.1748731300253217,0.0
\mathrm{IM}_2,II,0.7,0.6,51200,102400,0.0014677992676220691,base,,nan,terminal_infimum,inf,0.00012709915184052365,0.00392260204705989,31.903338737310346,0.9829910389424853,0.0
\mathrm{IM}_2,II,0.7,0.6,51200,102400,0.0017782794100389228,base,,nan,terminal_infimum,inf,0.00015360251270182096,0.00392260204705989,31.903338737310346,0.7911089478596478,0.0
\mathrm{IM}_2,II,0.7,0.6,51200,102400,0.0021544346900318843,base,,nan,terminal_infimum,inf,0.0001857120674318971,0.00392260204705989,31.903338737310346,0.5992268567768105,0.0
\mathrm{IM}_2,II,0.7,0.6,51200,102400,0.0022058412333380343,boundary_refinement,terminal,-0.25,terminal_infimum,inf,0.0001901002584358988,0.00392260204705989,31.903338737310346,0.5756462732485115,0.0
\mathrm{IM}_2,II,0.7,0.6,51200,102400,0.0023365455435629782,boundary_refinement,terminal,-0.225,terminal_infimum,inf,0.00020125750499296751,0.00392260204705989,31.903338737310346,0.5180816459236602,0.0
\mathrm{IM}_2,II,0.7,0.6,51200,102400,0.0024749945710654782,boundary_refinement,terminal,-0.2,terminal_infimum,inf,0.00021307585997126403,0.00392260204705989,31.903338737310346,0.4605170185988091,0.0
\mathrm{IM}_2,II,0.7,0.6,51200,102400,0.0026101572156825357,base,,nan,terminal_infimum,inf,0.00022461368109363256,0.00392260204705989,31.903338737310346,0.40734476569397393,0.0
\mathrm{IM}_2,II,0.7,0.6,51200,102400,0.0026216472191946736,boundary_refinement,terminal,-0.17500000000000002,terminal_infimum,inf,0.00022559449650749213,0.00392260204705989,31.903338737310346,0.4029523912739581,0.0
\mathrm{IM}_2,II,0.7,0.6,51200,102400,0.0027769895830326388,boundary_refinement,terminal,-0.15,terminal_infimum,inf,0.0002388549088926323,0.00392260204705989,31.903338737310346,0.34538776394910686,0.0
\mathrm{IM}_2,II,0.7,0.6,51200,102400,0.002941536560605849,boundary_refinement,terminal,-0.125,terminal_infimum,inf,0.0002529010501089791,0.00392260204705989,31.903338737310346,0.2878231366242556,0.0
\mathrm{IM}_2,II,0.7,0.6,51200,102400,0.003115833559566935,boundary_refinement,terminal,-0.1,terminal_infimum,inf,0.00026777947751676067,0.00392260204705989,31.903338737310346,0.23025850929940458,0.0
\mathrm{IM}_2,II,0.7,0.6,51200,102400,0.0031622776601683794,base,,nan,terminal_infimum,inf,0.0002717440620101091,0.00392260204705989,31.903338737310346,0.21546267461113638,0.0
\mathrm{IM}_2,II,0.7,0.6,51200,102400,0.0033004583050036877,boundary_refinement,terminal,-0.07500000000000001,terminal_infimum,inf,0.0002835395071732332,0.00392260204705989,31.903338737310346,0.17269388197455351,0.0
\mathrm{IM}_2,II,0.7,0.6,51200,102400,0.0034960227543674774,boundary_refinement,terminal,-0.05,terminal_infimum,inf,0.0003002333772957562,0.00392260204705989,31.903338737310346,0.11512925464970225,0.0
\mathrm{IM}_2,II,0.7,0.6,51200,102400,0.003703175125868316,boundary_refinement,terminal,-0.025,terminal_infimum,inf,0.0003179164214106646,0.00392260204705989,31.903338737310346,0.05756462732485113,0.0
\mathrm{IM}_2,II,0.7,0.6,51200,102400,0.003724553789176424,terminal_near_refinement,terminal,-0.0225,terminal_infimum,inf,0.0003197413575369378,0.00392260204705989,31.903338737310346,0.05180816459236597,0.0
\mathrm{IM}_2,II,0.7,0.6,51200,102400,0.0037460558728547024,terminal_near_refinement,terminal,-0.02,terminal_infimum,inf,0.0003215768291344421,0.00392260204705989,31.903338737310346,0.04605170185988087,0.0
\mathrm{IM}_2,II,0.7,0.6,51200,102400,0.0037676820894167245,terminal_near_refinement,terminal,-0.0175,terminal_infimum,inf,0.0003234228970251167,0.00392260204705989,31.903338737310346,0.040295239127395764,0.0
\mathrm{IM}_2,II,0.7,0.6,51200,102400,0.0037894331554894477,terminal_near_refinement,terminal,-0.015,terminal_infimum,inf,0.00032527962238202964,0.00392260204705989,31.903338737310346,0.034538776394910715,0.0
\mathrm{IM}_2,II,0.7,0.6,51200,102400,0.0038113097918369638,terminal_near_refinement,terminal,-0.0125,terminal_infimum,inf,0.0003271470667314049,0.00392260204705989,31.903338737310346,0.028782313662425615,0.0
\mathrm{IM}_2,II,0.7,0.6,51200,102400,0.003831186849557285,base,,nan,terminal_infimum,inf,0.0003288438220521211,0.00392260204705989,31.903338737310346,0.02358058352829992,0.0
\mathrm{IM}_2,II,0.7,0.6,51200,102400,0.003833312723384381,terminal_near_refinement,terminal,-0.01,terminal_infimum,inf,0.00032902529195466144,0.00392260204705989,31.903338737310346,0.02302585092994047,0.0
\mathrm{IM}_2,II,0.7,0.6,51200,102400,0.0038554426792418435,terminal_near_refinement,terminal,-0.0075,terminal_infimum,inf,0.0003309143602904633,0.00392260204705989,31.903338737310346,0.017269388197455333,0.0
\mathrm{IM}_2,II,0.7,0.6,51200,102400,0.003877700392728697,terminal_near_refinement,terminal,-0.005,terminal_infimum,inf,0.0003328143343367823,0.00392260204705989,31.903338737310346,0.01151292546497021,0.0
\mathrm{IM}_2,II,0.7,0.6,51200,102400,0.0039000866013977854,terminal_near_refinement,terminal,-0.0025,terminal_infimum,inf,0.0003347252770529723,0.00392260204705989,31.903338737310346,0.005756462732485091,0.0
\mathrm{IM}_2,II,0.7,0.6,51200,102400,0.00390298903682459,terminal_ultra_near_refinement,terminal,-0.002176919254274547,terminal_infimum,inf,0.00033497303619432815,0.00392260204705989,31.903338737310346,0.005012541823544286,0.0
\mathrm{IM}_2,II,0.7,0.6,51200,102400,0.00390691163887165,terminal_ultra_near_refinement,terminal,-0.00174066157630127,terminal_infimum,inf,0.00033530787930783365,0.00392260204705989,31.903338737310346,0.004008021397538822,0.0
\mathrm{IM}_2,II,0.7,0.6,51200,102400,0.00391083424091871,terminal_ultra_near_refinement,terminal,-0.0013048416883442813,terminal_infimum,inf,0.0003356427224213391,0.00392260204705989,31.903338737310346,0.003004509020298836,0.0
\mathrm{IM}_2,II,0.7,0.6,51200,102400,0.00391475684296577,terminal_ultra_near_refinement,terminal,-0.0008694587126288914,terminal_infimum,inf,0.0003359775655348447,0.00392260204705989,31.903338737310346,0.002002002670672968,0.0
\mathrm{IM}_2,II,0.7,0.6,51200,102400,0.00391867944501283,terminal_ultra_near_refinement,terminal,-0.0004345117740176917,terminal_infimum,inf,0.0003363124086483502,0.00392260204705989,31.903338737310346,0.0010005003335835344,0.0
\mathrm{IM}_2,II,0.7,0.6,51200,102400,0.00392064074603636,terminal_extreme_near_refinement,terminal,-0.00021720154586423186,terminal_infimum,inf,0.0003364798302051029,0.00392260204705989,31.903338737310346,0.0005001250416822429,0.0
\mathrm{IM}_2,II,0.7,0.6,51200,102400,0.003921033006241066,terminal_extreme_near_refinement,terminal,-0.00017375254558756316,terminal_infimum,inf,0.00033651331451645344,0.00392260204705989,31.903338737310346,0.00040008002133969133,0.0
\mathrm{IM}_2,II,0.7,0.6,51200,102400,0.003921425266445772,terminal_extreme_near_refinement,terminal,-0.00013030789173217684,terminal_infimum,inf,0.000336546798827804,0.00392260204705989,31.903338737310346,0.00030004500900199243,0.0
\mathrm{IM}_2,II,0.7,0.6,51200,102400,0.003921817526650478,terminal_extreme_near_refinement,terminal,-8.686758342857122e-05,terminal_infimum,inf,0.00033658028313915454,0.00392260204705989,31.903338737310346,0.0002000200026670447,0.0
\mathrm{IM}_2,II,0.7,0.6,51200,102400,0.003922209786855184,terminal_extreme_near_refinement,terminal,-4.3431619807505604e-05,terminal_infimum,inf,0.0003366137674505051,0.00392260204705989,31.903338737310346,0.00010000500033334732,0.0
\mathrm{IM}_2,II,0.7,0.6,51200,102400,0.003922994307264596,terminal_extreme_near_refinement,terminal,4.342727686266486e-05,finite_interior,2032188.0891053593,0.00033668034232028356,0.00392260204705989,31.903338737310346,9.999500033329732e-05,8.032441269421487e-07
\mathrm{IM}_2,II,0.7,0.6,51200,102400,0.003923386567469302,terminal_extreme_near_refinement,terminal,8.685021164894766e-05,finite_interior,2031308.6987632702,0.00033671343277768336,0.00392260204705989,31.903338737310346,0.0001999800026662447,1.0768477335234732e-06
\mathrm{IM}_2,II,0.7,0.6,51200,102400,0.003923778827674008,terminal_extreme_near_refinement,terminal,0.00013026880522704667,finite_interior,2030431.8375608912,0.00033674652313408896,0.00392260204705989,31.903338737310346,0.00029995500899794244,1.0736389846647908e-06
\mathrm{IM}_2,II,0.7,0.6,51200,102400,0.003924171087878714,terminal_extreme_near_refinement,terminal,0.0001736830584648997,finite_interior,2029555.7873322815,0.0003367796133895339,0.00392260204705989,31.903338737310346,0.0003999200213268913,1.277284635838882e-06
\mathrm{IM}_2,II,0.7,0.6,51200,102400,0.0039245633480834196,terminal_extreme_near_refinement,terminal,0.00021709297223018438,finite_interior,2028679.2206562902,0.0003368127035440521,0.00392260204705989,31.903338737310346,0.0004998750416509929,1.048641171303813e-06
\mathrm{IM}_2,II,0.7,0.6,51200,102400,0.003926524649106949,terminal_ultra_near_refinement,terminal,0.0004340774793185929,finite_interior,2024314.0417862427,0.000336978152803914,0.00392260204705989,31.903338737310346,0.0009995003330834232,4.885692901650239e-07
\mathrm{IM}_2,II,0.7,0.6,51200,102400,0.003930447251154009,terminal_ultra_near_refinement,terminal,0.0008677215312269133,finite_interior,2015640.247995824,0.0003373090437732885,0.00392260204705989,31.903338737310346,0.001998002662673058,5.206426040495002e-07
\mathrm{IM}_2,II,0.7,0.6,51200,102400,0.003934369853201069,terminal_ultra_near_refinement,terminal,0.001300933020418072,finite_interior,2007044.0282560154,0.00033763992470286597,0.00392260204705989,31.903338737310346,0.002995508979798371,3.5062899134702077e-07
\mathrm{IM}_2,II,0.7,0.6,51200,102400,0.0039382924552481295,terminal_ultra_near_refinement,terminal,0.0017337128090005314,finite_interior,1998527.3000159825,0.0003379707956257293,0.00392260204705989,31.903338737310346,0.003992021269537457,1.3924548754196749e-06
\mathrm{IM}_2,II,0.7,0.6,51200,102400,0.003942215057295188,terminal_ultra_near_refinement,terminal,0.0021660617565076304,finite_interior,1990086.146649428,0.00033830165657549503,0.00392260204705989,31.903338737310346,0.004987541511038968,1.6030823843782718e-06
\mathrm{IM}_2,II,0.7,0.6,51200,102400,0.0039452474758083144,terminal_near_refinement,terminal,0.0025,finite_interior,1983611.5754641695,0.0003385574261204,0.00392260204705989,31.903338737310346,0.00575646273248517,7.189396766909728e-07
\mathrm{IM}_2,II,0.7,0.6,51200,102400,0.003968023638043604,terminal_near_refinement,terminal,0.005,finite_interior,1936368.9978847345,0.0003404782946794798,0.00392260204705989,31.903338737310346,0.011512925464970295,9.179348264137715e-07
\mathrm{IM}_2,II,0.7,0.6,51200,102400,0.003990931288498416,terminal_near_refinement,terminal,0.0075,finite_interior,1891180.0134785622,0.00034240992147347127,0.00392260204705989,31.903338737310346,0.017269388197455236,3.3502117837855573e-07
\mathrm{IM}_2,II,0.7,0.6,51200,102400,0.004013971186262526,terminal_near_refinement,terminal,0.01,finite_interior,1847894.88010502,0.0003443523706866032,0.00392260204705989,31.903338737310346,0.023025850929940427,1.1944267113307856e-06
\mathrm{IM}_2,II,0.7,0.6,51200,102400,0.004037144094807982,terminal_near_refinement,terminal,0.0125,finite_interior,1806387.8807038977,0.00034630570667951985,0.00392260204705989,31.903338737310346,0.02878231366242563,1.1330105096176686e-06
\mathrm{IM}_2,II,0.7,0.6,51200,102400,0.004060450782014404,terminal_near_refinement,terminal,0.015,finite_interior,1766540.7707214886,0.0003482699939995529,0.00392260204705989,31.903338737310346,0.03453877639491076,5.303628360384695e-07
\mathrm{IM}_2,II,0.7,0.6,51200,102400,0.00408389202019443,terminal_near_refinement,terminal,0.0175,finite_interior,1728246.793854745,0.0003502452973985893,0.00392260204705989,31.903338737310346,0.04029523912739586,1.2022514768609667e-06
\mathrm{IM}_2,II,0.7,0.6,51200,102400,0.004107468586119309,terminal_near_refinement,terminal,0.02,finite_interior,1691409.3718356306,0.00035223168185894425,0.00392260204705989,31.903338737310346,0.046051701859880986,6.441063171591154e-07
\mathrm{IM}_2,II,0.7,0.6,51200,102400,0.004131181261044637,terminal_near_refinement,terminal,0.0225,finite_interior,1655941.1112038372,0.0003542292125948216,0.00392260204705989,31.903338737310346,0.05180816459236611,8.476053046480122e-07
\mathrm{IM}_2,II,0.7,0.6,51200,102400,0.004155030830736247,boundary_refinement,terminal,0.025,finite_interior,1621761.4915381072,0.0003562379550639713,0.00392260204705989,31.903338737310346,0.057564627324851146,7.807294768051472e-07
\mathrm{IM}_2,II,0.7,0.6,51200,102400,0.004401231885683855,boundary_refinement,terminal,0.05,finite_interior,1337103.3860996864,0.0003769566237650662,0.00392260204705989,31.903338737310346,0.1151292546497022,1.1335770841126549e-06
\mathrm{IM}_2,II,0.7,0.6,51200,102400,0.004641588833612777,base,,nan,finite_interior,1140798.3339709346,0.00039715483278239706,0.00392260204705989,31.903338737310346,0.16830150755453743,7.385729566047219e-07
\mathrm{IM}_2,II,0.7,0.6,51200,102400,0.004662021270279687,boundary_refinement,terminal,0.07500000000000001,finite_interior,1126679.3404492391,0.00039887064737268287,0.00392260204705989,31.903338737310346,0.1726938819745535,3.5944435812821985e-07
\mathrm{IM}_2,II,0.7,0.6,51200,102400,0.004938263397399515,boundary_refinement,terminal,0.1,finite_interior,964415.2804574493,0.00042205074024186665,0.00392260204705989,31.903338737310346,0.2302585092994046,2.0489267053716971e-07
\mathrm{IM}_2,II,0.7,0.6,51200,102400,0.00523087389960209,boundary_refinement,terminal,0.125,finite_interior,835490.7838299524,0.00044657138367099763,0.00392260204705989,31.903338737310346,0.2878231366242557,5.502145526801922e-07
\mathrm{IM}_2,II,0.7,0.6,51200,102400,0.005540822664086166,boundary_refinement,terminal,0.15,finite_interior,730728.3049935763,0.00047251116159995456,0.00392260204705989,31.903338737310346,0.3453877639491069,9.149095838092276e-07
\mathrm{IM}_2,II,0.7,0.6,51200,102400,0.005623413251903491,base,,nan,finite_interior,706920.9202365292,0.0004794177017118227,0.00392260204705989,31.903338737310346,0.360183598637375,1.1178261014056714e-06
\mathrm{IM}_2,II,0.7,0.6,51200,102400,0.005869137047480022,boundary_refinement,terminal,0.17500000000000002,finite_interior,644085.3446269445,0.0004999530609492905,0.00392260204705989,31.903338737310346,0.402952391273958,5.96922393936993e-07
\mathrm{IM}_2,II,0.7,0.6,51200,102400,0.006216905281119248,boundary_refinement,terminal,0.2,finite_interior,571398.5169210028,0.0005289847627753621,0.00392260204705989,31.903338737310346,0.4605170185988092,1.0086784094189826e-06
\mathrm{IM}_2,II,0.7,0.6,51200,102400,0.006585280078099923,boundary_refinement,terminal,0.225,finite_interior,509696.2322849436,0.0005596989358448185,0.00392260204705989,31.903338737310346,0.5180816459236602,6.134841025147103e-07
\mathrm{IM}_2,II,0.7,0.6,51200,102400,0.006812920690579608,base,,nan,finite_interior,477516.20004191465,0.0005786607643428165,0.00392260204705989,31.903338737310346,0.5520656897202115,4.841063745933708e-07
\mathrm{IM}_2,II,0.7,0.6,51200,102400,0.006975482454063132,boundary_refinement,terminal,0.25,finite_interior,456794.3541874319,0.0005921935386695413,0.00392260204705989,31.903338737310346,0.5756462732485114,1.1963367100306487e-06
\mathrm{IM}_2,II,0.7,0.6,51200,102400,0.008254041852680182,base,,nan,finite_interior,338780.8645208876,0.0006984122443732919,0.00392260204705989,31.903338737310346,0.743947780803049,7.24748305596282e-07
\mathrm{IM}_2,II,0.7,0.6,51200,102400,0.01,base,,nan,finite_interior,248072.11983156952,0.0008429190968742996,0.00392260204705989,31.903338737310346,0.9358298718858865,1.0282147744430459e-06
\mathrm{IM}_2,II,0.7,0.6,51200,102400,0.012115276586285882,base,,nan,finite_interior,185653.05909354854,0.001017295781795175,0.00392260204705989,31.903338737310346,1.1277119629687233,1.0150641659929286e-06
\mathrm{IM}_2,II,0.7,0.6,51200,102400,0.01467799267622069,base,,nan,finite_interior,141135.62286241906,0.001227701044609031,0.00392260204705989,31.903338737310346,1.3195940540515603,3.939220997967549e-07
\mathrm{IM}_2,II,0.7,0.6,51200,102400,0.01778279410038923,base,,nan,finite_interior,108546.18434689412,0.001481549194193732,0.00392260204705989,31.903338737310346,1.5114761451343979,9.149421760083693e-07
\mathrm{IM}_2,II,0.7,0.6,51200,102400,0.021544346900318832,base,,nan,finite_interior,84217.87692495872,0.0017877628423651985,0.00392260204705989,31.903338737310346,1.7033582362172348,3.006739256118534e-07
\mathrm{IM}_2,II,0.7,0.6,51200,102400,0.026101572156825358,base,,nan,finite_interior,65783.5533315143,0.0021570751453969654,0.00392260204705989,31.903338737310346,1.8952403273000717,8.096854023195614e-07
\mathrm{IM}_2,II,0.7,0.6,51200,102400,0.03162277660168379,base,,nan,finite_interior,51652.98555973889,0.0026023909705649093,0.00392260204705989,31.903338737310346,2.087122418382909,1.200703402044351e-06
\mathrm{IM}_2,II,0.7,0.6,51200,102400,0.03831186849557287,base,,nan,finite_interior,40723.31300998302,0.0031392180519757306,0.00392260204705989,31.903338737310346,2.2790045094657465,8.616215829012886e-07
\mathrm{IM}_2,II,0.7,0.6,51200,102400,0.046415888336127774,base,,nan,finite_interior,32209.19291620604,0.0037861811148027667,0.00392260204705989,31.903338737310346,2.470886600548583,3.469660703940938e-07
\mathrm{IM}_2,II,0.7,0.6,51200,102400,0.05623413251903491,base,,nan,finite_interior,25539.46165332804,0.004565634150008734,0.00392260204705989,31.903338737310346,2.662768691631421,1.042755432134868e-06
\mathrm{IM}_2,II,0.7,0.6,51200,102400,0.06812920690579612,base,,nan,finite_interior,20291.2266414835,0.0055043885449253295,0.00392260204705989,31.903338737310346,2.8546507827142578,9.079124314966641e-07
\mathrm{IM}_2,II,0.7,0.6,51200,102400,0.08254041852680181,base,,nan,finite_interior,16146.885343602937,0.006634577625745504,0.00392260204705989,31.903338737310346,3.0465328737970947,9.510674178528571e-07
\mathrm{IM}_2,II,0.7,0.6,51200,102400,0.1,base,,nan,finite_interior,12864.989595551759,0.007994681379868451,0.00392260204705989,31.903338737310346,3.238414964879932,8.927680751419307e-07
\mathrm{IM}_2,II,0.7,0.6,51200,102400,0.12115276586285877,base,,nan,finite_interior,10260.216591929899,0.009630738672499249,0.00392260204705989,31.903338737310346,3.4302970559627686,7.639076468408326e-07
\mathrm{IM}_2,II,0.7,0.6,51200,102400,0.1467799267622069,base,,nan,finite_interior,8189.158901826803,0.011597778150932396,0.00392260204705989,31.903338737310346,3.622179147045606,3.7937544936608527e-07
\mathrm{IM}_2,II,0.7,0.6,51200,102400,0.1778279410038923,base,,nan,finite_interior,6540.108014458614,0.01396150317415603,0.00392260204705989,31.903338737310346,3.8140612381284438,5.733789452157158e-07
\mathrm{IM}_2,II,0.7,0.6,51200,102400,0.21544346900318823,base,,nan,finite_interior,5225.589873809976,0.01680027042150375,0.00392260204705989,31.903338737310346,4.00594332921128,5.485551935192148e-07
\mathrm{IM}_2,II,0.7,0.6,51200,102400,0.2610157215682536,base,,nan,finite_interior,4176.79680035719,0.02020740614779347,0.00392260204705989,31.903338737310346,4.197825420294118,5.660596245025582e-07
\mathrm{IM}_2,II,0.7,0.6,51200,102400,0.31622776601683794,base,,nan,finite_interior,3339.4196426178974,0.02429390809687641,0.00392260204705989,31.903338737310346,4.3897075113769555,6.119846485272629e-07
\mathrm{IM}_2,II,0.7,0.6,51200,102400,0.3831186849557285,base,,nan,finite_interior,2670.468314914575,0.029191584461186998,0.00392260204705989,31.903338737310346,4.4221211223398456,6.754541200934277e-07
\mathrm{IM}_2,II,0.7,0.6,51200,102400,0.46415888336127775,base,,nan,finite_interior,2135.832299930933,0.035056683390919025,0.00392260204705989,31.903338737310346,4.230239031257009,8.577987993638509e-07
\mathrm{IM}_2,II,0.7,0.6,51200,102400,0.5623413251903491,base,,nan,finite_interior,1708.3984521531888,0.04207406655410026,0.00392260204705989,31.903338737310346,4.038356940174171,9.192765116011507e-07
\mathrm{IM}_2,II,0.7,0.6,51200,102400,0.6812920690579608,base,,nan,finite_interior,1366.5809984142281,0.05046197692197958,0.00392260204705989,31.903338737310346,3.8464748490913343,8.633447747817386e-07
\mathrm{IM}_2,II,0.7,0.6,51200,102400,0.8254041852680182,base,,nan,finite_interior,1093.1761216433406,0.06047744263968233,0.00392260204705989,31.903338737310346,3.654592758008497,8.000461293998631e-07
\mathrm{IM}_2,II,0.7,0.6,51200,102400,1.0,base,,nan,finite_interior,874.4585676223223,0.07242234318347054,0.00392260204705989,31.903338737310346,3.4627106669256595,9.284903079914861e-07
\mathrm{IM}_2,II,0.7,0.6,51200,102400,1.2115276586285877,base,,nan,finite_interior,699.4707711582547,0.0866501380332458,0.00392260204705989,31.903338737310346,3.270828575842823,8.402131855733935e-07
\mathrm{IM}_2,II,0.7,0.6,51200,102400,1.467799267622069,base,,nan,finite_interior,559.4573861969133,0.10357321594721053,0.00392260204705989,31.903338737310346,3.0789464847599857,1.0269494637952742e-06
\mathrm{IM}_2,II,0.7,0.6,51200,102400,1.7782794100389228,base,,nan,finite_interior,447.4240741983789,0.12367075649729853,0.00392260204705989,31.903338737310346,2.8870643936771483,9.341252146536027e-07
\mathrm{IM}_2,II,0.7,0.6,51200,102400,2.154434690031882,base,,nan,finite_interior,357.7888713286909,0.1474969747479998,0.00392260204705989,31.903338737310346,2.695182302594312,8.861969532117895e-07
\mathrm{IM}_2,II,0.7,0.6,51200,102400,2.610157215682536,base,,nan,finite_interior,286.0300605318076,0.1756891812540339,0.00392260204705989,31.903338737310346,2.503300211511474,8.77450838517119e-07
\mathrm{IM}_2,II,0.7,0.6,51200,102400,3.1622776601683795,base,,nan,finite_interior,228.57309177533844,0.20897473351404658,0.00392260204705989,31.903338737310346,2.3114181204286366,9.969533346157094e-07
\mathrm{IM}_2,II,0.7,0.6,51200,102400,3.831186849557285,base,,nan,finite_interior,182.77324356600928,0.24818004374838337,0.00392260204705989,31.903338737310346,2.1195360293458,8.97810946202757e-07
\mathrm{IM}_2,II,0.7,0.6,51200,102400,4.6415888336127775,base,,nan,finite_interior,146.26782877140218,0.29424023737816746,0.00392260204705989,31.903338737310346,1.9276539382629627,4.037025849075854e-07
\mathrm{IM}_2,II,0.7,0.6,51200,102400,5.623413251903491,base,,nan,finite_interior,116.6060489820403,0.3481797049371588,0.00392260204705989,31.903338737310346,1.7357718471801253,3.860124681071674e-07
\mathrm{IM}_2,II,0.7,0.6,51200,102400,6.812920690579608,base,,nan,finite_interior,92.16001787155427,0.41104982124365674,0.00392260204705989,31.903338737310346,1.5438897560972888,1.912398286792977e-07
\mathrm{IM}_2,II,0.7,0.6,51200,102400,8.254041852680182,base,,nan,finite_interior,73.00590541385016,0.48395593072604504,0.00392260204705989,31.903338737310346,1.3520076650144512,2.7908383012749214e-06
\mathrm{IM}_2,II,0.7,0.6,51200,102400,10.0,base,,nan,finite_interior,59.062063806859754,0.5683211490600493,0.00392260204705989,31.903338737310346,1.1601255739316139,1.5555619709006077e-06
\mathrm{IM}_2,II,0.7,0.6,51200,102400,12.115276586285876,base,,nan,finite_interior,48.645212221559916,0.6659387846501065,0.00392260204705989,31.903338737310346,0.9682434828487774,6.133463260314207e-07
\mathrm{IM}_2,II,0.7,0.6,51200,102400,14.677992676220676,base,,nan,finite_interior,40.08129115890388,0.7785709359616959,0.00392260204705989,31.903338737310346,0.7763613917659409,1.5935895161444294e-07
\mathrm{IM}_2,II,0.7,0.6,51200,102400,17.78279410038923,base,,nan,finite_interior,32.26290159053075,0.9072778324475128,0.00392260204705989,31.903338737310346,0.5844793006831024,1.484056233415336e-06
\mathrm{IM}_2,II,0.7,0.6,51200,102400,17.940565783535696,boundary_refinement,zero,-0.25,finite_interior,31.90669415355119,0.9135857413430277,0.00392260204705989,31.903338737310346,0.5756462732485115,8.220277618178138e-07
\mathrm{IM}_2,II,0.7,0.6,51200,102400,19.003611137998394,boundary_refinement,zero,-0.225,finite_interior,29.57325807669355,0.955467915683138,0.00392260204705989,31.903338737310346,0.5180816459236602,1.5448293235439817e-06
\mathrm{IM}_2,II,0.7,0.6,51200,102400,20.12964588974542,boundary_refinement,zero,-0.2,finite_interior,27.200924243220292,0.9985998844676987,0.00392260204705989,31.903338737310346,0.4605170185988091,4.697239928619812e-07
\mathrm{IM}_2,II,0.7,0.6,51200,102400,21.322402395212535,boundary_refinement,zero,-0.17500000000000002,finite_interior,24.760969918719614,1.0427920034374698,0.00392260204705989,31.903338737310346,0.4029523912739581,2.6871261695335934e-07
\mathrm{IM}_2,II,0.7,0.6,51200,102400,21.54434690031882,base,,nan,finite_interior,24.3123249050918,1.0508332191330354,0.00392260204705989,31.903338737310346,0.39259720960026595,1.469453035668938e-06
\mathrm{IM}_2,II,0.7,0.6,51200,102400,22.585834166858024,boundary_refinement,zero,-0.15,finite_interior,22.21859273100225,1.087743500491042,0.00392260204705989,31.903338737310346,0.34538776394910686,1.3478503946121218e-06
\mathrm{IM}_2,II,0.7,0.6,51200,102400,23.92412897748085,boundary_refinement,zero,-0.125,finite_interior,19.528986075036148,1.132980803581998,0.00392260204705989,31.903338737310346,0.2878231366242556,1.0303053166231062e-06
\mathrm{IM}_2,II,0.7,0.6,51200,102400,25.341722741018515,boundary_refinement,zero,-0.1,finite_interior,16.631019326662905,1.1777489568319979,0.00392260204705989,31.903338737310346,0.23025850929940458,6.129257541813783e-07
\mathrm{IM}_2,II,0.7,0.6,51200,102400,26.10157215682533,base,,nan,finite_interior,15.03545373135499,1.200167360870665,0.00392260204705989,31.903338737310346,0.20071511851742957,4.4861974870994494e-07
\mathrm{IM}_2,II,0.7,0.6,51200,102400,26.843314215833875,boundary_refinement,zero,-0.07500000000000001,finite_interior,13.435604468382262,1.220805892849914,0.00392260204705989,31.903338737310346,0.17269388197455351,1.745322969404447e-07
\mathrm{IM}_2,II,0.7,0.6,51200,102400,28.43388057922651,boundary_refinement,zero,-0.05,finite_interior,9.802483587552013,1.2599932958172853,0.00392260204705989,31.903338737310346,0.11512925464970225,7.92503681268499e-08
\mathrm{IM}_2,II,0.7,0.6,51200,102400,30.11869392479185,boundary_refinement,zero,-0.025,finite_interior,5.487551438663583,1.2912147661538884,0.00392260204705989,31.903338737310346,0.05756462732485113,3.867422710954193e-07
\mathrm{IM}_2,II,0.7,0.6,51200,102400,31.622776601683793,base,,nan,finite_interior,0.9522922224676146,1.3050520194699406,0.00392260204705989,31.903338737310346,0.008833027434590945,4.000121128032256e-06
\mathrm{IM}_2,II,0.7,0.6,51200,102400,33.79373040308889,boundary_refinement,zero,0.025,no_training,0.0,1.3054778030555496,0.00392260204705989,31.903338737310346,0.057564627324851146,0.0
\mathrm{IM}_2,II,0.7,0.6,51200,102400,35.79613481710891,boundary_refinement,zero,0.05,no_training,0.0,1.3054778030555496,0.00392260204705989,31.903338737310346,0.1151292546497022,0.0
\mathrm{IM}_2,II,0.7,0.6,51200,102400,37.917189151971066,boundary_refinement,zero,0.07500000000000001,no_training,0.0,1.3054778030555496,0.00392260204705989,31.903338737310346,0.1726938819745535,0.0
\mathrm{IM}_2,II,0.7,0.6,51200,102400,38.31186849557285,base,,nan,no_training,0.0,1.3054778030555496,0.00392260204705989,31.903338737310346,0.1830490636482456,0.0
\mathrm{IM}_2,II,0.7,0.6,51200,102400,40.163923857477236,boundary_refinement,zero,0.1,no_training,0.0,1.3054778030555496,0.00392260204705989,31.903338737310346,0.2302585092994046,0.0
\mathrm{IM}_2,II,0.7,0.6,51200,102400,42.54378596376974,boundary_refinement,zero,0.125,no_training,0.0,1.3054778030555496,0.00392260204705989,31.903338737310346,0.2878231366242557,0.0
\mathrm{IM}_2,II,0.7,0.6,51200,102400,45.064663765268364,boundary_refinement,zero,0.15,no_training,0.0,1.3054778030555496,0.00392260204705989,31.903338737310346,0.3453877639491069,0.0
\mathrm{IM}_2,II,0.7,0.6,51200,102400,46.41588833612773,base,,nan,no_training,0.0,1.3054778030555496,0.00392260204705989,31.903338737310346,0.37493115473108196,0.0
\mathrm{IM}_2,II,0.7,0.6,51200,102400,47.7349129672225,boundary_refinement,zero,0.17500000000000002,no_training,0.0,1.3054778030555496,0.00392260204705989,31.903338737310346,0.402952391273958,0.0
\mathrm{IM}_2,II,0.7,0.6,51200,102400,50.563384381544104,boundary_refinement,zero,0.2,no_training,0.0,1.3054778030555496,0.00392260204705989,31.903338737310346,0.4605170185988092,0.0
\mathrm{IM}_2,II,0.7,0.6,51200,102400,53.559453263721736,boundary_refinement,zero,0.225,no_training,0.0,1.3054778030555496,0.00392260204705989,31.903338737310346,0.5180816459236602,0.0
\mathrm{IM}_2,II,0.7,0.6,51200,102400,56.23413251903491,base,,nan,no_training,0.0,1.3054778030555496,0.00392260204705989,31.903338737310346,0.5668132458139206,0.0
\mathrm{IM}_2,II,0.7,0.6,51200,102400,56.73305038805615,boundary_refinement,zero,0.25,no_training,0.0,1.3054778030555496,0.00392260204705989,31.903338737310346,0.5756462732485114,0.0
\mathrm{IM}_2,II,0.7,0.6,51200,102400,68.12920690579608,base,,nan,no_training,0.0,1.3054778030555496,0.00392260204705989,31.903338737310346,0.7586953368967569,0.0
\mathrm{IM}_2,II,0.7,0.6,51200,102400,82.54041852680173,base,,nan,no_training,0.0,1.3054778030555496,0.00392260204705989,31.903338737310346,0.9505774279795934,0.0
\mathrm{IM}_2,II,0.7,0.6,51200,102400,100.0,base,,nan,no_training,0.0,1.3054778030555496,0.00392260204705989,31.903338737310346,1.1424595190624318,0.0
\mathrm{IM}_2,II,0.7,0.6,51200,102400,121.15276586285876,base,,nan,no_training,0.0,1.3054778030555496,0.00392260204705989,31.903338737310346,1.3343416101452683,0.0
\mathrm{IM}_2,II,0.7,0.6,51200,102400,146.77992676220674,base,,nan,no_training,0.0,1.3054778030555496,0.00392260204705989,31.903338737310346,1.5262237012281046,0.0
\mathrm{IM}_2,II,0.7,0.6,51200,102400,177.82794100389228,base,,nan,no_training,0.0,1.3054778030555496,0.00392260204705989,31.903338737310346,1.7181057923109433,0.0
\mathrm{IM}_2,II,0.7,0.6,51200,102400,215.44346900318823,base,,nan,no_training,0.0,1.3054778030555496,0.00392260204705989,31.903338737310346,1.9099878833937798,0.0
\mathrm{IM}_2,II,0.7,0.6,51200,102400,261.0157215682533,base,,nan,no_training,0.0,1.3054778030555496,0.00392260204705989,31.903338737310346,2.101869974476616,0.0
\mathrm{IM}_2,II,0.7,0.6,51200,102400,316.22776601683796,base,,nan,no_training,0.0,1.3054778030555496,0.00392260204705989,31.903338737310346,2.2937520655594548,0.0
\mathrm{IM}_2,II,0.7,0.6,51200,102400,383.1186849557285,base,,nan,no_training,0.0,1.3054778030555496,0.00392260204705989,31.903338737310346,2.4856341566422913,0.0
\mathrm{IM}_2,II,0.7,0.6,51200,102400,464.1588833612773,base,,nan,no_training,0.0,1.3054778030555496,0.00392260204705989,31.903338737310346,2.6775162477251278,0.0
\mathrm{IM}_2,II,0.7,0.6,51200,102400,562.341325190349,base,,nan,no_training,0.0,1.3054778030555496,0.00392260204705989,31.903338737310346,2.869398338807966,0.0
\mathrm{IM}_2,II,0.7,0.6,51200,102400,681.2920690579608,base,,nan,no_training,0.0,1.3054778030555496,0.00392260204705989,31.903338737310346,3.0612804298908025,0.0
\mathrm{IM}_2,II,0.7,0.6,51200,102400,825.4041852680173,base,,nan,no_training,0.0,1.3054778030555496,0.00392260204705989,31.903338737310346,3.253162520973639,0.0
\mathrm{IM}_2,II,0.7,0.6,51200,102400,1000.0,base,,nan,no_training,0.0,1.3054778030555496,0.00392260204705989,31.903338737310346,3.4450446120564777,0.0
\mathrm{IM}_3,III,0.6,0.7,3200,6400,0.001,base,,nan,terminal_infimum,inf,0.00040647836269303565,0.034535719994258786,28.978847474146566,3.541994150572023,0.0
\mathrm{IM}_3,III,0.6,0.7,3200,6400,0.001211527658628589,base,,nan,terminal_infimum,inf,0.0004353068151468271,0.034535719994258786,28.978847474146566,3.3501120594891853,0.0
\mathrm{IM}_3,III,0.6,0.7,3200,6400,0.0014677992676220691,base,,nan,terminal_infimum,inf,0.0004702332826500544,0.034535719994258786,28.978847474146566,3.158229968406349,0.0
\mathrm{IM}_3,III,0.6,0.7,3200,6400,0.0017782794100389228,base,,nan,terminal_infimum,inf,0.0005125476640484071,0.034535719994258786,28.978847474146566,2.9663478773235115,0.0
\mathrm{IM}_3,III,0.6,0.7,3200,6400,0.0021544346900318843,base,,nan,terminal_infimum,inf,0.0005638127074702705,0.034535719994258786,28.978847474146566,2.774465786240674,0.0
\mathrm{IM}_3,III,0.6,0.7,3200,6400,0.0026101572156825357,base,,nan,terminal_infimum,inf,0.0006259217254966532,0.034535719994258786,28.978847474146566,2.5825836951578376,0.0
\mathrm{IM}_3,III,0.6,0.7,3200,6400,0.0031622776601683794,base,,nan,terminal_infimum,inf,0.0007011685186858779,0.034535719994258786,28.978847474146566,2.390701604075,0.0
\mathrm{IM}_3,III,0.6,0.7,3200,6400,0.003831186849557285,base,,nan,terminal_infimum,inf,0.0007923320898577283,0.034535719994258786,28.978847474146566,2.1988195129921637,0.0
\mathrm{IM}_3,III,0.6,0.7,3200,6400,0.004641588833612777,base,,nan,terminal_infimum,inf,0.0009027792777917816,0.034535719994258786,28.978847474146566,2.0069374219093263,0.0
\mathrm{IM}_3,III,0.6,0.7,3200,6400,0.005623413251903491,base,,nan,terminal_infimum,inf,0.0010365891007916368,0.034535719994258786,28.978847474146566,1.8150553308264887,0.0
\mathrm{IM}_3,III,0.6,0.7,3200,6400,0.006812920690579608,base,,nan,terminal_infimum,inf,0.0011987034023521563,0.034535719994258786,28.978847474146566,1.6231732397436522,0.0
\mathrm{IM}_3,III,0.6,0.7,3200,6400,0.008254041852680182,base,,nan,terminal_infimum,inf,0.0013951093625519826,0.034535719994258786,28.978847474146566,1.4312911486608146,0.0
\mathrm{IM}_3,III,0.6,0.7,3200,6400,0.01,base,,nan,terminal_infimum,inf,0.0016330606156535778,0.034535719994258786,28.978847474146566,1.2394090575779773,0.0
\mathrm{IM}_3,III,0.6,0.7,3200,6400,0.012115276586285882,base,,nan,terminal_infimum,inf,0.0019213451401914913,0.034535719994258786,28.978847474146566,1.0475269664951403,0.0
\mathrm{IM}_3,III,0.6,0.7,3200,6400,0.01467799267622069,base,,nan,terminal_infimum,inf,0.0022706098152237655,0.034535719994258786,28.978847474146566,0.8556448754123034,0.0
\mathrm{IM}_3,III,0.6,0.7,3200,6400,0.01778279410038923,base,,nan,terminal_infimum,inf,0.002693753629207293,0.034535719994258786,28.978847474146566,0.6637627843294659,0.0
\mathrm{IM}_3,III,0.6,0.7,3200,6400,0.01942086254797432,boundary_refinement,terminal,-0.25,terminal_infimum,inf,0.0029170009277564592,0.034535719994258786,28.978847474146566,0.5756462732485115,0.0
\mathrm{IM}_3,III,0.6,0.7,3200,6400,0.020571621000097892,boundary_refinement,terminal,-0.225,terminal_infimum,inf,0.003073834249403028,0.034535719994258786,28.978847474146566,0.5180816459236602,0.0
\mathrm{IM}_3,III,0.6,0.7,3200,6400,0.021544346900318832,base,,nan,terminal_infimum,inf,0.003206404063425925,0.034535719994258786,28.978847474146566,0.47188069324662896,0.0
\mathrm{IM}_3,III,0.6,0.7,3200,6400,0.02179056617728904,boundary_refinement,terminal,-0.2,terminal_infimum,inf,0.003239960529589084,0.034535719994258786,28.978847474146566,0.4605170185988091,0.0
\mathrm{IM}_3,III,0.6,0.7,3200,6400,0.023081738397015647,boundary_refinement,terminal,-0.17500000000000002,terminal_infimum,inf,0.0034159304107260094,0.034535719994258786,28.978847474146566,0.4029523912739581,0.0
\mathrm{IM}_3,III,0.6,0.7,3200,6400,0.024449417380606492,boundary_refinement,terminal,-0.15,terminal_infimum,inf,0.003602327162839303,0.034535719994258786,28.978847474146566,0.34538776394910686,0.0
\mathrm{IM}_3,III,0.6,0.7,3200,6400,0.02589813643882178,boundary_refinement,terminal,-0.125,terminal_infimum,inf,0.0037997686168762565,0.034535719994258786,28.978847474146566,0.2878231366242556,0.0
\mathrm{IM}_3,III,0.6,0.7,3200,6400,0.026101572156825358,base,,nan,terminal_infimum,inf,0.0038274942436897536,0.034535719994258786,28.978847474146566,0.279998602163792,0.0
\mathrm{IM}_3,III,0.6,0.7,3200,6400,0.027432697497971656,boundary_refinement,terminal,-0.1,terminal_infimum,inf,0.0040089092125693195,0.034535719994258786,28.978847474146566,0.23025850929940458,0.0
\mathrm{IM}_3,III,0.6,0.7,3200,6400,0.029058187016388164,boundary_refinement,terminal,-0.07500000000000001,terminal_infimum,inf,0.004230442167642994,0.034535719994258786,28.978847474146566,0.17269388197455351,0.0
\mathrm{IM}_3,III,0.6,0.7,3200,6400,0.0307799928440075,boundary_refinement,terminal,-0.05,terminal_infimum,inf,0.004465101775554318,0.034535719994258786,28.978847474146566,0.11512925464970225,0.0
\mathrm{IM}_3,III,0.6,0.7,3200,6400,0.03162277660168379,base,,nan,terminal_infimum,inf,0.004579962175582,0.034535719994258786,28.978847474146566,0.08811651108095452,0.0
\mathrm{IM}_3,III,0.6,0.7,3200,6400,0.032603822080945234,boundary_refinement,terminal,-0.025,terminal_infimum,inf,0.004713665839383029,0.034535719994258786,28.978847474146566,0.05756462732485113,0.0
\mathrm{IM}_3,III,0.6,0.7,3200,6400,0.032792045999915996,terminal_near_refinement,terminal,-0.0225,terminal_infimum,inf,0.004739318297004386,0.034535719994258786,28.978847474146566,0.05180816459236597,0.0
\mathrm{IM}_3,III,0.6,0.7,3200,6400,0.03298135654742941,terminal_near_refinement,terminal,-0.02,terminal_infimum,inf,0.004765118847879741,0.034535719994258786,28.978847474146566,0.04605170185988087,0.0
\mathrm{IM}_3,III,0.6,0.7,3200,6400,0.03317175999666051,terminal_near_refinement,terminal,-0.0175,terminal_infimum,inf,0.00479106834696078,0.034535719994258786,28.978847474146566,0.040295239127395764,0.0
\mathrm{IM}_3,III,0.6,0.7,3200,6400,0.03336326265699977,terminal_near_refinement,terminal,-0.015,terminal_infimum,inf,0.004817167654134875,0.034535719994258786,28.978847474146566,0.034538776394910715,0.0
\mathrm{IM}_3,III,0.6,0.7,3200,6400,0.03355587087426217,terminal_near_refinement,terminal,-0.0125,terminal_infimum,inf,0.00484341763425359,0.034535719994258786,28.978847474146566,0.028782313662425615,0.0
\mathrm{IM}_3,III,0.6,0.7,3200,6400,0.03374959103089748,terminal_near_refinement,terminal,-0.01,terminal_infimum,inf,0.004869819157161325,0.034535719994258786,28.978847474146566,0.02302585092994047,0.0
\mathrm{IM}_3,III,0.6,0.7,3200,6400,0.033944429546201756,terminal_near_refinement,terminal,-0.0075,terminal_infimum,inf,0.004896373097724147,0.034535719994258786,28.978847474146566,0.01726938819745522,0.0
\mathrm{IM}_3,III,0.6,0.7,3200,6400,0.03414039287653004,terminal_near_refinement,terminal,-0.005,terminal_infimum,inf,0.004923080335858782,0.034535719994258786,28.978847474146566,0.01151292546497021,0.0
\mathrm{IM}_3,III,0.6,0.7,3200,6400,0.03433748751551034,terminal_near_refinement,terminal,-0.0025,terminal_infimum,inf,0.004949941756561771,0.034535719994258786,28.978847474146566,0.005756462732485202,0.0
\mathrm{IM}_3,III,0.6,0.7,3200,6400,0.03436304139428749,terminal_ultra_near_refinement,terminal,-0.002176919254274547,terminal_infimum,inf,0.004953424415917588,0.034535719994258786,28.978847474146566,0.005012541823544398,0.0
\mathrm{IM}_3,III,0.6,0.7,3200,6400,0.03439757711428175,terminal_ultra_near_refinement,terminal,-0.00174066157630127,terminal_infimum,inf,0.00495813118272183,0.034535719994258786,28.978847474146566,0.004008021397538822,0.0
\mathrm{IM}_3,III,0.6,0.7,3200,6400,0.03443211283427601,terminal_ultra_near_refinement,terminal,-0.0013048416883442813,terminal_infimum,inf,0.004962837949526072,0.034535719994258786,28.978847474146566,0.0030045090202987243,0.0
\mathrm{IM}_3,III,0.6,0.7,3200,6400,0.03446664855427027,terminal_ultra_near_refinement,terminal,-0.0008694587126288914,terminal_infimum,inf,0.004967544716330314,0.034535719994258786,28.978847474146566,0.002002002670672968,0.0
\mathrm{IM}_3,III,0.6,0.7,3200,6400,0.034501184274264525,terminal_ultra_near_refinement,terminal,-0.0004345117740176917,terminal_infimum,inf,0.004972251483134554,0.034535719994258786,28.978847474146566,0.0010005003335836456,0.0
\mathrm{IM}_3,III,0.6,0.7,3200,6400,0.034518452134261655,terminal_extreme_near_refinement,terminal,-0.00021720154586423186,terminal_infimum,inf,0.0049746048665366745,0.034535719994258786,28.978847474146566,0.0005001250416823539,0.0
\mathrm{IM}_3,III,0.6,0.7,3200,6400,0.03452190570626108,terminal_extreme_near_refinement,terminal,-0.00017375254558756316,terminal_infimum,inf,0.004975075543217099,0.034535719994258786,28.978847474146566,0.00040008002133969133,0.0
\mathrm{IM}_3,III,0.6,0.7,3200,6400,0.03452535927826051,terminal_extreme_near_refinement,terminal,-0.00013030789173217684,terminal_infimum,inf,0.004975546219897523,0.034535719994258786,28.978847474146566,0.00030004500900199243,0.0
\mathrm{IM}_3,III,0.6,0.7,3200,6400,0.03452881285025994,terminal_extreme_near_refinement,terminal,-8.686758342857122e-05,terminal_infimum,inf,0.004976016896577949,0.034535719994258786,28.978847474146566,0.00020002000266693365,0.0
\mathrm{IM}_3,III,0.6,0.7,3200,6400,0.03453226642225936,terminal_extreme_near_refinement,terminal,-4.3431619807505604e-05,terminal_infimum,inf,0.004976487573258371,0.034535719994258786,28.978847474146566,0.00010000500033345836,0.0
\mathrm{IM}_3,III,0.6,0.7,3200,6400,0.03453917356625821,terminal_extreme_near_refinement,terminal,4.342727686266486e-05,finite_interior,13671.314653998337,0.0049773858120241285,0.034535719994258786,28.978847474146566,9.999500033329732e-05,1.1137347362207256e-06
\mathrm{IM}_3,III,0.6,0.7,3200,6400,0.034542627138257634,terminal_extreme_near_refinement,terminal,8.685021164894766e-05,finite_interior,13667.034656596914,0.004977813365753534,0.034535719994258786,28.978847474146566,0.0001999800026662447,1.2325208399302196e-06
\mathrm{IM}_3,III,0.6,0.7,3200,6400,0.03454608071025706,terminal_extreme_near_refinement,terminal,0.00013026880522704667,finite_interior,13662.75791570077,0.004978240911130028,0.034535719994258786,28.978847474146566,0.00029995500899794244,1.2067379826459231e-06
\mathrm{IM}_3,III,0.6,0.7,3200,6400,0.03454953428225649,terminal_extreme_near_refinement,terminal,0.0001736830584648997,finite_interior,13658.484451899558,0.004978668448156614,0.034535719994258786,28.978847474146566,0.0003999200213268913,1.0382270627258943e-06
\mathrm{IM}_3,III,0.6,0.7,3200,6400,0.034552987854255916,terminal_extreme_near_refinement,terminal,0.00021709297223018438,finite_interior,13654.214256766361,0.004979095976836295,0.034535719994258786,28.978847474146566,0.0004998750416509929,1.1506436982643437e-06
\mathrm{IM}_3,III,0.6,0.7,3200,6400,0.03457025571425304,terminal_ultra_near_refinement,terminal,0.0004340774793185929,finite_interior,13632.904661722212,0.004981233495066319,0.034535719994258786,28.978847474146566,0.0009995003330834232,9.70987927096013e-07
\mathrm{IM}_3,III,0.6,0.7,3200,6400,0.0346047914342473,terminal_ultra_near_refinement,terminal,0.0008677215312269133,finite_interior,13590.545369237207,0.004985507907253044,0.034535719994258786,28.978847474146566,0.001998002662673058,1.0597683781289128e-06
\mathrm{IM}_3,III,0.6,0.7,3200,6400,0.03463932715424156,terminal_ultra_near_refinement,terminal,0.001300933020418072,finite_interior,13548.497329385635,0.004989781489518765,0.034535719994258786,28.978847474146566,0.002995508979798371,1.352771407891416e-06
\mathrm{IM}_3,III,0.6,0.7,3200,6400,0.03467386287423582,terminal_ultra_near_refinement,terminal,0.0017337128090005314,finite_interior,13506.765199279576,0.004994054244793096,0.034535719994258786,28.978847474146566,0.003992021269537457,1.1548673243384604e-06
\mathrm{IM}_3,III,0.6,0.7,3200,6400,0.034708398594230076,terminal_ultra_near_refinement,terminal,0.0021660617565076304,finite_interior,13465.344881063897,0.00499832617596112,0.034535719994258786,28.978847474146566,0.004987541511038968,6.100271039410002e-07
\mathrm{IM}_3,III,0.6,0.7,3200,6400,0.03473509688159603,terminal_near_refinement,terminal,0.0025,finite_interior,13433.530141028796,0.005001628084897947,0.034535719994258786,28.978847474146566,0.00575646273248517,1.5922169034083238e-07
\mathrm{IM}_3,III,0.6,0.7,3200,6400,0.03493562478426497,terminal_near_refinement,terminal,0.005,finite_interior,13200.261528230489,0.0050264128054079045,0.034535719994258786,28.978847474146566,0.011512925464970295,1.118614087152047e-06
\mathrm{IM}_3,III,0.6,0.7,3200,6400,0.03513731034714961,terminal_near_refinement,terminal,0.0075,finite_interior,12975.25921658377,0.0050513133061331,0.034535719994258786,28.978847474146566,0.017269388197455236,4.371409123696382e-07
\mathrm{IM}_3,III,0.6,0.7,3200,6400,0.03534016025349534,terminal_near_refinement,terminal,0.01,finite_interior,12758.015277784976,0.005076330468786527,0.034535719994258786,28.978847474146566,0.023025850929940427,1.1226304165889438e-06
\mathrm{IM}_3,III,0.6,0.7,3200,6400,0.0355441812251303,terminal_near_refinement,terminal,0.0125,finite_interior,12548.069532762818,0.005101465167647537,0.034535719994258786,28.978847474146566,0.02878231366242563,8.367542799891616e-07
\mathrm{IM}_3,III,0.6,0.7,3200,6400,0.035749380022688175,terminal_near_refinement,terminal,0.015,finite_interior,12345.01442285757,0.005126718266298483,0.034535719994258786,28.978847474146566,0.03453877639491076,1.1225126138102975e-06
\mathrm{IM}_3,III,0.6,0.7,3200,6400,0.03595576344583224,terminal_near_refinement,terminal,0.0175,finite_interior,12148.45222123757,0.005152090623004024,0.034535719994258786,28.978847474146566,0.04029523912739586,6.036529631310029e-07
\mathrm{IM}_3,III,0.6,0.7,3200,6400,0.03616333833348063,terminal_near_refinement,terminal,0.02,finite_interior,11958.05104320194,0.005177583087256836,0.034535719994258786,28.978847474146566,0.046051701859880986,1.1247583114865847e-06
\mathrm{IM}_3,III,0.6,0.7,3200,6400,0.036372111564032986,terminal_near_refinement,terminal,0.0225,finite_interior,11773.469705190953,0.005203196504946665,0.034535719994258786,28.978847474146566,0.05180816459236611,4.880013708711408e-07
\mathrm{IM}_3,III,0.6,0.7,3200,6400,0.0365820900555984,boundary_refinement,terminal,0.025,finite_interior,11594.422443215668,0.005228931714580689,0.034535719994258786,28.978847474146566,0.057564627324851146,1.0533940855861483e-06
\mathrm{IM}_3,III,0.6,0.7,3200,6400,0.03831186849557287,base,,nan,finite_interior,10327.904125228823,0.005439992467577206,0.034535719994258786,28.978847474146566,0.10376558000188266,9.838106072926855e-07
\mathrm{IM}_3,III,0.6,0.7,3200,6400,0.038749715166163656,boundary_refinement,terminal,0.05,finite_interior,10055.638843278508,0.005493164624336666,0.034535719994258786,28.978847474146566,0.1151292546497022,2.2550887708848224e-07
\mathrm{IM}_3,III,0.6,0.7,3200,6400,0.04104578013931774,boundary_refinement,terminal,0.07500000000000001,finite_interior,8856.934410077743,0.005770481514144076,0.034535719994258786,28.978847474146566,0.1726938819745535,8.471694640675411e-08
\mathrm{IM}_3,III,0.6,0.7,3200,6400,0.043477895515380297,boundary_refinement,terminal,0.1,finite_interior,7890.243020931588,0.006061702002120442,0.034535719994258786,28.978847474146566,0.2302585092994046,9.942623706725717e-07
\mathrm{IM}_3,III,0.6,0.7,3200,6400,0.04605412278753552,boundary_refinement,terminal,0.125,finite_interior,7090.975193910468,0.006367660270535397,0.034535719994258786,28.978847474146566,0.2878231366242557,2.971513680548278e-07
\mathrm{IM}_3,III,0.6,0.7,3200,6400,0.046415888336127774,base,,nan,finite_interior,6992.779710780439,0.006410432635382387,0.034535719994258786,28.978847474146566,0.2956476710847195,1.1399776379479236e-06
\mathrm{IM}_3,III,0.6,0.7,3200,6400,0.04878300112246927,boundary_refinement,terminal,0.15,finite_interior,6417.475084465108,0.006689215812322063,0.034535719994258786,28.978847474146566,0.3453877639491069,1.6426913946556888e-07
\mathrm{IM}_3,III,0.6,0.7,3200,6400,0.05167357566430344,boundary_refinement,terminal,0.17500000000000002,finite_interior,5841.39672998597,0.007027260427007129,0.034535719994258786,28.978847474146566,0.402952391273958,1.354054257529153e-07
\mathrm{IM}_3,III,0.6,0.7,3200,6400,0.05473542751564392,boundary_refinement,terminal,0.2,finite_interior,5342.611209336574,0.007382723385468987,0.034535719994258786,28.978847474146566,0.4605170185988092,9.206358619528103e-07
\mathrm{IM}_3,III,0.6,0.7,3200,6400,0.05623413251903491,base,,nan,finite_interior,5130.85562186783,0.0075558062227457975,0.034535719994258786,28.978847474146566,0.48752976216755695,3.409806788377361e-07
\mathrm{IM}_3,III,0.6,0.7,3200,6400,0.05797870549511729,boundary_refinement,terminal,0.225,finite_interior,4906.3591780158085,0.007756575649533076,0.034535719994258786,28.978847474146566,0.5180816459236602,1.0421974612291437e-06
\mathrm{IM}_3,III,0.6,0.7,3200,6400,0.06141415977665994,boundary_refinement,terminal,0.25,finite_interior,4521.532896905389,0.008149833576411416,0.034535719994258786,28.978847474146566,0.5756462732485114,1.0762372909670784e-07
\mathrm{IM}_3,III,0.6,0.7,3200,6400,0.06812920690579612,base,,nan,finite_interior,3931.552197966379,0.008911179389350637,0.034535719994258786,28.978847474146566,0.6794118532503939,1.1246213844572386e-06
\mathrm{IM}_3,III,0.6,0.7,3200,6400,0.08254041852680181,base,,nan,finite_interior,3095.7767075613997,0.010517372121600572,0.034535719994258786,28.978847474146566,0.8712939443332308,8.270617959800864e-07
\mathrm{IM}_3,III,0.6,0.7,3200,6400,0.1,base,,nan,finite_interior,2483.2716727725037,0.012422376446072945,0.034535719994258786,28.978847474146566,1.0631760354160684,1.0073278568597796e-06
\mathrm{IM}_3,III,0.6,0.7,3200,6400,0.12115276586285877,base,,nan,finite_interior,2018.4984110846924,0.014682781382921575,0.034535719994258786,28.978847474146566,1.255058126498905,8.341763584106066e-07
\mathrm{IM}_3,III,0.6,0.7,3200,6400,0.1467799267622069,base,,nan,finite_interior,1656.8139233432278,0.017365356276134784,0.034535719994258786,28.978847474146566,1.4469402175817423,1.128587307926516e-06
\mathrm{IM}_3,III,0.6,0.7,3200,6400,0.1778279410038923,base,,nan,finite_interior,1369.9864578213028,0.02054885837157221,0.034535719994258786,28.978847474146566,1.63882230866458,1.0812704302796016e-06
\mathrm{IM}_3,III,0.6,0.7,3200,6400,0.21544346900318823,base,,nan,finite_interior,1139.2157589888013,0.024326111522716506,0.034535719994258786,28.978847474146566,1.8307043997474164,2.0499739072474522e-07
\mathrm{IM}_3,III,0.6,0.7,3200,6400,0.2610157215682536,base,,nan,finite_interior,951.4538943694857,0.02880639875255848,0.034535719994258786,28.978847474146566,2.0225864908302538,1.0182382524968154e-06
\mathrm{IM}_3,III,0.6,0.7,3200,6400,0.31622776601683794,base,,nan,finite_interior,797.3364067827874,0.03411821106518467,0.034535719994258786,28.978847474146566,2.214468581913091,8.504802611919956e-07
\mathrm{IM}_3,III,0.6,0.7,3200,6400,0.3831186849557285,base,,nan,finite_interior,669.9542330923827,0.0404123949447613,0.034535719994258786,28.978847474146566,2.4063506729959276,9.829960765062438e-07
\mathrm{IM}_3,III,0.6,0.7,3200,6400,0.46415888336127775,base,,nan,finite_interior,564.0873008556889,0.04786574120750572,0.034535719994258786,28.978847474146566,2.5982327640787655,5.838637737309514e-08
\mathrm{IM}_3,III,0.6,0.7,3200,6400,0.5623413251903491,base,,nan,finite_interior,475.71437735855056,0.05668505448901202,0.034535719994258786,28.978847474146566,2.790114855161603,1.1201997930038835e-06
\mathrm{IM}_3,III,0.6,0.7,3200,6400,0.6812920690579608,base,,nan,finite_interior,401.6874530268803,0.06711174019871874,0.034535719994258786,28.978847474146566,2.981996946244439,9.446300412206337e-07
\mathrm{IM}_3,III,0.6,0.7,3200,6400,0.8254041852680182,base,,nan,finite_interior,339.5059852505297,0.07942694017461881,0.034535719994258786,28.978847474146566,3.1738790373272767,7.890875007278151e-07
\mathrm{IM}_3,III,0.6,0.7,3200,6400,1.0,base,,nan,finite_interior,287.15408665819587,0.09395720670328402,0.034535719994258786,28.978847474146566,3.365761128410114,3.55677461538463e-07
\mathrm{IM}_3,III,0.6,0.7,3200,6400,1.2115276586285877,base,,nan,finite_interior,242.99435513601236,0.11108065468244067,0.034535719994258786,28.978847474146566,3.174684075320678,1.133419934562272e-06
\mathrm{IM}_3,III,0.6,0.7,3200,6400,1.467799267622069,base,,nan,finite_interior,205.71158199971362,0.13123376283772384,0.034535719994258786,28.978847474146566,2.982801984237841,1.0047621363579965e-06
\mathrm{IM}_3,III,0.6,0.7,3200,6400,1.7782794100389228,base,,nan,finite_interior,174.23961611826425,0.15491922259800153,0.034535719994258786,28.978847474146566,2.7909198931550034,1.0356552591695858e-06
\mathrm{IM}_3,III,0.6,0.7,3200,6400,2.154434690031882,base,,nan,finite_interior,147.63419609698008,0.1827137850430907,0.034535719994258786,28.978847474146566,2.599037802072167,7.646832004682109e-07
\mathrm{IM}_3,III,0.6,0.7,3200,6400,2.610157215682536,base,,nan,finite_interior,125.00690127407064,0.21527220639280287,0.034535719994258786,28.978847474146566,2.4071557109893296,8.467450825045749e-08
\mathrm{IM}_3,III,0.6,0.7,3200,6400,3.1622776601683795,base,,nan,finite_interior,105.63035623779065,0.2533252261700792,0.034535719994258786,28.978847474146566,2.2152736199064917,1.3559377212020774e-06
\mathrm{IM}_3,III,0.6,0.7,3200,6400,3.831186849557285,base,,nan,finite_interior,89.1145009355465,0.2976823286827015,0.034535719994258786,28.978847474146566,2.0233915288236557,1.6194327695499212e-06
\mathrm{IM}_3,III,0.6,0.7,3200,6400,4.6415888336127775,base,,nan,finite_interior,75.36747103612984,0.3492653252187577,0.034535719994258786,28.978847474146566,1.8315094377408179,1.6623058587496106e-06
\mathrm{IM}_3,III,0.6,0.7,3200,6400,5.623413251903491,base,,nan,finite_interior,64.2042591110924,0.40917276801449687,0.034535719994258786,28.978847474146566,1.6396273466579805,1.6279262977959868e-06
\mathrm{IM}_3,III,0.6,0.7,3200,6400,6.812920690579608,base,,nan,finite_interior,55.11443004225776,0.4787079702649758,0.034535719994258786,28.978847474146566,1.447745255575144,1.0035067637458069e-06
\mathrm{IM}_3,III,0.6,0.7,3200,6400,8.254041852680182,base,,nan,finite_interior,47.47014340318417,0.5593221248941362,0.034535719994258786,28.978847474146566,1.2558631644923066,4.551545985942292e-07
\mathrm{IM}_3,III,0.6,0.7,3200,6400,10.0,base,,nan,finite_interior,40.7364607139563,0.6524819640030493,0.034535719994258786,28.978847474146566,1.063981073409469,5.348710367185084e-07
\mathrm{IM}_3,III,0.6,0.7,3200,6400,12.115276586285876,base,,nan,finite_interior,34.50080873607951,0.7594247553338835,0.034535719994258786,28.978847474146566,0.8720989823266326,1.4696723534441422e-06
\mathrm{IM}_3,III,0.6,0.7,3200,6400,14.677992676220676,base,,nan,finite_interior,28.419053324469928,0.8806398608347912,0.034535719994258786,28.978847474146566,0.6802168912437961,1.6037106823721435e-06
\mathrm{IM}_3,III,0.6,0.7,3200,6400,16.29600349110058,boundary_refinement,zero,-0.25,finite_interior,25.045855892623212,0.9523234208751052,0.034535719994258786,28.978847474146566,0.5756462732485113,1.2869227509209752e-06
\mathrm{IM}_3,III,0.6,0.7,3200,6400,17.261602403450393,boundary_refinement,zero,-0.225,finite_interior,23.13964904182983,0.9931977789452393,0.034535719994258786,28.978847474146566,0.5180816459236602,1.533137500319892e-06
\mathrm{IM}_3,III,0.6,0.7,3200,6400,17.78279410038923,base,,nan,finite_interior,22.135087115065556,1.0146347932277133,0.034535719994258786,28.978847474146566,0.48833480016095754,3.427618945418614e-07
\mathrm{IM}_3,III,0.6,0.7,3200,6400,18.284416648384074,boundary_refinement,zero,-0.2,finite_interior,21.181097132119646,1.034835095852857,0.034535719994258786,28.978847474146566,0.4605170185988091,1.1016568387499618e-06
\mathrm{IM}_3,III,0.6,0.7,3200,6400,19.367836447494465,boundary_refinement,zero,-0.17500000000000002,finite_interior,19.153400993145617,1.0769436240378005,0.034535719994258786,28.978847474146566,0.4029523912739581,1.1186605944608871e-06
\mathrm{IM}_3,III,0.6,0.7,3200,6400,20.515452905632984,boundary_refinement,zero,-0.15,finite_interior,17.035884419501134,1.1191045910857318,0.034535719994258786,28.978847474146566,0.34538776394910686,5.310261130420351e-07
\mathrm{IM}_3,III,0.6,0.7,3200,6400,21.54434690031882,base,,nan,finite_interior,15.14571884731655,1.154541875265548,0.034535719994258786,28.978847474146566,0.2964527090781212,4.761962568809658e-07
\mathrm{IM}_3,III,0.6,0.7,3200,6400,21.731069913990975,boundary_refinement,zero,-0.125,finite_interior,14.802223110875737,1.1607135733525444,0.034535719994258786,28.978847474146566,0.2878231366242556,4.872984467489424e-07
\mathrm{IM}_3,III,0.6,0.7,3200,6400,23.018716758483045,boundary_refinement,zero,-0.1,finite_interior,12.41772452821572,1.2008856312337874,0.034535719994258786,28.978847474146566,0.23025850929940458,2.677763314002602e-07
\mathrm{IM}_3,III,0.6,0.7,3200,6400,24.38266147522405,boundary_refinement,zero,-0.07500000000000001,finite_interior,9.83477349642215,1.2382937343931866,0.034535719994258786,28.978847474146566,0.17269388197455351,7.286635615775893e-07
\mathrm{IM}_3,III,0.6,0.7,3200,6400,25.82742499736785,boundary_refinement,zero,-0.05,finite_interior,6.984909879463411,1.270875472394815,0.034535719994258786,28.978847474146566,0.11512925464970225,6.373599011879129e-07
\mathrm{IM}_3,III,0.6,0.7,3200,6400,26.10157215682533,base,,nan,finite_interior,6.42579719063919,1.2760919379438342,0.034535719994258786,28.978847474146566,0.10457061799528485,1.7819043734010357e-06
\mathrm{IM}_3,III,0.6,0.7,3200,6400,27.357796140198925,boundary_refinement,zero,-0.025,finite_interior,3.763824885181414,1.2952554157679952,0.034535719994258786,28.978847474146566,0.05756462732485113,2.5246363798077843e-06
\mathrm{IM}_3,III,0.6,0.7,3200,6400,30.695952138334217,boundary_refinement,zero,0.025,no_training,0.0,1.3054773009861442,0.034535719994258786,28.978847474146566,0.057564627324851146,0.0
\mathrm{IM}_3,III,0.6,0.7,3200,6400,31.622776601683793,base,,nan,no_training,0.0,1.3054773009861442,0.034535719994258786,28.978847474146566,0.08731147308755367,0.0
\mathrm{IM}_3,III,0.6,0.7,3200,6400,32.51480165039428,boundary_refinement,zero,0.05,no_training,0.0,1.3054773009861442,0.034535719994258786,28.978847474146566,0.1151292546497022,0.0
\mathrm{IM}_3,III,0.6,0.7,3200,6400,34.44142477158081,boundary_refinement,zero,0.07500000000000001,no_training,0.0,1.3054773009861442,0.034535719994258786,28.978847474146566,0.1726938819745535,0.0
\mathrm{IM}_3,III,0.6,0.7,3200,6400,36.482207489710326,boundary_refinement,zero,0.1,no_training,0.0,1.3054773009861442,0.034535719994258786,28.978847474146566,0.2302585092994046,0.0
\mathrm{IM}_3,III,0.6,0.7,3200,6400,38.31186849557285,base,,nan,no_training,0.0,1.3054773009861442,0.034535719994258786,28.978847474146566,0.2791935641703902,0.0
\mathrm{IM}_3,III,0.6,0.7,3200,6400,38.64391418616645,boundary_refinement,zero,0.125,no_training,0.0,1.3054773009861442,0.034535719994258786,28.978847474146566,0.2878231366242555,0.0
\mathrm{IM}_3,III,0.6,0.7,3200,6400,40.933710057128295,boundary_refinement,zero,0.15,no_training,0.0,1.3054773009861442,0.034535719994258786,28.978847474146566,0.3453877639491069,0.0
\mathrm{IM}_3,III,0.6,0.7,3200,6400,43.359184863340204,boundary_refinement,zero,0.17500000000000002,no_training,0.0,1.3054773009861442,0.034535719994258786,28.978847474146566,0.402952391273958,0.0
\mathrm{IM}_3,III,0.6,0.7,3200,6400,45.92837808714383,boundary_refinement,zero,0.2,no_training,0.0,1.3054773009861442,0.034535719994258786,28.978847474146566,0.4605170185988092,0.0
\mathrm{IM}_3,III,0.6,0.7,3200,6400,46.41588833612773,base,,nan,no_training,0.0,1.3054773009861442,0.034535719994258786,28.978847474146566,0.4710756552532267,0.0
\mathrm{IM}_3,III,0.6,0.7,3200,6400,48.64980558015806,boundary_refinement,zero,0.225,no_training,0.0,1.3054773009861442,0.034535719994258786,28.978847474146566,0.5180816459236602,0.0
\mathrm{IM}_3,III,0.6,0.7,3200,6400,51.532487789933285,boundary_refinement,zero,0.25,no_training,0.0,1.3054773009861442,0.034535719994258786,28.978847474146566,0.5756462732485114,0.0
\mathrm{IM}_3,III,0.6,0.7,3200,6400,56.23413251903491,base,,nan,no_training,0.0,1.3054773009861442,0.034535719994258786,28.978847474146566,0.6629577463360652,0.0
\mathrm{IM}_3,III,0.6,0.7,3200,6400,68.12920690579608,base,,nan,no_training,0.0,1.3054773009861442,0.034535719994258786,28.978847474146566,0.8548398374189017,0.0
\mathrm{IM}_3,III,0.6,0.7,3200,6400,82.54041852680173,base,,nan,no_training,0.0,1.3054773009861442,0.034535719994258786,28.978847474146566,1.0467219285017382,0.0
\mathrm{IM}_3,III,0.6,0.7,3200,6400,100.0,base,,nan,no_training,0.0,1.3054773009861442,0.034535719994258786,28.978847474146566,1.2386040195845767,0.0
\mathrm{IM}_3,III,0.6,0.7,3200,6400,121.15276586285876,base,,nan,no_training,0.0,1.3054773009861442,0.034535719994258786,28.978847474146566,1.4304861106674132,0.0
\mathrm{IM}_3,III,0.6,0.7,3200,6400,146.77992676220674,base,,nan,no_training,0.0,1.3054773009861442,0.034535719994258786,28.978847474146566,1.6223682017502494,0.0
\mathrm{IM}_3,III,0.6,0.7,3200,6400,177.82794100389228,base,,nan,no_training,0.0,1.3054773009861442,0.034535719994258786,28.978847474146566,1.814250292833088,0.0
\mathrm{IM}_3,III,0.6,0.7,3200,6400,215.44346900318823,base,,nan,no_training,0.0,1.3054773009861442,0.034535719994258786,28.978847474146566,2.0061323839159244,0.0
\mathrm{IM}_3,III,0.6,0.7,3200,6400,261.0157215682533,base,,nan,no_training,0.0,1.3054773009861442,0.034535719994258786,28.978847474146566,2.198014474998761,0.0
\mathrm{IM}_3,III,0.6,0.7,3200,6400,316.22776601683796,base,,nan,no_training,0.0,1.3054773009861442,0.034535719994258786,28.978847474146566,2.3898965660815996,0.0
\mathrm{IM}_3,III,0.6,0.7,3200,6400,383.1186849557285,base,,nan,no_training,0.0,1.3054773009861442,0.034535719994258786,28.978847474146566,2.5817786571644357,0.0
\mathrm{IM}_3,III,0.6,0.7,3200,6400,464.1588833612773,base,,nan,no_training,0.0,1.3054773009861442,0.034535719994258786,28.978847474146566,2.7736607482472726,0.0
\mathrm{IM}_3,III,0.6,0.7,3200,6400,562.341325190349,base,,nan,no_training,0.0,1.3054773009861442,0.034535719994258786,28.978847474146566,2.965542839330111,0.0
\mathrm{IM}_3,III,0.6,0.7,3200,6400,681.2920690579608,base,,nan,no_training,0.0,1.3054773009861442,0.034535719994258786,28.978847474146566,3.1574249304129474,0.0
\mathrm{IM}_3,III,0.6,0.7,3200,6400,825.4041852680173,base,,nan,no_training,0.0,1.3054773009861442,0.034535719994258786,28.978847474146566,3.349307021495784,0.0
\mathrm{IM}_3,III,0.6,0.7,3200,6400,1000.0,base,,nan,no_training,0.0,1.3054773009861442,0.034535719994258786,28.978847474146566,3.541189112578622,0.0
\mathrm{IM}_3,III,0.6,0.7,4800,9600,0.001,base,,nan,terminal_infimum,inf,0.00030603352378198636,0.022781916473827102,29.02674793757791,3.1259670841478977,0.0
\mathrm{IM}_3,III,0.6,0.7,4800,9600,0.001211527658628589,base,,nan,terminal_infimum,inf,0.000335322839597841,0.022781916473827102,29.02674793757791,2.9340849930650603,0.0
\mathrm{IM}_3,III,0.6,0.7,4800,9600,0.0014677992676220691,base,,nan,terminal_infimum,inf,0.0003708076558110564,0.022781916473827102,29.02674793757791,2.742202901982224,0.0
\mathrm{IM}_3,III,0.6,0.7,4800,9600,0.0017782794100389228,base,,nan,terminal_infimum,inf,0.00041379849211471925,0.022781916473827102,29.02674793757791,2.5503208108993864,0.0
\mathrm{IM}_3,III,0.6,0.7,4800,9600,0.0021544346900318843,base,,nan,terminal_infimum,inf,0.0004658830793641809,0.022781916473827102,29.02674793757791,2.358438719816549,0.0
\mathrm{IM}_3,III,0.6,0.7,4800,9600,0.0026101572156825357,base,,nan,terminal_infimum,inf,0.0005289849974051573,0.022781916473827102,29.02674793757791,2.1665566287337126,0.0
\mathrm{IM}_3,III,0.6,0.7,4800,9600,0.0031622776601683794,base,,nan,terminal_infimum,inf,0.0006054347164243148,0.022781916473827102,29.02674793757791,1.974674537650875,0.0
\mathrm{IM}_3,III,0.6,0.7,4800,9600,0.003831186849557285,base,,nan,terminal_infimum,inf,0.0006980556655104078,0.022781916473827102,29.02674793757791,1.7827924465680385,0.0
\mathrm{IM}_3,III,0.6,0.7,4800,9600,0.004641588833612777,base,,nan,terminal_infimum,inf,0.0008102685070966401,0.022781916473827102,29.02674793757791,1.590910355485201,0.0
\mathrm{IM}_3,III,0.6,0.7,4800,9600,0.005623413251903491,base,,nan,terminal_infimum,inf,0.0009462174683316691,0.022781916473827102,29.02674793757791,1.3990282644023635,0.0
\mathrm{IM}_3,III,0.6,0.7,4800,9600,0.006812920690579608,base,,nan,terminal_infimum,inf,0.0011109233950297314,0.022781916473827102,29.02674793757791,1.2071461733195272,0.0
\mathrm{IM}_3,III,0.6,0.7,4800,9600,0.008254041852680182,base,,nan,terminal_infimum,inf,0.0013104691807644879,0.022781916473827102,29.02674793757791,1.0152640822366896,0.0
\mathrm{IM}_3,III,0.6,0.7,4800,9600,0.01,base,,nan,terminal_infimum,inf,0.0015522244193449195,0.022781916473827102,29.02674793757791,0.823381991153852,0.0
\mathrm{IM}_3,III,0.6,0.7,4800,9600,0.012115276586285882,base,,nan,terminal_infimum,inf,0.0018451175775034646,0.022781916473827102,29.02674793757791,0.6314999000710153,0.0
\mathrm{IM}_3,III,0.6,0.7,4800,9600,0.012811213100267777,boundary_refinement,terminal,-0.25,terminal_infimum,inf,0.001941480882793914,0.022781916473827102,29.02674793757791,0.5756462732485115,0.0
\mathrm{IM}_3,III,0.6,0.7,4800,9600,0.013570325200498728,boundary_refinement,terminal,-0.225,terminal_infimum,inf,0.0020465918370182992,0.022781916473827102,29.02674793757791,0.5180816459236602,0.0
\mathrm{IM}_3,III,0.6,0.7,4800,9600,0.014374417520495517,boundary_refinement,terminal,-0.2,terminal_infimum,inf,0.0021579310068374187,0.022781916473827102,29.02674793757791,0.4605170185988091,0.0
\mathrm{IM}_3,III,0.6,0.7,4800,9600,0.01467799267622069,base,,nan,terminal_infimum,inf,0.00219996573963562,0.022781916473827102,29.02674793757791,0.4396178089881782,0.0
\mathrm{IM}_3,III,0.6,0.7,4800,9600,0.015226155305838563,boundary_refinement,terminal,-0.17500000000000002,terminal_infimum,inf,0.0022758674372264677,0.022781916473827102,29.02674793757791,0.4029523912739581,0.0
\mathrm{IM}_3,III,0.6,0.7,4800,9600,0.01612836172783744,boundary_refinement,terminal,-0.15,terminal_infimum,inf,0.00240079204045018,0.022781916473827102,29.02674793757791,0.34538776394910686,0.0
\mathrm{IM}_3,III,0.6,0.7,4800,9600,0.017084027241218627,boundary_refinement,terminal,-0.125,terminal_infimum,inf,0.0025331188917811923,0.022781916473827102,29.02674793757791,0.2878231366242556,0.0
\mathrm{IM}_3,III,0.6,0.7,4800,9600,0.01778279410038923,base,,nan,terminal_infimum,inf,0.002629874102672249,0.022781916473827102,29.02674793757791,0.2477357179053406,0.0
\mathrm{IM}_3,III,0.6,0.7,4800,9600,0.01809631949629111,boundary_refinement,terminal,-0.1,terminal_infimum,inf,0.0026732866019945475,0.022781916473827102,29.02674793757791,0.23025850929940458,0.0
\mathrm{IM}_3,III,0.6,0.7,4800,9600,0.019168593838444756,boundary_refinement,terminal,-0.07500000000000001,terminal_infimum,inf,0.002821759771187615,0.022781916473827102,29.02674793757791,0.17269388197455351,0.0
\mathrm{IM}_3,III,0.6,0.7,4800,9600,0.020304404429783037,boundary_refinement,terminal,-0.05,terminal_infimum,inf,0.0029790305287442508,0.022781916473827102,29.02674793757791,0.11512925464970225,0.0
\mathrm{IM}_3,III,0.6,0.7,4800,9600,0.02150751602975393,boundary_refinement,terminal,-0.025,terminal_infimum,inf,0.0031456201645475705,0.022781916473827102,29.02674793757791,0.057564627324851014,0.0
\mathrm{IM}_3,III,0.6,0.7,4800,9600,0.021544346900318832,base,,nan,terminal_infimum,inf,0.0031507199751668637,0.022781916473827102,29.02674793757791,0.05585362682250378,0.0
\mathrm{IM}_3,III,0.6,0.7,4800,9600,0.021631680274804593,terminal_near_refinement,terminal,-0.0225,terminal_infimum,inf,0.0031628126480738573,0.022781916473827102,29.02674793757791,0.05180816459236597,0.0
\mathrm{IM}_3,III,0.6,0.7,4800,9600,0.0217565613278645,terminal_near_refinement,terminal,-0.02,terminal_infimum,inf,0.0031801043848906983,0.022781916473827102,29.02674793757791,0.04605170185988075,0.0
\mathrm{IM}_3,III,0.6,0.7,4800,9600,0.02188216332711144,terminal_near_refinement,terminal,-0.0175,terminal_infimum,inf,0.003197495947993592,0.022781916473827102,29.02674793757791,0.040295239127395764,0.0
\mathrm{IM}_3,III,0.6,0.7,4800,9600,0.02200849043461318,terminal_near_refinement,terminal,-0.015,terminal_infimum,inf,0.003214987913685977,0.022781916473827102,29.02674793757791,0.034538776394910715,0.0
\mathrm{IM}_3,III,0.6,0.7,4800,9600,0.022135546836465354,terminal_near_refinement,terminal,-0.0125,terminal_infimum,inf,0.0032325808615983284,0.022781916473827102,29.02674793757791,0.02878231366242573,0.0
\mathrm{IM}_3,III,0.6,0.7,4800,9600,0.022263336742930198,terminal_near_refinement,terminal,-0.01,terminal_infimum,inf,0.003250275374707365,0.022781916473827102,29.02674793757791,0.02302585092994047,0.0
\mathrm{IM}_3,III,0.6,0.7,4800,9600,0.02239186438857605,terminal_near_refinement,terminal,-0.0075,terminal_infimum,inf,0.003268072039355365,0.022781916473827102,29.02674793757791,0.01726938819745522,0.0
\mathrm{IM}_3,III,0.6,0.7,4800,9600,0.022521134032417678,terminal_near_refinement,terminal,-0.005,terminal_infimum,inf,0.003285971445269598,0.022781916473827102,29.02674793757791,0.01151292546497021,0.0
\mathrm{IM}_3,III,0.6,0.7,4800,9600,0.022651149958057417,terminal_near_refinement,terminal,-0.0025,terminal_infimum,inf,0.0033039741855818683,0.022781916473827102,29.02674793757791,0.005756462732485091,0.0
\mathrm{IM}_3,III,0.6,0.7,4800,9600,0.022668006891457967,terminal_ultra_near_refinement,terminal,-0.002176919254274547,terminal_infimum,inf,0.003306308291907521,0.022781916473827102,29.02674793757791,0.005012541823544286,0.0
\mathrm{IM}_3,III,0.6,0.7,4800,9600,0.022690788807931794,terminal_ultra_near_refinement,terminal,-0.00174066157630127,terminal_infimum,inf,0.0033094628048956497,0.022781916473827102,29.02674793757791,0.004008021397538822,0.0
\mathrm{IM}_3,III,0.6,0.7,4800,9600,0.02271357072440562,terminal_ultra_near_refinement,terminal,-0.0013048416883442813,terminal_infimum,inf,0.0033126173178837787,0.022781916473827102,29.02674793757791,0.0030045090202987243,0.0
\mathrm{IM}_3,III,0.6,0.7,4800,9600,0.022736352640879448,terminal_ultra_near_refinement,terminal,-0.0008694587126288914,terminal_infimum,inf,0.003315771830871907,0.022781916473827102,29.02674793757791,0.0020020026706730793,0.0
\mathrm{IM}_3,III,0.6,0.7,4800,9600,0.022759134557353275,terminal_ultra_near_refinement,terminal,-0.0004345117740176917,terminal_infimum,inf,0.0033189263438600358,0.022781916473827102,29.02674793757791,0.0010005003335835344,0.0
\mathrm{IM}_3,III,0.6,0.7,4800,9600,0.02277052551559019,terminal_extreme_near_refinement,terminal,-0.00021720154586423186,terminal_infimum,inf,0.0033205036003541,0.022781916473827102,29.02674793757791,0.0005001250416822429,0.0
\mathrm{IM}_3,III,0.6,0.7,4800,9600,0.022772803707237572,terminal_extreme_near_refinement,terminal,-0.00017375254558756316,terminal_infimum,inf,0.0033208190516529133,0.022781916473827102,29.02674793757791,0.00040008002133969133,0.0
\mathrm{IM}_3,III,0.6,0.7,4800,9600,0.022775081898884955,terminal_extreme_near_refinement,terminal,-0.00013030789173217684,terminal_infimum,inf,0.003321134502951726,0.022781916473827102,29.02674793757791,0.00030004500900199243,0.0
\mathrm{IM}_3,III,0.6,0.7,4800,9600,0.02277736009053234,terminal_extreme_near_refinement,terminal,-8.686758342857122e-05,terminal_infimum,inf,0.003321449954250539,0.022781916473827102,29.02674793757791,0.00020002000266693365,0.0
\mathrm{IM}_3,III,0.6,0.7,4800,9600,0.02277963828217972,terminal_extreme_near_refinement,terminal,-4.3431619807505604e-05,terminal_infimum,inf,0.0033217654055493514,0.022781916473827102,29.02674793757791,0.00010000500033334732,0.0
\mathrm{IM}_3,III,0.6,0.7,4800,9600,0.022784194665474485,terminal_extreme_near_refinement,terminal,4.342727686266486e-05,finite_interior,20672.56501759211,0.003322368776315524,0.022781916473827102,29.02674793757791,9.999500033329732e-05,7.995114632518016e-07
\mathrm{IM}_3,III,0.6,0.7,4800,9600,0.022786472857121865,terminal_extreme_near_refinement,terminal,8.685021164894766e-05,finite_interior,20665.932306384228,0.003322656690440723,0.022781916473827102,29.02674793757791,0.0001999800026662447,9.05787627848791e-07
\mathrm{IM}_3,III,0.6,0.7,4800,9600,0.02278875104876925,terminal_extreme_near_refinement,terminal,0.00013026880522704667,finite_interior,20659.304165088324,0.003322944599225671,0.022781916473827102,29.02674793757791,0.00029995500899794244,8.618931081274835e-07
\mathrm{IM}_3,III,0.6,0.7,4800,9600,0.022791029240416632,terminal_extreme_near_refinement,terminal,0.0001736830584648997,finite_interior,20652.68455376383,0.003323232502672272,0.022781916473827102,29.02674793757791,0.0003999200213268913,5.211763525901371e-07
\mathrm{IM}_3,III,0.6,0.7,4800,9600,0.022793307432064015,terminal_extreme_near_refinement,terminal,0.00021709297223018438,finite_interior,20646.066973137258,0.0033235204007824293,0.022781916473827102,29.02674793757791,0.0004998750416509929,6.202305944848777e-07
\mathrm{IM}_3,III,0.6,0.7,4800,9600,0.022804698390300925,terminal_ultra_near_refinement,terminal,0.0004340774793185929,finite_interior,20613.051687096846,0.0033249598113529403,0.022781916473827102,29.02674793757791,0.0009995003330834232,3.490215569578784e-07
\mathrm{IM}_3,III,0.6,0.7,4800,9600,0.022827480306774756,terminal_ultra_near_refinement,terminal,0.0008677215312269133,finite_interior,20547.40425111198,0.0033278382333468927,0.022781916473827102,29.02674793757791,0.001998002662673058,3.2666634902159054e-07
\mathrm{IM}_3,III,0.6,0.7,4800,9600,0.02285026222324858,terminal_ultra_near_refinement,terminal,0.001300933020418072,finite_interior,20482.257325440525,0.0033307161247347595,0.022781916473827102,29.02674793757791,0.002995508979798371,8.740615395061505e-07
\mathrm{IM}_3,III,0.6,0.7,4800,9600,0.02287304413972241,terminal_ultra_near_refinement,terminal,0.0017337128090005314,finite_interior,20417.609728411564,0.003333593487448198,0.022781916473827102,29.02674793757791,0.003992021269537457,1.1921211519777383e-06
\mathrm{IM}_3,III,0.6,0.7,4800,9600,0.022895826056196236,terminal_ultra_near_refinement,terminal,0.0021660617565076304,finite_interior,20353.448825259704,0.00333647032339417,0.022781916473827102,29.02674793757791,0.004987541511038968,1.1382461023181402e-06
\mathrm{IM}_3,III,0.6,0.7,4800,9600,0.022913437912930844,terminal_near_refinement,terminal,0.0025,finite_interior,20304.177106840893,0.0033386939389994136,0.022781916473827102,29.02674793757791,0.00575646273248517,1.0619007089714913e-06
\mathrm{IM}_3,III,0.6,0.7,4800,9600,0.023045718633588612,terminal_near_refinement,terminal,0.005,finite_interior,19942.998240826535,0.0033553853304096257,0.022781916473827102,29.02674793757791,0.011512925464970295,1.427574978729944e-07
\mathrm{IM}_3,III,0.6,0.7,4800,9600,0.023178763019180648,terminal_near_refinement,terminal,0.0075,finite_interior,19594.76842516545,0.0033721556328023573,0.022781916473827102,29.02674793757791,0.017269388197455236,9.388608187129142e-07
\mathrm{IM}_3,III,0.6,0.7,4800,9600,0.02331257547839274,terminal_near_refinement,terminal,0.01,finite_interior,19258.71747262648,0.003389005442129834,0.022781916473827102,29.02674793757791,0.023025850929940427,4.6267525957875677e-07
\mathrm{IM}_3,III,0.6,0.7,4800,9600,0.023447160445362283,terminal_near_refinement,terminal,0.0125,finite_interior,18934.12545586791,0.003405935347100671,0.022781916473827102,29.02674793757791,0.02878231366242563,1.2300379717233133e-06
\mathrm{IM}_3,III,0.6,0.7,4800,9600,0.023582522379825225,terminal_near_refinement,terminal,0.015,finite_interior,18620.322303147044,0.0034229459324199205,0.022781916473827102,29.02674793757791,0.03453877639491076,8.828156902462084e-07
\mathrm{IM}_3,III,0.6,0.7,4800,9600,0.023718665767263857,terminal_near_refinement,terminal,0.0175,finite_interior,18316.717812711053,0.0034400377768649187,0.022781916473827102,29.02674793757791,0.04029523912739586,1.3785520297281324e-06
\mathrm{IM}_3,III,0.6,0.7,4800,9600,0.023855595119055443,terminal_near_refinement,terminal,0.02,finite_interior,18022.747061104736,0.0034572114563728505,0.022781916473827102,29.02674793757791,0.046051701859880986,9.568094607368159e-07
\mathrm{IM}_3,III,0.6,0.7,4800,9600,0.02399331497262171,terminal_near_refinement,terminal,0.0225,finite_interior,17737.91259254453,0.003474467542115443,0.022781916473827102,29.02674793757791,0.05180816459236611,1.0958767778745578e-06
\mathrm{IM}_3,III,0.6,0.7,4800,9600,0.024131829891579203,boundary_refinement,terminal,0.025,finite_interior,17461.72442298938,0.003491806603364654,0.022781916473827102,29.02674793757791,0.057564627324851146,8.949297563131525e-07
\mathrm{IM}_3,III,0.6,0.7,4800,9600,0.02556173070799992,boundary_refinement,terminal,0.05,finite_interior,15093.584726305271,0.0036698844674600975,0.022781916473827102,29.02674793757791,0.1151292546497022,1.058284923217438e-06
\mathrm{IM}_3,III,0.6,0.7,4800,9600,0.026101572156825358,base,,nan,finite_interior,14376.098296777276,0.003736712742812963,0.022781916473827102,29.02674793757791,0.13602846426033324,9.733124854708952e-07
\mathrm{IM}_3,III,0.6,0.7,4800,9600,0.027076358474427617,boundary_refinement,terminal,0.07500000000000001,finite_interior,13256.1990140136,0.003856874524580749,0.022781916473827102,29.02674793757791,0.1726938819745535,9.962717075867042e-07
\mathrm{IM}_3,III,0.6,0.7,4800,9600,0.028680733578273106,boundary_refinement,terminal,0.1,finite_interior,11779.778145078919,0.0040533355080698075,0.022781916473827102,29.02674793757791,0.2302585092994046,1.0642647904028443e-06
\mathrm{IM}_3,III,0.6,0.7,4800,9600,0.030380173883603142,boundary_refinement,terminal,0.125,finite_interior,10563.04500263079,0.004259837436852071,0.022781916473827102,29.02674793757791,0.2878231366242557,9.239208068869789e-07
\mathrm{IM}_3,III,0.6,0.7,4800,9600,0.03162277660168379,base,,nan,finite_interior,9833.568020397262,0.00440988565850453,0.022781916473827102,29.02674793757791,0.32791055534317065,4.976432641456783e-07
\mathrm{IM}_3,III,0.6,0.7,4800,9600,0.032180312357740416,boundary_refinement,terminal,0.15,finite_interior,9540.82696442282,0.004476968643844968,0.022781916473827102,29.02674793757791,0.3453877639491071,2.9825908481964416e-08
\mathrm{IM}_3,III,0.6,0.7,4800,9600,0.034087115742305274,boundary_refinement,terminal,0.17500000000000002,finite_interior,8668.856175620489,0.004705340398132147,0.022781916473827102,29.02674793757791,0.402952391273958,1.5539420188496614e-07
\mathrm{IM}_3,III,0.6,0.7,4800,9600,0.03610690433058627,boundary_refinement,terminal,0.2,finite_interior,7915.781096087987,0.004945590364929578,0.022781916473827102,29.02674793757791,0.4605170185988092,7.527796527722861e-07
\mathrm{IM}_3,III,0.6,0.7,4800,9600,0.03824637291679349,boundary_refinement,terminal,0.225,finite_interior,7258.650062976987,0.005198385463353327,0.022781916473827102,29.02674793757791,0.5180816459236602,8.446151756637475e-07
\mathrm{IM}_3,III,0.6,0.7,4800,9600,0.03831186849557287,base,,nan,finite_interior,7240.397513638198,0.005206098455808943,0.022781916473827102,29.02674793757791,0.5197926464260079,9.59039791415415e-07
\mathrm{IM}_3,III,0.6,0.7,4800,9600,0.04051261298663327,boundary_refinement,terminal,0.25,finite_interior,6680.230404452592,0.005464424405680954,0.022781916473827102,29.02674793757791,0.5756462732485113,7.076993640715904e-07
\mathrm{IM}_3,III,0.6,0.7,4800,9600,0.046415888336127774,base,,nan,finite_interior,5555.172390856128,0.006150021862718905,0.022781916473827102,29.02674793757791,0.7116747375088446,5.471365516009608e-07
\mathrm{IM}_3,III,0.6,0.7,4800,9600,0.05623413251903491,base,,nan,finite_interior,4375.813846213632,0.007270533088059813,0.022781916473827102,29.02674793757791,0.9035568285916823,1.118830062689881e-06
\mathrm{IM}_3,III,0.6,0.7,4800,9600,0.06812920690579612,base,,nan,finite_interior,3509.7070869574604,0.008601692947891109,0.022781916473827102,29.02674793757791,1.0954389196745191,1.0108320854992835e-06
\mathrm{IM}_3,III,0.6,0.7,4800,9600,0.08254041852680181,base,,nan,finite_interior,2851.850702160382,0.010183769830223467,0.022781916473827102,29.02674793757791,1.287321010757356,9.9667610002769e-07
\mathrm{IM}_3,III,0.6,0.7,4800,9600,0.1,base,,nan,finite_interior,2339.721696318135,0.012064395259241911,0.022781916473827102,29.02674793757791,1.4792031018401937,5.52165016580668e-07
\mathrm{IM}_3,III,0.6,0.7,4800,9600,0.12115276586285877,base,,nan,finite_interior,1933.595424513316,0.014299894675839158,0.022781916473827102,29.02674793757791,1.67108519292303,7.282495270227641e-07
\mathrm{IM}_3,III,0.6,0.7,4800,9600,0.1467799267622069,base,,nan,finite_interior,1606.9270691867337,0.01695682864594103,0.022781916473827102,29.02674793757791,1.8629672840058675,1.001788888292084e-06
\mathrm{IM}_3,III,0.6,0.7,4800,9600,0.1778279410038923,base,,nan,finite_interior,1341.2533679534301,0.020113778825758835,0.022781916473827102,29.02674793757791,2.054849375088705,1.0867872932131153e-06
\mathrm{IM}_3,III,0.6,0.7,4800,9600,0.21544346900318823,base,,nan,finite_interior,1123.3027060880534,0.023863414549647497,0.022781916473827102,29.02674793757791,2.2467314661715414,8.535723054386421e-07
\mathrm{IM}_3,III,0.6,0.7,4800,9600,0.2610157215682536,base,,nan,finite_interior,943.2680686942373,0.028314878163179406,0.022781916473827102,29.02674793757791,2.438613557254379,1.0774865306620618e-06
\mathrm{IM}_3,III,0.6,0.7,4800,9600,0.31622776601683794,base,,nan,finite_interior,793.7403770555278,0.0335965291520645,0.022781916473827102,29.02674793757791,2.6304956483372166,1.0243219318454752e-06
\mathrm{IM}_3,III,0.6,0.7,4800,9600,0.3831186849557285,base,,nan,finite_interior,669.0072903834999,0.03985908869387719,0.022781916473827102,29.02674793757791,2.8223777394200527,8.115800275032183e-08
\mathrm{IM}_3,III,0.6,0.7,4800,9600,0.46415888336127775,base,,nan,finite_interior,564.5949440988721,0.0472792261865788,0.022781916473827102,29.02674793757791,3.0142598305028905,1.1142255217794732e-06
\mathrm{IM}_3,III,0.6,0.7,4800,9600,0.5623413251903491,base,,nan,finite_interior,476.95022654342546,0.05606362769041057,0.022781916473827102,29.02674793757791,3.206141921585728,8.99710548448943e-07
\mathrm{IM}_3,III,0.6,0.7,4800,9600,0.6812920690579608,base,,nan,finite_interior,403.21795302147655,0.06645358193031593,0.022781916473827102,29.02674793757791,3.3980240126685644,8.790444132542692e-07
\mathrm{IM}_3,III,0.6,0.7,4800,9600,0.8254041852680182,base,,nan,finite_interior,341.081503711297,0.07873011573705899,0.022781916473827102,29.02674793757791,3.5600998386477762,1.674124356128584e-07
\mathrm{IM}_3,III,0.6,0.7,4800,9600,1.0,base,,nan,finite_interior,288.64012380539253,0.09321966952800771,0.022781916473827102,29.02674793757791,3.368217747564939,1.0338535204105267e-06
\mathrm{IM}_3,III,0.6,0.7,4800,9600,1.2115276586285877,base,,nan,finite_interior,244.32552306522533,0.11030025088807512,0.022781916473827102,29.02674793757791,3.1763356564821024,1.062786977574026e-06
\mathrm{IM}_3,III,0.6,0.7,4800,9600,1.467799267622069,base,,nan,finite_interior,206.86295549820088,0.13040822244580008,0.022781916473827102,29.02674793757791,2.984453565399265,1.0739993715231967e-06
\mathrm{IM}_3,III,0.6,0.7,4800,9600,1.7782794100389228,base,,nan,finite_interior,175.21136262866338,0.1540461348661119,0.022781916473827102,29.02674793757791,2.7925714743164276,8.514522617546692e-07
\mathrm{IM}_3,III,0.6,0.7,4800,9600,2.154434690031882,base,,nan,finite_interior,148.44235620620748,0.18179064063209183,0.022781916473827102,29.02674793757791,2.600689383233591,1.0094339383999904e-07
\mathrm{IM}_3,III,0.6,0.7,4800,9600,2.610157215682536,base,,nan,finite_interior,125.67431018337302,0.21429661761619298,0.022781916473827102,29.02674793757791,2.4088072921507537,6.855851215312859e-07
\mathrm{IM}_3,III,0.6,0.7,4800,9600,3.1622776601683795,base,,nan,finite_interior,106.17603809734932,0.25229516635840477,0.022781916473827102,29.02674793757791,2.216925201067916,1.0797776882338014e-06
\mathrm{IM}_3,III,0.6,0.7,4800,9600,3.831186849557285,base,,nan,finite_interior,89.54920128287927,0.2965957629957132,0.022781916473827102,29.02674793757791,2.0250431099850794,1.3369059932464007e-06
\mathrm{IM}_3,III,0.6,0.7,4800,9600,4.6415888336127775,base,,nan,finite_interior,75.701581819368,0.3481188249614584,0.022781916473827102,29.02674793757791,1.8331610189022423,4.570591668088748e-07
\mathrm{IM}_3,III,0.6,0.7,4800,9600,5.623413251903491,base,,nan,finite_interior,64.45761416629631,0.40796051247551823,0.022781916473827102,29.02674793757791,1.6412789278194047,2.4531811631510353e-07
\mathrm{IM}_3,III,0.6,0.7,4800,9600,6.812920690579608,base,,nan,finite_interior,55.310745959043246,0.47742287119852295,0.022781916473827102,29.02674793757791,1.4493968367365682,1.1197973285851466e-06
\mathrm{IM}_3,III,0.6,0.7,4800,9600,8.254041852680182,base,,nan,finite_interior,47.628380606474636,0.5579582888964506,0.022781916473827102,29.02674793757791,1.2575147456537306,1.4087789853013653e-07
\mathrm{IM}_3,III,0.6,0.7,4800,9600,10.0,base,,nan,finite_interior,40.86938261368934,0.651037636234312,0.022781916473827102,29.02674793757791,1.0656326545708934,1.1802582865466232e-06
\mathrm{IM}_3,III,0.6,0.7,4800,9600,12.115276586285876,base,,nan,finite_interior,34.61658482882159,0.7579066553833145,0.022781916473827102,29.02674793757791,0.8737505634880568,1.373107184219363e-06
\mathrm{IM}_3,III,0.6,0.7,4800,9600,14.677992676220676,base,,nan,finite_interior,28.52323931647418,0.8790714001474855,0.022781916473827102,29.02674793757791,0.6818684724052203,1.293740197797609e-06
\mathrm{IM}_3,III,0.6,0.7,4800,9600,16.322939901183794,boundary_refinement,zero,-0.25,finite_interior,25.09141963691068,0.9519086602874035,0.022781916473827102,29.02674793757791,0.5756462732485115,1.2011965656259181e-06
\mathrm{IM}_3,III,0.6,0.7,4800,9600,17.290134896173942,boundary_refinement,zero,-0.225,finite_interior,23.18201451470665,0.9928152927781817,0.022781916473827102,29.02674793757791,0.5180816459236602,4.354475587179798e-07
\mathrm{IM}_3,III,0.6,0.7,4800,9600,17.78279410038923,base,,nan,finite_interior,22.23204666411948,1.01307429551046,0.022781916473827102,29.02674793757791,0.48998638132238176,1.2726577688487042e-06
\mathrm{IM}_3,III,0.6,0.7,4800,9600,18.314639797590083,boundary_refinement,zero,-0.2,finite_interior,21.220197573830802,1.03448832505884,0.022781916473827102,29.02674793757791,0.4605170185988091,1.3811305301554117e-06
\mathrm{IM}_3,III,0.6,0.7,4800,9600,19.39985043087752,boundary_refinement,zero,-0.17500000000000002,finite_interior,19.1891412003153,1.0766362164458432,0.022781916473827102,29.02674793757791,0.4029523912739581,8.459245712914715e-07
\mathrm{IM}_3,III,0.6,0.7,4800,9600,20.54936383678925,boundary_refinement,zero,-0.15,finite_interior,17.068108030392054,1.1188403098545758,0.022781916473827102,29.02674793757791,0.34538776394910686,6.705941303745758e-07
\mathrm{IM}_3,III,0.6,0.7,4800,9600,21.54434690031882,base,,nan,finite_interior,15.240243723955736,1.153131308161739,0.022781916473827102,29.02674793757791,0.2981042902395454,7.075752229773219e-08
\mathrm{IM}_3,III,0.6,0.7,4800,9600,21.76699019414248,boundary_refinement,zero,-0.125,finite_interior,14.8306853501289,1.1604961033287151,0.022781916473827102,29.02674793757791,0.2878231366242556,4.164918199528179e-07
\mathrm{IM}_3,III,0.6,0.7,4800,9600,23.05676544904294,boundary_refinement,zero,-0.1,finite_interior,12.442073310893447,1.2007181902272013,0.022781916473827102,29.02674793757791,0.23025850929940458,1.8099092753567908e-07
\mathrm{IM}_3,III,0.6,0.7,4800,9600,24.422964692437738,boundary_refinement,zero,-0.07500000000000001,finite_interior,9.854512578186275,1.2381782886881791,0.022781916473827102,29.02674793757791,0.17269388197455351,5.765578287636797e-07
\mathrm{IM}_3,III,0.6,0.7,4800,9600,25.870116330338075,boundary_refinement,zero,-0.05,finite_interior,6.99932161954124,1.2708111012936412,0.022781916473827102,29.02674793757791,0.11512925464970225,1.4780850595999784e-06
\mathrm{IM}_3,III,0.6,0.7,4800,9600,26.10157215682533,base,,nan,finite_interior,6.5275981140396695,1.2752379507473153,0.022781916473827102,29.02674793757791,0.10622219915670894,1.5352269545037323e-06
\mathrm{IM}_3,III,0.6,0.7,4800,9600,27.403017093680422,boundary_refinement,zero,-0.025,finite_interior,3.771848567945469,1.2952346948697848,0.022781916473827102,29.02674793757791,0.057564627324851014,2.76219695878282e-06
\mathrm{IM}_3,III,0.6,0.7,4800,9600,30.746690882661586,boundary_refinement,zero,0.025,no_training,0.0,1.3054775434839219,0.022781916473827102,29.02674793757791,0.057564627324851146,0.0
\mathrm{IM}_3,III,0.6,0.7,4800,9600,31.622776601683793,base,,nan,no_training,0.0,1.3054775434839219,0.022781916473827102,29.02674793757791,0.08565989192612959,0.0
\mathrm{IM}_3,III,0.6,0.7,4800,9600,32.56854685433387,boundary_refinement,zero,0.05,no_training,0.0,1.3054775434839219,0.022781916473827102,29.02674793757791,0.1151292546497022,0.0
\mathrm{IM}_3,III,0.6,0.7,4800,9600,34.49835457906423,boundary_refinement,zero,0.07500000000000001,no_training,0.0,1.3054775434839219,0.022781916473827102,29.02674793757791,0.1726938819745535,0.0
\mathrm{IM}_3,III,0.6,0.7,4800,9600,36.542510600360764,boundary_refinement,zero,0.1,no_training,0.0,1.3054775434839219,0.022781916473827102,29.02674793757791,0.2302585092994046,0.0
\mathrm{IM}_3,III,0.6,0.7,4800,9600,38.31186849557285,base,,nan,no_training,0.0,1.3054775434839219,0.022781916473827102,29.02674793757791,0.2775419830089661,0.0
\mathrm{IM}_3,III,0.6,0.7,4800,9600,38.707790480762704,boundary_refinement,zero,0.125,no_training,0.0,1.3054775434839219,0.022781916473827102,29.02674793757791,0.2878231366242557,0.0
\mathrm{IM}_3,III,0.6,0.7,4800,9600,41.0013712601299,boundary_refinement,zero,0.15,no_training,0.0,1.3054775434839219,0.022781916473827102,29.02674793757791,0.3453877639491069,0.0
\mathrm{IM}_3,III,0.6,0.7,4800,9600,43.43085524466962,boundary_refinement,zero,0.17500000000000002,no_training,0.0,1.3054775434839219,0.022781916473827102,29.02674793757791,0.402952391273958,0.0
\mathrm{IM}_3,III,0.6,0.7,4800,9600,46.0042952055519,boundary_refinement,zero,0.2,no_training,0.0,1.3054775434839219,0.022781916473827102,29.02674793757791,0.4605170185988092,0.0
\mathrm{IM}_3,III,0.6,0.7,4800,9600,46.41588833612773,base,,nan,no_training,0.0,1.3054775434839219,0.022781916473827102,29.02674793757791,0.4694240740918026,0.0
\mathrm{IM}_3,III,0.6,0.7,4800,9600,48.73022107063653,boundary_refinement,zero,0.225,no_training,0.0,1.3054775434839219,0.022781916473827102,29.02674793757791,0.5180816459236602,0.0
\mathrm{IM}_3,III,0.6,0.7,4800,9600,51.61766819778456,boundary_refinement,zero,0.25,no_training,0.0,1.3054775434839219,0.022781916473827102,29.02674793757791,0.5756462732485114,0.0
\mathrm{IM}_3,III,0.6,0.7,4800,9600,56.23413251903491,base,,nan,no_training,0.0,1.3054775434839219,0.022781916473827102,29.02674793757791,0.6613061651746409,0.0
\mathrm{IM}_3,III,0.6,0.7,4800,9600,68.12920690579608,base,,nan,no_training,0.0,1.3054775434839219,0.022781916473827102,29.02674793757791,0.8531882562574774,0.0
\mathrm{IM}_3,III,0.6,0.7,4800,9600,82.54041852680173,base,,nan,no_training,0.0,1.3054775434839219,0.022781916473827102,29.02674793757791,1.0450703473403138,0.0
\mathrm{IM}_3,III,0.6,0.7,4800,9600,100.0,base,,nan,no_training,0.0,1.3054775434839219,0.022781916473827102,29.02674793757791,1.2369524384231525,0.0
\mathrm{IM}_3,III,0.6,0.7,4800,9600,121.15276586285876,base,,nan,no_training,0.0,1.3054775434839219,0.022781916473827102,29.02674793757791,1.4288345295059888,0.0
\mathrm{IM}_3,III,0.6,0.7,4800,9600,146.77992676220674,base,,nan,no_training,0.0,1.3054775434839219,0.022781916473827102,29.02674793757791,1.6207166205888253,0.0
\mathrm{IM}_3,III,0.6,0.7,4800,9600,177.82794100389228,base,,nan,no_training,0.0,1.3054775434839219,0.022781916473827102,29.02674793757791,1.812598711671664,0.0
\mathrm{IM}_3,III,0.6,0.7,4800,9600,215.44346900318823,base,,nan,no_training,0.0,1.3054775434839219,0.022781916473827102,29.02674793757791,2.0044808027545002,0.0
\mathrm{IM}_3,III,0.6,0.7,4800,9600,261.0157215682533,base,,nan,no_training,0.0,1.3054775434839219,0.022781916473827102,29.02674793757791,2.1963628938373367,0.0
\mathrm{IM}_3,III,0.6,0.7,4800,9600,316.22776601683796,base,,nan,no_training,0.0,1.3054775434839219,0.022781916473827102,29.02674793757791,2.3882449849201755,0.0
\mathrm{IM}_3,III,0.6,0.7,4800,9600,383.1186849557285,base,,nan,no_training,0.0,1.3054775434839219,0.022781916473827102,29.02674793757791,2.5801270760030115,0.0
\mathrm{IM}_3,III,0.6,0.7,4800,9600,464.1588833612773,base,,nan,no_training,0.0,1.3054775434839219,0.022781916473827102,29.02674793757791,2.7720091670858484,0.0
\mathrm{IM}_3,III,0.6,0.7,4800,9600,562.341325190349,base,,nan,no_training,0.0,1.3054775434839219,0.022781916473827102,29.02674793757791,2.9638912581686867,0.0
\mathrm{IM}_3,III,0.6,0.7,4800,9600,681.2920690579608,base,,nan,no_training,0.0,1.3054775434839219,0.022781916473827102,29.02674793757791,3.155773349251523,0.0
\mathrm{IM}_3,III,0.6,0.7,4800,9600,825.4041852680173,base,,nan,no_training,0.0,1.3054775434839219,0.022781916473827102,29.02674793757791,3.3476554403343597,0.0
\mathrm{IM}_3,III,0.6,0.7,4800,9600,1000.0,base,,nan,no_training,0.0,1.3054775434839219,0.022781916473827102,29.02674793757791,3.539537531417198,0.0
\mathrm{IM}_3,III,0.6,0.7,6400,12800,0.001,base,,nan,terminal_infimum,inf,0.0002592161030625953,0.016960864684422327,29.051244481556612,2.8309086128154464,0.0
\mathrm{IM}_3,III,0.6,0.7,6400,12800,0.001211527658628589,base,,nan,terminal_infimum,inf,0.0002888115673320607,0.016960864684422327,29.051244481556612,2.6390265217326085,0.0
\mathrm{IM}_3,III,0.6,0.7,6400,12800,0.0014677992676220691,base,,nan,terminal_infimum,inf,0.0003246672908644721,0.016960864684422327,29.051244481556612,2.447144430649772,0.0
\mathrm{IM}_3,III,0.6,0.7,6400,12800,0.0017782794100389228,base,,nan,terminal_infimum,inf,0.0003681074916441285,0.016960864684422327,29.051244481556612,2.2552623395669347,0.0
\mathrm{IM}_3,III,0.6,0.7,6400,12800,0.0021544346900318843,base,,nan,terminal_infimum,inf,0.00042073649638506164,0.016960864684422327,29.051244481556612,2.0633802484840973,0.0
\mathrm{IM}_3,III,0.6,0.7,6400,12800,0.0026101572156825357,base,,nan,terminal_infimum,inf,0.0004844979912747968,0.016960864684422327,29.051244481556612,1.8714981574012608,0.0
\mathrm{IM}_3,III,0.6,0.7,6400,12800,0.0031622776601683794,base,,nan,terminal_infimum,inf,0.0005617468058892167,0.016960864684422327,29.051244481556612,1.6796160663184234,0.0
\mathrm{IM}_3,III,0.6,0.7,6400,12800,0.003831186849557285,base,,nan,terminal_infimum,inf,0.0006553358813908584,0.016960864684422327,29.051244481556612,1.487733975235587,0.0
\mathrm{IM}_3,III,0.6,0.7,6400,12800,0.004641588833612777,base,,nan,terminal_infimum,inf,0.000768721634906577,0.016960864684422327,29.051244481556612,1.2958518841527495,0.0
\mathrm{IM}_3,III,0.6,0.7,6400,12800,0.005623413251903491,base,,nan,terminal_infimum,inf,0.0009060916113853137,0.016960864684422327,29.051244481556612,1.103969793069912,0.0
\mathrm{IM}_3,III,0.6,0.7,6400,12800,0.006812920690579608,base,,nan,terminal_infimum,inf,0.001072519137354461,0.016960864684422327,29.051244481556612,0.9120877019870754,0.0
\mathrm{IM}_3,III,0.6,0.7,6400,12800,0.008254041852680182,base,,nan,terminal_infimum,inf,0.0012741506882232119,0.016960864684422327,29.051244481556612,0.7202056109042378,0.0
\mathrm{IM}_3,III,0.6,0.7,6400,12800,0.009537795123012243,boundary_refinement,terminal,-0.25,terminal_infimum,inf,0.0014537644289947318,0.016960864684422327,29.051244481556612,0.5756462732485115,0.0
\mathrm{IM}_3,III,0.6,0.7,6400,12800,0.01,base,,nan,terminal_infimum,inf,0.0015184328889528806,0.016960864684422327,29.051244481556612,0.5283235198214005,0.0
\mathrm{IM}_3,III,0.6,0.7,6400,12800,0.010102945014028497,boundary_refinement,terminal,-0.225,terminal_infimum,inf,0.001532836232251591,0.016960864684422327,29.051244481556612,0.5180816459236602,0.0
\mathrm{IM}_3,III,0.6,0.7,6400,12800,0.010701582141371003,boundary_refinement,terminal,-0.2,terminal_infimum,inf,0.0016165933344079047,0.016960864684422327,29.051244481556612,0.4605170185988091,0.0
\mathrm{IM}_3,III,0.6,0.7,6400,12800,0.01133569074853798,boundary_refinement,terminal,-0.17500000000000002,terminal_infimum,inf,0.0017053133568770344,0.016960864684422327,29.051244481556612,0.4029523912739581,0.0
\mathrm{IM}_3,III,0.6,0.7,6400,12800,0.012007372652846588,boundary_refinement,terminal,-0.15,terminal_infimum,inf,0.0017992903711752735,0.016960864684422327,29.051244481556612,0.34538776394910686,0.0
\mathrm{IM}_3,III,0.6,0.7,6400,12800,0.012115276586285882,base,,nan,terminal_infimum,inf,0.0018143875316475344,0.016960864684422327,29.051244481556612,0.3364414287385635,0.0
\mathrm{IM}_3,III,0.6,0.7,6400,12800,0.012718854212119655,boundary_refinement,terminal,-0.125,terminal_infimum,inf,0.0018988358736517223,0.016960864684422327,29.051244481556612,0.2878231366242556,0.0
\mathrm{IM}_3,III,0.6,0.7,6400,12800,0.013472493704174594,boundary_refinement,terminal,-0.1,terminal_infimum,inf,0.0020042798179745456,0.016960864684422327,29.051244481556612,0.23025850929940458,0.0
\mathrm{IM}_3,III,0.6,0.7,6400,12800,0.014270789143574509,boundary_refinement,terminal,-0.07500000000000001,terminal_infimum,inf,0.0021159717087958826,0.016960864684422327,29.051244481556612,0.17269388197455351,0.0
\mathrm{IM}_3,III,0.6,0.7,6400,12800,0.01467799267622069,base,,nan,terminal_infimum,inf,0.0021729447669716485,0.016960864684422327,29.051244481556612,0.14455933765572662,0.0
\mathrm{IM}_3,III,0.6,0.7,6400,12800,0.015116386561550912,boundary_refinement,terminal,-0.05,terminal_infimum,inf,0.0022342817602204793,0.016960864684422327,29.051244481556612,0.11512925464970225,0.0
\mathrm{IM}_3,III,0.6,0.7,6400,12800,0.016012088776542713,boundary_refinement,terminal,-0.025,terminal_infimum,inf,0.0023596021229179,0.016960864684422327,29.051244481556612,0.05756462732485113,0.0
\mathrm{IM}_3,III,0.6,0.7,6400,12800,0.016104527573839122,terminal_near_refinement,terminal,-0.0225,terminal_infimum,inf,0.0023725355101649162,0.016960864684422327,29.051244481556612,0.051808164592365855,0.0
\mathrm{IM}_3,III,0.6,0.7,6400,12800,0.016197500026136125,terminal_near_refinement,terminal,-0.02,terminal_infimum,inf,0.0023855435626713353,0.016960864684422327,29.051244481556612,0.04605170185988087,0.0
\mathrm{IM}_3,III,0.6,0.7,6400,12800,0.016291009214257666,terminal_near_refinement,terminal,-0.0175,terminal_infimum,inf,0.0023986267114844036,0.016960864684422327,29.051244481556612,0.040295239127395764,0.0
\mathrm{IM}_3,III,0.6,0.7,6400,12800,0.016385058236813473,terminal_near_refinement,terminal,-0.015,terminal_infimum,inf,0.002411785390139831,0.016960864684422327,29.051244481556612,0.034538776394910715,0.0
\mathrm{IM}_3,III,0.6,0.7,6400,12800,0.016479650210301747,terminal_near_refinement,terminal,-0.0125,terminal_infimum,inf,0.002425020034676156,0.016960864684422327,29.051244481556612,0.028782313662425615,0.0
\mathrm{IM}_3,III,0.6,0.7,6400,12800,0.016574788269212427,terminal_near_refinement,terminal,-0.01,terminal_infimum,inf,0.0024383310836491945,0.016960864684422327,29.051244481556612,0.02302585092994047,0.0
\mathrm{IM}_3,III,0.6,0.7,6400,12800,0.016670475566131063,terminal_near_refinement,terminal,-0.0075,terminal_infimum,inf,0.0024517189781465736,0.016960864684422327,29.051244481556612,0.017269388197455333,0.0
\mathrm{IM}_3,III,0.6,0.7,6400,12800,0.016766715271843275,terminal_near_refinement,terminal,-0.005,terminal_infimum,inf,0.0024651841618023467,0.016960864684422327,29.051244481556612,0.01151292546497021,0.0
\mathrm{IM}_3,III,0.6,0.7,6400,12800,0.016863510575439833,terminal_near_refinement,terminal,-0.0025,terminal_infimum,inf,0.002478727080811695,0.016960864684422327,29.051244481556612,0.005756462732485202,0.0
\mathrm{IM}_3,III,0.6,0.7,6400,12800,0.016876060361000214,terminal_ultra_near_refinement,terminal,-0.002176919254274547,terminal_infimum,inf,0.0024804829586602454,0.016960864684422327,29.051244481556612,0.005012541823544398,0.0
\mathrm{IM}_3,III,0.6,0.7,6400,12800,0.01689302122568464,terminal_ultra_near_refinement,terminal,-0.00174066157630127,terminal_infimum,inf,0.0024828560037173392,0.016960864684422327,29.051244481556612,0.004008021397538711,0.0
\mathrm{IM}_3,III,0.6,0.7,6400,12800,0.01690998209036906,terminal_ultra_near_refinement,terminal,-0.0013048416883442813,terminal_infimum,inf,0.002485229048774432,0.016960864684422327,29.051244481556612,0.0030045090202987243,0.0
\mathrm{IM}_3,III,0.6,0.7,6400,12800,0.01692694295505348,terminal_ultra_near_refinement,terminal,-0.0008694587126288914,terminal_infimum,inf,0.002487602093831525,0.016960864684422327,29.051244481556612,0.0020020026706731903,0.0
\mathrm{IM}_3,III,0.6,0.7,6400,12800,0.016943903819737906,terminal_ultra_near_refinement,terminal,-0.0004345117740176917,terminal_infimum,inf,0.0024899751388886187,0.016960864684422327,29.051244481556612,0.0010005003335834233,0.0
\mathrm{IM}_3,III,0.6,0.7,6400,12800,0.016952384252080118,terminal_extreme_near_refinement,terminal,-0.00021720154586423186,terminal_infimum,inf,0.0024911616614171654,0.016960864684422327,29.051244481556612,0.0005001250416821317,0.0
\mathrm{IM}_3,III,0.6,0.7,6400,12800,0.016954080338548557,terminal_extreme_near_refinement,terminal,-0.00017375254558756316,terminal_infimum,inf,0.002491398965922874,0.016960864684422327,29.051244481556612,0.00040008002133980235,0.0
\mathrm{IM}_3,III,0.6,0.7,6400,12800,0.016955776425017,terminal_extreme_near_refinement,terminal,-0.00013030789173217684,terminal_infimum,inf,0.0024916362704285834,0.016960864684422327,29.051244481556612,0.0003000450090021035,0.0
\mathrm{IM}_3,III,0.6,0.7,6400,12800,0.016957472511485442,terminal_extreme_near_refinement,terminal,-8.686758342857122e-05,terminal_infimum,inf,0.002491873574934293,0.016960864684422327,29.051244481556612,0.0002000200026670447,0.0
\mathrm{IM}_3,III,0.6,0.7,6400,12800,0.016959168597953884,terminal_extreme_near_refinement,terminal,-4.3431619807505604e-05,terminal_infimum,inf,0.0024921108794400022,0.016960864684422327,29.051244481556612,0.00010000500033334732,0.0
\mathrm{IM}_3,III,0.6,0.7,6400,12800,0.01696256077089077,terminal_extreme_near_refinement,terminal,4.342727686266486e-05,finite_interior,27745.343576258638,0.0024925654841896467,0.016960864684422327,29.051244481556612,9.999500033329732e-05,1.1383544892732034e-06
\mathrm{IM}_3,III,0.6,0.7,6400,12800,0.016964256857359212,terminal_extreme_near_refinement,terminal,8.685021164894766e-05,finite_interior,27736.27963861495,0.002492782780544894,0.016960864684422327,29.051244481556612,0.0001999800026662447,1.2852154041698212e-06
\mathrm{IM}_3,III,0.6,0.7,6400,12800,0.016965952943827654,terminal_extreme_near_refinement,terminal,0.00013026880522704667,finite_interior,27727.226927962507,0.0024930000730128666,0.016960864684422327,29.051244481556612,0.00029995500899794244,1.1253781577319734e-06
\mathrm{IM}_3,III,0.6,0.7,6400,12800,0.016967649030296097,terminal_extreme_near_refinement,terminal,0.0001736830584648997,finite_interior,27718.172770638852,0.0024932173615949734,0.016960864684422327,29.051244481556612,0.0003999200213268913,1.2697603889565314e-06
\mathrm{IM}_3,III,0.6,0.7,6400,12800,0.016969345116764536,terminal_extreme_near_refinement,terminal,0.00021709297223018438,finite_interior,27709.129834947475,0.0024934346462926202,0.016960864684422327,29.051244481556612,0.0004998750416509929,1.2584652781972364e-06
\mathrm{IM}_3,III,0.6,0.7,6400,12800,0.016977825549106748,terminal_ultra_near_refinement,terminal,0.0004340774793185929,finite_interior,27664.025403379987,0.0024945210115630643,0.016960864684422327,29.051244481556612,0.0009995003330834232,1.0216098026266647e-06
\mathrm{IM}_3,III,0.6,0.7,6400,12800,0.016994786413791173,terminal_ultra_near_refinement,terminal,0.0008677215312269133,finite_interior,27574.32180732524,0.0024966934515724144,0.016960864684422327,29.051244481556612,0.001998002662673058,6.823117413400548e-07
\mathrm{IM}_3,III,0.6,0.7,6400,12800,0.01701174727847559,terminal_ultra_near_refinement,terminal,0.001300933020418072,finite_interior,27485.30757971944,0.0024988655053561674,0.016960864684422327,29.051244481556612,0.002995508979798371,3.318730185572869e-08
\mathrm{IM}_3,III,0.6,0.7,6400,12800,0.017028708143160015,terminal_ultra_near_refinement,terminal,0.0017337128090005314,finite_interior,27396.962556153772,0.002501037174278898,0.016960864684422327,29.051244481556612,0.003992021269537457,3.6941150152784077e-07
\mathrm{IM}_3,III,0.6,0.7,6400,12800,0.017045669007844436,terminal_ultra_near_refinement,terminal,0.0021660617565076304,finite_interior,27309.299719032228,0.0025032084597231027,0.016960864684422327,29.051244481556612,0.004987541511038968,9.76933333162013e-07
\mathrm{IM}_3,III,0.6,0.7,6400,12800,0.017058780824809456,terminal_near_refinement,terminal,0.0025,finite_interior,27241.98152075913,0.00250488673823102,0.016960864684422327,29.051244481556612,0.00575646273248517,8.723308667756546e-07
\mathrm{IM}_3,III,0.6,0.7,6400,12800,0.017157262241243924,terminal_near_refinement,terminal,0.005,finite_interior,26748.673914012845,0.00251748486801341,0.016960864684422327,29.051244481556612,0.011512925464970295,8.63888519983119e-07
\mathrm{IM}_3,III,0.6,0.7,6400,12800,0.017256312197099968,terminal_near_refinement,terminal,0.0075,finite_interior,26273.22590705777,0.002530143027976596,0.016960864684422327,29.051244481556612,0.017269388197455236,1.0482224203971236e-06
\mathrm{IM}_3,III,0.6,0.7,6400,12800,0.01735593397459149,terminal_near_refinement,terminal,0.01,finite_interior,25814.59340791044,0.0025428616680569288,0.016960864684422327,29.051244481556612,0.023025850929940427,3.7435817549742965e-07
\mathrm{IM}_3,III,0.6,0.7,6400,12800,0.017456130874880817,terminal_near_refinement,terminal,0.0125,finite_interior,25371.74419614917,0.002555641233460246,0.016960864684422327,29.051244481556612,0.02878231366242563,8.499096780591392e-07
\mathrm{IM}_3,III,0.6,0.7,6400,12800,0.017556906218188093,terminal_near_refinement,terminal,0.015,finite_interior,24943.78679174296,0.0025684821661922943,0.016960864684422327,29.051244481556612,0.03453877639491076,2.153686401264237e-07
\mathrm{IM}_3,III,0.6,0.7,6400,12800,0.017658263343901304,terminal_near_refinement,terminal,0.0175,finite_interior,24529.878623960125,0.0025813849042542855,0.016960864684422327,29.051244481556612,0.04029523912739586,5.955990115572698e-07
\mathrm{IM}_3,III,0.6,0.7,6400,12800,0.01776020561068693,terminal_near_refinement,terminal,0.02,finite_interior,24129.25255134643,0.0025943498835809767,0.016960864684422327,29.051244481556612,0.046051701859880986,3.4957847122369616e-07
\mathrm{IM}_3,III,0.6,0.7,6400,12800,0.01778279410038923,base,,nan,finite_interior,24042.506858383873,0.0025972210384042935,0.016960864684422327,29.051244481556612,0.04732275342711098,7.099020023023472e-07
\mathrm{IM}_3,III,0.6,0.7,6400,12800,0.017862736396601252,terminal_near_refinement,terminal,0.0225,finite_interior,23741.20855285147,0.0026073775366525147,0.016960864684422327,29.051244481556612,0.05180816459236611,7.890692654300966e-07
\mathrm{IM}_3,III,0.6,0.7,6400,12800,0.017965859099202272,boundary_refinement,terminal,0.025,finite_interior,23365.084991497653,0.0026204682947615905,0.016960864684422327,29.051244481556612,0.057564627324851146,3.315851381043683e-07
\mathrm{IM}_3,III,0.6,0.7,6400,12800,0.019030403176840297,boundary_refinement,terminal,0.05,finite_interior,20145.610321246186,0.0027549403868567493,0.016960864684422327,29.051244481556612,0.1151292546497022,8.85345255976694e-07
\mathrm{IM}_3,III,0.6,0.7,6400,12800,0.0201580254566938,boundary_refinement,terminal,0.07500000000000001,finite_interior,17655.26882874832,0.0028961895647564915,0.016960864684422327,29.051244481556612,0.1726938819745535,8.50225721896504e-07
\mathrm{IM}_3,III,0.6,0.7,6400,12800,0.021352463557221528,boundary_refinement,terminal,0.1,finite_interior,15659.589735190822,0.003044640901191702,0.016960864684422327,29.051244481556612,0.2302585092994046,8.637999027850138e-07
\mathrm{IM}_3,III,0.6,0.7,6400,12800,0.021544346900318832,base,,nan,finite_interior,15384.016854379768,0.0030683867580188506,0.016960864684422327,29.051244481556612,0.2392048445099478,5.737724115426103e-07
\mathrm{IM}_3,III,0.6,0.7,6400,12800,0.022617676564699204,boundary_refinement,terminal,0.125,finite_interior,14018.96097917993,0.0032007287246741817,0.016960864684422327,29.051244481556612,0.2878231366242557,2.6887787649511267e-08
\mathrm{IM}_3,III,0.6,0.7,6400,12800,0.0239578581560127,boundary_refinement,terminal,0.15,finite_interior,12643.684678984666,0.0033649018165602456,0.016960864684422327,29.051244481556612,0.3453877639491069,9.91375210191342e-07
\mathrm{IM}_3,III,0.6,0.7,6400,12800,0.025377450499025546,boundary_refinement,terminal,0.17500000000000002,finite_interior,11472.946025947553,0.0035376268587262163,0.016960864684422327,29.051244481556612,0.402952391273958,1.0511538538095733e-06
\mathrm{IM}_3,III,0.6,0.7,6400,12800,0.026101572156825358,base,,nan,finite_interior,10961.686513902074,0.003625303194988879,0.016960864684422327,29.051244481556612,0.43108693559278477,9.907310248037563e-07
\mathrm{IM}_3,III,0.6,0.7,6400,12800,0.02688115897659506,boundary_refinement,terminal,0.2,finite_interior,10463.731805023299,0.003719391032248871,0.016960864684422327,29.051244481556612,0.4605170185988092,7.172639357901746e-07
\mathrm{IM}_3,III,0.6,0.7,6400,12800,0.028473967783041232,boundary_refinement,terminal,0.225,finite_interior,9584.626115036874,0.003910704182642033,0.016960864684422327,29.051244481556612,0.5180816459236602,5.989657249022325e-07
\mathrm{IM}_3,III,0.6,0.7,6400,12800,0.030161156444764536,boundary_refinement,terminal,0.25,finite_interior,8812.047651006977,0.004112100757720509,0.016960864684422327,29.051244481556612,0.5756462732485114,8.472987218050758e-07
\mathrm{IM}_3,III,0.6,0.7,6400,12800,0.03162277660168379,base,,nan,finite_interior,8243.843414124167,0.004285611184986062,0.016960864684422327,29.051244481556612,0.6229690266756223,9.259979472840976e-07
\mathrm{IM}_3,III,0.6,0.7,6400,12800,0.03831186849557287,base,,nan,finite_interior,6406.640898455118,0.0050698236477736405,0.016960864684422327,29.051244481556612,0.8148511177584594,9.763187302559586e-07
\mathrm{IM}_3,III,0.6,0.7,6400,12800,0.046415888336127774,base,,nan,finite_interior,5089.08698150378,0.0060021158944828755,0.016960864684422327,29.051244481556612,1.0067332088412964,9.989370429869e-07
\mathrm{IM}_3,III,0.6,0.7,6400,12800,0.05623413251903491,base,,nan,finite_interior,4105.426756597288,0.007111091731038195,0.016960864684422327,29.051244481556612,1.1986152999241337,1.1198873047030445e-06
\mathrm{IM}_3,III,0.6,0.7,6400,12800,0.06812920690579612,base,,nan,finite_interior,3349.54455402135,0.008430633973108476,0.016960864684422327,29.051244481556612,1.3904973910069707,1.0020726606492053e-06
\mathrm{IM}_3,III,0.6,0.7,6400,12800,0.08254041852680181,base,,nan,finite_interior,2756.103093507548,0.010000881864638158,0.016960864684422327,29.051244481556612,1.5823794820898076,8.703429936137216e-07
\mathrm{IM}_3,III,0.6,0.7,6400,12800,0.1,base,,nan,finite_interior,2282.5292471781554,0.011869365516364744,0.016960864684422327,29.051244481556612,1.7742615731726452,1.0193871899352147e-06
\mathrm{IM}_3,III,0.6,0.7,6400,12800,0.12115276586285877,base,,nan,finite_interior,1899.8103743332279,0.014092325785543123,0.016960864684422327,29.051244481556612,1.9661436642554817,1.077465169014389e-06
\mathrm{IM}_3,III,0.6,0.7,6400,12800,0.1467799267622069,base,,nan,finite_interior,1587.443733003954,0.01673624926736289,0.016960864684422327,29.051244481556612,2.1580257553383193,1.371029382684153e-07
\mathrm{IM}_3,III,0.6,0.7,6400,12800,0.1778279410038923,base,,nan,finite_interior,1330.4992146848706,0.019879650470612086,0.016960864684422327,29.051244481556612,2.3499078464211567,8.543973616633344e-07
\mathrm{IM}_3,III,0.6,0.7,6400,12800,0.21544346900318823,base,,nan,finite_interior,1117.8296934829984,0.023615136037831125,0.016960864684422327,29.051244481556612,2.541789937503993,5.130119943648125e-08
\mathrm{IM}_3,III,0.6,0.7,6400,12800,0.2610157215682536,base,,nan,finite_interior,940.9329910620357,0.028051788332124013,0.016960864684422327,29.051244481556612,2.7336720285868306,1.139094098649689e-06
\mathrm{IM}_3,III,0.6,0.7,6400,12800,0.31622776601683794,base,,nan,finite_interior,793.210958629942,0.03331790849073195,0.016960864684422327,29.051244481556612,2.925554119669668,1.029322310442826e-06
\mathrm{IM}_3,III,0.6,0.7,6400,12800,0.3831186849557285,base,,nan,finite_interior,669.4614305353372,0.039564160071961674,0.016960864684422327,29.051244481556612,3.1174362107525044,1.0701605854970088e-08
\mathrm{IM}_3,III,0.6,0.7,6400,12800,0.46415888336127775,base,,nan,finite_interior,565.532402051908,0.04696715510828499,0.016960864684422327,29.051244481556612,3.3093183018353423,1.0664902673251963e-06
\mathrm{IM}_3,III,0.6,0.7,6400,12800,0.5623413251903491,base,,nan,finite_interior,478.07391061702526,0.05573352230916007,0.016960864684422327,29.051244481556612,3.5012003929181796,8.930049660803561e-07
\mathrm{IM}_3,III,0.6,0.7,6400,12800,0.6812920690579608,base,,nan,finite_interior,404.3577833633209,0.06610449303844555,0.016960864684422327,29.051244481556612,3.693082484001016,1.0056071888826922e-06
\mathrm{IM}_3,III,0.6,0.7,6400,12800,0.8254041852680182,base,,nan,finite_interior,342.1470039053749,0.07836103692692405,0.016960864684422327,29.051244481556612,3.56094341275945,3.3221562757739167e-07
\mathrm{IM}_3,III,0.6,0.7,6400,12800,1.0,base,,nan,finite_interior,289.5886149204128,0.09282953836933883,0.016960864684422327,29.051244481556612,3.3690613216766128,7.888256745727696e-07
\mathrm{IM}_3,III,0.6,0.7,6400,12800,1.2115276586285877,base,,nan,finite_interior,245.14282878939125,0.10988795110353286,0.016960864684422327,29.051244481556612,3.1771792305937763,1.1744306207326247e-06
\mathrm{IM}_3,III,0.6,0.7,6400,12800,1.467799267622069,base,,nan,finite_interior,207.5504453257518,0.12997257888975783,0.016960864684422327,29.051244481556612,2.985297139510939,9.427275301125704e-07
\mathrm{IM}_3,III,0.6,0.7,6400,12800,1.7782794100389228,base,,nan,finite_interior,175.77937918653174,0.1535858994788596,0.016960864684422327,29.051244481556612,2.793415048428101,1.0178980434538485e-06
\mathrm{IM}_3,III,0.6,0.7,6400,12800,2.154434690031882,base,,nan,finite_interior,148.9068944440189,0.18130451699796343,0.016960864684422327,29.051244481556612,2.601532957345265,4.4564128558133387e-07
\mathrm{IM}_3,III,0.6,0.7,6400,12800,2.610157215682536,base,,nan,finite_interior,126.05274509311108,0.21378338589222332,0.016960864684422327,29.051244481556612,2.4096508662624276,4.954451159544798e-07
\mathrm{IM}_3,III,0.6,0.7,6400,12800,3.1622776601683795,base,,nan,finite_interior,106.48210844282158,0.2517538211386586,0.016960864684422327,29.051244481556612,2.21776877517959,1.2559267741581284e-06
\mathrm{IM}_3,III,0.6,0.7,6400,12800,3.831186849557285,base,,nan,finite_interior,89.79097204535933,0.29602531966919843,0.016960864684422327,29.051244481556612,2.0258866840967533,1.552358016770284e-06
\mathrm{IM}_3,III,0.6,0.7,6400,12800,4.6415888336127775,base,,nan,finite_interior,75.88618111460218,0.3475175649589599,0.016960864684422327,29.051244481556612,1.8340045930139157,3.215677841040397e-07
\mathrm{IM}_3,III,0.6,0.7,6400,12800,5.623413251903491,base,,nan,finite_interior,64.59664967480353,0.4073254289938426,0.016960864684422327,29.051244481556612,1.6421225019310783,3.126959429470452e-07
\mathrm{IM}_3,III,0.6,0.7,6400,12800,6.812920690579608,base,,nan,finite_interior,55.41774371422005,0.47675027752682775,0.016960864684422327,29.051244481556612,1.450240410848242,1.191103531106465e-06
\mathrm{IM}_3,III,0.6,0.7,6400,12800,8.254041852680182,base,,nan,finite_interior,47.71411832465896,0.5572451554860401,0.016960864684422327,29.051244481556612,1.2583583197654045,1.9049817364353538e-07
\mathrm{IM}_3,III,0.6,0.7,6400,12800,10.0,base,,nan,finite_interior,40.94101251097349,0.6502831625500859,0.016960864684422327,29.051244481556612,1.066476228682567,1.1483317601130032e-06
\mathrm{IM}_3,III,0.6,0.7,6400,12800,12.115276586285876,base,,nan,finite_interior,34.678671196993676,0.7571145533628688,0.016960864684422327,29.051244481556612,0.8745941375997305,1.4922295124631837e-06
\mathrm{IM}_3,III,0.6,0.7,6400,12800,14.677992676220676,base,,nan,finite_interior,28.578823470616427,0.8782541863253597,0.016960864684422327,29.051244481556612,0.682712046516894,1.476343183257682e-06
\mathrm{IM}_3,III,0.6,0.7,6400,12800,16.33671532018736,boundary_refinement,zero,-0.25,finite_interior,25.116728915232493,0.9516818242154897,0.016960864684422327,29.051244481556612,0.5756462732485115,1.3105334932688157e-06
\mathrm{IM}_3,III,0.6,0.7,6400,12800,17.304726560069348,boundary_refinement,zero,-0.225,finite_interior,23.205546372067968,0.9926056330053266,0.016960864684422327,29.051244481556612,0.5180816459236602,5.473642511071485e-07
\mathrm{IM}_3,III,0.6,0.7,6400,12800,17.78279410038923,base,,nan,finite_interior,22.283457713872373,1.0122627430072375,0.016960864684422327,29.051244481556612,0.4908299554340556,1.0894902017603946e-06
\mathrm{IM}_3,III,0.6,0.7,6400,12800,18.33009607192783,boundary_refinement,zero,-0.2,finite_interior,21.24193605462,1.0342977647996145,0.016960864684422327,29.051244481556612,0.46051701859880895,1.4406680152050162e-06
\mathrm{IM}_3,III,0.6,0.7,6400,12800,19.41622254704714,boundary_refinement,zero,-0.17500000000000002,finite_interior,19.209034754776848,1.0764668129759978,0.016960864684422327,29.051244481556612,0.4029523912739581,9.884187987102794e-07
\mathrm{IM}_3,III,0.6,0.7,6400,12800,20.566706061830953,boundary_refinement,zero,-0.15,finite_interior,17.086070043944968,1.118694209344647,0.016960864684422327,29.051244481556612,0.34538776394910686,6.714976842565048e-07
\mathrm{IM}_3,III,0.6,0.7,6400,12800,21.54434690031882,base,,nan,finite_interior,15.289949742152901,1.1523994849670642,0.016960864684422327,29.051244481556612,0.2989478643512191,3.1374629085758063e-07
\mathrm{IM}_3,III,0.6,0.7,6400,12800,21.785360010620767,boundary_refinement,zero,-0.125,finite_interior,14.846581165157147,1.1603754420117218,0.016960864684422327,29.051244481556612,0.2878231366242556,4.4169326254318995e-07
\mathrm{IM}_3,III,0.6,0.7,6400,12800,23.07622374557839,boundary_refinement,zero,-0.1,finite_interior,12.455712046836052,1.2006248886723743,0.016960864684422327,29.051244481556612,0.23025850929940458,1.9093210445341807e-07
\mathrm{IM}_3,III,0.6,0.7,6400,12800,24.443575965528517,boundary_refinement,zero,-0.07500000000000001,finite_interior,9.86560958507963,1.2381136260543506,0.016960864684422327,29.051244481556612,0.17269388197455351,6.258991671973023e-07
\mathrm{IM}_3,III,0.6,0.7,6400,12800,25.89194889814013,boundary_refinement,zero,-0.05,finite_interior,7.007465447492375,1.270774806861306,0.016960864684422327,29.051244481556612,0.11512925464970225,1.4526984060556308e-06
\mathrm{IM}_3,III,0.6,0.7,6400,12800,26.10157215682533,base,,nan,finite_interior,6.580351208421751,1.2747948456344862,0.016960864684422327,29.051244481556612,0.1070657732683827,1.7180559155453638e-06
\mathrm{IM}_3,III,0.6,0.7,6400,12800,27.42614332245493,boundary_refinement,zero,-0.025,finite_interior,3.7764163108832656,1.2952228922978262,0.016960864684422327,29.051244481556612,0.05756462732485113,2.990850562482862e-06
\mathrm{IM}_3,III,0.6,0.7,6400,12800,30.772638938125,boundary_refinement,zero,0.025,no_training,0.0,1.305477641456221,0.016960864684422327,29.051244481556612,0.057564627324851146,0.0
\mathrm{IM}_3,III,0.6,0.7,6400,12800,31.622776601683793,base,,nan,no_training,0.0,1.305477641456221,0.016960864684422327,29.051244481556612,0.08481631781445573,0.0
\mathrm{IM}_3,III,0.6,0.7,6400,12800,32.59603242874459,boundary_refinement,zero,0.05,no_training,0.0,1.305477641456221,0.016960864684422327,29.051244481556612,0.1151292546497022,0.0
\mathrm{IM}_3,III,0.6,0.7,6400,12800,34.52746877614742,boundary_refinement,zero,0.07500000000000001,no_training,0.0,1.305477641456221,0.016960864684422327,29.051244481556612,0.1726938819745535,0.0
\mathrm{IM}_3,III,0.6,0.7,6400,12800,36.57334992207669,boundary_refinement,zero,0.1,no_training,0.0,1.305477641456221,0.016960864684422327,29.051244481556612,0.2302585092994046,0.0
\mathrm{IM}_3,III,0.6,0.7,6400,12800,38.31186849557285,base,,nan,no_training,0.0,1.305477641456221,0.016960864684422327,29.051244481556612,0.27669840889729236,0.0
\mathrm{IM}_3,III,0.6,0.7,6400,12800,38.740457147172236,boundary_refinement,zero,0.125,no_training,0.0,1.305477641456221,0.016960864684422327,29.051244481556612,0.2878231366242557,0.0
\mathrm{IM}_3,III,0.6,0.7,6400,12800,41.03597354821332,boundary_refinement,zero,0.15,no_training,0.0,1.305477641456221,0.016960864684422327,29.051244481556612,0.3453877639491069,0.0
\mathrm{IM}_3,III,0.6,0.7,6400,12800,43.46750784722165,boundary_refinement,zero,0.17500000000000002,no_training,0.0,1.305477641456221,0.016960864684422327,29.051244481556612,0.402952391273958,0.0
\mathrm{IM}_3,III,0.6,0.7,6400,12800,46.04311961134257,boundary_refinement,zero,0.2,no_training,0.0,1.305477641456221,0.016960864684422327,29.051244481556612,0.4605170185988092,0.0
\mathrm{IM}_3,III,0.6,0.7,6400,12800,46.41588833612773,base,,nan,no_training,0.0,1.305477641456221,0.016960864684422327,29.051244481556612,0.46858049998012885,0.0
\mathrm{IM}_3,III,0.6,0.7,6400,12800,48.7713459670981,boundary_refinement,zero,0.225,no_training,0.0,1.305477641456221,0.016960864684422327,29.051244481556612,0.5180816459236602,0.0
\mathrm{IM}_3,III,0.6,0.7,6400,12800,51.661229897559004,boundary_refinement,zero,0.25,no_training,0.0,1.305477641456221,0.016960864684422327,29.051244481556612,0.5756462732485114,0.0
\mathrm{IM}_3,III,0.6,0.7,6400,12800,56.23413251903491,base,,nan,no_training,0.0,1.305477641456221,0.016960864684422327,29.051244481556612,0.6604625910629672,0.0
\mathrm{IM}_3,III,0.6,0.7,6400,12800,68.12920690579608,base,,nan,no_training,0.0,1.305477641456221,0.016960864684422327,29.051244481556612,0.8523446821458036,0.0
\mathrm{IM}_3,III,0.6,0.7,6400,12800,82.54041852680173,base,,nan,no_training,0.0,1.305477641456221,0.016960864684422327,29.051244481556612,1.04422677322864,0.0
\mathrm{IM}_3,III,0.6,0.7,6400,12800,100.0,base,,nan,no_training,0.0,1.305477641456221,0.016960864684422327,29.051244481556612,1.2361088643114786,0.0
\mathrm{IM}_3,III,0.6,0.7,6400,12800,121.15276586285876,base,,nan,no_training,0.0,1.305477641456221,0.016960864684422327,29.051244481556612,1.427990955394315,0.0
\mathrm{IM}_3,III,0.6,0.7,6400,12800,146.77992676220674,base,,nan,no_training,0.0,1.305477641456221,0.016960864684422327,29.051244481556612,1.6198730464771516,0.0
\mathrm{IM}_3,III,0.6,0.7,6400,12800,177.82794100389228,base,,nan,no_training,0.0,1.305477641456221,0.016960864684422327,29.051244481556612,1.81175513755999,0.0
\mathrm{IM}_3,III,0.6,0.7,6400,12800,215.44346900318823,base,,nan,no_training,0.0,1.305477641456221,0.016960864684422327,29.051244481556612,2.0036372286428263,0.0
\mathrm{IM}_3,III,0.6,0.7,6400,12800,261.0157215682533,base,,nan,no_training,0.0,1.305477641456221,0.016960864684422327,29.051244481556612,2.195519319725663,0.0
\mathrm{IM}_3,III,0.6,0.7,6400,12800,316.22776601683796,base,,nan,no_training,0.0,1.305477641456221,0.016960864684422327,29.051244481556612,2.3874014108085015,0.0
\mathrm{IM}_3,III,0.6,0.7,6400,12800,383.1186849557285,base,,nan,no_training,0.0,1.305477641456221,0.016960864684422327,29.051244481556612,2.579283501891338,0.0
\mathrm{IM}_3,III,0.6,0.7,6400,12800,464.1588833612773,base,,nan,no_training,0.0,1.305477641456221,0.016960864684422327,29.051244481556612,2.7711655929741745,0.0
\mathrm{IM}_3,III,0.6,0.7,6400,12800,562.341325190349,base,,nan,no_training,0.0,1.305477641456221,0.016960864684422327,29.051244481556612,2.963047684057013,0.0
\mathrm{IM}_3,III,0.6,0.7,6400,12800,681.2920690579608,base,,nan,no_training,0.0,1.305477641456221,0.016960864684422327,29.051244481556612,3.1549297751398493,0.0
\mathrm{IM}_3,III,0.6,0.7,6400,12800,825.4041852680173,base,,nan,no_training,0.0,1.305477641456221,0.016960864684422327,29.051244481556612,3.346811866222686,0.0
\mathrm{IM}_3,III,0.6,0.7,6400,12800,1000.0,base,,nan,no_training,0.0,1.305477641456221,0.016960864684422327,29.051244481556612,3.5386939573055245,0.0
\mathrm{IM}_3,III,0.6,0.7,9600,19200,0.001,base,,nan,terminal_infimum,inf,0.00021566553097276551,0.011192895165573362,29.07696052382553,2.4152792167928103,0.0
\mathrm{IM}_3,III,0.6,0.7,9600,19200,0.001211527658628589,base,,nan,terminal_infimum,inf,0.00024566494727050974,0.011192895165573362,29.07696052382553,2.223397125709973,0.0
\mathrm{IM}_3,III,0.6,0.7,9600,19200,0.0014677992676220691,base,,nan,terminal_infimum,inf,0.00028201006985793987,0.011192895165573362,29.07696052382553,2.0315150346271365,0.0
\mathrm{IM}_3,III,0.6,0.7,9600,19200,0.0017782794100389228,base,,nan,terminal_infimum,inf,0.00032604319112885833,0.011192895165573362,29.07696052382553,1.839632943544299,0.0
\mathrm{IM}_3,III,0.6,0.7,9600,19200,0.0021544346900318843,base,,nan,terminal_infimum,inf,0.00037939053544432295,0.011192895165573362,29.07696052382553,1.6477508524614617,0.0
\mathrm{IM}_3,III,0.6,0.7,9600,19200,0.0026101572156825357,base,,nan,terminal_infimum,inf,0.00044402231859689054,0.011192895165573362,29.07696052382553,1.4558687613786252,0.0
\mathrm{IM}_3,III,0.6,0.7,9600,19200,0.0031622776601683794,base,,nan,terminal_infimum,inf,0.0005223255115127119,0.011192895165573362,29.07696052382553,1.2639866702957876,0.0
\mathrm{IM}_3,III,0.6,0.7,9600,19200,0.003831186849557285,base,,nan,terminal_infimum,inf,0.000617191995489159,0.011192895165573362,29.07696052382553,1.072104579212951,0.0
\mathrm{IM}_3,III,0.6,0.7,9600,19200,0.004641588833612777,base,,nan,terminal_infimum,inf,0.0007321253647034711,0.011192895165573362,29.07696052382553,0.8802224881301137,0.0
\mathrm{IM}_3,III,0.6,0.7,9600,19200,0.005623413251903491,base,,nan,terminal_infimum,inf,0.0008713703204059818,0.011192895165573362,29.07696052382553,0.6883403970472761,0.0
\mathrm{IM}_3,III,0.6,0.7,9600,19200,0.006294227500125176,boundary_refinement,terminal,-0.25,terminal_infimum,inf,0.0009665069849033441,0.011192895165573362,29.07696052382553,0.5756462732485115,0.0
\mathrm{IM}_3,III,0.6,0.7,9600,19200,0.006667183926620928,boundary_refinement,terminal,-0.225,terminal_infimum,inf,0.0010194006592904388,0.011192895165573362,29.07696052382553,0.5180816459236602,0.0
\mathrm{IM}_3,III,0.6,0.7,9600,19200,0.006812920690579608,base,,nan,terminal_infimum,inf,0.001040069435564085,0.011192895165573362,29.07696052382553,0.49645830596443963,0.0
\mathrm{IM}_3,III,0.6,0.7,9600,19200,0.0070622394107153616,boundary_refinement,terminal,-0.2,terminal_infimum,inf,0.0010754284809232832,0.011192895165573362,29.07696052382553,0.4605170185988091,0.0
\mathrm{IM}_3,III,0.6,0.7,9600,19200,0.007480703403894107,boundary_refinement,terminal,-0.17500000000000002,terminal_infimum,inf,0.0011347761597014423,0.011192895165573362,29.07696052382553,0.4029523912739581,0.0
\mathrm{IM}_3,III,0.6,0.7,9600,19200,0.007923962947521259,boundary_refinement,terminal,-0.15,terminal_infimum,inf,0.0011976404095278327,0.011192895165573362,29.07696052382553,0.34538776394910686,0.0
\mathrm{IM}_3,III,0.6,0.7,9600,19200,0.008254041852680182,base,,nan,terminal_infimum,inf,0.0012444530795642976,0.011192895165573362,29.07696052382553,0.3045762148816021,0.0
\mathrm{IM}_3,III,0.6,0.7,9600,19200,0.008393487270328704,boundary_refinement,terminal,-0.125,terminal_infimum,inf,0.0012642296003369123,0.011192895165573362,29.07696052382553,0.2878231366242556,0.0
\mathrm{IM}_3,III,0.6,0.7,9600,19200,0.008890832658323833,boundary_refinement,terminal,-0.1,terminal_infimum,inf,0.001334764448757971,0.011192895165573362,29.07696052382553,0.23025850929940458,0.0
\mathrm{IM}_3,III,0.6,0.7,9600,19200,0.009417647613257417,boundary_refinement,terminal,-0.07500000000000001,terminal_infimum,inf,0.001409478749702793,0.011192895165573362,29.07696052382553,0.17269388197455365,0.0
\mathrm{IM}_3,III,0.6,0.7,9600,19200,0.009975678316749925,boundary_refinement,terminal,-0.05,terminal_infimum,inf,0.0014886201513026132,0.011192895165573362,29.07696052382553,0.11512925464970213,0.0
\mathrm{IM}_3,III,0.6,0.7,9600,19200,0.01,base,,nan,terminal_infimum,inf,0.0014920695172418543,0.011192895165573362,29.07696052382553,0.11269412379876469,0.0
\mathrm{IM}_3,III,0.6,0.7,9600,19200,0.010566774418187664,boundary_refinement,terminal,-0.025,terminal_infimum,inf,0.001572450975762974,0.011192895165573362,29.07696052382553,0.057564627324851014,0.0
\mathrm{IM}_3,III,0.6,0.7,9600,19200,0.010627777072629017,terminal_near_refinement,terminal,-0.0225,terminal_infimum,inf,0.0015811025347965226,0.011192895165573362,29.07696052382553,0.05180816459236597,0.0
\mathrm{IM}_3,III,0.6,0.7,9600,19200,0.010689131899237734,terminal_near_refinement,terminal,-0.02,terminal_infimum,inf,0.0015898040398254355,0.011192895165573362,29.07696052382553,0.04605170185988087,0.0
\mathrm{IM}_3,III,0.6,0.7,9600,19200,0.010750840931125924,terminal_near_refinement,terminal,-0.0175,terminal_infimum,inf,0.00159855577919109,0.011192895165573362,29.07696052382553,0.04029523912739565,0.0
\mathrm{IM}_3,III,0.6,0.7,9600,19200,0.010812906213142978,terminal_near_refinement,terminal,-0.015,terminal_infimum,inf,0.001607358042899477,0.011192895165573362,29.07696052382553,0.03453877639491083,0.0
\mathrm{IM}_3,III,0.6,0.7,9600,19200,0.01087532980194334,terminal_near_refinement,terminal,-0.0125,terminal_infimum,inf,0.0016162111226308109,0.011192895165573362,29.07696052382553,0.028782313662425615,0.0
\mathrm{IM}_3,III,0.6,0.7,9600,19200,0.010938113766054641,terminal_near_refinement,terminal,-0.01,terminal_infimum,inf,0.0016251153117491932,0.011192895165573362,29.07696052382553,0.02302585092994047,0.0
\mathrm{IM}_3,III,0.6,0.7,9600,19200,0.011001260185946254,terminal_near_refinement,terminal,-0.0075,terminal_infimum,inf,0.001634070905312335,0.011192895165573362,29.07696052382553,0.017269388197455448,0.0
\mathrm{IM}_3,III,0.6,0.7,9600,19200,0.011064771154098237,terminal_near_refinement,terminal,-0.005,terminal_infimum,inf,0.001643078200081335,0.011192895165573362,29.07696052382553,0.01151292546497021,0.0
\mathrm{IM}_3,III,0.6,0.7,9600,19200,0.011128648775070662,terminal_near_refinement,terminal,-0.0025,terminal_infimum,inf,0.0016521374945305117,0.011192895165573362,29.07696052382553,0.005756462732485091,0.0
\mathrm{IM}_3,III,0.6,0.7,9600,19200,0.011136930689745495,terminal_ultra_near_refinement,terminal,-0.002176919254274547,terminal_infimum,inf,0.0016533120577421668,0.011192895165573362,29.07696052382553,0.005012541823544286,0.0
\mathrm{IM}_3,III,0.6,0.7,9600,19200,0.011148123584911069,terminal_ultra_near_refinement,terminal,-0.00174066157630127,terminal_infimum,inf,0.0016548994639651925,0.011192895165573362,29.07696052382553,0.004008021397538822,0.0
\mathrm{IM}_3,III,0.6,0.7,9600,19200,0.011159316480076642,terminal_ultra_near_refinement,terminal,-0.0013048416883442813,terminal_infimum,inf,0.0016564868701882181,0.011192895165573362,29.07696052382553,0.0030045090202987243,0.0
\mathrm{IM}_3,III,0.6,0.7,9600,19200,0.011170509375242214,terminal_ultra_near_refinement,terminal,-0.0008694587126288914,terminal_infimum,inf,0.0016580742764112433,0.011192895165573362,29.07696052382553,0.0020020026706731903,0.0
\mathrm{IM}_3,III,0.6,0.7,9600,19200,0.011181702270407788,terminal_ultra_near_refinement,terminal,-0.0004345117740176917,terminal_infimum,inf,0.001659661682634269,0.011192895165573362,29.07696052382553,0.0010005003335835344,0.0
\mathrm{IM}_3,III,0.6,0.7,9600,19200,0.011187298717990575,terminal_extreme_near_refinement,terminal,-0.00021720154586423186,terminal_infimum,inf,0.0016604553857457818,0.011192895165573362,29.07696052382553,0.0005001250416823539,0.0
\mathrm{IM}_3,III,0.6,0.7,9600,19200,0.011188418007507132,terminal_extreme_near_refinement,terminal,-0.00017375254558756316,terminal_infimum,inf,0.0016606141263680843,0.011192895165573362,29.07696052382553,0.00040008002133980235,0.0
\mathrm{IM}_3,III,0.6,0.7,9600,19200,0.01118953729702369,terminal_extreme_near_refinement,terminal,-0.00013030789173217684,terminal_infimum,inf,0.0016607728669903868,0.011192895165573362,29.07696052382553,0.00030004500900199243,0.0
\mathrm{IM}_3,III,0.6,0.7,9600,19200,0.011190656586540247,terminal_extreme_near_refinement,terminal,-8.686758342857122e-05,terminal_infimum,inf,0.0016609316076126896,0.011192895165573362,29.07696052382553,0.0002000200026670447,0.0
\mathrm{IM}_3,III,0.6,0.7,9600,19200,0.011191775876056805,terminal_extreme_near_refinement,terminal,-4.3431619807505604e-05,terminal_infimum,inf,0.001661090348234992,0.011192895165573362,29.07696052382553,0.00010000500033334732,0.0
\mathrm{IM}_3,III,0.6,0.7,9600,19200,0.01119401445508992,terminal_extreme_near_refinement,terminal,4.342727686266486e-05,finite_interior,42057.41819549427,0.0016613950955661175,0.011192895165573362,29.07696052382553,9.999500033329732e-05,2.3650849488077507e-07
\mathrm{IM}_3,III,0.6,0.7,9600,19200,0.011195133744606477,terminal_extreme_near_refinement,terminal,8.685021164894766e-05,finite_interior,42043.300912102684,0.001661541099788668,0.011192895165573362,29.07696052382553,0.0001999800026662447,3.008748442076614e-07
\mathrm{IM}_3,III,0.6,0.7,9600,19200,0.011196253034123034,terminal_extreme_near_refinement,terminal,0.00013026880522704667,finite_interior,42029.194833322945,0.0016616871015258828,0.011192895165573362,29.07696052382553,0.00029995500899794244,2.430616390119618e-07
\mathrm{IM}_3,III,0.6,0.7,9600,19200,0.011197372323639591,terminal_extreme_near_refinement,terminal,0.0001736830584648997,finite_interior,42015.11990351018,0.001661833100778696,0.011192895165573362,29.07696052382553,0.0003999200213268913,5.865777803546471e-07
\mathrm{IM}_3,III,0.6,0.7,9600,19200,0.011198491613156149,terminal_extreme_near_refinement,terminal,0.00021709297223018438,finite_interior,42001.03615913695,0.0016619790975480433,0.011192895165573362,29.07696052382553,0.0004998750416509929,4.868570369680811e-07
\mathrm{IM}_3,III,0.6,0.7,9600,19200,0.011204088060738934,terminal_ultra_near_refinement,terminal,0.0004340774793185929,finite_interior,41930.8176210737,0.0016627090441753568,0.011192895165573362,29.07696052382553,0.0009995003330834232,7.438219662033469e-07
\mathrm{IM}_3,III,0.6,0.7,9600,19200,0.01121528095590451,terminal_ultra_near_refinement,terminal,0.0008677215312269133,finite_interior,41791.21628998611,0.0016641687517027328,0.011192895165573362,29.07696052382553,0.001998002662673058,1.085071306858471e-06
\mathrm{IM}_3,III,0.6,0.7,9600,19200,0.011226473851070081,terminal_ultra_near_refinement,terminal,0.001300933020418072,finite_interior,41652.70128896611,0.0016656282123565095,0.011192895165573362,29.07696052382553,0.002995508979798371,1.0360657610077896e-06
\mathrm{IM}_3,III,0.6,0.7,9600,19200,0.011237666746235655,terminal_ultra_near_refinement,terminal,0.0017337128090005314,finite_interior,41515.25677277181,0.0016670874270396075,0.011192895165573362,29.07696052382553,0.003992021269537457,1.0787133220248263e-06
\mathrm{IM}_3,III,0.6,0.7,9600,19200,0.011248859641401227,terminal_ultra_near_refinement,terminal,0.0021660617565076304,finite_interior,41378.86785144737,0.0016685463966173255,0.011192895165573362,29.07696052382553,0.004987541511038968,1.0786564592803002e-06
\mathrm{IM}_3,III,0.6,0.7,9600,19200,0.01125751245453607,terminal_near_refinement,terminal,0.0025,finite_interior,41274.15902351072,0.001669674104607089,0.011192895165573362,29.07696052382553,0.00575646273248517,1.0632161928770646e-06
\mathrm{IM}_3,III,0.6,0.7,9600,19200,0.011322502783178959,terminal_near_refinement,terminal,0.005,finite_interior,40506.92812667162,0.0016781395708614227,0.011192895165573362,29.07696052382553,0.011512925464970295,1.0122688439735098e-06
\mathrm{IM}_3,III,0.6,0.7,9600,19200,0.011387868305083605,terminal_near_refinement,terminal,0.0075,finite_interior,39767.99402916968,0.0016866457931531708,0.011192895165573362,29.07696052382553,0.017269388197455236,9.369374132263763e-07
\mathrm{IM}_3,III,0.6,0.7,9600,19200,0.011453611186264352,terminal_near_refinement,terminal,0.01,finite_interior,39055.53690188114,0.0016951930741482969,0.011192895165573362,29.07696052382553,0.023025850929940427,1.1663233739398395e-06
\mathrm{IM}_3,III,0.6,0.7,9600,19200,0.01151973360524007,terminal_near_refinement,terminal,0.0125,finite_interior,38368.0478300718,0.0017037817137871422,0.011192895165573362,29.07696052382553,0.02878231366242563,3.690230740082516e-07
\mathrm{IM}_3,III,0.6,0.7,9600,19200,0.011586237753106363,terminal_near_refinement,terminal,0.015,finite_interior,37704.00261884955,0.0017124120095015326,0.011192895165573362,29.07696052382553,0.03453877639491076,8.865595718903253e-07
\mathrm{IM}_3,III,0.6,0.7,9600,19200,0.011653125833608164,terminal_near_refinement,terminal,0.0175,finite_interior,37062.1408553153,0.0017210842569579665,0.011192895165573362,29.07696052382553,0.04029523912739586,6.996369520988548e-08
\mathrm{IM}_3,III,0.6,0.7,9600,19200,0.011720400063212767,terminal_near_refinement,terminal,0.02,finite_interior,36441.20779658701,0.0017297987496766765,0.011192895165573362,29.07696052382553,0.046051701859880986,9.969396725643309e-07
\mathrm{IM}_3,III,0.6,0.7,9600,19200,0.011788062671183272,terminal_near_refinement,terminal,0.0225,finite_interior,35840.07181335896,0.001738555780037401,0.011192895165573362,29.07696052382553,0.05180816459236611,3.611988580961538e-07
\mathrm{IM}_3,III,0.6,0.7,9600,19200,0.011856115899652452,boundary_refinement,terminal,0.025,finite_interior,35257.710741559524,0.0017473556386698882,0.011192895165573362,29.07696052382553,0.057564627324851146,1.0312075499540646e-06
\mathrm{IM}_3,III,0.6,0.7,9600,19200,0.012115276586285882,base,,nan,finite_interior,33222.299753871,0.0017807986207189787,0.011192895165573362,29.07696052382553,0.07918796728407218,1.0957681233380727e-06
\mathrm{IM}_3,III,0.6,0.7,9600,19200,0.012558634932840542,boundary_refinement,terminal,0.05,finite_interior,30285.95426654016,0.0018377731760901791,0.011192895165573362,29.07696052382553,0.1151292546497022,1.0884284255858337e-06
\mathrm{IM}_3,III,0.6,0.7,9600,19200,0.013302780835752977,boundary_refinement,terminal,0.07500000000000001,finite_interior,26457.644803253806,0.0019327894444998667,0.011192895165573362,29.07696052382553,0.1726938819745535,8.123647323794982e-07
\mathrm{IM}_3,III,0.6,0.7,9600,19200,0.014091020155488389,boundary_refinement,terminal,0.1,finite_interior,23402.157127290764,0.002032693035597604,0.011192895165573362,29.07696052382553,0.2302585092994046,1.090445972237674e-06
\mathrm{IM}_3,III,0.6,0.7,9600,19200,0.01467799267622069,base,,nan,finite_interior,21580.121935944095,0.0021066436091719634,0.011192895165573362,29.07696052382553,0.2710700583669092,6.043013605708684e-07
\mathrm{IM}_3,III,0.6,0.7,9600,19200,0.014925965591249335,boundary_refinement,terminal,0.125,finite_interior,20899.410724459234,0.002137779413001359,0.011192895165573362,29.07696052382553,0.2878231366242557,6.012084834639077e-07
\mathrm{IM}_3,III,0.6,0.7,9600,19200,0.015810384654398893,boundary_refinement,terminal,0.15,finite_interior,18808.387967292343,0.002248354310800538,0.011192895165573362,29.07696052382553,0.34538776394910675,8.088981783832787e-07
\mathrm{IM}_3,III,0.6,0.7,9600,19200,0.01674720884165787,boundary_refinement,terminal,0.17500000000000002,finite_interior,17033.72429004703,0.0023647360096717782,0.011192895165573362,29.07696052382553,0.402952391273958,1.034393939074496e-06
\mathrm{IM}_3,III,0.6,0.7,9600,19200,0.01773954335184813,boundary_refinement,terminal,0.2,finite_interior,15508.13728155956,0.0024872570739988362,0.011192895165573362,29.07696052382553,0.4605170185988092,8.862668055522417e-07
\mathrm{IM}_3,III,0.6,0.7,9600,19200,0.01778279410038923,base,,nan,finite_interior,15448.306664632437,0.002492580544680746,0.011192895165573362,29.07696052382553,0.4629521494497467,1.0859266642826492e-06
\mathrm{IM}_3,III,0.6,0.7,9600,19200,0.018790677378389138,boundary_refinement,terminal,0.225,finite_interior,14182.61047943055,0.0026162658133841482,0.011192895165573362,29.07696052382553,0.5180816459236601,4.307434188160158e-08
\mathrm{IM}_3,III,0.6,0.7,9600,19200,0.01990409501166331,boundary_refinement,terminal,0.25,finite_interior,13020.43988446119,0.0027521276021864804,0.011192895165573362,29.07696052382553,0.5756462732485114,9.819659901830493e-07
\mathrm{IM}_3,III,0.6,0.7,9600,19200,0.021544346900318832,base,,nan,finite_interior,11638.147681735823,0.0029509306736619466,0.011192895165573362,29.07696052382553,0.6548342405325835,9.168155521894392e-07
\mathrm{IM}_3,III,0.6,0.7,9600,19200,0.026101572156825358,base,,nan,finite_interior,9049.652446301687,0.0034961099820957414,0.011192895165573362,29.07696052382553,0.8467163316154205,1.5674274075484352e-07
\mathrm{IM}_3,III,0.6,0.7,9600,19200,0.03162277660168379,base,,nan,finite_interior,7188.722600481319,0.00414515952151062,0.011192895165573362,29.07696052382553,1.038598422698258,9.265468078761327e-07
\mathrm{IM}_3,III,0.6,0.7,9600,19200,0.03831186849557287,base,,nan,finite_interior,5797.722075705069,0.004918286943852951,0.011192895165573362,29.07696052382553,1.2304805137810952,4.5897435768464245e-07
\mathrm{IM}_3,III,0.6,0.7,9600,19200,0.046415888336127774,base,,nan,finite_interior,4728.278325093927,0.005839477407953683,0.011192895165573362,29.07696052382553,1.4223626048639322,1.093783874500992e-06
\mathrm{IM}_3,III,0.6,0.7,9600,19200,0.05623413251903491,base,,nan,finite_interior,3888.5921370461374,0.006937200970428147,0.011192895165573362,29.07696052382553,1.6142446959467696,1.1062882300117744e-06
\mathrm{IM}_3,III,0.6,0.7,9600,19200,0.06812920690579612,base,,nan,finite_interior,3218.6306260075726,0.00824523796947532,0.011192895165573362,29.07696052382553,1.8061267870296065,1.1108860900290426e-06
\mathrm{IM}_3,III,0.6,0.7,9600,19200,0.08254041852680181,base,,nan,finite_interior,2677.391309779202,0.009803643869850354,0.011192895165573362,29.07696052382553,1.9980088781124434,1.2612667897739285e-07
\mathrm{IM}_3,III,0.6,0.7,9600,19200,0.1,base,,nan,finite_interior,2235.849572878466,0.01165987672016358,0.011192895165573362,29.07696052382553,2.189890969195281,1.0271371539392203e-06
\mathrm{IM}_3,III,0.6,0.7,9600,19200,0.12115276586285877,base,,nan,finite_interior,1872.8451921613475,0.013870112862947514,0.011192895165573362,29.07696052382553,2.3817730602781175,9.481626691993877e-07
\mathrm{IM}_3,III,0.6,0.7,9600,19200,0.1467799267622069,base,,nan,finite_interior,1572.5710571904717,0.01650077924816655,0.011192895165573362,29.07696052382553,2.573655151360955,1.0296047842717466e-06
\mathrm{IM}_3,III,0.6,0.7,9600,19200,0.1778279410038923,base,,nan,finite_interior,1322.962765930688,0.019630333897260016,0.011192895165573362,29.07696052382553,2.7655372424437923,3.2271733150997516e-07
\mathrm{IM}_3,III,0.6,0.7,9600,19200,0.21544346900318823,base,,nan,finite_interior,1114.6559497453102,0.023351328803634594,0.011192895165573362,29.07696052382553,2.957419333526629,1.1034560381760387e-06
\mathrm{IM}_3,III,0.6,0.7,9600,19200,0.2610157215682536,base,,nan,finite_interior,940.2682717272058,0.027772792764734176,0.011192895165573362,29.07696052382553,3.149301424609466,1.0166057664861735e-06
\mathrm{IM}_3,III,0.6,0.7,9600,19200,0.31622776601683794,base,,nan,finite_interior,793.9076001297794,0.0330229736435746,0.011192895165573362,29.07696052382553,3.341183515692304,3.0162419252555996e-08
\mathrm{IM}_3,III,0.6,0.7,9600,19200,0.3831186849557285,base,,nan,finite_interior,670.8213785998599,0.039252481517820965,0.011192895165573362,29.07696052382553,3.53306560677514,1.0853566274500755e-06
\mathrm{IM}_3,III,0.6,0.7,9600,19200,0.46415888336127775,base,,nan,finite_interior,567.1420014856982,0.04663787448610324,0.011192895165573362,29.07696052382553,3.724947697857978,8.816381185068826e-07
\mathrm{IM}_3,III,0.6,0.7,9600,19200,0.5623413251903491,base,,nan,finite_interior,479.6964756837394,0.055385726518903194,0.011192895165573362,29.07696052382553,3.9168297889408152,1.0031496882937337e-06
\mathrm{IM}_3,III,0.6,0.7,9600,19200,0.6812920690579608,base,,nan,finite_interior,405.8681020044721,0.06573721351719408,0.011192895165573362,29.07696052382553,3.7537103081793304,3.0037868339401943e-07
\mathrm{IM}_3,III,0.6,0.7,9600,19200,0.8254041852680182,base,,nan,finite_interior,343.4870336481354,0.07797324889089534,0.011192895165573362,29.07696052382553,3.5618282170964926,8.204775597008984e-07
\mathrm{IM}_3,III,0.6,0.7,9600,19200,1.0,base,,nan,finite_interior,290.7407435395912,0.09242016172213167,0.011192895165573362,29.07696052382553,3.369946126013655,1.1322496161132887e-06
\mathrm{IM}_3,III,0.6,0.7,9600,19200,1.2115276586285877,base,,nan,finite_interior,246.11086950671097,0.1094558524704781,0.011192895165573362,29.07696052382553,3.1780640349308187,9.500930107070949e-07
\mathrm{IM}_3,III,0.6,0.7,9600,19200,1.467799267622069,base,,nan,finite_interior,208.34929298094167,0.12951656490217575,0.011192895165573362,29.07696052382553,2.9861819438479813,9.86636866440167e-07
\mathrm{IM}_3,III,0.6,0.7,9600,19200,1.7782794100389228,base,,nan,finite_interior,176.42924356624658,0.15310469826686654,0.011192895165573362,29.07696052382553,2.794299852765144,2.8545724004068623e-07
\mathrm{IM}_3,III,0.6,0.7,9600,19200,2.154434690031882,base,,nan,finite_interior,149.4314801864073,0.180796799673153,0.011192895165573362,29.07696052382553,2.6024177616823074,5.290810522233352e-07
\mathrm{IM}_3,III,0.6,0.7,9600,19200,2.610157215682536,base,,nan,finite_interior,126.47547234123954,0.213247896965968,0.011192895165573362,29.07696052382553,2.41053567059947,7.981549974547477e-07
\mathrm{IM}_3,III,0.6,0.7,9600,19200,3.1622776601683795,base,,nan,finite_interior,106.82073403757494,0.25118952139652306,0.011192895165573362,29.07696052382553,2.2186535795166322,9.29399844433138e-07
\mathrm{IM}_3,III,0.6,0.7,9600,19200,3.831186849557285,base,,nan,finite_interior,90.05619300746557,0.2954311680831147,0.011192895165573362,29.07696052382553,2.0267714884337957,1.2657774724489463e-07
\mathrm{IM}_3,III,0.6,0.7,9600,19200,4.6415888336127775,base,,nan,finite_interior,76.08697042475124,0.34689168963564665,0.011192895165573362,29.07696052382553,1.8348893973509584,2.270616856046661e-06
\mathrm{IM}_3,III,0.6,0.7,9600,19200,5.623413251903491,base,,nan,finite_interior,64.74670758405395,0.4066645252908809,0.011192895165573362,29.07696052382553,1.643007306268121,1.7656334128316294e-06
\mathrm{IM}_3,III,0.6,0.7,9600,19200,6.812920690579608,base,,nan,finite_interior,55.53238833372091,0.47605026957373875,0.011192895165573362,29.07696052382553,1.4511252151852845,1.6550525971650984e-07
\mathrm{IM}_3,III,0.6,0.7,9600,19200,8.254041852680182,base,,nan,finite_interior,47.805395662039444,0.5565026324045652,0.011192895165573362,29.07696052382553,1.259243124102447,2.6172116476581125e-07
\mathrm{IM}_3,III,0.6,0.7,9600,19200,10.0,base,,nan,finite_interior,41.01684945961531,0.6494970362094543,0.011192895165573362,29.07696052382553,1.0673610330196095,6.570468990434619e-07
\mathrm{IM}_3,III,0.6,0.7,9600,19200,12.115276586285876,base,,nan,finite_interior,34.744105226195735,0.7562884389608561,0.011192895165573362,29.07696052382553,0.8754789419367731,1.3276062074579653e-06
\mathrm{IM}_3,III,0.6,0.7,9600,19200,14.677992676220676,base,,nan,finite_interior,28.63720951191788,0.8774008788013236,0.011192895165573362,29.07696052382553,0.6835968508539366,1.5943997494559292e-06
\mathrm{IM}_3,III,0.6,0.7,9600,19200,16.351176513475515,boundary_refinement,zero,-0.25,finite_interior,25.14323460972358,0.9514473765898398,0.011192895165573362,29.07696052382553,0.5756462732485115,1.4458468205915036e-06
\mathrm{IM}_3,III,0.6,0.7,9600,19200,17.320044632930333,boundary_refinement,zero,-0.225,finite_interior,23.230177404826136,0.9923888899511881,0.011192895165573362,29.07696052382553,0.5180816459236602,1.2868887310444063e-06
\mathrm{IM}_3,III,0.6,0.7,9600,19200,17.78279410038923,base,,nan,finite_interior,22.337333781742615,1.0114140881925717,0.011192895165573362,29.07696052382553,0.4917147597710982,1.1506700347946196e-06
\mathrm{IM}_3,III,0.6,0.7,9600,19200,18.346321797668367,boundary_refinement,zero,-0.2,finite_interior,21.2646549001461,1.034100715004299,0.011192895165573362,29.07696052382553,0.4605170185988091,6.723275000005284e-08
\mathrm{IM}_3,III,0.6,0.7,9600,19200,19.43340970748151,boundary_refinement,zero,-0.17500000000000002,finite_interior,19.229804784070506,1.076291590084676,0.011192895165573362,29.07696052382553,0.4029523912739581,5.748479731818963e-07
\mathrm{IM}_3,III,0.6,0.7,9600,19200,20.58491162554628,boundary_refinement,zero,-0.15,finite_interior,17.104788525818194,1.1185430398952976,0.011192895165573362,29.07696052382553,0.34538776394910686,8.768280272455576e-07
\mathrm{IM}_3,III,0.6,0.7,9600,19200,21.54434690031882,base,,nan,finite_interior,15.342002381206527,1.1516325457305465,0.011192895165573362,29.07696052382553,0.2998326686882617,2.5712641330521756e-07
\mathrm{IM}_3,III,0.6,0.7,9600,19200,21.804644321805178,boundary_refinement,zero,-0.125,finite_interior,14.863137272654932,1.1602505470347027,0.011192895165573362,29.07696052382553,0.2878231366242556,1.7164199624654912e-07
\mathrm{IM}_3,III,0.6,0.7,9600,19200,23.096650724037953,boundary_refinement,zero,-0.1,finite_interior,12.469898908936049,1.200528269921573,0.011192895165573362,29.07696052382553,0.23025850929940458,2.5563130872911128e-08
\mathrm{IM}_3,III,0.6,0.7,9600,19200,24.465213318555925,boundary_refinement,zero,-0.07500000000000001,finite_interior,9.877144974815655,1.2380466274768,0.011192895165573362,29.07696052382553,0.17269388197455351,1.7498392667693495e-08
\mathrm{IM}_3,III,0.6,0.7,9600,19200,25.91486834493739,boundary_refinement,zero,-0.05,finite_interior,7.015926664108599,1.2707371715547717,0.011192895165573362,29.07696052382553,0.11512925464970225,1.6377060683819204e-06
\mathrm{IM}_3,III,0.6,0.7,9600,19200,26.10157215682533,base,,nan,finite_interior,6.6356193656885605,1.2743276374988552,0.011192895165573362,29.07696052382553,0.10795057760542526,1.593373927766222e-06
\mathrm{IM}_3,III,0.6,0.7,9600,19200,27.450420831853933,boundary_refinement,zero,-0.025,finite_interior,3.7811593549856837,1.295210631255078,0.011192895165573362,29.07696052382553,0.05756462732485113,1.1343948516236947e-06
\mathrm{IM}_3,III,0.6,0.7,9600,19200,30.799878751695164,boundary_refinement,zero,0.025,no_training,0.0,1.3054777214574802,0.011192895165573362,29.07696052382553,0.057564627324851146,0.0
\mathrm{IM}_3,III,0.6,0.7,9600,19200,31.622776601683793,base,,nan,no_training,0.0,1.3054777214574802,0.011192895165573362,29.07696052382553,0.08393151347741329,0.0
\mathrm{IM}_3,III,0.6,0.7,9600,19200,32.62488630274193,boundary_refinement,zero,0.05,no_training,0.0,1.3054777214574802,0.011192895165573362,29.07696052382553,0.1151292546497022,0.0
\mathrm{IM}_3,III,0.6,0.7,9600,19200,34.5580323496649,boundary_refinement,zero,0.07500000000000001,no_training,0.0,1.3054777214574802,0.011192895165573362,29.07696052382553,0.1726938819745535,0.0
\mathrm{IM}_3,III,0.6,0.7,9600,19200,36.6057245011798,boundary_refinement,zero,0.1,no_training,0.0,1.3054777214574802,0.011192895165573362,29.07696052382553,0.2302585092994046,0.0
\mathrm{IM}_3,III,0.6,0.7,9600,19200,38.31186849557285,base,,nan,no_training,0.0,1.3054777214574802,0.011192895165573362,29.07696052382553,0.2758136045602498,0.0
\mathrm{IM}_3,III,0.6,0.7,9600,19200,38.774750040688254,boundary_refinement,zero,0.125,no_training,0.0,1.3054777214574802,0.011192895165573362,29.07696052382553,0.2878231366242557,0.0
\mathrm{IM}_3,III,0.6,0.7,9600,19200,41.07229842341727,boundary_refinement,zero,0.15,no_training,0.0,1.3054777214574802,0.011192895165573362,29.07696052382553,0.3453877639491069,0.0
\mathrm{IM}_3,III,0.6,0.7,9600,19200,43.50598510659803,boundary_refinement,zero,0.17500000000000002,no_training,0.0,1.3054777214574802,0.011192895165573362,29.07696052382553,0.402952391273958,0.0
\mathrm{IM}_3,III,0.6,0.7,9600,19200,46.08387679167162,boundary_refinement,zero,0.2,no_training,0.0,1.3054777214574802,0.011192895165573362,29.07696052382553,0.4605170185988092,0.0
\mathrm{IM}_3,III,0.6,0.7,9600,19200,46.41588833612773,base,,nan,no_training,0.0,1.3054777214574802,0.011192895165573362,29.07696052382553,0.4676956956430863,0.0
\mathrm{IM}_3,III,0.6,0.7,9600,19200,48.814518162189366,boundary_refinement,zero,0.225,no_training,0.0,1.3054777214574802,0.011192895165573362,29.07696052382553,0.5180816459236602,0.0
\mathrm{IM}_3,III,0.6,0.7,9600,19200,51.70696020603351,boundary_refinement,zero,0.25,no_training,0.0,1.3054777214574802,0.011192895165573362,29.07696052382553,0.5756462732485114,0.0
\mathrm{IM}_3,III,0.6,0.7,9600,19200,56.23413251903491,base,,nan,no_training,0.0,1.3054777214574802,0.011192895165573362,29.07696052382553,0.6595777867259246,0.0
\mathrm{IM}_3,III,0.6,0.7,9600,19200,68.12920690579608,base,,nan,no_training,0.0,1.3054777214574802,0.011192895165573362,29.07696052382553,0.8514598778087612,0.0
\mathrm{IM}_3,III,0.6,0.7,9600,19200,82.54041852680173,base,,nan,no_training,0.0,1.3054777214574802,0.011192895165573362,29.07696052382553,1.0433419688915977,0.0
\mathrm{IM}_3,III,0.6,0.7,9600,19200,100.0,base,,nan,no_training,0.0,1.3054777214574802,0.011192895165573362,29.07696052382553,1.2352240599744362,0.0
\mathrm{IM}_3,III,0.6,0.7,9600,19200,121.15276586285876,base,,nan,no_training,0.0,1.3054777214574802,0.011192895165573362,29.07696052382553,1.4271061510572725,0.0
\mathrm{IM}_3,III,0.6,0.7,9600,19200,146.77992676220674,base,,nan,no_training,0.0,1.3054777214574802,0.011192895165573362,29.07696052382553,1.618988242140109,0.0
\mathrm{IM}_3,III,0.6,0.7,9600,19200,177.82794100389228,base,,nan,no_training,0.0,1.3054777214574802,0.011192895165573362,29.07696052382553,1.8108703332229477,0.0
\mathrm{IM}_3,III,0.6,0.7,9600,19200,215.44346900318823,base,,nan,no_training,0.0,1.3054777214574802,0.011192895165573362,29.07696052382553,2.002752424305784,0.0
\mathrm{IM}_3,III,0.6,0.7,9600,19200,261.0157215682533,base,,nan,no_training,0.0,1.3054777214574802,0.011192895165573362,29.07696052382553,2.1946345153886204,0.0
\mathrm{IM}_3,III,0.6,0.7,9600,19200,316.22776601683796,base,,nan,no_training,0.0,1.3054777214574802,0.011192895165573362,29.07696052382553,2.386516606471459,0.0
\mathrm{IM}_3,III,0.6,0.7,9600,19200,383.1186849557285,base,,nan,no_training,0.0,1.3054777214574802,0.011192895165573362,29.07696052382553,2.578398697554295,0.0
\mathrm{IM}_3,III,0.6,0.7,9600,19200,464.1588833612773,base,,nan,no_training,0.0,1.3054777214574802,0.011192895165573362,29.07696052382553,2.770280788637132,0.0
\mathrm{IM}_3,III,0.6,0.7,9600,19200,562.341325190349,base,,nan,no_training,0.0,1.3054777214574802,0.011192895165573362,29.07696052382553,2.9621628797199704,0.0
\mathrm{IM}_3,III,0.6,0.7,9600,19200,681.2920690579608,base,,nan,no_training,0.0,1.3054777214574802,0.011192895165573362,29.07696052382553,3.154044970802807,0.0
\mathrm{IM}_3,III,0.6,0.7,9600,19200,825.4041852680173,base,,nan,no_training,0.0,1.3054777214574802,0.011192895165573362,29.07696052382553,3.3459270618856434,0.0
\mathrm{IM}_3,III,0.6,0.7,9600,19200,1000.0,base,,nan,no_training,0.0,1.3054777214574802,0.011192895165573362,29.07696052382553,3.537809152968482,0.0
\mathrm{IM}_3,III,0.6,0.7,12800,25600,0.001,base,,nan,terminal_infimum,inf,0.0001956001267930174,0.008335828851397697,29.090162610845482,2.1205629535379695,0.0
\mathrm{IM}_3,III,0.6,0.7,12800,25600,0.001211527658628589,base,,nan,terminal_infimum,inf,0.00022586773329815715,0.008335828851397697,29.090162610845482,1.928680862455132,0.0
\mathrm{IM}_3,III,0.6,0.7,12800,25600,0.0014677992676220691,base,,nan,terminal_infimum,inf,0.00026253777573962035,0.008335828851397697,29.090162610845482,1.7367987713722954,0.0
\mathrm{IM}_3,III,0.6,0.7,12800,25600,0.0017782794100389228,base,,nan,terminal_infimum,inf,0.0003069645464005374,0.008335828851397697,29.090162610845482,1.544916680289458,0.0
\mathrm{IM}_3,III,0.6,0.7,12800,25600,0.0021544346900318843,base,,nan,terminal_infimum,inf,0.0003607888078397876,0.008335828851397697,29.090162610845482,1.3530345892066207,0.0
\mathrm{IM}_3,III,0.6,0.7,12800,25600,0.0026101572156825357,base,,nan,terminal_infimum,inf,0.0004259983892786949,0.008335828851397697,29.090162610845482,1.1611524981237842,0.0
\mathrm{IM}_3,III,0.6,0.7,12800,25600,0.0031622776601683794,base,,nan,terminal_infimum,inf,0.0005050016007995252,0.008335828851397697,29.090162610845482,0.9692704070409466,0.0
\mathrm{IM}_3,III,0.6,0.7,12800,25600,0.003831186849557285,base,,nan,terminal_infimum,inf,0.0006007161766774951,0.008335828851397697,29.090162610845482,0.7773883159581101,0.0
\mathrm{IM}_3,III,0.6,0.7,12800,25600,0.004641588833612777,base,,nan,terminal_infimum,inf,0.000716677032687561,0.008335828851397697,29.090162610845482,0.5855062248752727,0.0
\mathrm{IM}_3,III,0.6,0.7,12800,25600,0.004687581042854927,boundary_refinement,terminal,-0.25,terminal_infimum,inf,0.0007232580826583722,0.008335828851397697,29.090162610845482,0.5756462732485115,0.0
\mathrm{IM}_3,III,0.6,0.7,12800,25600,0.004965337681714522,boundary_refinement,terminal,-0.225,terminal_infimum,inf,0.0007630024295853805,0.008335828851397697,29.090162610845482,0.5180816459236602,0.0
\mathrm{IM}_3,III,0.6,0.7,12800,25600,0.005259552436119271,boundary_refinement,terminal,-0.2,terminal_infimum,inf,0.0008051017771225526,0.008335828851397697,29.090162610845482,0.4605170185988091,0.0
\mathrm{IM}_3,III,0.6,0.7,12800,25600,0.0055712005107246216,boundary_refinement,terminal,-0.17500000000000002,terminal_infimum,inf,0.0008496956678288354,0.008335828851397697,29.090162610845482,0.4029523912739581,0.0
\mathrm{IM}_3,III,0.6,0.7,12800,25600,0.005623413251903491,base,,nan,terminal_infimum,inf,0.000857166817062003,0.008335828851397697,29.090162610845482,0.39362413379243516,0.0
\mathrm{IM}_3,III,0.6,0.7,12800,25600,0.00590131489469467,boundary_refinement,terminal,-0.15,terminal_infimum,inf,0.0008969319126796146,0.008335828851397697,29.090162610845482,0.34538776394910686,0.0
\mathrm{IM}_3,III,0.6,0.7,12800,25600,0.00625098978564955,boundary_refinement,terminal,-0.125,terminal_infimum,inf,0.0009469670810011889,0.008335828851397697,29.090162610845482,0.2878231366242556,0.0
\mathrm{IM}_3,III,0.6,0.7,12800,25600,0.0066213842164944674,boundary_refinement,terminal,-0.1,terminal_infimum,inf,0.000999967019435689,0.008335828851397697,29.090162610845482,0.23025850929940458,0.0
\mathrm{IM}_3,III,0.6,0.7,12800,25600,0.006812920690579608,base,,nan,terminal_infimum,inf,0.0010273740765864054,0.008335828851397697,29.090162610845482,0.20174204270959875,0.0
\mathrm{IM}_3,III,0.6,0.7,12800,25600,0.007013725897151869,boundary_refinement,terminal,-0.07500000000000001,terminal_infimum,inf,0.0010561074016566003,0.008335828851397697,29.090162610845482,0.17269388197455351,0.0
\mathrm{IM}_3,III,0.6,0.7,12800,25600,0.00742931528393054,boundary_refinement,terminal,-0.05,terminal_infimum,inf,0.0011155743106569776,0.008335828851397697,29.090162610845482,0.11512925464970225,0.0
\mathrm{IM}_3,III,0.6,0.7,12800,25600,0.007869529890019992,boundary_refinement,terminal,-0.025,terminal_infimum,inf,0.0011785648555404059,0.008335828851397697,29.090162610845482,0.05756462732485113,0.0
\mathrm{IM}_3,III,0.6,0.7,12800,25600,0.00791496118186914,terminal_near_refinement,terminal,-0.0225,terminal_infimum,inf,0.001185065643539599,0.008335828851397697,29.090162610845482,0.05180816459236609,0.0
\mathrm{IM}_3,III,0.6,0.7,12800,25600,0.007960654751428384,terminal_near_refinement,terminal,-0.02,terminal_infimum,inf,0.0011916039609974726,0.008335828851397697,29.090162610845482,0.04605170185988075,0.0
\mathrm{IM}_3,III,0.6,0.7,12800,25600,0.008006612112843467,terminal_near_refinement,terminal,-0.0175,terminal_infimum,inf,0.0011981800245739558,0.008335828851397697,29.090162610845482,0.04029523912739565,0.0
\mathrm{IM}_3,III,0.6,0.7,12800,25600,0.008052834789001392,terminal_near_refinement,terminal,-0.015,terminal_infimum,inf,0.0012047940521797693,0.008335828851397697,29.090162610845482,0.034538776394910604,0.0
\mathrm{IM}_3,III,0.6,0.7,12800,25600,0.008099324311580886,terminal_near_refinement,terminal,-0.0125,terminal_infimum,inf,0.0012114462629836463,0.008335828851397697,29.090162610845482,0.028782313662425615,0.0
\mathrm{IM}_3,III,0.6,0.7,12800,25600,0.008146082221103152,terminal_near_refinement,terminal,-0.01,terminal_infimum,inf,0.0012181368774195952,0.008335828851397697,29.090162610845482,0.023025850929940583,0.0
\mathrm{IM}_3,III,0.6,0.7,12800,25600,0.008193110066982921,terminal_near_refinement,terminal,-0.0075,terminal_infimum,inf,0.0012248661171942031,0.008335828851397697,29.090162610845482,0.017269388197455333,0.0
\mathrm{IM}_3,III,0.6,0.7,12800,25600,0.00824040940757979,terminal_near_refinement,terminal,-0.005,terminal_infimum,inf,0.0012316342052939837,0.008335828851397697,29.090162610845482,0.01151292546497021,0.0
\mathrm{IM}_3,III,0.6,0.7,12800,25600,0.008254041852680182,base,,nan,terminal_infimum,inf,0.0012335848791995938,0.008335828851397697,29.090162610845482,0.009859951626761133,0.0
\mathrm{IM}_3,III,0.6,0.7,12800,25600,0.008287981810249864,terminal_near_refinement,terminal,-0.0025,terminal_infimum,inf,0.0012384413659927655,0.008335828851397697,29.090162610845482,0.005756462732485202,0.0
\mathrm{IM}_3,III,0.6,0.7,12800,25600,0.008294149707140708,terminal_ultra_near_refinement,terminal,-0.002176919254274547,terminal_infimum,inf,0.0012393239336780824,0.008335828851397697,29.090162610845482,0.005012541823544398,0.0
\mathrm{IM}_3,III,0.6,0.7,12800,25600,0.008302485535992107,terminal_ultra_near_refinement,terminal,-0.00174066157630127,terminal_infimum,inf,0.001240516711914291,0.008335828851397697,29.090162610845482,0.004008021397538822,0.0
\mathrm{IM}_3,III,0.6,0.7,12800,25600,0.008310821364843504,terminal_ultra_near_refinement,terminal,-0.0013048416883442813,terminal_infimum,inf,0.0012417094901504993,0.008335828851397697,29.090162610845482,0.0030045090202987243,0.0
\mathrm{IM}_3,III,0.6,0.7,12800,25600,0.008319157193694901,terminal_ultra_near_refinement,terminal,-0.0008694587126288914,terminal_infimum,inf,0.0012429022683867075,0.008335828851397697,29.090162610845482,0.0020020026706731903,0.0
\mathrm{IM}_3,III,0.6,0.7,12800,25600,0.0083274930225463,terminal_ultra_near_refinement,terminal,-0.0004345117740176917,terminal_infimum,inf,0.0012440950466229162,0.008335828851397697,29.090162610845482,0.0010005003335834233,0.0
\mathrm{IM}_3,III,0.6,0.7,12800,25600,0.008331660936972,terminal_extreme_near_refinement,terminal,-0.00021720154586423186,terminal_infimum,inf,0.0012446914357410205,0.008335828851397697,29.090162610845482,0.0005001250416821317,0.0
\mathrm{IM}_3,III,0.6,0.7,12800,25600,0.008332494519857138,terminal_extreme_near_refinement,terminal,-0.00017375254558756316,terminal_infimum,inf,0.001244810713564641,0.008335828851397697,29.090162610845482,0.00040008002133980235,0.0
\mathrm{IM}_3,III,0.6,0.7,12800,25600,0.008333328102742277,terminal_extreme_near_refinement,terminal,-0.00013030789173217684,terminal_infimum,inf,0.001244929991388262,0.008335828851397697,29.090162610845482,0.0003000450090021035,0.0
\mathrm{IM}_3,III,0.6,0.7,12800,25600,0.008334161685627417,terminal_extreme_near_refinement,terminal,-8.686758342857122e-05,terminal_infimum,inf,0.0012450492692118828,0.008335828851397697,29.090162610845482,0.0002000200026670447,0.0
\mathrm{IM}_3,III,0.6,0.7,12800,25600,0.008334995268512557,terminal_extreme_near_refinement,terminal,-4.3431619807505604e-05,terminal_infimum,inf,0.0012451685470355035,0.008335828851397697,29.090162610845482,0.00010000500033334732,0.0
\mathrm{IM}_3,III,0.6,0.7,12800,25600,0.008336662434282837,terminal_extreme_near_refinement,terminal,4.342727686266486e-05,finite_interior,56545.14131253241,0.0012453978696581219,0.008335828851397697,29.090162610845482,9.999500033329732e-05,1.0242935713177322e-06
\mathrm{IM}_3,III,0.6,0.7,12800,25600,0.008337496017167977,terminal_extreme_near_refinement,terminal,8.685021164894766e-05,finite_interior,56525.80766975378,0.0012455079126472697,0.008335828851397697,29.090162610845482,0.0001999800026662447,6.700301937056663e-07
\mathrm{IM}_3,III,0.6,0.7,12800,25600,0.008338329600053117,terminal_extreme_near_refinement,terminal,0.00013026880522704667,finite_interior,56506.47107657101,0.001245617953827229,0.008335828851397697,29.090162610845482,0.00029995500899794244,9.618506247394838e-07
\mathrm{IM}_3,III,0.6,0.7,12800,25600,0.008339163182938257,terminal_extreme_near_refinement,terminal,0.0001736830584648997,finite_interior,56487.16806930533,0.0012457279931986616,0.008335828851397697,29.090162610845482,0.0003999200213268913,7.646522057020497e-07
\mathrm{IM}_3,III,0.6,0.7,12800,25600,0.008339996765823395,terminal_extreme_near_refinement,terminal,0.00021709297223018438,finite_interior,56467.87119782671,0.001245838030762226,0.008335828851397697,29.090162610845482,0.0004998750416509929,7.279634497905308e-07
\mathrm{IM}_3,III,0.6,0.7,12800,25600,0.008344164680249094,terminal_ultra_near_refinement,terminal,0.0004340774793185929,finite_interior,56371.61333462314,0.0012463881914850567,0.008335828851397697,29.090162610845482,0.0009995003330834232,6.748677442478394e-07
\mathrm{IM}_3,III,0.6,0.7,12800,25600,0.008352500509100493,terminal_ultra_near_refinement,terminal,0.0008677215312269133,finite_interior,56180.23178597628,0.0012474883777171158,0.008335828851397697,29.090162610845482,0.001998002662673058,1.0811158118720447e-07
\mathrm{IM}_3,III,0.6,0.7,12800,25600,0.008360836337951889,terminal_ultra_near_refinement,terminal,0.001300933020418072,finite_interior,55990.354606162415,0.001248588384208227,0.008335828851397697,29.090162610845482,0.002995508979798371,8.298625788978127e-07
\mathrm{IM}_3,III,0.6,0.7,12800,25600,0.008369172166803288,terminal_ultra_near_refinement,terminal,0.0017337128090005314,finite_interior,55801.970882879294,0.0012496882116220774,0.008335828851397697,29.090162610845482,0.003992021269537457,1.1859095450391085e-06
\mathrm{IM}_3,III,0.6,0.7,12800,25600,0.008377507995654685,terminal_ultra_near_refinement,terminal,0.0021660617565076304,finite_interior,55615.07054575839,0.001250787860617821,0.008335828851397697,29.090162610845482,0.004987541511038968,1.31606068355589e-06
\mathrm{IM}_3,III,0.6,0.7,12800,25600,0.008383952116528523,terminal_near_refinement,terminal,0.0025,finite_interior,55471.57640459391,0.0012516378367049771,0.008335828851397697,29.090162610845482,0.00575646273248517,1.4302073751452285e-06
\mathrm{IM}_3,III,0.6,0.7,12800,25600,0.0084323532003008,terminal_near_refinement,terminal,0.005,finite_interior,54420.4941269865,0.0012580185474773127,0.008335828851397697,29.090162610845482,0.011512925464970295,3.197975387210544e-07
\mathrm{IM}_3,III,0.6,0.7,12800,25600,0.008481033706579044,terminal_near_refinement,terminal,0.0075,finite_interior,53408.561180065044,0.0012644301875266888,0.008335828851397697,29.090162610845482,0.017269388197455236,1.136915118242765e-06
\mathrm{IM}_3,III,0.6,0.7,12800,25600,0.008529995248486992,terminal_near_refinement,terminal,0.01,finite_interior,52433.380156637126,0.0012708729852696716,0.008335828851397697,29.090162610845482,0.023025850929940427,8.488920609914196e-07
\mathrm{IM}_3,III,0.6,0.7,12800,25600,0.008579239448461035,terminal_near_refinement,terminal,0.0125,finite_interior,51492.755741575056,0.0012773471668925144,0.008335828851397697,29.090162610845482,0.02878231366242563,1.1451538616248154e-06
\mathrm{IM}_3,III,0.6,0.7,12800,25600,0.008628767938304,terminal_near_refinement,terminal,0.015,finite_interior,50584.58623592285,0.0012838529571270424,0.008335828851397697,29.090162610845482,0.03453877639491076,9.423972215409321e-07
\mathrm{IM}_3,III,0.6,0.7,12800,25600,0.008678582359239207,terminal_near_refinement,terminal,0.0175,finite_interior,49707.15157782608,0.0012903905791193996,0.008335828851397697,29.090162610845482,0.04029523912739586,5.967497664773733e-07
\mathrm{IM}_3,III,0.6,0.7,12800,25600,0.008728684361964868,terminal_near_refinement,terminal,0.02,finite_interior,48858.60658591465,0.001296960254764561,0.008335828851397697,29.090162610845482,0.046051701859880986,9.446827120503868e-07
\mathrm{IM}_3,III,0.6,0.7,12800,25600,0.00877907560670878,terminal_near_refinement,terminal,0.0225,finite_interior,48037.52839998137,0.0013035622049631624,0.008335828851397697,29.090162610845482,0.05180816459236611,5.403823532869142e-07
\mathrm{IM}_3,III,0.6,0.7,12800,25600,0.008829757763283331,boundary_refinement,terminal,0.025,finite_interior,47242.362939455226,0.001310196649525174,0.008335828851397697,29.090162610845482,0.057564627324851146,1.0396086423931162e-06
\mathrm{IM}_3,III,0.6,0.7,12800,25600,0.009352953803170954,boundary_refinement,terminal,0.05,finite_interior,40467.15173862289,0.0013783762607326952,0.008335828851397697,29.090162610845482,0.1151292546497022,1.1844218390511762e-06
\mathrm{IM}_3,III,0.6,0.7,12800,25600,0.009907151157419927,boundary_refinement,terminal,0.07500000000000001,finite_interior,35267.94198005099,0.0014500445771119138,0.008335828851397697,29.090162610845482,0.1726938819745535,8.425762430455158e-07
\mathrm{IM}_3,III,0.6,0.7,12800,25600,0.01,base,,nan,finite_interior,34535.23660791931,0.0014620015887697785,0.008335828851397697,29.090162610845482,0.1820221394560763,9.185135578276446e-07
\mathrm{IM}_3,III,0.6,0.7,12800,25600,0.010494186769391546,boundary_refinement,terminal,0.1,finite_interior,31130.88152242209,0.001525420593095379,0.008335828851397697,29.090162610845482,0.2302585092994046,8.051555520706205e-07
\mathrm{IM}_3,III,0.6,0.7,12800,25600,0.011116006428184213,boundary_refinement,terminal,0.125,finite_interior,27751.42425994834,0.0016047288101543437,0.008335828851397697,29.090162610845482,0.2878231366242557,2.3236737120547264e-07
\mathrm{IM}_3,III,0.6,0.7,12800,25600,0.011774671218148817,boundary_refinement,terminal,0.15,finite_interior,24934.892969537214,0.0016882017502349166,0.008335828851397697,29.090162610845482,0.3453877639491069,1.0606777240455735e-06
\mathrm{IM}_3,III,0.6,0.7,12800,25600,0.012115276586285882,base,,nan,finite_interior,23705.937733286264,0.0017311695210027367,0.008335828851397697,29.090162610845482,0.3739042305389132,2.3598361417878052e-07
\mathrm{IM}_3,III,0.6,0.7,12800,25600,0.01247236435056194,boundary_refinement,terminal,0.17500000000000002,finite_interior,22549.84659737942,0.0017760816516518671,0.008335828851397697,29.090162610845482,0.402952391273958,7.751253485318443e-07
\mathrm{IM}_3,III,0.6,0.7,12800,25600,0.013211398400101155,boundary_refinement,terminal,0.2,finite_interior,20503.74645059313,0.0018686217719620904,0.008335828851397697,29.090162610845482,0.4605170185988092,8.695129331808614e-07
\mathrm{IM}_3,III,0.6,0.7,12800,25600,0.013994222970108421,boundary_refinement,terminal,0.225,finite_interior,18729.298972799257,0.0019660874936048263,0.008335828851397697,29.090162610845482,0.5180816459236602,1.0820622397005868e-06
\mathrm{IM}_3,III,0.6,0.7,12800,25600,0.01467799267622069,base,,nan,finite_interior,17428.33207320584,0.0020507897087406386,0.008335828851397697,29.090162610845482,0.5657863216217501,8.735841076785662e-07
\mathrm{IM}_3,III,0.6,0.7,12800,25600,0.014823432812048927,boundary_refinement,terminal,0.25,finite_interior,17176.248590357318,0.0020687573273221165,0.008335828851397697,29.090162610845482,0.5756462732485114,2.0802647929304503e-07
\mathrm{IM}_3,III,0.6,0.7,12800,25600,0.01778279410038923,base,,nan,finite_interior,13336.401300414129,0.002431055129734898,0.008335828851397697,29.090162610845482,0.7576684127045877,4.2694495286894384e-07
\mathrm{IM}_3,III,0.6,0.7,12800,25600,0.021544346900318832,base,,nan,finite_interior,10475.066229745606,0.0028839924496452726,0.008335828851397697,29.090162610845482,0.9495505037874246,9.65594099882069e-07
\mathrm{IM}_3,III,0.6,0.7,12800,25600,0.026101572156825358,base,,nan,finite_interior,8378.260986822084,0.0034238659358293284,0.008335828851397697,29.090162610845482,1.1414325948702615,1.025513561922841e-06
\mathrm{IM}_3,III,0.6,0.7,12800,25600,0.03162277660168379,base,,nan,finite_interior,6789.810116188967,0.004067622301594119,0.008335828851397697,29.090162610845482,1.333314685953099,2.8996581192691198e-08
\mathrm{IM}_3,III,0.6,0.7,12800,25600,0.03831186849557287,base,,nan,finite_interior,5556.646850124558,0.0048354033023171265,0.008335828851397697,29.090162610845482,1.525196777035936,1.062996625798242e-06
\mathrm{IM}_3,III,0.6,0.7,12800,25600,0.046415888336127774,base,,nan,finite_interior,4581.420062935252,0.005751144085999622,0.008335828851397697,29.090162610845482,1.7170788681187732,1.1019490514714515e-06
\mathrm{IM}_3,III,0.6,0.7,12800,25600,0.05623413251903491,base,,nan,finite_interior,3799.0954510381994,0.006843274246559201,0.008335828851397697,29.090162610845482,1.9089609592016106,7.033017613277239e-07
\mathrm{IM}_3,III,0.6,0.7,12800,25600,0.06812920690579612,base,,nan,finite_interior,3164.4879515703733,0.008145539675318092,0.008335828851397697,29.090162610845482,2.1008430502844475,7.642799272064999e-07
\mathrm{IM}_3,III,0.6,0.7,12800,25600,0.08254041852680181,base,,nan,finite_interior,2645.161201132698,0.009697965285402286,0.008335828851397697,29.090162610845482,2.2927251413672844,1.0474130126862806e-06
\mathrm{IM}_3,III,0.6,0.7,12800,25600,0.1,base,,nan,finite_interior,2217.202538014023,0.01154798111854109,0.008335828851397697,29.090162610845482,2.484607232450122,3.1578993122719045e-07
\mathrm{IM}_3,III,0.6,0.7,12800,25600,0.12115276586285877,base,,nan,finite_interior,1862.5681139526514,0.013751737107756103,0.008335828851397697,29.090162610845482,2.6764893235329583,1.119669567059714e-06
\mathrm{IM}_3,III,0.6,0.7,12800,25600,0.1467799267622069,base,,nan,finite_interior,1567.3850684575352,0.016375634790473576,0.008335828851397697,29.090162610845482,2.868371414615796,9.294084481578041e-07
\mathrm{IM}_3,III,0.6,0.7,12800,25600,0.1778279410038923,base,,nan,finite_interior,1320.8061509361119,0.019498107229536075,0.008335828851397697,29.090162610845482,3.0602535056986335,7.766181400430696e-07
\mathrm{IM}_3,III,0.6,0.7,12800,25600,0.21544346900318823,base,,nan,finite_interior,1114.2391078828862,0.023211681603249143,0.008335828851397697,29.090162610845482,3.25213559678147,1.0616508403955747e-06
\mathrm{IM}_3,III,0.6,0.7,12800,25600,0.2610157215682536,base,,nan,finite_interior,940.7921812288469,0.027625361760670566,0.008335828851397697,29.090162610845482,3.4440176878643074,1.0198696274395637e-06
\mathrm{IM}_3,III,0.6,0.7,12800,25600,0.31622776601683794,base,,nan,finite_interior,794.8861091667914,0.03286737034576293,0.008335828851397697,29.090162610845482,3.635899778947145,1.44634774122006e-07
\mathrm{IM}_3,III,0.6,0.7,12800,25600,0.3831186849557285,base,,nan,finite_interior,671.9663115646384,0.03908829183998212,0.008335828851397697,29.090162610845482,3.8277818700299813,1.0164338494938266e-06
\mathrm{IM}_3,III,0.6,0.7,12800,25600,0.46415888336127775,base,,nan,finite_interior,568.2898687352149,0.046464658245988444,0.008335828851397697,29.090162610845482,4.019663961112819,1.012641980680406e-06
\mathrm{IM}_3,III,0.6,0.7,12800,25600,0.5623413251903491,base,,nan,finite_interior,480.7610155862334,0.055203016806917596,0.008335828851397697,29.090162610845482,3.9460463356624964,1.0390256572803968e-06
\mathrm{IM}_3,III,0.6,0.7,12800,25600,0.6812920690579608,base,,nan,finite_interior,406.8099100917497,0.06554451581303938,0.008335828851397697,29.090162610845482,3.7541642445796604,5.655268601201864e-07
\mathrm{IM}_3,III,0.6,0.7,12800,25600,0.8254041852680182,base,,nan,finite_interior,344.2943067024806,0.0777700399871696,0.008335828851397697,29.090162610845482,3.5622821534968225,6.728920878700396e-07
\mathrm{IM}_3,III,0.6,0.7,12800,25600,1.0,base,,nan,finite_interior,291.41720174413706,0.0922058892362616,0.008335828851397697,29.090162610845482,3.370400062413985,1.1342713007058842e-06
\mathrm{IM}_3,III,0.6,0.7,12800,25600,1.2115276586285877,base,,nan,finite_interior,246.66821828648676,0.10922993527838806,0.008335828851397697,29.090162610845482,3.1785179713311487,8.501186334109449e-07
\mathrm{IM}_3,III,0.6,0.7,12800,25600,1.467799267622069,base,,nan,finite_interior,208.80190560529877,0.12927838898735441,0.008335828851397697,29.090162610845482,2.9866358802483113,1.0643411546142436e-06
\mathrm{IM}_3,III,0.6,0.7,12800,25600,1.7782794100389228,base,,nan,finite_interior,176.7927565710103,0.15285360697846842,0.008335828851397697,29.090162610845482,2.794753789165474,4.4515111744937524e-07
\mathrm{IM}_3,III,0.6,0.7,12800,25600,2.154434690031882,base,,nan,finite_interior,149.72178651025035,0.18053210639115955,0.008335828851397697,29.090162610845482,2.6028716980826374,3.781385857808169e-07
\mathrm{IM}_3,III,0.6,0.7,12800,25600,2.610157215682536,base,,nan,finite_interior,126.70726928996643,0.2129689574912381,0.008335828851397697,29.090162610845482,2.4109896069998,7.983758766665251e-07
\mathrm{IM}_3,III,0.6,0.7,12800,25600,3.1622776601683795,base,,nan,finite_interior,107.00506963037766,0.2508958138243064,0.008335828851397697,29.090162610845482,2.219107515916962,9.099058395946281e-07
\mathrm{IM}_3,III,0.6,0.7,12800,25600,3.831186849557285,base,,nan,finite_interior,90.19975916115254,0.2951221783360795,0.008335828851397697,29.090162610845482,2.0272254248341257,3.4799729339216775e-07
\mathrm{IM}_3,III,0.6,0.7,12800,25600,4.6415888336127775,base,,nan,finite_interior,76.19514912234776,0.34656646905912236,0.008335828851397697,29.090162610845482,1.8353433337512883,2.1284414823892173e-06
\mathrm{IM}_3,III,0.6,0.7,12800,25600,5.623413251903491,base,,nan,finite_interior,64.8271619679661,0.40632136358678717,0.008335828851397697,29.090162610845482,1.643461242668451,1.6956295198013929e-06
\mathrm{IM}_3,III,0.6,0.7,12800,25600,6.812920690579608,base,,nan,finite_interior,55.59357175536815,0.4756870469219435,0.008335828851397697,29.090162610845482,1.4515791515856147,2.595449907184988e-07
\mathrm{IM}_3,III,0.6,0.7,12800,25600,8.254041852680182,base,,nan,finite_interior,47.85388746808282,0.5561175836510888,0.008335828851397697,29.090162610845482,1.259697060502777,2.507973565327289e-07
\mathrm{IM}_3,III,0.6,0.7,12800,25600,10.0,base,,nan,finite_interior,41.05696291716858,0.6490896204070803,0.008335828851397697,29.090162610845482,1.0678149694199395,7.682083429630899e-07
\mathrm{IM}_3,III,0.6,0.7,12800,25600,12.115276586285876,base,,nan,finite_interior,34.778596902954014,0.7558605787213724,0.008335828851397697,29.090162610845482,0.8759328783371031,1.338523805135249e-06
\mathrm{IM}_3,III,0.6,0.7,12800,25600,14.677992676220676,base,,nan,finite_interior,28.667864993825486,0.8769592714097194,0.008335828851397697,29.090162610845482,0.6840507872542667,1.6186771430378995e-06
\mathrm{IM}_3,III,0.6,0.7,12800,25600,16.358600592585592,boundary_refinement,zero,-0.25,finite_interior,25.15741156399405,0.9513235849419348,0.008335828851397697,29.090162610845482,0.5756462732485115,1.449028020241407e-06
\mathrm{IM}_3,III,0.6,0.7,12800,25600,17.327908616383695,boundary_refinement,zero,-0.225,finite_interior,23.243334810174066,0.9922743678619939,0.008335828851397697,29.090162610845482,0.5180816459236602,1.2865977530908865e-06
\mathrm{IM}_3,III,0.6,0.7,12800,25600,17.78279410038923,base,,nan,finite_interior,22.365504919585785,1.010975295544007,0.008335828851397697,29.090162610845482,0.49216869617142817,1.1736952947253371e-06
\mathrm{IM}_3,III,0.6,0.7,12800,25600,18.35465175143607,boundary_refinement,zero,-0.2,finite_interior,21.276787088688334,1.0339965220441345,0.008335828851397697,29.090162610845482,0.4605170185988091,7.367366133707131e-08
\mathrm{IM}_3,III,0.6,0.7,12800,25600,19.442233242040505,boundary_refinement,zero,-0.17500000000000002,finite_interior,19.240888383101495,1.0761988636635358,0.008335828851397697,29.090162610845482,0.4029523912739581,5.720927568775616e-07
\mathrm{IM}_3,III,0.6,0.7,12800,25600,20.594257987397125,boundary_refinement,zero,-0.15,finite_interior,17.114781952380216,1.1184629716349317,0.008335828851397697,29.090162610845482,0.34538776394910686,8.383723344265358e-07
\mathrm{IM}_3,III,0.6,0.7,12800,25600,21.54434690031882,base,,nan,finite_interior,15.369070940054854,1.1512364217906468,0.008335828851397697,29.090162610845482,0.30028660508859173,1.973615798564194e-07
\mathrm{IM}_3,III,0.6,0.7,12800,25600,21.814544490412544,boundary_refinement,zero,-0.125,finite_interior,14.871970768995874,1.1601843298369205,0.008335828851397697,29.090162610845482,0.2878231366242556,1.7106659236630412e-07
\mathrm{IM}_3,III,0.6,0.7,12800,25600,23.107137514515188,boundary_refinement,zero,-0.1,finite_interior,12.477469620391037,1.2004769866969618,0.008335828851397697,29.090162610845482,0.23025850929940458,6.364249188494003e-08
\mathrm{IM}_3,III,0.6,0.7,12800,25600,24.476321490434092,boundary_refinement,zero,-0.07500000000000001,finite_interior,9.883299608146114,1.2380110185796118,0.008335828851397697,29.090162610845482,0.17269388197455351,8.087330529647e-08
\mathrm{IM}_3,III,0.6,0.7,12800,25600,25.926634717379244,boundary_refinement,zero,-0.05,finite_interior,7.020442611200306,1.2707171351164093,0.008335828851397697,29.090162610845482,0.11512925464970225,1.475423495627792e-06
\mathrm{IM}_3,III,0.6,0.7,12800,25600,26.10157215682533,base,,nan,finite_interior,6.6641454023746,1.2740861561269248,0.008335828851397697,29.090162610845482,0.10840451400575524,1.5745241689060874e-06
\mathrm{IM}_3,III,0.6,0.7,12800,25600,27.46288440569479,boundary_refinement,zero,-0.025,finite_interior,3.783692694058276,1.29520408496878,0.008335828851397697,29.090162610845482,0.05756462732485113,1.204963113219062e-06
\mathrm{IM}_3,III,0.6,0.7,12800,25600,30.813863111551164,boundary_refinement,zero,0.025,no_training,0.0,1.3054777537782087,0.008335828851397697,29.090162610845482,0.057564627324851146,0.0
\mathrm{IM}_3,III,0.6,0.7,12800,25600,31.622776601683793,base,,nan,no_training,0.0,1.3054777537782087,0.008335828851397697,29.090162610845482,0.08347757707708332,0.0
\mathrm{IM}_3,III,0.6,0.7,12800,25600,32.63969928801362,boundary_refinement,zero,0.05,no_training,0.0,1.3054777537782087,0.008335828851397697,29.090162610845482,0.1151292546497022,0.0
\mathrm{IM}_3,III,0.6,0.7,12800,25600,34.57372305949493,boundary_refinement,zero,0.07500000000000001,no_training,0.0,1.3054777537782087,0.008335828851397697,29.090162610845482,0.1726938819745535,0.0
\mathrm{IM}_3,III,0.6,0.7,12800,25600,36.62234494401794,boundary_refinement,zero,0.1,no_training,0.0,1.3054777537782087,0.008335828851397697,29.090162610845482,0.2302585092994046,0.0
\mathrm{IM}_3,III,0.6,0.7,12800,25600,38.31186849557285,base,,nan,no_training,0.0,1.3054777537782087,0.008335828851397697,29.090162610845482,0.27535966815991986,0.0
\mathrm{IM}_3,III,0.6,0.7,12800,25600,38.792355306678644,boundary_refinement,zero,0.125,no_training,0.0,1.3054777537782087,0.008335828851397697,29.090162610845482,0.2878231366242557,0.0
\mathrm{IM}_3,III,0.6,0.7,12800,25600,41.09094686700033,boundary_refinement,zero,0.15,no_training,0.0,1.3054777537782087,0.008335828851397697,29.090162610845482,0.3453877639491069,0.0
\mathrm{IM}_3,III,0.6,0.7,12800,25600,43.52573853993215,boundary_refinement,zero,0.17500000000000002,no_training,0.0,1.3054777537782087,0.008335828851397697,29.090162610845482,0.402952391273958,0.0
\mathrm{IM}_3,III,0.6,0.7,12800,25600,46.10480068951582,boundary_refinement,zero,0.2,no_training,0.0,1.3054777537782087,0.008335828851397697,29.090162610845482,0.4605170185988092,0.0
\mathrm{IM}_3,III,0.6,0.7,12800,25600,46.41588833612773,base,,nan,no_training,0.0,1.3054777537782087,0.008335828851397697,29.090162610845482,0.4672417592427563,0.0
\mathrm{IM}_3,III,0.6,0.7,12800,25600,48.836681878926065,boundary_refinement,zero,0.225,no_training,0.0,1.3054777537782087,0.008335828851397697,29.090162610845482,0.5180816459236602,0.0
\mathrm{IM}_3,III,0.6,0.7,12800,25600,51.730437205550636,boundary_refinement,zero,0.25,no_training,0.0,1.3054777537782087,0.008335828851397697,29.090162610845482,0.5756462732485115,0.0
\mathrm{IM}_3,III,0.6,0.7,12800,25600,56.23413251903491,base,,nan,no_training,0.0,1.3054777537782087,0.008335828851397697,29.090162610845482,0.6591238503255946,0.0
\mathrm{IM}_3,III,0.6,0.7,12800,25600,68.12920690579608,base,,nan,no_training,0.0,1.3054777537782087,0.008335828851397697,29.090162610845482,0.8510059414084312,0.0
\mathrm{IM}_3,III,0.6,0.7,12800,25600,82.54041852680173,base,,nan,no_training,0.0,1.3054777537782087,0.008335828851397697,29.090162610845482,1.0428880324912677,0.0
\mathrm{IM}_3,III,0.6,0.7,12800,25600,100.0,base,,nan,no_training,0.0,1.3054777537782087,0.008335828851397697,29.090162610845482,1.2347701235741062,0.0
\mathrm{IM}_3,III,0.6,0.7,12800,25600,121.15276586285876,base,,nan,no_training,0.0,1.3054777537782087,0.008335828851397697,29.090162610845482,1.4266522146569425,0.0
\mathrm{IM}_3,III,0.6,0.7,12800,25600,146.77992676220674,base,,nan,no_training,0.0,1.3054777537782087,0.008335828851397697,29.090162610845482,1.618534305739779,0.0
\mathrm{IM}_3,III,0.6,0.7,12800,25600,177.82794100389228,base,,nan,no_training,0.0,1.3054777537782087,0.008335828851397697,29.090162610845482,1.8104163968226175,0.0
\mathrm{IM}_3,III,0.6,0.7,12800,25600,215.44346900318823,base,,nan,no_training,0.0,1.3054777537782087,0.008335828851397697,29.090162610845482,2.002298487905454,0.0
\mathrm{IM}_3,III,0.6,0.7,12800,25600,261.0157215682533,base,,nan,no_training,0.0,1.3054777537782087,0.008335828851397697,29.090162610845482,2.1941805789882904,0.0
\mathrm{IM}_3,III,0.6,0.7,12800,25600,316.22776601683796,base,,nan,no_training,0.0,1.3054777537782087,0.008335828851397697,29.090162610845482,2.386062670071129,0.0
\mathrm{IM}_3,III,0.6,0.7,12800,25600,383.1186849557285,base,,nan,no_training,0.0,1.3054777537782087,0.008335828851397697,29.090162610845482,2.577944761153965,0.0
\mathrm{IM}_3,III,0.6,0.7,12800,25600,464.1588833612773,base,,nan,no_training,0.0,1.3054777537782087,0.008335828851397697,29.090162610845482,2.7698268522368017,0.0
\mathrm{IM}_3,III,0.6,0.7,12800,25600,562.341325190349,base,,nan,no_training,0.0,1.3054777537782087,0.008335828851397697,29.090162610845482,2.9617089433196404,0.0
\mathrm{IM}_3,III,0.6,0.7,12800,25600,681.2920690579608,base,,nan,no_training,0.0,1.3054777537782087,0.008335828851397697,29.090162610845482,3.153591034402477,0.0
\mathrm{IM}_3,III,0.6,0.7,12800,25600,825.4041852680173,base,,nan,no_training,0.0,1.3054777537782087,0.008335828851397697,29.090162610845482,3.3454731254853134,0.0
\mathrm{IM}_3,III,0.6,0.7,12800,25600,1000.0,base,,nan,no_training,0.0,1.3054777537782087,0.008335828851397697,29.090162610845482,3.5373552165681517,0.0
\mathrm{IM}_3,III,0.6,0.7,19200,38400,0.001,base,,nan,terminal_infimum,inf,0.00017721484174055988,0.005503907651738054,29.103429432431604,1.7054583220996686,0.0
\mathrm{IM}_3,III,0.6,0.7,19200,38400,0.001211527658628589,base,,nan,terminal_infimum,inf,0.00020783615458131946,0.005503907651738054,29.103429432431604,1.513576231016831,0.0
\mathrm{IM}_3,III,0.6,0.7,19200,38400,0.0014677992676220691,base,,nan,terminal_infimum,inf,0.0002449347220314182,0.005503907651738054,29.103429432431604,1.3216941399339945,0.0
\mathrm{IM}_3,III,0.6,0.7,19200,38400,0.0017782794100389228,base,,nan,terminal_infimum,inf,0.0002898806625927113,0.005503907651738054,29.103429432431604,1.1298120488511572,0.0
\mathrm{IM}_3,III,0.6,0.7,19200,38400,0.0021544346900318843,base,,nan,terminal_infimum,inf,0.00034433391272579446,0.005503907651738054,29.103429432431604,0.9379299577683197,0.0
\mathrm{IM}_3,III,0.6,0.7,19200,38400,0.0026101572156825357,base,,nan,terminal_infimum,inf,0.0004103055313642452,0.005503907651738054,29.103429432431604,0.7460478666854832,0.0
\mathrm{IM}_3,III,0.6,0.7,19200,38400,0.0030950747226036793,boundary_refinement,terminal,-0.25,terminal_infimum,inf,0.0004805034940215346,0.005503907651738054,29.103429432431604,0.5756462732485115,0.0
\mathrm{IM}_3,III,0.6,0.7,19200,38400,0.0031622776601683794,base,,nan,terminal_infimum,inf,0.0004902319720292261,0.005503907651738054,29.103429432431604,0.5541657756026457,0.0
\mathrm{IM}_3,III,0.6,0.7,19200,38400,0.003278469429620012,boundary_refinement,terminal,-0.225,terminal_infimum,inf,0.0005070522051134823,0.005503907651738054,29.103429432431604,0.5180816459236602,0.0
\mathrm{IM}_3,III,0.6,0.7,19200,38400,0.0034727309562048586,boundary_refinement,terminal,-0.2,terminal_infimum,inf,0.0005351740262362835,0.005503907651738054,29.103429432431604,0.4605170185988091,0.0
\mathrm{IM}_3,III,0.6,0.7,19200,38400,0.003678503201898485,boundary_refinement,terminal,-0.17500000000000002,terminal_infimum,inf,0.00056496217001938,0.005503907651738054,29.103429432431604,0.4029523912739581,0.0
\mathrm{IM}_3,III,0.6,0.7,19200,38400,0.003831186849557285,base,,nan,terminal_infimum,inf,0.0005870650655505866,0.005503907651738054,29.103429432431604,0.3622836845198092,0.0
\mathrm{IM}_3,III,0.6,0.7,19200,38400,0.003896468219687555,boundary_refinement,terminal,-0.15,terminal_infimum,inf,0.0005965153722877418,0.005503907651738054,29.103429432431604,0.34538776394910686,0.0
\mathrm{IM}_3,III,0.6,0.7,19200,38400,0.004127348476738962,boundary_refinement,terminal,-0.125,terminal_infimum,inf,0.0006299382193317765,0.005503907651738054,29.103429432431604,0.2878231366242556,0.0
\mathrm{IM}_3,III,0.6,0.7,19200,38400,0.004371909249090554,boundary_refinement,terminal,-0.1,terminal_infimum,inf,0.0006653414945692009,0.005503907651738054,29.103429432431604,0.23025850929940458,0.0
\mathrm{IM}_3,III,0.6,0.7,19200,38400,0.004630961158236213,boundary_refinement,terminal,-0.07500000000000001,terminal_infimum,inf,0.0007028425457479195,0.005503907651738054,29.103429432431604,0.17269388197455351,0.0
\mathrm{IM}_3,III,0.6,0.7,19200,38400,0.004641588833612777,base,,nan,terminal_infimum,inf,0.0007043810366222842,0.005503907651738054,29.103429432431604,0.17040159343697184,0.0
\mathrm{IM}_3,III,0.6,0.7,19200,38400,0.004905362858013041,boundary_refinement,terminal,-0.05,terminal_infimum,inf,0.0007425656739070414,0.005503907651738054,29.103429432431604,0.11512925464970238,0.0
\mathrm{IM}_3,III,0.6,0.7,19200,38400,0.005196023880696626,boundary_refinement,terminal,-0.025,terminal_infimum,inf,0.0007846425453852862,0.005503907651738054,29.103429432431604,0.05756462732485113,0.0
\mathrm{IM}_3,III,0.6,0.7,19200,38400,0.005226020853918424,terminal_near_refinement,terminal,-0.0225,terminal_infimum,inf,0.0007889849879162339,0.005503907651738054,29.103429432431604,0.05180816459236597,0.0
\mathrm{IM}_3,III,0.6,0.7,19200,38400,0.005256191001556493,terminal_near_refinement,terminal,-0.02,terminal_infimum,inf,0.0007933524996414942,0.005503907651738054,29.103429432431604,0.04605170185988087,0.0
\mathrm{IM}_3,III,0.6,0.7,19200,38400,0.005286535323357648,terminal_near_refinement,terminal,-0.0175,terminal_infimum,inf,0.0007977452252871051,0.005503907651738054,29.103429432431604,0.040295239127395764,0.0
\mathrm{IM}_3,III,0.6,0.7,19200,38400,0.005317054824840306,terminal_near_refinement,terminal,-0.015,terminal_infimum,inf,0.0008021633104146177,0.005503907651738054,29.103429432431604,0.034538776394910715,0.0
\mathrm{IM}_3,III,0.6,0.7,19200,38400,0.005347750517327806,terminal_near_refinement,terminal,-0.0125,terminal_infimum,inf,0.0008066069014259183,0.005503907651738054,29.103429432431604,0.028782313662425615,0.0
\mathrm{IM}_3,III,0.6,0.7,19200,38400,0.005378623417981917,terminal_near_refinement,terminal,-0.01,terminal_infimum,inf,0.0008110761455680811,0.005503907651738054,29.103429432431604,0.023025850929940583,0.0
\mathrm{IM}_3,III,0.6,0.7,19200,38400,0.005409674549836552,terminal_near_refinement,terminal,-0.0075,terminal_infimum,inf,0.0008155711909382469,0.005503907651738054,29.103429432431604,0.017269388197455333,0.0
\mathrm{IM}_3,III,0.6,0.7,19200,38400,0.0054409049418316585,terminal_near_refinement,terminal,-0.005,terminal_infimum,inf,0.0008200921864885303,0.005503907651738054,29.103429432431604,0.01151292546497021,0.0
\mathrm{IM}_3,III,0.6,0.7,19200,38400,0.005472315628847322,terminal_near_refinement,terminal,-0.0025,terminal_infimum,inf,0.0008246392820309559,0.005503907651738054,29.103429432431604,0.005756462732485091,0.0
\mathrm{IM}_3,III,0.6,0.7,19200,38400,0.0054763881134793635,terminal_ultra_near_refinement,terminal,-0.002176919254274547,terminal_infimum,inf,0.0008252288258606634,0.005503907651738054,29.103429432431604,0.005012541823544286,0.0
\mathrm{IM}_3,III,0.6,0.7,19200,38400,0.005481892021131102,terminal_ultra_near_refinement,terminal,-0.00174066157630127,terminal_infimum,inf,0.0008260255863370153,0.005503907651738054,29.103429432431604,0.004008021397538822,0.0
\mathrm{IM}_3,III,0.6,0.7,19200,38400,0.00548739592878284,terminal_ultra_near_refinement,terminal,-0.0013048416883442813,terminal_infimum,inf,0.0008268223468133673,0.005503907651738054,29.103429432431604,0.0030045090202987243,0.0
\mathrm{IM}_3,III,0.6,0.7,19200,38400,0.005492899836434578,terminal_ultra_near_refinement,terminal,-0.0008694587126288914,terminal_infimum,inf,0.0008276191072897191,0.005503907651738054,29.103429432431604,0.0020020026706730793,0.0
\mathrm{IM}_3,III,0.6,0.7,19200,38400,0.005498403744086316,terminal_ultra_near_refinement,terminal,-0.0004345117740176917,terminal_infimum,inf,0.0008284158677660711,0.005503907651738054,29.103429432431604,0.0010005003335835344,0.0
\mathrm{IM}_3,III,0.6,0.7,19200,38400,0.005501155697912185,terminal_extreme_near_refinement,terminal,-0.00021720154586423186,terminal_infimum,inf,0.0008288142480042471,0.005503907651738054,29.103429432431604,0.0005001250416822429,0.0
\mathrm{IM}_3,III,0.6,0.7,19200,38400,0.005501706088677359,terminal_extreme_near_refinement,terminal,-0.00017375254558756316,terminal_infimum,inf,0.0008288939240518824,0.005503907651738054,29.103429432431604,0.00040008002133969133,0.0
\mathrm{IM}_3,III,0.6,0.7,19200,38400,0.005502256479442533,terminal_extreme_near_refinement,terminal,-0.00013030789173217684,terminal_infimum,inf,0.0008289736000995175,0.005503907651738054,29.103429432431604,0.00030004500900188136,0.0
\mathrm{IM}_3,III,0.6,0.7,19200,38400,0.005502806870207706,terminal_extreme_near_refinement,terminal,-8.686758342857122e-05,terminal_infimum,inf,0.0008290532761471526,0.005503907651738054,29.103429432431604,0.0002000200026670447,0.0
\mathrm{IM}_3,III,0.6,0.7,19200,38400,0.00550335726097288,terminal_extreme_near_refinement,terminal,-4.3431619807505604e-05,terminal_infimum,inf,0.0008291329521947879,0.005503907651738054,29.103429432431604,0.00010000500033334732,0.0
\mathrm{IM}_3,III,0.6,0.7,19200,38400,0.005504458042503228,terminal_extreme_near_refinement,terminal,4.342727686266486e-05,finite_interior,85923.30971155087,0.0008292864431087149,0.005503907651738054,29.103429432431604,9.999500033329732e-05,4.830331323788828e-07
\mathrm{IM}_3,III,0.6,0.7,19200,38400,0.005505008433268402,terminal_extreme_near_refinement,terminal,8.685021164894766e-05,finite_interior,85893.07033787922,0.000829360256817775,0.005503907651738054,29.103429432431604,0.0001999800026662447,5.36703064147487e-07
\mathrm{IM}_3,III,0.6,0.7,19200,38400,0.005505558824033575,terminal_extreme_near_refinement,terminal,0.00013026880522704667,finite_interior,85862.88436122795,0.0008294340693700441,0.005503907651738054,29.103429432431604,0.00029995500899794244,9.253287097021674e-07
\mathrm{IM}_3,III,0.6,0.7,19200,38400,0.005506109214798749,terminal_extreme_near_refinement,terminal,0.0001736830584648997,finite_interior,85832.6651282585,0.0008295078807659617,0.005503907651738054,29.103429432431604,0.0003999200213268913,4.6707108317851645e-07
\mathrm{IM}_3,III,0.6,0.7,19200,38400,0.0055066596055639225,terminal_extreme_near_refinement,terminal,0.00021709297223018438,finite_interior,85802.51386780597,0.0008295816910059677,0.005503907651738054,29.103429432431604,0.0004998750416509929,8.504307007877345e-07
\mathrm{IM}_3,III,0.6,0.7,19200,38400,0.005509411559389791,terminal_ultra_near_refinement,terminal,0.0004340774793185929,finite_interior,85652.0510746167,0.0008299507248826355,0.005503907651738054,29.103429432431604,0.0009995003330834232,8.763133824835596e-07
\mathrm{IM}_3,III,0.6,0.7,19200,38400,0.00551491546704153,terminal_ultra_near_refinement,terminal,0.0008677215312269133,finite_interior,85352.94958265353,0.0008306887061930926,0.005503907651738054,29.103429432431604,0.001998002662673058,9.202262466654303e-07
\mathrm{IM}_3,III,0.6,0.7,19200,38400,0.005520419374693267,terminal_ultra_near_refinement,terminal,0.001300933020418072,finite_interior,85056.23657877817,0.0008314265726050576,0.005503907651738054,29.103429432431604,0.002995508979798371,1.0994193019239222e-06
\mathrm{IM}_3,III,0.6,0.7,19200,38400,0.005525923282345006,terminal_ultra_near_refinement,terminal,0.0017337128090005314,finite_interior,84761.90001906882,0.0008321643245431333,0.005503907651738054,29.103429432431604,0.003992021269537457,8.211743785597327e-07
\mathrm{IM}_3,III,0.6,0.7,19200,38400,0.005531427189996743,terminal_ultra_near_refinement,terminal,0.0021660617565076304,finite_interior,84469.84900213902,0.0008329019624088441,0.005503907651738054,29.103429432431604,0.004987541511038968,1.1433907153772444e-06
\mathrm{IM}_3,III,0.6,0.7,19200,38400,0.005535682057367287,terminal_near_refinement,terminal,0.0025,finite_interior,84245.65857528099,0.0008334721250518339,0.005503907651738054,29.103429432431604,0.00575646273248517,9.92001021713438e-07
\mathrm{IM}_3,III,0.6,0.7,19200,38400,0.00556763989864206,terminal_near_refinement,terminal,0.005,finite_interior,82604.2043020093,0.000837752402204335,0.005503907651738054,29.103429432431604,0.011512925464970295,9.246747693322621e-07
\mathrm{IM}_3,III,0.6,0.7,19200,38400,0.005599782234547912,terminal_near_refinement,terminal,0.0075,finite_interior,81025.0290148592,0.0008420536143336914,0.005503907651738054,29.103429432431604,0.017269388197455236,2.648234338225967e-07
\mathrm{IM}_3,III,0.6,0.7,19200,38400,0.005623413251903491,base,,nan,finite_interior,79906.87168096044,0.0008452134905956812,0.005503907651738054,29.103429432431604,0.021480497645865737,1.0900296905687609e-06
\mathrm{IM}_3,III,0.6,0.7,19200,38400,0.005632110130183972,terminal_near_refinement,terminal,0.01,finite_interior,79504.12544505947,0.0008463759146643718,0.005503907651738054,29.103429432431604,0.023025850929940427,8.096678484209927e-07
\mathrm{IM}_3,III,0.6,0.7,19200,38400,0.005664624656798252,terminal_near_refinement,terminal,0.0125,finite_interior,78037.99870760099,0.0008507194553031736,0.005503907651738054,29.103429432431604,0.02878231366242563,5.083876277533157e-07
\mathrm{IM}_3,III,0.6,0.7,19200,38400,0.005697326891823149,terminal_near_refinement,terminal,0.015,finite_interior,76623.49944102681,0.0008550843871817582,0.005503907651738054,29.103429432431604,0.03453877639491076,9.764979499168504e-07
\mathrm{IM}_3,III,0.6,0.7,19200,38400,0.005730217918911141,terminal_near_refinement,terminal,0.0175,finite_interior,75257.54829306343,0.00085947086048246,0.005503907651738054,29.103429432431604,0.04029523912739586,9.552870034606127e-07
\mathrm{IM}_3,III,0.6,0.7,19200,38400,0.005763298827970705,terminal_near_refinement,terminal,0.02,finite_interior,73937.54089261465,0.0008638790244704087,0.005503907651738054,29.103429432431604,0.046051701859880986,8.696901276745393e-07
\mathrm{IM}_3,III,0.6,0.7,19200,38400,0.005796570715202424,terminal_near_refinement,terminal,0.0225,finite_interior,72660.88253004092,0.0008683090278405087,0.005503907651738054,29.103429432431604,0.05180816459236611,1.0704640221146443e-06
\mathrm{IM}_3,III,0.6,0.7,19200,38400,0.005830034683135318,boundary_refinement,terminal,0.025,finite_interior,71425.36369006775,0.000872761018707005,0.005503907651738054,29.103429432431604,0.057564627324851146,6.589783621069551e-07
\mathrm{IM}_3,III,0.6,0.7,19200,38400,0.00617548595602388,boundary_refinement,terminal,0.05,finite_interior,60928.32179165124,0.0009185225892011912,0.005503907651738054,29.103429432431604,0.1151292546497022,7.539307401203476e-07
\mathrm{IM}_3,III,0.6,0.7,19200,38400,0.006541406503698327,boundary_refinement,terminal,0.07500000000000001,finite_interior,52913.8157917665,0.0009666444317592325,0.005503907651738054,29.103429432431604,0.1726938819745535,9.320117912753379e-07
\mathrm{IM}_3,III,0.6,0.7,19200,38400,0.006812920690579608,base,,nan,finite_interior,48288.60619372377,0.00100214517127452,0.005503907651738054,29.103429432431604,0.21336258872870212,4.5271191010266826e-07
\mathrm{IM}_3,III,0.6,0.7,19200,38400,0.006929009206941398,boundary_refinement,terminal,0.1,finite_interior,46565.24024361615,0.0010172747493404574,0.005503907651738054,29.103429432431604,0.2302585092994046,9.136382282612682e-07
\mathrm{IM}_3,III,0.6,0.7,19200,38400,0.007339578814240407,boundary_refinement,terminal,0.125,finite_interior,41400.1692213267,0.0010705657308845205,0.005503907651738054,29.103429432431604,0.2878231366242557,5.426238604130846e-07
\mathrm{IM}_3,III,0.6,0.7,19200,38400,0.00777447620021646,boundary_refinement,terminal,0.15,finite_interior,37111.082448289446,0.001126675193727996,0.005503907651738054,29.103429432431604,0.3453877639491069,1.0493071781536326e-06
\mathrm{IM}_3,III,0.6,0.7,19200,38400,0.00823514287638146,boundary_refinement,terminal,0.17500000000000002,finite_interior,33491.10268424623,0.0011857677023035065,0.005503907651738054,29.103429432431604,0.402952391273958,8.052371666065255e-07
\mathrm{IM}_3,III,0.6,0.7,19200,38400,0.008254041852680182,base,,nan,finite_interior,33358.59790230872,0.0011881849885236584,0.005503907651738054,29.103429432431604,0.4052446798115397,9.481448390473327e-07
\mathrm{IM}_3,III,0.6,0.7,19200,38400,0.008723105769174275,boundary_refinement,terminal,0.2,finite_interior,30394.930640384166,0.0012480154372410106,0.005503907651738054,29.103429432431604,0.4605170185988092,7.969904838825778e-07
\mathrm{IM}_3,III,0.6,0.7,19200,38400,0.00923998228111335,boundary_refinement,terminal,0.225,finite_interior,27717.260737826902,0.001313598939453071,0.005503907651738054,29.103429432431604,0.5180816459236602,1.0188658481422883e-06
\mathrm{IM}_3,III,0.6,0.7,19200,38400,0.00978748565184146,boundary_refinement,terminal,0.25,finite_interior,25379.603845167407,0.0013827077907502682,0.005503907651738054,29.103429432431604,0.5756462732485114,8.011653728557314e-07
\mathrm{IM}_3,III,0.6,0.7,19200,38400,0.01,base,,nan,finite_interior,24581.832478899527,0.0014094393240150066,0.005503907651738054,29.103429432431604,0.5971267708943772,7.928503721332381e-07
\mathrm{IM}_3,III,0.6,0.7,19200,38400,0.012115276586285882,base,,nan,finite_interior,18826.285368413788,0.0016730326803744045,0.005503907651738054,29.103429432431604,0.7890088619772141,8.68603577743642e-07
\mathrm{IM}_3,III,0.6,0.7,19200,38400,0.01467799267622069,base,,nan,finite_interior,14789.821394724255,0.0019873965727113347,0.005503907651738054,29.103429432431604,0.9808909530600511,3.108468376789907e-07
\mathrm{IM}_3,III,0.6,0.7,19200,38400,0.01778279410038923,base,,nan,finite_interior,11827.538345511877,0.002362551030132293,0.005503907651738054,29.103429432431604,1.1727730441428887,1.7650569931184823e-07
\mathrm{IM}_3,III,0.6,0.7,19200,38400,0.021544346900318832,base,,nan,finite_interior,9581.914191498001,0.002810420347847898,0.005503907651738054,29.103429432431604,1.3646551352257255,9.370099791407891e-07
\mathrm{IM}_3,III,0.6,0.7,19200,38400,0.026101572156825358,base,,nan,finite_interior,7838.199849093912,0.0033451995842998647,0.005503907651738054,29.103429432431604,1.5565372263085626,7.018158599610629e-07
\mathrm{IM}_3,III,0.6,0.7,19200,38400,0.03162277660168379,base,,nan,finite_interior,6459.305295585204,0.003983784244334217,0.005503907651738054,29.103429432431604,1.7484193173913998,5.454897311568454e-07
\mathrm{IM}_3,III,0.6,0.7,19200,38400,0.03831186849557287,base,,nan,finite_interior,5353.44607809468,0.004746275536590709,0.005503907651738054,29.103429432431604,1.940301408474237,9.505658043388837e-07
\mathrm{IM}_3,III,0.6,0.7,19200,38400,0.046415888336127774,base,,nan,finite_interior,4456.735098642428,0.005656574728361106,0.005503907651738054,29.103429432431604,2.132183499557074,9.29188580168752e-07
\mathrm{IM}_3,III,0.6,0.7,19200,38400,0.05623413251903491,base,,nan,finite_interior,3723.2650149795136,0.006743081842801349,0.005503907651738054,29.103429432431604,2.3240655906399112,5.653567374849519e-07
\mathrm{IM}_3,III,0.6,0.7,19200,38400,0.06812920690579612,base,,nan,finite_interior,3119.157258850418,0.008039516024109544,0.005503907651738054,29.103429432431604,2.5159476817227486,1.0162830838811432e-06
\mathrm{IM}_3,III,0.6,0.7,19200,38400,0.08254041852680181,base,,nan,finite_interior,2618.8371211578255,0.009585877286809588,0.005503907651738054,29.103429432431604,2.707829772805585,6.214121836075605e-07
\mathrm{IM}_3,III,0.6,0.7,19200,38400,0.1,base,,nan,finite_interior,2202.6359032902524,0.011429571917113161,0.005503907651738054,29.103429432431604,2.899711863888423,9.167365957954488e-07
\mathrm{IM}_3,III,0.6,0.7,19200,38400,0.12115276586285877,base,,nan,finite_interior,1855.1754036661732,0.013626726780788377,0.005503907651738054,29.103429432431604,3.0915939549712594,7.270038408032886e-07
\mathrm{IM}_3,III,0.6,0.7,19200,38400,0.1467799267622069,base,,nan,finite_interior,1564.2698808326252,0.016243720617906073,0.005503907651738054,29.103429432431604,3.283476046054097,8.890385946695348e-07
\mathrm{IM}_3,III,0.6,0.7,19200,38400,0.1778279410038923,base,,nan,finite_interior,1320.1547803255758,0.019358963698696566,0.005503907651738054,29.103429432431604,3.475358137136934,9.641043686082205e-07
\mathrm{IM}_3,III,0.6,0.7,19200,38400,0.21544346900318823,base,,nan,finite_interior,1114.9228479868627,0.023064960178606854,0.005503907651738054,29.103429432431604,3.6672402282197707,9.791483620328134e-07
\mathrm{IM}_3,III,0.6,0.7,19200,38400,0.2610157215682536,base,,nan,finite_interior,942.1234418038863,0.02747069040411019,0.005503907651738054,29.103429432431604,3.859122319302608,1.5679086041174397e-07
\mathrm{IM}_3,III,0.6,0.7,19200,38400,0.31622776601683794,base,,nan,finite_interior,796.4573488370634,0.03270435286080768,0.005503907651738054,29.103429432431604,4.0510044103854455,1.0827828953768714e-06
\mathrm{IM}_3,III,0.6,0.7,19200,38400,0.3831186849557285,base,,nan,finite_interior,673.5468492755062,0.03891650718524798,0.005503907651738054,29.103429432431604,4.242886501468282,9.275131931163623e-07
\mathrm{IM}_3,III,0.6,0.7,19200,38400,0.46415888336127775,base,,nan,finite_interior,569.7567969927509,0.0462836597115404,0.005503907651738054,29.103429432431604,4.138384381476779,1.0242100478183662e-06
\mathrm{IM}_3,III,0.6,0.7,19200,38400,0.5623413251903491,base,,nan,finite_interior,482.05880210038276,0.05501233137730162,0.005503907651738054,29.103429432431604,3.946502290393942,3.831179032631852e-07
\mathrm{IM}_3,III,0.6,0.7,19200,38400,0.6812920690579608,base,,nan,finite_interior,407.9216619229272,0.06534364360166871,0.005503907651738054,29.103429432431604,3.7546201993111055,7.843572090731663e-07
\mathrm{IM}_3,III,0.6,0.7,19200,38400,0.8254041852680182,base,,nan,finite_interior,345.22560238699845,0.07755845406597753,0.005503907651738054,29.103429432431604,3.562738108228268,1.1408562381541384e-06
\mathrm{IM}_3,III,0.6,0.7,19200,38400,1.0,base,,nan,finite_interior,292.1841491842095,0.09198303646218486,0.005503907651738054,29.103429432431604,3.3708560171454307,9.28221537933731e-07
\mathrm{IM}_3,III,0.6,0.7,19200,38400,1.2115276586285877,base,,nan,finite_interior,247.29148276259153,0.10899523801837992,0.005503907651738054,29.103429432431604,3.1789739260625938,9.338072794595675e-07
\mathrm{IM}_3,III,0.6,0.7,19200,38400,1.467799267622069,base,,nan,finite_interior,209.3025670655057,0.12903124176010816,0.005503907651738054,29.103429432431604,2.9870918349797564,1.0321807846314524e-07
\mathrm{IM}_3,III,0.6,0.7,19200,38400,1.7782794100389228,base,,nan,finite_interior,177.19108911526217,0.1525933656440714,0.005503907651738054,29.103429432431604,2.795209743896919,8.462585039753766e-07
\mathrm{IM}_3,III,0.6,0.7,19200,38400,2.154434690031882,base,,nan,finite_interior,150.0374806873991,0.18025810138164766,0.005503907651738054,29.103429432431604,2.6033276528140825,8.535777453024508e-07
\mathrm{IM}_3,III,0.6,0.7,19200,38400,2.610157215682536,base,,nan,finite_interior,126.95756258065647,0.21268057014948988,0.005503907651738054,29.103429432431604,2.411445561731245,6.704481841534726e-07
\mathrm{IM}_3,III,0.6,0.7,19200,38400,3.1622776601683795,base,,nan,finite_interior,107.20288462855342,0.2505925609669517,0.005503907651738054,29.103429432431604,2.2195634706484073,4.6794237492621616e-07
\mathrm{IM}_3,III,0.6,0.7,19200,38400,3.831186849557285,base,,nan,finite_interior,90.35285161089499,0.2948035912970386,0.005503907651738054,29.103429432431604,2.0276813795655713,1.990029845399472e-06
\mathrm{IM}_3,III,0.6,0.7,19200,38400,4.6415888336127775,base,,nan,finite_interior,76.31007493897626,0.34623162942928176,0.005503907651738054,29.103429432431604,1.8357992884827337,1.9902715174330534e-06
\mathrm{IM}_3,III,0.6,0.7,19200,38400,5.623413251903491,base,,nan,finite_interior,64.91222770433544,0.40596856325907116,0.005503907651738054,29.103429432431604,1.6439171973998963,1.6266207425665497e-06
\mathrm{IM}_3,III,0.6,0.7,19200,38400,6.812920690579608,base,,nan,finite_interior,55.65797980985637,0.4753141642838707,0.005503907651738054,29.103429432431604,1.4520351063170598,7.346473812310238e-07
\mathrm{IM}_3,III,0.6,0.7,19200,38400,8.254041852680182,base,,nan,finite_interior,47.90475495752079,0.555722888744728,0.005503907651738054,29.103429432431604,1.2601530152342222,5.007784487505306e-07
\mathrm{IM}_3,III,0.6,0.7,19200,38400,10.0,base,,nan,finite_interior,41.09890068612095,0.6486726745721227,0.005503907651738054,29.103429432431604,1.0682709241513848,4.3542273087008486e-07
\mathrm{IM}_3,III,0.6,0.7,19200,38400,12.115276586285876,base,,nan,finite_interior,34.81452048054676,0.7554234981819327,0.005503907651738054,29.103429432431604,0.8763888330685483,6.425889931180655e-08
\mathrm{IM}_3,III,0.6,0.7,19200,38400,14.677992676220676,base,,nan,finite_interior,28.699665690271715,0.8765090843321732,0.005503907651738054,29.103429432431604,0.6845067419857118,1.230649906587764e-07
\mathrm{IM}_3,III,0.6,0.7,19200,38400,16.366061074617395,boundary_refinement,zero,-0.25,finite_interior,25.1725200797866,0.9511932895988966,0.005503907651738054,29.103429432431604,0.5756462732485116,7.521447783602095e-07
\mathrm{IM}_3,III,0.6,0.7,19200,38400,17.335811159767502,boundary_refinement,zero,-0.225,finite_interior,23.257324649005753,0.9921537883399852,0.005503907651738054,29.103429432431604,0.5180816459236602,1.3985257161228845e-06
\mathrm{IM}_3,III,0.6,0.7,19200,38400,17.78279410038923,base,,nan,finite_interior,22.3945590730864,1.0105290788781205,0.005503907651738054,29.103429432431604,0.4926246509028733,1.4219641160418087e-06
\mathrm{IM}_3,III,0.6,0.7,19200,38400,18.363022549953744,boundary_refinement,zero,-0.2,finite_interior,21.28968811552107,1.0338867813844066,0.005503907651738054,29.103429432431604,0.4605170185988091,1.2061268468208433e-06
\mathrm{IM}_3,III,0.6,0.7,19200,38400,19.451100041553058,boundary_refinement,zero,-0.17500000000000002,finite_interior,19.25265838649785,1.0761011668999485,0.005503907651738054,29.103429432431604,0.4029523912739581,8.907376134753649e-07
\mathrm{IM}_3,III,0.6,0.7,19200,38400,20.603650177811197,boundary_refinement,zero,-0.15,finite_interior,17.125401028312925,1.1183785831309323,0.005503907651738054,29.103429432431604,0.34538776394910686,2.689964365492401e-07
\mathrm{IM}_3,III,0.6,0.7,19200,38400,21.54434690031882,base,,nan,finite_interior,15.396786391770421,1.1508347821047633,0.005503907651738054,29.103429432431604,0.30074255982003706,3.744135627571223e-07
\mathrm{IM}_3,III,0.6,0.7,19200,38400,21.82449320309622,boundary_refinement,zero,-0.125,finite_interior,14.881345277446878,1.1601145167269857,0.005503907651738054,29.103429432431604,0.2878231366242556,3.1330852690885295e-07
\mathrm{IM}_3,III,0.6,0.7,19200,38400,23.117675725486095,boundary_refinement,zero,-0.1,finite_interior,12.485499593163762,1.2004229012903314,0.005503907651738054,29.103429432431604,0.23025850929940458,2.6057861889793755e-07
\mathrm{IM}_3,III,0.6,0.7,19200,38400,24.487484129661727,boundary_refinement,zero,-0.07500000000000001,finite_interior,9.889822049646687,1.23797345158588,0.005503907651738054,29.103429432431604,0.17269388197455351,8.00931753689683e-07
\mathrm{IM}_3,III,0.6,0.7,19200,38400,25.938458784563927,boundary_refinement,zero,-0.05,finite_interior,7.025225355279139,1.2706959890783083,0.005503907651738054,29.103429432431604,0.11512925464970225,3.770134766109592e-07
\mathrm{IM}_3,III,0.6,0.7,19200,38400,26.10157215682533,base,,nan,finite_interior,6.6930427850457885,1.2738418933164604,0.005503907651738054,29.103429432431604,0.10886046873720058,1.3736640638221762e-06
\mathrm{IM}_3,III,0.6,0.7,19200,38400,27.475409092906915,boundary_refinement,zero,-0.025,finite_interior,3.7863697660639546,1.2951971697528248,0.005503907651738054,29.103429432431604,0.05756462732485113,2.4112623053484016e-06
\mathrm{IM}_3,III,0.6,0.7,19200,38400,30.827916041737527,boundary_refinement,zero,0.025,no_training,0.0,1.3054777801699082,0.005503907651738054,29.103429432431604,0.057564627324851146,0.0
\mathrm{IM}_3,III,0.6,0.7,19200,38400,31.622776601683793,base,,nan,no_training,0.0,1.3054777801699082,0.005503907651738054,29.103429432431604,0.08302162234563804,0.0
\mathrm{IM}_3,III,0.6,0.7,19200,38400,32.654584906663175,boundary_refinement,zero,0.05,no_training,0.0,1.3054777801699082,0.005503907651738054,29.103429432431604,0.1151292546497022,0.0
\mathrm{IM}_3,III,0.6,0.7,19200,38400,34.589490706501046,boundary_refinement,zero,0.07500000000000001,no_training,0.0,1.3054777801699082,0.005503907651738054,29.103429432431604,0.1726938819745535,0.0
\mathrm{IM}_3,III,0.6,0.7,19200,38400,36.63904688284644,boundary_refinement,zero,0.1,no_training,0.0,1.3054777801699082,0.005503907651738054,29.103429432431604,0.2302585092994046,0.0
\mathrm{IM}_3,III,0.6,0.7,19200,38400,38.31186849557285,base,,nan,no_training,0.0,1.3054777801699082,0.005503907651738054,29.103429432431604,0.2749037134284746,0.0
\mathrm{IM}_3,III,0.6,0.7,19200,38400,38.81004689760043,boundary_refinement,zero,0.125,no_training,0.0,1.3054777801699082,0.005503907651738054,29.103429432431604,0.2878231366242557,0.0
\mathrm{IM}_3,III,0.6,0.7,19200,38400,41.10968675058854,boundary_refinement,zero,0.15,no_training,0.0,1.3054777801699082,0.005503907651738054,29.103429432431604,0.3453877639491069,0.0
\mathrm{IM}_3,III,0.6,0.7,19200,38400,43.54558883143235,boundary_refinement,zero,0.17500000000000002,no_training,0.0,1.3054777801699082,0.005503907651738054,29.103429432431604,0.402952391273958,0.0
\mathrm{IM}_3,III,0.6,0.7,19200,38400,46.12582718473326,boundary_refinement,zero,0.2,no_training,0.0,1.3054777801699082,0.005503907651738054,29.103429432431604,0.4605170185988092,0.0
\mathrm{IM}_3,III,0.6,0.7,19200,38400,46.41588833612773,base,,nan,no_training,0.0,1.3054777801699082,0.005503907651738054,29.103429432431604,0.4667858045113111,0.0
\mathrm{IM}_3,III,0.6,0.7,19200,38400,48.85895427231256,boundary_refinement,zero,0.225,no_training,0.0,1.3054777801699082,0.005503907651738054,29.103429432431604,0.5180816459236602,0.0
\mathrm{IM}_3,III,0.6,0.7,19200,38400,51.75402932121389,boundary_refinement,zero,0.25,no_training,0.0,1.3054777801699082,0.005503907651738054,29.103429432431604,0.5756462732485114,0.0
\mathrm{IM}_3,III,0.6,0.7,19200,38400,56.23413251903491,base,,nan,no_training,0.0,1.3054777801699082,0.005503907651738054,29.103429432431604,0.6586678955941494,0.0
\mathrm{IM}_3,III,0.6,0.7,19200,38400,68.12920690579608,base,,nan,no_training,0.0,1.3054777801699082,0.005503907651738054,29.103429432431604,0.8505499866769859,0.0
\mathrm{IM}_3,III,0.6,0.7,19200,38400,82.54041852680173,base,,nan,no_training,0.0,1.3054777801699082,0.005503907651738054,29.103429432431604,1.0424320777598224,0.0
\mathrm{IM}_3,III,0.6,0.7,19200,38400,100.0,base,,nan,no_training,0.0,1.3054777801699082,0.005503907651738054,29.103429432431604,1.2343141688426609,0.0
\mathrm{IM}_3,III,0.6,0.7,19200,38400,121.15276586285876,base,,nan,no_training,0.0,1.3054777801699082,0.005503907651738054,29.103429432431604,1.4261962599254974,0.0
\mathrm{IM}_3,III,0.6,0.7,19200,38400,146.77992676220674,base,,nan,no_training,0.0,1.3054777801699082,0.005503907651738054,29.103429432431604,1.6180783510083339,0.0
\mathrm{IM}_3,III,0.6,0.7,19200,38400,177.82794100389228,base,,nan,no_training,0.0,1.3054777801699082,0.005503907651738054,29.103429432431604,1.8099604420911724,0.0
\mathrm{IM}_3,III,0.6,0.7,19200,38400,215.44346900318823,base,,nan,no_training,0.0,1.3054777801699082,0.005503907651738054,29.103429432431604,2.001842533174009,0.0
\mathrm{IM}_3,III,0.6,0.7,19200,38400,261.0157215682533,base,,nan,no_training,0.0,1.3054777801699082,0.005503907651738054,29.103429432431604,2.1937246242568453,0.0
\mathrm{IM}_3,III,0.6,0.7,19200,38400,316.22776601683796,base,,nan,no_training,0.0,1.3054777801699082,0.005503907651738054,29.103429432431604,2.3856067153396836,0.0
\mathrm{IM}_3,III,0.6,0.7,19200,38400,383.1186849557285,base,,nan,no_training,0.0,1.3054777801699082,0.005503907651738054,29.103429432431604,2.57748880642252,0.0
\mathrm{IM}_3,III,0.6,0.7,19200,38400,464.1588833612773,base,,nan,no_training,0.0,1.3054777801699082,0.005503907651738054,29.103429432431604,2.7693708975053566,0.0
\mathrm{IM}_3,III,0.6,0.7,19200,38400,562.341325190349,base,,nan,no_training,0.0,1.3054777801699082,0.005503907651738054,29.103429432431604,2.9612529885881953,0.0
\mathrm{IM}_3,III,0.6,0.7,19200,38400,681.2920690579608,base,,nan,no_training,0.0,1.3054777801699082,0.005503907651738054,29.103429432431604,3.153135079671032,0.0
\mathrm{IM}_3,III,0.6,0.7,19200,38400,825.4041852680173,base,,nan,no_training,0.0,1.3054777801699082,0.005503907651738054,29.103429432431604,3.345017170753868,0.0
\mathrm{IM}_3,III,0.6,0.7,19200,38400,1000.0,base,,nan,no_training,0.0,1.3054777801699082,0.005503907651738054,29.103429432431604,3.5368992618367066,0.0
\mathrm{IM}_3,III,0.6,0.7,25600,51200,0.001,base,,nan,terminal_infimum,inf,0.00016892761593499022,0.004100750766794825,29.110417906769165,1.4111700707993633,0.0
\mathrm{IM}_3,III,0.6,0.7,25600,51200,0.001211527658628589,base,,nan,terminal_infimum,inf,0.00019978365028643048,0.004100750766794825,29.110417906769165,1.2192879797165257,0.0
\mathrm{IM}_3,III,0.6,0.7,25600,51200,0.0014677992676220691,base,,nan,terminal_infimum,inf,0.00023716658933879394,0.004100750766794825,29.110417906769165,1.0274058886336894,0.0
\mathrm{IM}_3,III,0.6,0.7,25600,51200,0.0017782794100389228,base,,nan,terminal_infimum,inf,0.0002824570539615593,0.004100750766794825,29.110417906769165,0.8355237975508519,0.0
\mathrm{IM}_3,III,0.6,0.7,25600,51200,0.0021544346900318843,base,,nan,terminal_infimum,inf,0.0003373277045241791,0.004100750766794825,29.110417906769165,0.6436417064680144,0.0
\mathrm{IM}_3,III,0.6,0.7,25600,51200,0.002306021620474742,boundary_refinement,terminal,-0.25,terminal_infimum,inf,0.00035944004464697583,0.004100750766794825,29.110417906769165,0.5756462732485115,0.0
\mathrm{IM}_3,III,0.6,0.7,25600,51200,0.002442661991827239,boundary_refinement,terminal,-0.225,terminal_infimum,inf,0.0003793720952335574,0.004100750766794825,29.110417906769165,0.5180816459236602,0.0
\mathrm{IM}_3,III,0.6,0.7,25600,51200,0.002587398814191979,boundary_refinement,terminal,-0.2,terminal_infimum,inf,0.0004004851940678161,0.004100750766794825,29.110417906769165,0.4605170185988091,0.0
\mathrm{IM}_3,III,0.6,0.7,25600,51200,0.0026101572156825357,base,,nan,terminal_infimum,inf,0.000403805015327737,0.004100750766794825,29.110417906769165,0.451759615385178,0.0
\mathrm{IM}_3,III,0.6,0.7,25600,51200,0.0027407118324521535,boundary_refinement,terminal,-0.17500000000000002,terminal_infimum,inf,0.00042284932265804085,0.004100750766794825,29.110417906769165,0.4029523912739581,0.0
\mathrm{IM}_3,III,0.6,0.7,25600,51200,0.0029031092181624175,boundary_refinement,terminal,-0.15,terminal_infimum,inf,0.00044653860917758035,0.004100750766794825,29.110417906769165,0.34538776394910686,0.0
\mathrm{IM}_3,III,0.6,0.7,25600,51200,0.003075129253935067,boundary_refinement,terminal,-0.125,terminal_infimum,inf,0.0004716315741701947,0.004100750766794825,29.110417906769165,0.2878231366242556,0.0
\mathrm{IM}_3,III,0.6,0.7,25600,51200,0.0031622776601683794,base,,nan,terminal_infimum,inf,0.00048434411603749694,0.004100750766794825,29.110417906769165,0.25987752430234046,0.0
\mathrm{IM}_3,III,0.6,0.7,25600,51200,0.003257342117632377,boundary_refinement,terminal,-0.1,terminal_infimum,inf,0.0004982113908143647,0.004100750766794825,29.110417906769165,0.23025850929940458,0.0
\mathrm{IM}_3,III,0.6,0.7,25600,51200,0.0034503517722789738,boundary_refinement,terminal,-0.07500000000000001,terminal_infimum,inf,0.0005263661606092311,0.004100750766794825,29.110417906769165,0.17269388197455351,0.0
\mathrm{IM}_3,III,0.6,0.7,25600,51200,0.003654797967958564,boundary_refinement,terminal,-0.05,terminal_infimum,inf,0.0005561892053959524,0.004100750766794825,29.110417906769165,0.11512925464970225,0.0
\mathrm{IM}_3,III,0.6,0.7,25600,51200,0.003831186849557285,base,,nan,terminal_infimum,inf,0.0005819194641484438,0.004100750766794825,29.110417906769165,0.06799543321950399,0.0
\mathrm{IM}_3,III,0.6,0.7,25600,51200,0.0038713583623304947,boundary_refinement,terminal,-0.025,terminal_infimum,inf,0.0005877793766824161,0.004100750766794825,29.110417906769165,0.05756462732485113,0.0
\mathrm{IM}_3,III,0.6,0.7,25600,51200,0.003893707958058535,terminal_near_refinement,terminal,-0.0225,terminal_infimum,inf,0.0005910395644895155,0.004100750766794825,29.110417906769165,0.05180816459236597,0.0
\mathrm{IM}_3,III,0.6,0.7,25600,51200,0.003916186579410777,terminal_near_refinement,terminal,-0.02,terminal_infimum,inf,0.0005943185735662228,0.004100750766794825,29.110417906769165,0.04605170185988087,0.0
\mathrm{IM}_3,III,0.6,0.7,25600,51200,0.003938794971260277,terminal_near_refinement,terminal,-0.0175,terminal_infimum,inf,0.0005976165125689131,0.004100750766794825,29.110417906769165,0.04029523912739565,0.0
\mathrm{IM}_3,III,0.6,0.7,25600,51200,0.003961533882780291,terminal_near_refinement,terminal,-0.015,terminal_infimum,inf,0.0006009334907812418,0.004100750766794825,29.110417906769165,0.03453877639491083,0.0
\mathrm{IM}_3,III,0.6,0.7,25600,51200,0.003984404067469103,terminal_near_refinement,terminal,-0.0125,terminal_infimum,inf,0.0006042696181177658,0.004100750766794825,29.110417906769165,0.028782313662425615,0.0
\mathrm{IM}_3,III,0.6,0.7,25600,51200,0.004007406283174984,terminal_near_refinement,terminal,-0.01,terminal_infimum,inf,0.0006076250051275854,0.004100750766794825,29.110417906769165,0.02302585092994047,0.0
\mathrm{IM}_3,III,0.6,0.7,25600,51200,0.004030541292121315,terminal_near_refinement,terminal,-0.0075,terminal_infimum,inf,0.0006109997629980079,0.004100750766794825,29.110417906769165,0.017269388197455333,0.0
\mathrm{IM}_3,III,0.6,0.7,25600,51200,0.004053809860931839,terminal_near_refinement,terminal,-0.005,terminal_infimum,inf,0.0006143940035582319,0.004100750766794825,29.110417906769165,0.01151292546497021,0.0
\mathrm{IM}_3,III,0.6,0.7,25600,51200,0.004077212760656066,terminal_near_refinement,terminal,-0.0025,terminal_infimum,inf,0.000617807839283053,0.004100750766794825,29.110417906769165,0.005756462732485202,0.0
\mathrm{IM}_3,III,0.6,0.7,25600,51200,0.004080247012960851,terminal_ultra_near_refinement,terminal,-0.002176919254274547,terminal_infimum,inf,0.0006182504527642138,0.004100750766794825,29.110417906769165,0.005012541823544286,0.0
\mathrm{IM}_3,III,0.6,0.7,25600,51200,0.004084347763727646,terminal_ultra_near_refinement,terminal,-0.00174066157630127,terminal_infimum,inf,0.0006188486388706893,0.004100750766794825,29.110417906769165,0.004008021397538822,0.0
\mathrm{IM}_3,III,0.6,0.7,25600,51200,0.004088448514494441,terminal_ultra_near_refinement,terminal,-0.0013048416883442813,terminal_infimum,inf,0.0006194468249771649,0.004100750766794825,29.110417906769165,0.0030045090202986133,0.0
\mathrm{IM}_3,III,0.6,0.7,25600,51200,0.004092549265261235,terminal_ultra_near_refinement,terminal,-0.0008694587126288914,terminal_infimum,inf,0.0006200450110836402,0.004100750766794825,29.110417906769165,0.0020020026706731903,0.0
\mathrm{IM}_3,III,0.6,0.7,25600,51200,0.00409665001602803,terminal_ultra_near_refinement,terminal,-0.0004345117740176917,terminal_infimum,inf,0.0006206431971901157,0.004100750766794825,29.110417906769165,0.0010005003335835344,0.0
\mathrm{IM}_3,III,0.6,0.7,25600,51200,0.004098700391411428,terminal_extreme_near_refinement,terminal,-0.00021720154586423186,terminal_infimum,inf,0.0006209422902433536,0.004100750766794825,29.110417906769165,0.0005001250416822429,0.0
\mathrm{IM}_3,III,0.6,0.7,25600,51200,0.004099110466488107,terminal_extreme_near_refinement,terminal,-0.00017375254558756316,terminal_infimum,inf,0.0006210021088540012,0.004100750766794825,29.110417906769165,0.00040008002133969133,0.0
\mathrm{IM}_3,III,0.6,0.7,25600,51200,0.004099520541564787,terminal_extreme_near_refinement,terminal,-0.00013030789173217684,terminal_infimum,inf,0.0006210619274646487,0.004100750766794825,29.110417906769165,0.00030004500900199243,0.0
\mathrm{IM}_3,III,0.6,0.7,25600,51200,0.004099930616641466,terminal_extreme_near_refinement,terminal,-8.686758342857122e-05,terminal_infimum,inf,0.0006211217460752962,0.004100750766794825,29.110417906769165,0.0002000200026670447,0.0
\mathrm{IM}_3,III,0.6,0.7,25600,51200,0.0041003406917181455,terminal_extreme_near_refinement,terminal,-4.3431619807505604e-05,terminal_infimum,inf,0.0006211815646859438,0.004100750766794825,29.110417906769165,0.00010000500033334732,0.0
\mathrm{IM}_3,III,0.6,0.7,25600,51200,0.004101160841871504,terminal_extreme_near_refinement,terminal,4.342727686266486e-05,finite_interior,115721.6649636413,0.0006212969597795249,0.004100750766794825,29.110417906769165,9.999500033329732e-05,6.384449656886288e-07
\mathrm{IM}_3,III,0.6,0.7,25600,51200,0.004101570916948184,terminal_extreme_near_refinement,terminal,8.685021164894766e-05,finite_interior,115680.10884501024,0.0006213525354198725,0.004100750766794825,29.110417906769165,0.0001999800026662447,6.103246474585743e-07
\mathrm{IM}_3,III,0.6,0.7,25600,51200,0.004101980992024863,terminal_extreme_near_refinement,terminal,0.00013026880522704667,finite_interior,115638.54665889549,0.0006214081102179468,0.004100750766794825,29.110417906769165,0.00029995500899794244,5.788129625786326e-07
\mathrm{IM}_3,III,0.6,0.7,25600,51200,0.004102391067101543,terminal_extreme_near_refinement,terminal,0.0001736830584648997,finite_interior,115597.03805703371,0.00062146368417406,0.004100750766794825,29.110417906769165,0.0003999200213268913,8.937409351628719e-07
\mathrm{IM}_3,III,0.6,0.7,25600,51200,0.004102801142178222,terminal_extreme_near_refinement,terminal,0.00021709297223018438,finite_interior,115555.58330305576,0.0006215192572885237,0.004100750766794825,29.110417906769165,0.0004998750416509929,5.118532117196181e-07
\mathrm{IM}_3,III,0.6,0.7,25600,51200,0.004104851517561619,terminal_ultra_near_refinement,terminal,0.0004340774793185929,finite_interior,115348.71013014749,0.0006217971102469752,0.004100750766794825,29.110417906769165,0.0009995003330834232,3.057282415263759e-07
\mathrm{IM}_3,III,0.6,0.7,25600,51200,0.004108952268328415,terminal_ultra_near_refinement,terminal,0.0008677215312269133,finite_interior,114937.4650485877,0.0006223527532180196,0.004100750766794825,29.110417906769165,0.001998002662673058,1.82987675879482e-07
\mathrm{IM}_3,III,0.6,0.7,25600,51200,0.004113053019095209,terminal_ultra_near_refinement,terminal,0.001300933020418072,finite_interior,114529.51976872368,0.0006229083125183238,0.004100750766794825,29.110417906769165,0.002995508979798371,4.852546306625424e-07
\mathrm{IM}_3,III,0.6,0.7,25600,51200,0.004117153769862004,terminal_ultra_near_refinement,terminal,0.0017337128090005314,finite_interior,114124.9285478817,0.0006234637884611537,0.004100750766794825,29.110417906769165,0.003992021269537457,1.3255248977156184e-06
\mathrm{IM}_3,III,0.6,0.7,25600,51200,0.004121254520628798,terminal_ultra_near_refinement,terminal,0.0021660617565076304,finite_interior,113723.52699654193,0.0006240191813572514,0.004100750766794825,29.110417906769165,0.004987541511038968,1.0682541620743603e-06
\mathrm{IM}_3,III,0.6,0.7,25600,51200,0.004124424659325958,terminal_near_refinement,terminal,0.0025,finite_interior,113415.4308926651,0.000624448478335023,0.004100750766794825,29.110417906769165,0.00575646273248517,9.826728163953018e-07
\mathrm{IM}_3,III,0.6,0.7,25600,51200,0.0041482352227301695,terminal_near_refinement,terminal,0.005,finite_interior,111160.1805734799,0.0006276713141745499,0.004100750766794825,29.110417906769165,0.011512925464970295,5.146413170681574e-07
\mathrm{IM}_3,III,0.6,0.7,25600,51200,0.00417218324601702,terminal_near_refinement,terminal,0.0075,finite_interior,108991.53002755146,0.0006309100072279428,0.004100750766794825,29.110417906769165,0.017269388197455236,7.877026740888328e-07
\mathrm{IM}_3,III,0.6,0.7,25600,51200,0.004196269522751073,terminal_near_refinement,terminal,0.01,finite_interior,106903.93212458113,0.0006341646730047778,0.004100750766794825,29.110417906769165,0.023025850929940427,6.831728261638606e-07
\mathrm{IM}_3,III,0.6,0.7,25600,51200,0.00422049485107819,terminal_near_refinement,terminal,0.0125,finite_interior,104892.65247116986,0.0006374354260737068,0.004100750766794825,29.110417906769165,0.02878231366242563,6.125882013058411e-07
\mathrm{IM}_3,III,0.6,0.7,25600,51200,0.004244860033751976,terminal_near_refinement,terminal,0.015,finite_interior,102952.91100506182,0.0006407223802675702,0.004100750766794825,29.110417906769165,0.03453877639491076,9.242592069346588e-07
\mathrm{IM}_3,III,0.6,0.7,25600,51200,0.004269365878160387,terminal_near_refinement,terminal,0.0175,finite_interior,101080.70849521772,0.0006440256488272065,0.004100750766794825,29.110417906769165,0.04029523912739586,1.7907252212190905e-07
\mathrm{IM}_3,III,0.6,0.7,25600,51200,0.004294013196352478,terminal_near_refinement,terminal,0.02,finite_interior,99272.24088022654,0.0006473453443518737,0.004100750766794825,29.110417906769165,0.046051701859880986,8.913455922109483e-07
\mathrm{IM}_3,III,0.6,0.7,25600,51200,0.0043188028050653166,terminal_near_refinement,terminal,0.0225,finite_interior,97523.99633989375,0.0006506815791092402,0.004100750766794825,29.110417906769165,0.05180816459236611,7.120990060654323e-07
\mathrm{IM}_3,III,0.6,0.7,25600,51200,0.004343735525751042,boundary_refinement,terminal,0.025,finite_interior,95832.81419525965,0.0006540344648412615,0.004100750766794825,29.110417906769165,0.057564627324851146,1.10445263667505e-06
\mathrm{IM}_3,III,0.6,0.7,25600,51200,0.004601118036836721,boundary_refinement,terminal,0.05,finite_interior,81495.80593911301,0.0006885035692669106,0.004100750766794825,29.110417906769165,0.1151292546497022,1.034889039199185e-06
\mathrm{IM}_3,III,0.6,0.7,25600,51200,0.004641588833612777,base,,nan,finite_interior,79651.31546223328,0.0006939012860648209,0.004100750766794825,29.110417906769165,0.1238866578633335,7.093372580564959e-07
\mathrm{IM}_3,III,0.6,0.7,25600,51200,0.004873751420499711,boundary_refinement,terminal,0.07500000000000001,finite_interior,70590.93613642789,0.0007247598992754659,0.004100750766794825,29.110417906769165,0.1726938819745535,9.484275548044171e-07
\mathrm{IM}_3,III,0.6,0.7,25600,51200,0.005162539347752422,boundary_refinement,terminal,0.1,finite_interior,61981.719149552206,0.0007629156911986761,0.004100750766794825,29.110417906769165,0.2302585092994046,1.3545325156223678e-06
\mathrm{IM}_3,III,0.6,0.7,25600,51200,0.005468439035481084,boundary_refinement,terminal,0.125,finite_interior,54998.379109157606,0.000803086329887184,0.004100750766794825,29.110417906769165,0.2878231366242557,1.9627870188844185e-07
\mathrm{IM}_3,III,0.6,0.7,25600,51200,0.005623413251903491,base,,nan,finite_interior,52061.128868337124,0.0008233498444139539,0.004100750766794825,29.110417906769165,0.31576874894617096,8.875404938848918e-07
\mathrm{IM}_3,III,0.6,0.7,25600,51200,0.005792464419238239,boundary_refinement,terminal,0.15,finite_interior,49215.15938851116,0.0008453915626665644,0.004100750766794825,29.110417906769165,0.3453877639491069,8.016037719758152e-07
\mathrm{IM}_3,III,0.6,0.7,25600,51200,0.006135689514035006,boundary_refinement,terminal,0.17500000000000002,finite_interior,44346.05038338293,0.0008899563321605002,0.004100750766794825,29.110417906769165,0.402952391273958,8.841694914741569e-07
\mathrm{IM}_3,III,0.6,0.7,25600,51200,0.006499251974272809,boundary_refinement,terminal,0.2,finite_interior,40190.81323394606,0.0009369114276602415,0.004100750766794825,29.110417906769165,0.4605170185988092,7.351989118766327e-07
\mathrm{IM}_3,III,0.6,0.7,25600,51200,0.006812920690579608,base,,nan,finite_interior,37217.38537606312,0.0009772338263894064,0.004100750766794825,29.110417906769165,0.5076508400290074,8.017851432699125e-07
\mathrm{IM}_3,III,0.6,0.7,25600,51200,0.006884356864614322,boundary_refinement,terminal,0.225,finite_interior,36604.53760213003,0.00098639404638982,0.004100750766794825,29.110417906769165,0.5180816459236602,9.089046219549453e-07
\mathrm{IM}_3,III,0.6,0.7,25600,51200,0.007292280654292561,boundary_refinement,terminal,0.25,finite_interior,33479.49936250418,0.0010385483099943833,0.004100750766794825,29.110417906769165,0.5756462732485114,7.978723179850753e-07
\mathrm{IM}_3,III,0.6,0.7,25600,51200,0.008254041852680182,base,,nan,finite_interior,27958.914489373914,0.001160575249864563,0.004100750766794825,29.110417906769165,0.6995329311118449,7.860774095036545e-07
\mathrm{IM}_3,III,0.6,0.7,25600,51200,0.01,base,,nan,finite_interior,21674.64386123602,0.0013792988212926883,0.004100750766794825,29.110417906769165,0.8914150221946824,5.980840734312686e-07
\mathrm{IM}_3,III,0.6,0.7,25600,51200,0.012115276586285882,base,,nan,finite_interior,17167.481727170114,0.0016404428742338517,0.004100750766794825,29.110417906769165,1.0832971132775193,1.083281581327712e-06
\mathrm{IM}_3,III,0.6,0.7,25600,51200,0.01467799267622069,base,,nan,finite_interior,13807.977881014536,0.001952387852982891,0.004100750766794825,29.110417906769165,1.2751792043603563,9.029370771107419e-07
\mathrm{IM}_3,III,0.6,0.7,25600,51200,0.01778279410038923,base,,nan,finite_interior,11232.574426538175,0.0023251194411670426,0.004100750766794825,29.110417906769165,1.4670612954431939,9.966918307225218e-07
\mathrm{IM}_3,III,0.6,0.7,25600,51200,0.021544346900318832,base,,nan,finite_interior,9216.16739784873,0.002770536737188795,0.004100750766794825,29.110417906769165,1.6589433865260308,8.263483998520858e-07
\mathrm{IM}_3,III,0.6,0.7,25600,51200,0.026101572156825358,base,,nan,finite_interior,7611.687158013361,0.0033028150449832625,0.004100750766794825,29.110417906769165,1.8508254776088677,8.96872987298557e-07
\mathrm{IM}_3,III,0.6,0.7,25600,51200,0.03162277660168379,base,,nan,finite_interior,6318.818786044608,0.0039388335410464395,0.004100750766794825,29.110417906769165,2.0427075686917053,9.787208016231838e-07
\mathrm{IM}_3,III,0.6,0.7,25600,51200,0.03831186849557287,base,,nan,finite_interior,5266.684725468666,0.004698679333982049,0.004100750766794825,29.110417906769165,2.2345896597745423,1.114966894023373e-06
\mathrm{IM}_3,III,0.6,0.7,25600,51200,0.046415888336127774,base,,nan,finite_interior,4403.717267340702,0.005606241063769128,0.004100750766794825,29.110417906769165,2.426471750857379,6.387012159759447e-07
\mathrm{IM}_3,III,0.6,0.7,25600,51200,0.05623413251903491,base,,nan,finite_interior,3691.4552734473377,0.00668990710168613,0.004100750766794825,29.110417906769165,2.6183538419402166,1.1256355054773607e-06
\mathrm{IM}_3,III,0.6,0.7,25600,51200,0.06812920690579612,base,,nan,finite_interior,3100.6302620898045,0.007983385572461173,0.004100750766794825,29.110417906769165,2.8102359330230535,7.955223984535876e-07
\mathrm{IM}_3,III,0.6,0.7,25600,51200,0.08254041852680181,base,,nan,finite_interior,2608.555005610349,0.009526665823050864,0.004100750766794825,29.110417906769165,3.0021180241058905,1.0232901747292341e-06
\mathrm{IM}_3,III,0.6,0.7,25600,51200,0.1,base,,nan,finite_interior,2197.397570644137,0.011367143646837555,0.004100750766794825,29.110417906769165,3.1940001151887283,9.632667387261158e-07
\mathrm{IM}_3,III,0.6,0.7,25600,51200,0.12115276586285877,base,,nan,finite_interior,1852.9513840072284,0.013560935408453567,0.004100750766794825,29.110417906769165,3.3858822062715643,5.136900936956212e-07
\mathrm{IM}_3,III,0.6,0.7,25600,51200,0.1467799267622069,base,,nan,finite_interior,1563.7827822144204,0.016174409215718086,0.004100750766794825,29.110417906769165,3.577764297354402,9.711909774418047e-07
\mathrm{IM}_3,III,0.6,0.7,25600,51200,0.1778279410038923,base,,nan,finite_interior,1320.6106875909952,0.019285964502612156,0.004100750766794825,29.110417906769165,3.7696463884372395,9.492575168530277e-07
\mathrm{IM}_3,III,0.6,0.7,25600,51200,0.21544346900318823,base,,nan,finite_interior,1115.8375027464308,0.022988094323004648,0.004100750766794825,29.110417906769165,3.961528479520076,9.941178249384852e-07
\mathrm{IM}_3,III,0.6,0.7,25600,51200,0.2610157215682536,base,,nan,finite_interior,943.2097839717886,0.027389767647105205,0.004100750766794825,29.110417906769165,4.153410570602913,6.642036899967546e-08
\mathrm{IM}_3,III,0.6,0.7,25600,51200,0.31622776601683794,base,,nan,finite_interior,797.5521981045628,0.03261917129161573,0.004100750766794825,29.110417906769165,4.345292661685751,1.0340911647997837e-06
\mathrm{IM}_3,III,0.6,0.7,25600,51200,0.3831186849557285,base,,nan,finite_interior,674.5641559958683,0.038826852899215294,0.004100750766794825,29.110417906769165,4.330506569192654,1.0107731317579367e-06
\mathrm{IM}_3,III,0.6,0.7,25600,51200,0.46415888336127775,base,,nan,finite_interior,570.6571986989212,0.04618930645876187,0.004100750766794825,29.110417906769165,4.138624478109816,1.0427809880830152e-06
\mathrm{IM}_3,III,0.6,0.7,25600,51200,0.5623413251903491,base,,nan,finite_interior,482.83033741573473,0.05491304018762237,0.004100750766794825,29.110417906769165,3.946742387026979,5.389386398452972e-07
\mathrm{IM}_3,III,0.6,0.7,25600,51200,0.6812920690579608,base,,nan,finite_interior,408.5676538123517,0.065239162432808,0.004100750766794825,29.110417906769165,3.7548602959441424,6.479693524766272e-07
\mathrm{IM}_3,III,0.6,0.7,25600,51200,0.8254041852680182,base,,nan,finite_interior,345.75721205355387,0.0774485174787292,0.004100750766794825,29.110417906769165,3.562978204861305,1.1448492342191163e-06
\mathrm{IM}_3,III,0.6,0.7,25600,51200,1.0,base,,nan,finite_interior,292.6158743439007,0.09186736585193694,0.004100750766794825,29.110417906769165,3.371096113778467,8.625307267819954e-07
\mathrm{IM}_3,III,0.6,0.7,25600,51200,1.2115276586285877,base,,nan,finite_interior,247.63837409857038,0.10887354230980234,0.004100750766794825,29.110417906769165,3.1792140226956307,9.837461758962184e-07
\mathrm{IM}_3,III,0.6,0.7,25600,51200,1.467799267622069,base,,nan,finite_interior,209.5786330561359,0.12890321526006424,0.004100750766794825,29.110417906769165,2.9873319316127933,2.4891704676834524e-07
\mathrm{IM}_3,III,0.6,0.7,25600,51200,1.7782794100389228,base,,nan,finite_interior,177.40899647421915,0.152458681979173,0.004100750766794825,29.110417906769165,2.795449840529956,7.753046059208347e-07
\mathrm{IM}_3,III,0.6,0.7,25600,51200,2.154434690031882,base,,nan,finite_interior,150.20894525812847,0.18011642018863505,0.004100750766794825,29.110417906769165,2.6035677494471194,8.5972201437551e-07
\mathrm{IM}_3,III,0.6,0.7,25600,51200,2.610157215682536,base,,nan,finite_interior,127.09271155622015,0.2125315780545509,0.004100750766794825,29.110417906769165,2.411685658364282,6.534462281299136e-07
\mathrm{IM}_3,III,0.6,0.7,25600,51200,3.1622776601683795,base,,nan,finite_interior,107.3091722802077,0.2504360164962589,0.004100750766794825,29.110417906769165,2.2198035672814447,3.861256611371799e-07
\mathrm{IM}_3,III,0.6,0.7,25600,51200,3.831186849557285,base,,nan,finite_interior,90.43480568687254,0.29463925909643285,0.004100750766794825,29.110417906769165,2.027921476198608,1.944329743336348e-06
\mathrm{IM}_3,III,0.6,0.7,25600,51200,4.6415888336127775,base,,nan,finite_interior,76.37126018800564,0.34605902793925786,0.004100750766794825,29.110417906769165,1.8360393851157706,2.0452393655752733e-06
\mathrm{IM}_3,III,0.6,0.7,25600,51200,5.623413251903491,base,,nan,finite_interior,64.95730139299626,0.4057867776031432,0.004100750766794825,29.110417906769165,1.644157294032933,1.6037038034666765e-06
\mathrm{IM}_3,III,0.6,0.7,25600,51200,6.812920690579608,base,,nan,finite_interior,55.691924506298506,0.47512204222663756,0.004100750766794825,29.110417906769165,1.4522752029500967,7.372286000681693e-07
\mathrm{IM}_3,III,0.6,0.7,25600,51200,8.254041852680182,base,,nan,finite_interior,47.93140624415653,0.5555194629590718,0.004100750766794825,29.110417906769165,1.260393111867259,5.001607303288559e-07
\mathrm{IM}_3,III,0.6,0.7,25600,51200,10.0,base,,nan,finite_interior,41.120756745220945,0.6484576291802326,0.004100750766794825,29.110417906769165,1.0685110207844217,4.3239172834243815e-07
\mathrm{IM}_3,III,0.6,0.7,25600,51200,12.115276586285876,base,,nan,finite_interior,34.833148363899504,0.7551978172227526,0.004100750766794825,29.110417906769165,0.8766289297015852,6.545905361131309e-08
\mathrm{IM}_3,III,0.6,0.7,25600,51200,14.677992676220676,base,,nan,finite_interior,28.716089192676023,0.8762762590122688,0.004100750766794825,29.110417906769165,0.6847468386187489,1.235878707124373e-07
\mathrm{IM}_3,III,0.6,0.7,25600,51200,16.36999098253744,boundary_refinement,zero,-0.25,finite_interior,25.18013752861292,0.9511286679078179,0.004100750766794825,29.110417906769165,0.5756462732485113,8.01594294617218e-07
\mathrm{IM}_3,III,0.6,0.7,25600,51200,17.33997392937141,boundary_refinement,zero,-0.225,finite_interior,23.264365401989032,0.9920940918559493,0.004100750766794825,29.110417906769165,0.5180816459236602,1.3726681362714902e-06
\mathrm{IM}_3,III,0.6,0.7,25600,51200,17.78279410038923,base,,nan,finite_interior,22.409539174967424,1.0102977597743157,0.004100750766794825,29.110417906769165,0.49286474753591025,1.430552354363385e-06
\mathrm{IM}_3,III,0.6,0.7,25600,51200,18.367431979163737,boundary_refinement,zero,-0.2,finite_interior,21.296156231845384,1.0338325573320124,0.004100750766794825,29.110417906769165,0.4605170185988091,1.1642436718295385e-06
\mathrm{IM}_3,III,0.6,0.7,25600,51200,19.45577074586965,boundary_refinement,zero,-0.17500000000000002,finite_interior,19.25854247583409,1.0760529994591967,0.004100750766794825,29.110417906769165,0.40295239127395827,8.31182245585107e-07
\mathrm{IM}_3,III,0.6,0.7,25600,51200,20.60859763875775,boundary_refinement,zero,-0.15,finite_interior,17.130680862005555,1.1183370798167795,0.004100750766794825,29.110417906769165,0.34538776394910686,2.921641350642644e-07
\mathrm{IM}_3,III,0.6,0.7,25600,51200,21.54434690031882,base,,nan,finite_interior,15.411089564253912,1.1506257862854399,0.004100750766794825,29.110417906769165,0.3009826564530738,3.8103906059861243e-07
\mathrm{IM}_3,III,0.6,0.7,25600,51200,21.829733819534027,boundary_refinement,zero,-0.125,finite_interior,14.88598886575315,1.160080278915722,0.004100750766794825,29.110417906769165,0.2878231366242556,3.663916321638728e-07
\mathrm{IM}_3,III,0.6,0.7,25600,51200,23.123226867970065,boundary_refinement,zero,-0.1,finite_interior,12.489454715332428,1.2003964642122604,0.004100750766794825,29.110417906769165,0.23025850929940458,2.2493625988306034e-07
\mathrm{IM}_3,III,0.6,0.7,25600,51200,24.493364198016863,boundary_refinement,zero,-0.07500000000000001,finite_interior,9.8930168299018,1.2379551613583253,0.004100750766794825,29.110417906769165,0.17269388197455351,8.024656085690092e-07
\mathrm{IM}_3,III,0.6,0.7,25600,51200,25.944687268873405,boundary_refinement,zero,-0.05,finite_interior,7.0275502744010305,1.2706857435501047,0.004100750766794825,29.110417906769165,0.11512925464970213,3.514626693417185e-07
\mathrm{IM}_3,III,0.6,0.7,25600,51200,26.10157215682533,base,,nan,finite_interior,6.708073080530295,1.2737137814568575,0.004100750766794825,29.110417906769165,0.10910056537023742,1.4827080286750987e-06
\mathrm{IM}_3,III,0.6,0.7,25600,51200,27.482006638113933,boundary_refinement,zero,-0.025,finite_interior,3.7876607003263727,1.2951938394454394,0.004100750766794825,29.110417906769165,0.05756462732485113,2.2908151561105866e-06
\mathrm{IM}_3,III,0.6,0.7,25600,51200,30.835318609212894,boundary_refinement,zero,0.025,no_training,0.0,1.3054777908320894,0.004100750766794825,29.110417906769165,0.057564627324851146,0.0
\mathrm{IM}_3,III,0.6,0.7,25600,51200,31.622776601683793,base,,nan,no_training,0.0,1.3054777908320894,0.004100750766794825,29.110417906769165,0.0827815257126011,0.0
\mathrm{IM}_3,III,0.6,0.7,25600,51200,32.66242610383733,boundary_refinement,zero,0.05,no_training,0.0,1.3054777908320894,0.004100750766794825,29.110417906769165,0.1151292546497022,0.0
\mathrm{IM}_3,III,0.6,0.7,25600,51200,34.59779652381762,boundary_refinement,zero,0.07500000000000001,no_training,0.0,1.3054777908320894,0.004100750766794825,29.110417906769165,0.1726938819745535,0.0
\mathrm{IM}_3,III,0.6,0.7,25600,51200,36.64784485077967,boundary_refinement,zero,0.1,no_training,0.0,1.3054777908320894,0.004100750766794825,29.110417906769165,0.2302585092994046,0.0
\mathrm{IM}_3,III,0.6,0.7,25600,51200,38.31186849557285,base,,nan,no_training,0.0,1.3054777908320894,0.004100750766794825,29.110417906769165,0.27466361679543766,0.0
\mathrm{IM}_3,III,0.6,0.7,25600,51200,38.81936617790769,boundary_refinement,zero,0.125,no_training,0.0,1.3054777908320894,0.004100750766794825,29.110417906769165,0.2878231366242557,0.0
\mathrm{IM}_3,III,0.6,0.7,25600,51200,41.11955823296998,boundary_refinement,zero,0.15,no_training,0.0,1.3054777908320894,0.004100750766794825,29.110417906769165,0.3453877639491069,0.0
\mathrm{IM}_3,III,0.6,0.7,25600,51200,43.55604523591791,boundary_refinement,zero,0.17500000000000002,no_training,0.0,1.3054777908320894,0.004100750766794825,29.110417906769165,0.402952391273958,0.0
\mathrm{IM}_3,III,0.6,0.7,25600,51200,46.13690317013655,boundary_refinement,zero,0.2,no_training,0.0,1.3054777908320894,0.004100750766794825,29.110417906769165,0.4605170185988092,0.0
\mathrm{IM}_3,III,0.6,0.7,25600,51200,46.41588833612773,base,,nan,no_training,0.0,1.3054777908320894,0.004100750766794825,29.110417906769165,0.4665457078782741,0.0
\mathrm{IM}_3,III,0.6,0.7,25600,51200,48.87068655111101,boundary_refinement,zero,0.225,no_training,0.0,1.3054777908320894,0.004100750766794825,29.110417906769165,0.5180816459236602,0.0
\mathrm{IM}_3,III,0.6,0.7,25600,51200,51.766456781235966,boundary_refinement,zero,0.25,no_training,0.0,1.3054777908320894,0.004100750766794825,29.110417906769165,0.5756462732485115,0.0
\mathrm{IM}_3,III,0.6,0.7,25600,51200,56.23413251903491,base,,nan,no_training,0.0,1.3054777908320894,0.004100750766794825,29.110417906769165,0.6584277989611126,0.0
\mathrm{IM}_3,III,0.6,0.7,25600,51200,68.12920690579608,base,,nan,no_training,0.0,1.3054777908320894,0.004100750766794825,29.110417906769165,0.850309890043949,0.0
\mathrm{IM}_3,III,0.6,0.7,25600,51200,82.54041852680173,base,,nan,no_training,0.0,1.3054777908320894,0.004100750766794825,29.110417906769165,1.0421919811267855,0.0
\mathrm{IM}_3,III,0.6,0.7,25600,51200,100.0,base,,nan,no_training,0.0,1.3054777908320894,0.004100750766794825,29.110417906769165,1.234074072209624,0.0
\mathrm{IM}_3,III,0.6,0.7,25600,51200,121.15276586285876,base,,nan,no_training,0.0,1.3054777908320894,0.004100750766794825,29.110417906769165,1.4259561632924604,0.0
\mathrm{IM}_3,III,0.6,0.7,25600,51200,146.77992676220674,base,,nan,no_training,0.0,1.3054777908320894,0.004100750766794825,29.110417906769165,1.6178382543752967,0.0
\mathrm{IM}_3,III,0.6,0.7,25600,51200,177.82794100389228,base,,nan,no_training,0.0,1.3054777908320894,0.004100750766794825,29.110417906769165,1.8097203454581354,0.0
\mathrm{IM}_3,III,0.6,0.7,25600,51200,215.44346900318823,base,,nan,no_training,0.0,1.3054777908320894,0.004100750766794825,29.110417906769165,2.001602436540972,0.0
\mathrm{IM}_3,III,0.6,0.7,25600,51200,261.0157215682533,base,,nan,no_training,0.0,1.3054777908320894,0.004100750766794825,29.110417906769165,2.1934845276238084,0.0
\mathrm{IM}_3,III,0.6,0.7,25600,51200,316.22776601683796,base,,nan,no_training,0.0,1.3054777908320894,0.004100750766794825,29.110417906769165,2.3853666187066467,0.0
\mathrm{IM}_3,III,0.6,0.7,25600,51200,383.1186849557285,base,,nan,no_training,0.0,1.3054777908320894,0.004100750766794825,29.110417906769165,2.577248709789483,0.0
\mathrm{IM}_3,III,0.6,0.7,25600,51200,464.1588833612773,base,,nan,no_training,0.0,1.3054777908320894,0.004100750766794825,29.110417906769165,2.7691308008723197,0.0
\mathrm{IM}_3,III,0.6,0.7,25600,51200,562.341325190349,base,,nan,no_training,0.0,1.3054777908320894,0.004100750766794825,29.110417906769165,2.9610128919551584,0.0
\mathrm{IM}_3,III,0.6,0.7,25600,51200,681.2920690579608,base,,nan,no_training,0.0,1.3054777908320894,0.004100750766794825,29.110417906769165,3.152894983037995,0.0
\mathrm{IM}_3,III,0.6,0.7,25600,51200,825.4041852680173,base,,nan,no_training,0.0,1.3054777908320894,0.004100750766794825,29.110417906769165,3.3447770741208314,0.0
\mathrm{IM}_3,III,0.6,0.7,25600,51200,1000.0,base,,nan,no_training,0.0,1.3054777908320894,0.004100750766794825,29.110417906769165,3.5366591652036696,0.0
\mathrm{IM}_3,III,0.6,0.7,38400,76800,0.001,base,,nan,terminal_infimum,inf,0.00016156762637927006,0.0027094379499649217,29.117378091997477,0.9967412148446296,0.0
\mathrm{IM}_3,III,0.6,0.7,38400,76800,0.001211527658628589,base,,nan,terminal_infimum,inf,0.0001927331018126124,0.0027094379499649217,29.117378091997477,0.8048591237617919,0.0
\mathrm{IM}_3,III,0.6,0.7,38400,76800,0.0014677992676220691,base,,nan,terminal_infimum,inf,0.0002304909372944162,0.0027094379499649217,29.117378091997477,0.6129770326789555,0.0
\mathrm{IM}_3,III,0.6,0.7,38400,76800,0.0015236289273042967,boundary_refinement,terminal,-0.25,terminal_infimum,inf,0.00023871661283282622,0.0027094379499649217,29.117378091997477,0.5756462732485115,0.0
\mathrm{IM}_3,III,0.6,0.7,38400,76800,0.001613909617034953,boundary_refinement,terminal,-0.225,terminal_infimum,inf,0.0002520181386765283,0.0027094379499649217,29.117378091997477,0.5180816459236602,0.0
\mathrm{IM}_3,III,0.6,0.7,38400,76800,0.0017095397739437257,boundary_refinement,terminal,-0.2,terminal_infimum,inf,0.0002661078294770117,0.0027094379499649217,29.117378091997477,0.4605170185988091,0.0
\mathrm{IM}_3,III,0.6,0.7,38400,76800,0.0017782794100389228,base,,nan,terminal_infimum,inf,0.0002762355993105696,0.0027094379499649217,29.117378091997477,0.4210949415961182,0.0
\mathrm{IM}_3,III,0.6,0.7,38400,76800,0.0018108363738886316,boundary_refinement,terminal,-0.17500000000000002,terminal_infimum,inf,0.0002810323869440199,0.0027094379499649217,29.117378091997477,0.4029523912739581,0.0
\mathrm{IM}_3,III,0.6,0.7,38400,76800,0.0019181351747280672,boundary_refinement,terminal,-0.15,terminal_infimum,inf,0.000296841280037571,0.0027094379499649217,29.117378091997477,0.34538776394910686,0.0
\mathrm{IM}_3,III,0.6,0.7,38400,76800,0.002031791829224295,boundary_refinement,terminal,-0.125,terminal_infimum,inf,0.00031358690893784435,0.0027094379499649217,29.117378091997477,0.2878231366242558,0.0
\mathrm{IM}_3,III,0.6,0.7,38400,76800,0.002152183063890612,boundary_refinement,terminal,-0.1,terminal_infimum,inf,0.00033132477873089544,0.0027094379499649217,29.117378091997477,0.23025850929940472,0.0
\mathrm{IM}_3,III,0.6,0.7,38400,76800,0.0021544346900318843,base,,nan,terminal_infimum,inf,0.00033165652257775613,0.0027094379499649217,29.117378091997477,0.2292128505132807,0.0
\mathrm{IM}_3,III,0.6,0.7,38400,76800,0.002279707927689602,boundary_refinement,terminal,-0.07500000000000001,terminal_infimum,inf,0.00035011368338589446,0.0027094379499649217,29.117378091997477,0.17269388197455365,0.0
\mathrm{IM}_3,III,0.6,0.7,38400,76800,0.0024147891147214087,boundary_refinement,terminal,-0.05,terminal_infimum,inf,0.00037001590063370316,0.0027094379499649217,29.117378091997477,0.11512925464970238,0.0
\mathrm{IM}_3,III,0.6,0.7,38400,76800,0.00255787436528622,boundary_refinement,terminal,-0.025,terminal_infimum,inf,0.00039109739839273224,0.0027094379499649217,29.117378091997477,0.057564627324851014,0.0
\mathrm{IM}_3,III,0.6,0.7,38400,76800,0.0025726411351475486,terminal_near_refinement,terminal,-0.0225,terminal_infimum,inf,0.0003932730637706161,0.0027094379499649217,29.117378091997477,0.05180816459236597,0.0
\mathrm{IM}_3,III,0.6,0.7,38400,76800,0.0025874931545016187,terminal_near_refinement,terminal,-0.02,terminal_infimum,inf,0.0003954612894017971,0.0027094379499649217,29.117378091997477,0.04605170185988087,0.0
\mathrm{IM}_3,III,0.6,0.7,38400,76800,0.002602430915499123,terminal_near_refinement,terminal,-0.0175,terminal_infimum,inf,0.00039766214779740904,0.0027094379499649217,29.117378091997477,0.040295239127395764,0.0
\mathrm{IM}_3,III,0.6,0.7,38400,76800,0.0026101572156825357,base,,nan,terminal_infimum,inf,0.00039880050398268495,0.0027094379499649217,29.117378091997477,0.037330759430444276,0.0
\mathrm{IM}_3,III,0.6,0.7,38400,76800,0.0026174549131319706,terminal_near_refinement,terminal,-0.015,terminal_infimum,inf,0.0003998757118871967,0.0027094379499649217,29.117378091997477,0.034538776394910715,0.0
\mathrm{IM}_3,III,0.6,0.7,38400,76800,0.002632565645249691,terminal_near_refinement,terminal,-0.0125,terminal_infimum,inf,0.00040210205502193313,0.0027094379499649217,29.117378091997477,0.0287823136624255,0.0
\mathrm{IM}_3,III,0.6,0.7,38400,76800,0.002647763612575929,terminal_near_refinement,terminal,-0.01,terminal_infimum,inf,0.0004043412509758498,0.0027094379499649217,29.117378091997477,0.02302585092994047,0.0
\mathrm{IM}_3,III,0.6,0.7,38400,76800,0.0026630493187250396,terminal_near_refinement,terminal,-0.0075,terminal_infimum,inf,0.00040659337394908173,0.0027094379499649217,29.117378091997477,0.017269388197455448,0.0
\mathrm{IM}_3,III,0.6,0.7,38400,76800,0.0026784232702187754,terminal_near_refinement,terminal,-0.005,terminal_infimum,inf,0.0004088584985701258,0.0027094379499649217,29.117378091997477,0.011512925464970323,0.0
\mathrm{IM}_3,III,0.6,0.7,38400,76800,0.0026938859765030703,terminal_near_refinement,terminal,-0.0025,terminal_infimum,inf,0.00041113669989831394,0.0027094379499649217,29.117378091997477,0.005756462732485091,0.0
\mathrm{IM}_3,III,0.6,0.7,38400,76800,0.002695890760215097,terminal_ultra_near_refinement,terminal,-0.002176919254274547,terminal_infimum,inf,0.00041143207516002397,0.0027094379499649217,29.117378091997477,0.005012541823544398,0.0
\mathrm{IM}_3,III,0.6,0.7,38400,76800,0.002698600198165062,terminal_ultra_near_refinement,terminal,-0.00174066157630127,terminal_infimum,inf,0.0004118312708132792,0.0027094379499649217,29.117378091997477,0.004008021397538934,0.0
\mathrm{IM}_3,III,0.6,0.7,38400,76800,0.002701309636115027,terminal_ultra_near_refinement,terminal,-0.0013048416883442813,terminal_infimum,inf,0.00041223046646653454,0.0027094379499649217,29.117378091997477,0.0030045090202987243,0.0
\mathrm{IM}_3,III,0.6,0.7,38400,76800,0.0027040190740649918,terminal_ultra_near_refinement,terminal,-0.0008694587126288914,terminal_infimum,inf,0.0004126296621197898,0.0027094379499649217,29.117378091997477,0.0020020026706730793,0.0
\mathrm{IM}_3,III,0.6,0.7,38400,76800,0.0027067285120149567,terminal_ultra_near_refinement,terminal,-0.0004345117740176917,terminal_infimum,inf,0.00041302885777304505,0.0027094379499649217,29.117378091997477,0.0010005003335835344,0.0
\mathrm{IM}_3,III,0.6,0.7,38400,76800,0.0027080832309899394,terminal_extreme_near_refinement,terminal,-0.00021720154586423186,terminal_infimum,inf,0.00041322845559967276,0.0027094379499649217,29.117378091997477,0.0005001250416822429,0.0
\mathrm{IM}_3,III,0.6,0.7,38400,76800,0.0027083541747849357,terminal_extreme_near_refinement,terminal,-0.00017375254558756316,terminal_infimum,inf,0.00041326837516499824,0.0027094379499649217,29.117378091997477,0.00040008002133969133,0.0
\mathrm{IM}_3,III,0.6,0.7,38400,76800,0.0027086251185799324,terminal_extreme_near_refinement,terminal,-0.00013030789173217684,terminal_infimum,inf,0.0004133082947303238,0.0027094379499649217,29.117378091997477,0.00030004500900199243,0.0
\mathrm{IM}_3,III,0.6,0.7,38400,76800,0.0027088960623749287,terminal_extreme_near_refinement,terminal,-8.686758342857122e-05,terminal_infimum,inf,0.0004133482142956493,0.0027094379499649217,29.117378091997477,0.0002000200026670447,0.0
\mathrm{IM}_3,III,0.6,0.7,38400,76800,0.0027091670061699254,terminal_extreme_near_refinement,terminal,-4.3431619807505604e-05,terminal_infimum,inf,0.00041338813386097487,0.0027094379499649217,29.117378091997477,0.00010000500033323629,0.0
\mathrm{IM}_3,III,0.6,0.7,38400,76800,0.002709708893759918,terminal_extreme_near_refinement,terminal,4.342727686266486e-05,finite_interior,176270.4071526435,0.0004134652863210123,0.0027094379499649217,29.117378091997477,9.999500033329732e-05,1.9671565190046832e-07
\mathrm{IM}_3,III,0.6,0.7,38400,76800,0.0027099798375549147,terminal_extreme_near_refinement,terminal,8.685021164894766e-05,finite_interior,176205.14417007103,0.0004135025186767541,0.0027094379499649217,29.117378091997477,0.0001999800026662447,7.116027692893817e-08
\mathrm{IM}_3,III,0.6,0.7,38400,76800,0.002710250781349911,terminal_extreme_near_refinement,terminal,0.00013026880522704667,finite_interior,176139.8979813387,0.00041353975049372574,0.0027094379499649217,29.117378091997477,0.00029995500899794244,8.749276535502065e-08
\mathrm{IM}_3,III,0.6,0.7,38400,76800,0.0027105217251449077,terminal_extreme_near_refinement,terminal,0.0001736830584648997,finite_interior,176074.7438052855,0.00041357698177213334,0.0027094379499649217,29.117378091997477,0.0003999200213268913,3.1327359296610297e-07
\mathrm{IM}_3,III,0.6,0.7,38400,76800,0.002710792668939904,terminal_extreme_near_refinement,terminal,0.00021709297223018438,finite_interior,176009.64450976098,0.0004136142125121848,0.0027094379499649217,29.117378091997477,0.0004998750416509929,3.557795746278672e-07
\mathrm{IM}_3,III,0.6,0.7,38400,76800,0.0027121473879148862,terminal_ultra_near_refinement,terminal,0.0004340774793185929,finite_interior,175684.96002147553,0.00041380035814436017,0.0027094379499649217,29.117378091997477,0.0009995003330834232,5.446277997960822e-07
\mathrm{IM}_3,III,0.6,0.7,38400,76800,0.0027148568258648516,terminal_ultra_near_refinement,terminal,0.0008677215312269133,finite_interior,175039.63047478057,0.00041417260915070224,0.0027094379499649217,29.117378091997477,0.001998002662673058,9.073149969587333e-07
\mathrm{IM}_3,III,0.6,0.7,38400,76800,0.002717566263814816,terminal_ultra_near_refinement,terminal,0.001300933020418072,finite_interior,174399.6865858999,0.00041454480664961563,0.0027094379499649217,29.117378091997477,0.002995508979798371,1.027421557422408e-06
\mathrm{IM}_3,III,0.6,0.7,38400,76800,0.0027202757017647816,terminal_ultra_near_refinement,terminal,0.0017337128090005314,finite_interior,173764.89074975532,0.00041491695084222525,0.0027094379499649217,29.117378091997477,0.003992021269537457,9.13853380531922e-07
\mathrm{IM}_3,III,0.6,0.7,38400,76800,0.002722985139714746,terminal_ultra_near_refinement,terminal,0.0021660617565076304,finite_interior,173135.22256107302,0.0004152890419220298,0.0027094379499649217,29.117378091997477,0.004987541511038968,6.477945737566514e-07
\mathrm{IM}_3,III,0.6,0.7,38400,76800,0.0027250797059493698,terminal_near_refinement,terminal,0.0025,finite_interior,172651.9799370698,0.0004155766554956597,0.0027094379499649217,29.117378091997477,0.00575646273248517,7.379629214534094e-07
\mathrm{IM}_3,III,0.6,0.7,38400,76800,0.002740811762776574,terminal_near_refinement,terminal,0.005,finite_interior,169116.17276538126,0.00041773588766978286,0.0027094379499649217,29.117378091997477,0.011512925464970295,1.007886812308698e-06
\mathrm{IM}_3,III,0.6,0.7,38400,76800,0.002756634641758988,terminal_near_refinement,terminal,0.0075,finite_interior,165718.66968767473,0.000419905827962085,0.0027094379499649217,29.117378091997477,0.017269388197455236,3.442443918054627e-07
\mathrm{IM}_3,III,0.6,0.7,38400,76800,0.002772548867218637,terminal_near_refinement,terminal,0.01,finite_interior,162450.55597996156,0.000422086553753272,0.0027094379499649217,29.117378091997477,0.023025850929940427,9.765320167770644e-07
\mathrm{IM}_3,III,0.6,0.7,38400,76800,0.0027885549665044884,terminal_near_refinement,terminal,0.0125,finite_interior,159303.99375744833,0.0004242781419306915,0.0027094379499649217,29.117378091997477,0.02878231366242563,5.677490572064251e-07
\mathrm{IM}_3,III,0.6,0.7,38400,76800,0.002804653470009929,terminal_near_refinement,terminal,0.015,finite_interior,156271.76755310912,0.0004264806688588428,0.0027094379499649217,29.117378091997477,0.03453877639491076,1.0156819836394009e-06
\mathrm{IM}_3,III,0.6,0.7,38400,76800,0.00282084491119034,terminal_near_refinement,terminal,0.0175,finite_interior,153346.97999669836,0.00042869421055492015,0.0027094379499649217,29.117378091997477,0.04029523912739586,1.3635709870358528e-06
\mathrm{IM}_3,III,0.6,0.7,38400,76800,0.0028371298265807746,terminal_near_refinement,terminal,0.02,finite_interior,150523.68878554716,0.00043091884268773743,0.0027094379499649217,29.117378091997477,0.046051701859880986,5.041466614414782e-07
\mathrm{IM}_3,III,0.6,0.7,38400,76800,0.002853508755813736,terminal_near_refinement,terminal,0.0225,finite_interior,147796.248516834,0.00043315464062389935,0.0027094379499649217,29.117378091997477,0.05180816459236611,9.392748208731194e-07
\mathrm{IM}_3,III,0.6,0.7,38400,76800,0.0028699822416370603,boundary_refinement,terminal,0.025,finite_interior,145159.36914227705,0.0004354016795493586,0.0027094379499649217,29.117378091997477,0.057564627324851146,3.586999458636897e-07
\mathrm{IM}_3,III,0.6,0.7,38400,76800,0.0030400393806467216,boundary_refinement,terminal,0.05,finite_interior,122878.30249364181,0.00045850677031303793,0.0027094379499649217,29.117378091997477,0.1151292546497022,7.938405747736053e-07
\mathrm{IM}_3,III,0.6,0.7,38400,76800,0.0031622776601683794,base,,nan,finite_interior,110881.32266543548,0.0004750212756954459,0.0027094379499649217,29.117378091997477,0.15455133165239332,6.619764143976153e-07
\mathrm{IM}_3,III,0.6,0.7,38400,76800,0.0032201730386356986,boundary_refinement,terminal,0.07500000000000001,finite_interior,106026.00001607154,0.00048281822198371747,0.0027094379499649217,29.117378091997477,0.1726938819745535,5.485198103230307e-07
\mathrm{IM}_3,III,0.6,0.7,38400,76800,0.0034109802868903336,boundary_refinement,terminal,0.1,finite_interior,92787.02129021894,0.0005084118007566291,0.0027094379499649217,29.117378091997477,0.2302585092994046,4.050490695328872e-07
\mathrm{IM}_3,III,0.6,0.7,38400,76800,0.0036130935753948827,boundary_refinement,terminal,0.125,finite_interior,82095.79768720194,0.0005353655140817779,0.0027094379499649217,29.117378091997477,0.2878231366242557,4.4865672926170135e-07
\mathrm{IM}_3,III,0.6,0.7,38400,76800,0.0038271828291511598,boundary_refinement,terminal,0.15,finite_interior,73277.04495767917,0.0005637604034011746,0.0027094379499649217,29.117378091997477,0.3453877639491069,1.1548938189394321e-06
\mathrm{IM}_3,III,0.6,0.7,38400,76800,0.003831186849557285,base,,nan,finite_interior,73131.11893860415,0.0005642900430181733,0.0027094379499649217,29.117378091997477,0.3464334227352298,8.675819336985822e-07
\mathrm{IM}_3,III,0.6,0.7,38400,76800,0.004053957668712921,boundary_refinement,terminal,0.17500000000000002,finite_interior,65878.98359383945,0.0005936810928122772,0.0027094379499649217,29.117378091997477,0.402952391273958,1.0662876148295453e-06
\mathrm{IM}_3,III,0.6,0.7,38400,76800,0.0042941697622952,boundary_refinement,terminal,0.2,finite_interior,59586.23854742059,0.0006252162228224667,0.0027094379499649217,29.117378091997477,0.4605170185988092,4.442119904299528e-07
\mathrm{IM}_3,III,0.6,0.7,38400,76800,0.004548615317254863,boundary_refinement,terminal,0.225,finite_interior,54171.295995879984,0.0006584588271554866,0.0027094379499649217,29.117378091997477,0.5180816459236602,6.819246694103135e-07
\mathrm{IM}_3,III,0.6,0.7,38400,76800,0.004641588833612777,base,,nan,finite_interior,52443.713788122426,0.0006705671668396356,0.0027094379499649217,29.117378091997477,0.5383155138180673,6.454241110080828e-07
\mathrm{IM}_3,III,0.6,0.7,38400,76800,0.00481813771920069,boundary_refinement,terminal,0.25,finite_interior,49465.65004728544,0.0006935066819973399,0.0027094379499649217,29.117378091997477,0.5756462732485114,9.595941254120206e-07
\mathrm{IM}_3,III,0.6,0.7,38400,76800,0.005623413251903491,base,,nan,finite_interior,39444.87387799194,0.0007973463770203245,0.0027094379499649217,29.117378091997477,0.7301976049009047,9.146390018078815e-07
\mathrm{IM}_3,III,0.6,0.7,38400,76800,0.006812920690579608,base,,nan,finite_interior,30590.758519725045,0.0009487627516501462,0.0027094379499649217,29.117378091997477,0.9220796959837412,9.86507265176784e-07
\mathrm{IM}_3,III,0.6,0.7,38400,76800,0.008254041852680182,base,,nan,finite_interior,24229.14378958311,0.0011297376907294725,0.0027094379499649217,29.117378091997477,1.1139617870665788,1.453202185934273e-07
\mathrm{IM}_3,III,0.6,0.7,38400,76800,0.01,base,,nan,finite_interior,19483.19075224669,0.001346139546816756,0.0027094379499649217,29.117378091997477,1.3058438781494162,9.021081909514815e-07
\mathrm{IM}_3,III,0.6,0.7,38400,76800,0.012115276586285882,base,,nan,finite_interior,15843.566160259486,0.0016049700335510272,0.0027094379499649217,29.117378091997477,1.497725969232253,1.020115508702015e-06
\mathrm{IM}_3,III,0.6,0.7,38400,76800,0.01467799267622069,base,,nan,finite_interior,12993.788763782872,0.0019145834089593504,0.0027094379499649217,29.117378091997477,1.68960806031509,1.053585255574418e-06
\mathrm{IM}_3,III,0.6,0.7,38400,76800,0.01778279410038923,base,,nan,finite_interior,10726.530712140537,0.002284945263594824,0.0027094379499649217,29.117378091997477,1.8814901513979276,1.076710016674765e-06
\mathrm{IM}_3,III,0.6,0.7,38400,76800,0.021544346900318832,base,,nan,finite_interior,8900.137036870019,0.00272793838793452,0.0027094379499649217,29.117378091997477,2.0733722424807643,1.0481337128170387e-06
\mathrm{IM}_3,III,0.6,0.7,38400,76800,0.026101572156825358,base,,nan,finite_interior,7414.398657912462,0.0032577242276889996,0.0027094379499649217,29.117378091997477,2.2652543335636013,3.158026570325741e-07
\mathrm{IM}_3,III,0.6,0.7,38400,76800,0.03162277660168379,base,,nan,finite_interior,6196.326383154372,0.0038911697159054954,0.0027094379499649217,29.117378091997477,2.4571364246464387,8.921459643415772e-07
\mathrm{IM}_3,III,0.6,0.7,38400,76800,0.03831186849557287,base,,nan,finite_interior,5191.477324275472,0.004648350788455777,0.0027094379499649217,29.117378091997477,2.649018515729276,3.181164904062856e-07
\mathrm{IM}_3,III,0.6,0.7,38400,76800,0.046415888336127774,base,,nan,finite_interior,4358.384313633053,0.005553145596251886,0.0027094379499649217,29.117378091997477,2.840900606812113,8.634571455415202e-07
\mathrm{IM}_3,III,0.6,0.7,38400,76800,0.05623413251903491,base,,nan,finite_interior,3664.9135025377027,0.006633932442645622,0.0027094379499649217,29.117378091997477,3.0327826978949504,3.0705352848188835e-07
\mathrm{IM}_3,III,0.6,0.7,38400,76800,0.06812920690579612,base,,nan,finite_interior,3085.79244635492,0.00792440958134465,0.0027094379499649217,29.117378091997477,3.2246647889777873,1.1498712805953322e-06
\mathrm{IM}_3,III,0.6,0.7,38400,76800,0.08254041852680181,base,,nan,finite_interior,2600.9045447801486,0.00946455655220038,0.0027094379499649217,29.117378091997477,3.4165468800606242,1.041240661934563e-06
\mathrm{IM}_3,III,0.6,0.7,38400,76800,0.1,base,,nan,finite_interior,2194.05642182527,0.011301759275384113,0.0027094379499649217,29.117378091997477,3.6084289711434616,3.101684848186751e-07
\mathrm{IM}_3,III,0.6,0.7,38400,76800,0.12115276586285877,base,,nan,finite_interior,1852.1050641016564,0.01349212405915208,0.0027094379499649217,29.117378091997477,3.800311062226298,1.0931196910366375e-06
\mathrm{IM}_3,III,0.6,0.7,38400,76800,0.1467799267622069,base,,nan,finite_interior,1564.30319633806,0.01610200872560776,0.0027094379499649217,29.117378091997477,3.992193153309136,8.579966554002974e-07
\mathrm{IM}_3,III,0.6,0.7,38400,76800,0.1778279410038923,base,,nan,finite_interior,1321.805218144336,0.019209802073086812,0.0027094379499649217,29.117378091997477,4.184075244391973,9.040149305149997e-07
\mathrm{IM}_3,III,0.6,0.7,38400,76800,0.21544346900318823,base,,nan,finite_interior,1117.2937827274923,0.022907986088594606,0.0027094379499649217,29.117378091997477,4.375957335474809,2.5405843883097875e-07
\mathrm{IM}_3,III,0.6,0.7,38400,76800,0.2610157215682536,base,,nan,finite_interior,944.6935539206768,0.027305518158208458,0.0027094379499649217,29.117378091997477,4.567839426557647,1.1248299631892409e-06
\mathrm{IM}_3,III,0.6,0.7,38400,76800,0.31622776601683794,base,,nan,finite_interior,798.9391226619842,0.032530573011461186,0.0027094379499649217,29.117378091997477,4.522627727722302,8.500179487040042e-07
\mathrm{IM}_3,III,0.6,0.7,38400,76800,0.3831186849557285,base,,nan,finite_interior,675.7952111402476,0.038733685582057455,0.0027094379499649217,29.117378091997477,4.330745636639466,9.99455473340911e-07
\mathrm{IM}_3,III,0.6,0.7,38400,76800,0.46415888336127775,base,,nan,finite_interior,571.7137402569565,0.046091336583775296,0.0027094379499649217,29.117378091997477,4.138863545556628,3.214257432003744e-07
\mathrm{IM}_3,III,0.6,0.7,38400,76800,0.5623413251903491,base,,nan,finite_interior,483.7155585017686,0.05481002024223316,0.0027094379499649217,29.117378091997477,3.946981454473791,9.094710622722426e-07
\mathrm{IM}_3,III,0.6,0.7,38400,76800,0.6812920690579608,base,,nan,finite_interior,409.29663870931273,0.06513083018585454,0.0027094379499649217,29.117378091997477,3.7550993633909546,1.1202003258260338e-06
\mathrm{IM}_3,III,0.6,0.7,38400,76800,0.8254041852680182,base,,nan,finite_interior,346.3489882207793,0.0773345949786553,0.0027094379499649217,29.117378091997477,3.563217272308117,1.0081097646963002e-06
\mathrm{IM}_3,III,0.6,0.7,38400,76800,1.0,base,,nan,finite_interior,293.0911068257712,0.0917475588061912,0.0027094379499649217,29.117378091997477,3.3713351812252794,8.007643355357705e-07
\mathrm{IM}_3,III,0.6,0.7,38400,76800,1.2115276586285877,base,,nan,finite_interior,248.01633598618582,0.10874754004059231,0.0027094379499649217,29.117378091997477,3.179453090142443,2.7752461636683703e-07
\mathrm{IM}_3,III,0.6,0.7,38400,76800,1.467799267622069,base,,nan,finite_interior,209.87684806416806,0.1287706878075603,0.0027094379499649217,29.117378091997477,2.9875709990596055,1.1417306896326341e-06
\mathrm{IM}_3,III,0.6,0.7,38400,76800,1.7782794100389228,base,,nan,finite_interior,177.64283106973468,0.15231927378385363,0.0027094379499649217,29.117378091997477,2.795688907976768,9.747148272195722e-07
\mathrm{IM}_3,III,0.6,0.7,38400,76800,2.154434690031882,base,,nan,finite_interior,150.39173766826153,0.1799697574067899,0.0027094379499649217,29.117378091997477,2.6038068168939317,8.794699505338571e-07
\mathrm{IM}_3,III,0.6,0.7,38400,76800,2.610157215682536,base,,nan,finite_interior,127.23600758749883,0.2123773126029422,0.0027094379499649217,29.117378091997477,2.4119247258110943,3.325285612466192e-07
\mathrm{IM}_3,III,0.6,0.7,38400,76800,3.1622776601683795,base,,nan,finite_interior,107.42125468126972,0.25027387484891606,0.0027094379499649217,29.117378091997477,2.2200426347282565,1.0835326574819855e-06
\mathrm{IM}_3,III,0.6,0.7,38400,76800,3.831186849557285,base,,nan,finite_interior,90.52105537470565,0.294468976694762,0.0027094379499649217,29.117378091997477,2.02816054364542,1.4696063708399288e-06
\mathrm{IM}_3,III,0.6,0.7,38400,76800,4.6415888336127775,base,,nan,finite_interior,76.43550294740066,0.34588009177045614,0.0027094379499649217,29.117378091997477,1.8362784525625826,1.8429539033707808e-06
\mathrm{IM}_3,III,0.6,0.7,38400,76800,5.623413251903491,base,,nan,finite_interior,65.00461913321827,0.4055982381404232,0.0027094379499649217,29.117378091997477,1.6443963614797452,1.552693092451484e-06
\mathrm{IM}_3,III,0.6,0.7,38400,76800,6.812920690579608,base,,nan,finite_interior,55.727557146945145,0.4749227238255147,0.0027094379499649217,29.117378091997477,1.452514270396909,1.2006612269241432e-06
\mathrm{IM}_3,III,0.6,0.7,38400,76800,8.254041852680182,base,,nan,finite_interior,47.95940725130144,0.5553084094150201,0.0027094379499649217,29.117378091997477,1.2606321793140713,3.0591282099054725e-07
\mathrm{IM}_3,III,0.6,0.7,38400,76800,10.0,base,,nan,finite_interior,41.143782759828746,0.6482345986654022,0.0027094379499649217,29.117378091997477,1.0687500882312337,8.711127621965288e-07
\mathrm{IM}_3,III,0.6,0.7,38400,76800,12.115276586285876,base,,nan,finite_interior,34.85280399012933,0.7549639709288579,0.0027094379499649217,29.117378091997477,0.8768679971483974,1.6081149023556608e-06
\mathrm{IM}_3,III,0.6,0.7,38400,76800,14.677992676220676,base,,nan,finite_interior,28.73343274624609,0.8760354353974387,0.0027094379499649217,29.117378091997477,0.684985906065561,1.6834498243103846e-06
\mathrm{IM}_3,III,0.6,0.7,38400,76800,16.373904982322298,boundary_refinement,zero,-0.25,finite_interior,25.188635013966895,0.9510557015690004,0.0027094379499649217,29.117378091997477,0.5756462732485115,1.3972922468963571e-06
\mathrm{IM}_3,III,0.6,0.7,38400,76800,17.344119848223865,boundary_refinement,zero,-0.225,finite_interior,23.272266263091975,0.9920263379488655,0.0027094379499649217,29.117378091997477,0.5180816459236602,8.147977095896758e-07
\mathrm{IM}_3,III,0.6,0.7,38400,76800,17.78279410038923,base,,nan,finite_interior,22.425353861079678,1.0100592506913317,0.0027094379499649217,29.117378091997477,0.4931038149827224,3.5965850491267573e-07
\mathrm{IM}_3,III,0.6,0.7,38400,76800,18.371823559152485,boundary_refinement,zero,-0.2,finite_interior,21.30345171496191,1.0337706647144032,0.0027094379499649217,29.117378091997477,0.4605170185988091,1.317130810451404e-06
\mathrm{IM}_3,III,0.6,0.7,38400,76800,19.460422543332143,boundary_refinement,zero,-0.17500000000000002,finite_interior,19.26522843330231,1.0759976712193517,0.0027094379499649217,29.117378091997477,0.40295239127395827,1.0218355697596974e-06
\mathrm{IM}_3,III,0.6,0.7,38400,76800,20.613525072548665,boundary_refinement,zero,-0.15,finite_interior,17.136723306082093,1.1182890660441558,0.0027094379499649217,29.117378091997477,0.34538776394910703,6.556587114222069e-07
\mathrm{IM}_3,III,0.6,0.7,38400,76800,21.54434690031882,base,,nan,finite_interior,15.42608583287539,1.1504115489419564,0.0027094379499649217,29.117378091997477,0.30122172389988594,6.065472962900367e-07
\mathrm{IM}_3,III,0.6,0.7,38400,76800,21.834953222132622,boundary_refinement,zero,-0.125,finite_interior,14.89135200025504,1.1600403455727295,0.0027094379499649217,29.117378091997477,0.2878231366242555,4.5885747206193373e-07
\mathrm{IM}_3,III,0.6,0.7,38400,76800,23.128755539615824,boundary_refinement,zero,-0.1,finite_interior,12.494075570864375,1.2003653344425937,0.0027094379499649217,29.117378091997477,0.23025850929940458,1.7046097342569162e-07
\mathrm{IM}_3,III,0.6,0.7,38400,76800,24.499220464052915,boundary_refinement,zero,-0.07500000000000001,finite_interior,9.896799118795482,1.2379333781453057,0.0027094379499649217,29.117378091997477,0.17269388197455351,6.464176640359206e-07
\mathrm{IM}_3,III,0.6,0.7,38400,76800,25.950890540487723,boundary_refinement,zero,-0.05,finite_interior,7.030343536462312,1.2706733685498597,0.0027094379499649217,29.117378091997477,0.11512925464970213,1.4472638786689008e-06
\mathrm{IM}_3,III,0.6,0.7,38400,76800,26.10157215682533,base,,nan,finite_interior,6.723508784120396,1.2735839810623488,0.0027094379499649217,29.117378091997477,0.10933963281704961,1.643100327213422e-06
\mathrm{IM}_3,III,0.6,0.7,38400,76800,27.488577476679687,boundary_refinement,zero,-0.025,finite_interior,3.789249578677695,1.2951897414259808,0.0027094379499649217,29.117378091997477,0.05756462732485113,2.6400270356780923e-06
\mathrm{IM}_3,III,0.6,0.7,38400,76800,30.842691211343908,boundary_refinement,zero,0.025,no_training,0.0,1.3054777995382894,0.0027094379499649217,29.117378091997477,0.057564627324851146,0.0
\mathrm{IM}_3,III,0.6,0.7,38400,76800,31.622776601683793,base,,nan,no_training,0.0,1.3054777995382894,0.0027094379499649217,29.117378091997477,0.08254245826578896,0.0
\mathrm{IM}_3,III,0.6,0.7,38400,76800,32.67023556010886,boundary_refinement,zero,0.05,no_training,0.0,1.3054777995382894,0.0027094379499649217,29.117378091997477,0.1151292546497022,0.0
\mathrm{IM}_3,III,0.6,0.7,38400,76800,34.606068719464844,boundary_refinement,zero,0.07500000000000001,no_training,0.0,1.3054777995382894,0.0027094379499649217,29.117378091997477,0.1726938819745535,0.0
\mathrm{IM}_3,III,0.6,0.7,38400,76800,36.65660720483439,boundary_refinement,zero,0.1,no_training,0.0,1.3054777995382894,0.0027094379499649217,29.117378091997477,0.2302585092994046,0.0
\mathrm{IM}_3,III,0.6,0.7,38400,76800,38.31186849557285,base,,nan,no_training,0.0,1.3054777995382894,0.0027094379499649217,29.117378091997477,0.2744245493486254,0.0
\mathrm{IM}_3,III,0.6,0.7,38400,76800,38.82864773408147,boundary_refinement,zero,0.125,no_training,0.0,1.3054777995382894,0.0027094379499649217,29.117378091997477,0.2878231366242557,0.0
\mathrm{IM}_3,III,0.6,0.7,38400,76800,41.129389755922496,boundary_refinement,zero,0.15,no_training,0.0,1.3054777995382894,0.0027094379499649217,29.117378091997477,0.3453877639491069,0.0
\mathrm{IM}_3,III,0.6,0.7,38400,76800,43.56645931322953,boundary_refinement,zero,0.17500000000000002,no_training,0.0,1.3054777995382894,0.0027094379499649217,29.117378091997477,0.402952391273958,0.0
\mathrm{IM}_3,III,0.6,0.7,38400,76800,46.147934320323166,boundary_refinement,zero,0.2,no_training,0.0,1.3054777995382894,0.0027094379499649217,29.117378091997477,0.4605170185988092,0.0
\mathrm{IM}_3,III,0.6,0.7,38400,76800,46.41588833612773,base,,nan,no_training,0.0,1.3054777995382894,0.0027094379499649217,29.117378091997477,0.4663066404314621,0.0
\mathrm{IM}_3,III,0.6,0.7,38400,76800,48.88237133803917,boundary_refinement,zero,0.225,no_training,0.0,1.3054777995382894,0.0027094379499649217,29.117378091997477,0.5180816459236602,0.0
\mathrm{IM}_3,III,0.6,0.7,38400,76800,51.77883393531753,boundary_refinement,zero,0.25,no_training,0.0,1.3054777995382894,0.0027094379499649217,29.117378091997477,0.5756462732485114,0.0
\mathrm{IM}_3,III,0.6,0.7,38400,76800,56.23413251903491,base,,nan,no_training,0.0,1.3054777995382894,0.0027094379499649217,29.117378091997477,0.6581887315143005,0.0
\mathrm{IM}_3,III,0.6,0.7,38400,76800,68.12920690579608,base,,nan,no_training,0.0,1.3054777995382894,0.0027094379499649217,29.117378091997477,0.8500708225971368,0.0
\mathrm{IM}_3,III,0.6,0.7,38400,76800,82.54041852680173,base,,nan,no_training,0.0,1.3054777995382894,0.0027094379499649217,29.117378091997477,1.0419529136799732,0.0
\mathrm{IM}_3,III,0.6,0.7,38400,76800,100.0,base,,nan,no_training,0.0,1.3054777995382894,0.0027094379499649217,29.117378091997477,1.233835004762812,0.0
\mathrm{IM}_3,III,0.6,0.7,38400,76800,121.15276586285876,base,,nan,no_training,0.0,1.3054777995382894,0.0027094379499649217,29.117378091997477,1.4257170958456482,0.0
\mathrm{IM}_3,III,0.6,0.7,38400,76800,146.77992676220674,base,,nan,no_training,0.0,1.3054777995382894,0.0027094379499649217,29.117378091997477,1.6175991869284847,0.0
\mathrm{IM}_3,III,0.6,0.7,38400,76800,177.82794100389228,base,,nan,no_training,0.0,1.3054777995382894,0.0027094379499649217,29.117378091997477,1.8094812780113232,0.0
\mathrm{IM}_3,III,0.6,0.7,38400,76800,215.44346900318823,base,,nan,no_training,0.0,1.3054777995382894,0.0027094379499649217,29.117378091997477,2.0013633690941597,0.0
\mathrm{IM}_3,III,0.6,0.7,38400,76800,261.0157215682533,base,,nan,no_training,0.0,1.3054777995382894,0.0027094379499649217,29.117378091997477,2.193245460176996,0.0
\mathrm{IM}_3,III,0.6,0.7,38400,76800,316.22776601683796,base,,nan,no_training,0.0,1.3054777995382894,0.0027094379499649217,29.117378091997477,2.385127551259835,0.0
\mathrm{IM}_3,III,0.6,0.7,38400,76800,383.1186849557285,base,,nan,no_training,0.0,1.3054777995382894,0.0027094379499649217,29.117378091997477,2.5770096423426714,0.0
\mathrm{IM}_3,III,0.6,0.7,38400,76800,464.1588833612773,base,,nan,no_training,0.0,1.3054777995382894,0.0027094379499649217,29.117378091997477,2.768891733425508,0.0
\mathrm{IM}_3,III,0.6,0.7,38400,76800,562.341325190349,base,,nan,no_training,0.0,1.3054777995382894,0.0027094379499649217,29.117378091997477,2.960773824508346,0.0
\mathrm{IM}_3,III,0.6,0.7,38400,76800,681.2920690579608,base,,nan,no_training,0.0,1.3054777995382894,0.0027094379499649217,29.117378091997477,3.1526559155911826,0.0
\mathrm{IM}_3,III,0.6,0.7,38400,76800,825.4041852680173,base,,nan,no_training,0.0,1.3054777995382894,0.0027094379499649217,29.117378091997477,3.344538006674019,0.0
\mathrm{IM}_3,III,0.6,0.7,38400,76800,1000.0,base,,nan,no_training,0.0,1.3054777995382894,0.0027094379499649217,29.117378091997477,3.536420097756858,0.0
\mathrm{IM}_3,III,0.6,0.7,51200,102400,0.001,base,,nan,terminal_infimum,inf,0.00015840974792409807,0.002019656241467696,29.12073141897148,0.7029273194400415,0.0
\mathrm{IM}_3,III,0.6,0.7,51200,102400,0.0011357361672559038,boundary_refinement,terminal,-0.25,terminal_infimum,inf,0.0001785401923643977,0.002019656241467696,29.12073141897148,0.5756462732485115,0.0
\mathrm{IM}_3,III,0.6,0.7,51200,102400,0.0012030327659843926,boundary_refinement,terminal,-0.225,terminal_infimum,inf,0.00018852066012853416,0.002019656241467696,29.12073141897148,0.5180816459236602,0.0
\mathrm{IM}_3,III,0.6,0.7,51200,102400,0.001211527658628589,base,,nan,terminal_infimum,inf,0.0001897805009495727,0.002019656241467696,29.12073141897148,0.511045228357204,0.0
\mathrm{IM}_3,III,0.6,0.7,51200,102400,0.0012743169388793054,boundary_refinement,terminal,-0.2,terminal_infimum,inf,0.0001990925077867075,0.002019656241467696,29.12073141897148,0.4605170185988091,0.0
\mathrm{IM}_3,III,0.6,0.7,51200,102400,0.0013498249645644237,boundary_refinement,terminal,-0.17500000000000002,terminal_infimum,inf,0.00021029077680063444,0.002019656241467696,29.12073141897148,0.4029523912739581,0.0
\mathrm{IM}_3,III,0.6,0.7,51200,102400,0.0014298071220521678,boundary_refinement,terminal,-0.15,terminal_infimum,inf,0.00022215258496917397,0.002019656241467696,29.12073141897148,0.34538776394910686,0.0
\mathrm{IM}_3,III,0.6,0.7,51200,102400,0.0014677992676220691,base,,nan,terminal_infimum,inf,0.00022778703591194146,0.002019656241467696,29.12073141897148,0.31916313727436746,0.0
\mathrm{IM}_3,III,0.6,0.7,51200,102400,0.0015145285203187774,boundary_refinement,terminal,-0.125,terminal_infimum,inf,0.00023471724945903785,0.002019656241467696,29.12073141897148,0.2878231366242556,0.0
\mathrm{IM}_3,III,0.6,0.7,51200,102400,0.0016042699770349121,boundary_refinement,terminal,-0.1,terminal_infimum,inf,0.000248026417125529,0.002019656241467696,29.12073141897148,0.23025850929940458,0.0
\mathrm{IM}_3,III,0.6,0.7,51200,102400,0.0016993289493643143,boundary_refinement,terminal,-0.07500000000000001,terminal_infimum,inf,0.0002621242025552688,0.002019656241467696,29.12073141897148,0.17269388197455351,0.0
\mathrm{IM}_3,III,0.6,0.7,51200,102400,0.0017782794100389228,base,,nan,terminal_infimum,inf,0.0002738330042274859,0.002019656241467696,29.12073141897148,0.12728104619153008,0.0
\mathrm{IM}_3,III,0.6,0.7,51200,102400,0.0018000205199157585,boundary_refinement,terminal,-0.05,terminal_infimum,inf,0.0002770573342884708,0.002019656241467696,29.12073141897148,0.11512925464970225,0.0
\mathrm{IM}_3,III,0.6,0.7,51200,102400,0.0019066784411163275,boundary_refinement,terminal,-0.025,terminal_infimum,inf,0.00029287530970542824,0.002019656241467696,29.12073141897148,0.05756462732485113,0.0
\mathrm{IM}_3,III,0.6,0.7,51200,102400,0.0019176858158809482,terminal_near_refinement,terminal,-0.0225,terminal_infimum,inf,0.0002945077658931369,0.002019656241467696,29.12073141897148,0.05180816459236597,0.0
\mathrm{IM}_3,III,0.6,0.7,51200,102400,0.0019287567369135688,terminal_near_refinement,terminal,-0.02,terminal_infimum,inf,0.00029614964635326475,0.002019656241467696,29.12073141897148,0.04605170185988087,0.0
\mathrm{IM}_3,III,0.6,0.7,51200,102400,0.0019398915710707979,terminal_near_refinement,terminal,-0.0175,terminal_infimum,inf,0.0002978010054927302,0.002019656241467696,29.12073141897148,0.040295239127395764,0.0
\mathrm{IM}_3,III,0.6,0.7,51200,102400,0.0019510906873271305,terminal_near_refinement,terminal,-0.015,terminal_infimum,inf,0.0002994618980325463,0.002019656241467696,29.12073141897148,0.034538776394910715,0.0
\mathrm{IM}_3,III,0.6,0.7,51200,102400,0.001962354456787175,terminal_near_refinement,terminal,-0.0125,terminal_infimum,inf,0.00030113237900963386,0.002019656241467696,29.12073141897148,0.0287823136624255,0.0
\mathrm{IM}_3,III,0.6,0.7,51200,102400,0.001973683252697949,terminal_near_refinement,terminal,-0.01,terminal_infimum,inf,0.0003028125037786454,0.002019656241467696,29.12073141897148,0.02302585092994047,0.0
\mathrm{IM}_3,III,0.6,0.7,51200,102400,0.00198507745046125,terminal_near_refinement,terminal,-0.0075,terminal_infimum,inf,0.0003045023280137992,0.002019656241467696,29.12073141897148,0.017269388197455333,0.0
\mathrm{IM}_3,III,0.6,0.7,51200,102400,0.0019965374276460926,terminal_near_refinement,terminal,-0.005,terminal_infimum,inf,0.0003062019077107244,0.002019656241467696,29.12073141897148,0.01151292546497021,0.0
\mathrm{IM}_3,III,0.6,0.7,51200,102400,0.002008063564001222,terminal_near_refinement,terminal,-0.0025,terminal_infimum,inf,0.00030791129918831644,0.002019656241467696,29.12073141897148,0.005756462732484979,0.0
\mathrm{IM}_3,III,0.6,0.7,51200,102400,0.0020095579602603577,terminal_ultra_near_refinement,terminal,-0.002176919254274547,terminal_infimum,inf,0.0003081329266401186,0.002019656241467696,29.12073141897148,0.005012541823544175,0.0
\mathrm{IM}_3,III,0.6,0.7,51200,102400,0.0020115776165018254,terminal_ultra_near_refinement,terminal,-0.00174066157630127,terminal_infimum,inf,0.00030843245313021556,0.002019656241467696,29.12073141897148,0.004008021397538711,0.0
\mathrm{IM}_3,III,0.6,0.7,51200,102400,0.002013597272743293,terminal_ultra_near_refinement,terminal,-0.0013048416883442813,terminal_infimum,inf,0.00030873197962031246,0.002019656241467696,29.12073141897148,0.0030045090202986133,0.0
\mathrm{IM}_3,III,0.6,0.7,51200,102400,0.0020156169289847607,terminal_ultra_near_refinement,terminal,-0.0008694587126288914,terminal_infimum,inf,0.00030903150611040936,0.002019656241467696,29.12073141897148,0.0020020026706730793,0.0
\mathrm{IM}_3,III,0.6,0.7,51200,102400,0.0020176365852262283,terminal_ultra_near_refinement,terminal,-0.0004345117740176917,terminal_infimum,inf,0.0003093310326005063,0.002019656241467696,29.12073141897148,0.0010005003335835344,0.0
\mathrm{IM}_3,III,0.6,0.7,51200,102400,0.0020186464133469624,terminal_extreme_near_refinement,terminal,-0.00021720154586423186,terminal_infimum,inf,0.00030948079584555477,0.002019656241467696,29.12073141897148,0.0005001250416821317,0.0
\mathrm{IM}_3,III,0.6,0.7,51200,102400,0.002018848378971109,terminal_extreme_near_refinement,terminal,-0.00017375254558756316,terminal_infimum,inf,0.00030951074849456443,0.002019656241467696,29.12073141897148,0.00040008002133969133,0.0
\mathrm{IM}_3,III,0.6,0.7,51200,102400,0.0020190503445952556,terminal_extreme_near_refinement,terminal,-0.00013030789173217684,terminal_infimum,inf,0.0003095407011435741,0.002019656241467696,29.12073141897148,0.00030004500900199243,0.0
\mathrm{IM}_3,III,0.6,0.7,51200,102400,0.0020192523102194023,terminal_extreme_near_refinement,terminal,-8.686758342857122e-05,terminal_infimum,inf,0.0003095706537925838,0.002019656241467696,29.12073141897148,0.00020002000266715575,0.0
\mathrm{IM}_3,III,0.6,0.7,51200,102400,0.0020194542758435493,terminal_extreme_near_refinement,terminal,-4.3431619807505604e-05,terminal_infimum,inf,0.00030960060644159355,0.002019656241467696,29.12073141897148,0.00010000500033334732,0.0
\mathrm{IM}_3,III,0.6,0.7,51200,102400,0.0020198582070918426,terminal_extreme_near_refinement,terminal,4.342727686266486e-05,finite_interior,237811.8396447024,0.0003096585702942959,0.002019656241467696,29.12073141897148,9.999500033329732e-05,1.083352372068664e-06
\mathrm{IM}_3,III,0.6,0.7,51200,102400,0.0020200601727159897,terminal_extreme_near_refinement,terminal,8.685021164894766e-05,finite_interior,237721.90836262732,0.0003096865811054882,0.002019656241467696,29.12073141897148,0.0001999800026662447,8.968400216239482e-07
\mathrm{IM}_3,III,0.6,0.7,51200,102400,0.0020202621383401363,terminal_extreme_near_refinement,terminal,0.00013026880522704667,finite_interior,237631.96381833177,0.0003097145915243288,0.002019656241467696,29.12073141897148,0.00029995500899794244,1.2637070564020739e-06
\mathrm{IM}_3,III,0.6,0.7,51200,102400,0.002020464103964283,terminal_extreme_near_refinement,terminal,0.0001736830584648997,finite_interior,237542.18265719755,0.00030974260155096605,0.002019656241467696,29.12073141897148,0.0003999200213268913,8.91931653706815e-07
\mathrm{IM}_3,III,0.6,0.7,51200,102400,0.0020206660695884296,terminal_extreme_near_refinement,terminal,0.00021709297223018438,finite_interior,237452.43310223735,0.00030977061118554825,0.002019656241467696,29.12073141897148,0.0004998750416509929,6.978364164037117e-07
\mathrm{IM}_3,III,0.6,0.7,51200,102400,0.0020216758977091636,terminal_ultra_near_refinement,terminal,0.0004340774793185929,finite_interior,237004.7631688232,0.0003099106534828041,0.002019656241467696,29.12073141897148,0.0009995003330834232,8.07715714119409e-07
\mathrm{IM}_3,III,0.6,0.7,51200,102400,0.0020236955539506313,terminal_ultra_near_refinement,terminal,0.0008677215312269133,finite_interior,236115.1669616209,0.00031019070875774256,0.002019656241467696,29.12073141897148,0.001998002662673058,3.050763396744343e-07
\mathrm{IM}_3,III,0.6,0.7,51200,102400,0.002025715210192099,terminal_ultra_near_refinement,terminal,0.001300933020418072,finite_interior,235232.8233185871,0.0003104707250609918,0.002019656241467696,29.12073141897148,0.002995508979798371,6.0218734889279e-08
\mathrm{IM}_3,III,0.6,0.7,51200,102400,0.0020277348664335666,terminal_ultra_near_refinement,terminal,0.0017337128090005314,finite_interior,234357.74841721894,0.00031075070253677576,0.002019656241467696,29.12073141897148,0.003992021269537457,7.895308861168772e-07
\mathrm{IM}_3,III,0.6,0.7,51200,102400,0.0020297545226750343,terminal_ultra_near_refinement,terminal,0.0021660617565076304,finite_interior,233489.9557222799,0.0003110306413313171,0.002019656241467696,29.12073141897148,0.004987541511038968,1.0982780063116139e-06
\mathrm{IM}_3,III,0.6,0.7,51200,102400,0.002031315844191543,terminal_near_refinement,terminal,0.0025,finite_interior,232823.95555311546,0.0003112470252382241,0.002019656241467696,29.12073141897148,0.00575646273248517,1.1770096258063146e-06
\mathrm{IM}_3,III,0.6,0.7,51200,102400,0.00204304275853649,terminal_near_refinement,terminal,0.005,finite_interior,227952.72341086037,0.0003128715314723393,0.002019656241467696,29.12073141897148,0.011512925464970295,4.961608314265202e-08
\mathrm{IM}_3,III,0.6,0.7,51200,102400,0.0020548373730967656,terminal_near_refinement,terminal,0.0075,finite_interior,223274.4890997036,0.0003145041364721269,0.002019656241467696,29.12073141897148,0.017269388197455236,7.481056440861281e-07
\mathrm{IM}_3,III,0.6,0.7,51200,102400,0.00206670007870998,terminal_near_refinement,terminal,0.01,finite_interior,218776.96210204615,0.0003161448985026254,0.002019656241467696,29.12073141897148,0.023025850929940427,7.725767101578138e-07
\mathrm{IM}_3,III,0.6,0.7,51200,102400,0.00207863126847007,terminal_near_refinement,terminal,0.0125,finite_interior,214449.11946389943,0.0003177938754120365,0.002019656241467696,29.12073141897148,0.02878231366242563,2.8100652334458543e-07
\mathrm{IM}_3,III,0.6,0.7,51200,102400,0.002090631337740331,terminal_near_refinement,terminal,0.015,finite_interior,210280.38113770453,0.00031945112472397534,0.002019656241467696,29.12073141897148,0.03453877639491076,7.267620166013882e-07
\mathrm{IM}_3,III,0.6,0.7,51200,102400,0.002102700684166514,terminal_near_refinement,terminal,0.0175,finite_interior,206261.56073162844,0.0003211167037018242,0.002019656241467696,29.12073141897148,0.04029523912739586,7.334297286288934e-07
\mathrm{IM}_3,III,0.6,0.7,51200,102400,0.0021148397076900054,terminal_near_refinement,terminal,0.02,finite_interior,202384.21077331083,0.0003227906693444029,0.002019656241467696,29.12073141897148,0.046051701859880986,6.920242917831298e-07
\mathrm{IM}_3,III,0.6,0.7,51200,102400,0.0021270488105610778,terminal_near_refinement,terminal,0.0225,finite_interior,198640.15468536582,0.000324473078492578,0.002019656241467696,29.12073141897148,0.05180816459236611,8.579809492446252e-07
\mathrm{IM}_3,III,0.6,0.7,51200,102400,0.002139328397352219,boundary_refinement,terminal,0.025,finite_interior,195022.53285960347,0.00032616398780310974,0.002019656241467696,29.12073141897148,0.057564627324851146,5.782915748317225e-07
\mathrm{IM}_3,III,0.6,0.7,51200,102400,0.0021544346900318843,base,,nan,finite_interior,190761.96554702835,0.00032824250015355016,0.002019656241467696,29.12073141897148,0.0646010448913074,9.511319300069012e-07
\mathrm{IM}_3,III,0.6,0.7,51200,102400,0.002266091574272897,boundary_refinement,terminal,0.05,finite_interior,164525.52333467474,0.00034355300003654317,0.002019656241467696,29.12073141897148,0.1151292546497022,9.332403451536553e-07
\mathrm{IM}_3,III,0.6,0.7,51200,102400,0.0024003659416414335,boundary_refinement,terminal,0.07500000000000001,finite_interior,141555.1464266204,0.0003618541379000098,0.002019656241467696,29.12073141897148,0.1726938819745535,5.647700275156742e-07
\mathrm{IM}_3,III,0.6,0.7,51200,102400,0.0025425965654723793,boundary_refinement,terminal,0.1,finite_interior,123576.11346504392,0.00038112468870990035,0.002019656241467696,29.12073141897148,0.2302585092994046,3.7926335051551627e-07
\mathrm{IM}_3,III,0.6,0.7,51200,102400,0.0026101572156825357,base,,nan,finite_interior,116614.11108425121,0.0003902410989921639,0.002019656241467696,29.12073141897148,0.25648313597414385,5.513644414031156e-07
\mathrm{IM}_3,III,0.6,0.7,51200,102400,0.002693254883599598,boundary_refinement,terminal,0.125,finite_interior,109104.66805378007,0.0004014236929926594,0.002019656241467696,29.12073141897148,0.2878231366242557,1.3739434394584579e-08
\mathrm{IM}_3,III,0.6,0.7,51200,102400,0.0028528402683048,boundary_refinement,terminal,0.15,finite_interior,97203.0015159825,0.000422812529969342,0.002019656241467696,29.12073141897148,0.3453877639491069,8.894490151519942e-07
\mathrm{IM}_3,III,0.6,0.7,51200,102400,0.0030218816815376355,boundary_refinement,terminal,0.17500000000000002,finite_interior,87245.23095950932,0.0004453553256545875,0.002019656241467696,29.12073141897148,0.402952391273958,7.839559900191041e-08
\mathrm{IM}_3,III,0.6,0.7,51200,102400,0.0031622776601683794,base,,nan,finite_interior,80470.71664498886,0.00046399761546180143,0.002019656241467696,29.12073141897148,0.4483652270569813,7.908851990394271e-07
\mathrm{IM}_3,III,0.6,0.7,51200,102400,0.0032009394282137504,boundary_refinement,terminal,0.2,finite_interior,78795.56212144098,0.0004691192774010203,0.002019656241467696,29.12073141897148,0.4605170185988092,7.669238815980957e-07
\mathrm{IM}_3,III,0.6,0.7,51200,102400,0.0033906070134022757,boundary_refinement,terminal,0.225,finite_interior,71540.58696504317,0.0004941749380082149,0.002019656241467696,29.12073141897148,0.5180816459236602,9.889383883989634e-07
\mathrm{IM}_3,III,0.6,0.7,51200,102400,0.0035915131095586024,boundary_refinement,terminal,0.25,finite_interior,65248.545677284266,0.0005205964798502685,0.002019656241467696,29.12073141897148,0.5756462732485114,3.062423428461686e-07
\mathrm{IM}_3,III,0.6,0.7,51200,102400,0.003831186849557285,base,,nan,finite_interior,59118.51731580663,0.0005519710680072517,0.002019656241467696,29.12073141897148,0.6402473181398177,6.808538418124776e-07
\mathrm{IM}_3,III,0.6,0.7,51200,102400,0.004641588833612777,base,,nan,finite_interior,45130.61781266603,0.0006570576144199506,0.002019656241467696,29.12073141897148,0.8321294092226552,8.787089692216198e-07
\mathrm{IM}_3,III,0.6,0.7,51200,102400,0.005623413251903491,base,,nan,finite_interior,35346.66121516232,0.000782700773270876,0.002019656241467696,29.12073141897148,1.0240115003054928,9.057960177796674e-07
\mathrm{IM}_3,III,0.6,0.7,51200,102400,0.006812920690579608,base,,nan,finite_interior,28188.234782732863,0.0009330073619852373,0.002019656241467696,29.12073141897148,1.215893591388329,1.0564650910584729e-06
\mathrm{IM}_3,III,0.6,0.7,51200,102400,0.008254041852680182,base,,nan,finite_interior,22778.10258745255,0.0011128804839029092,0.002019656241467696,29.12073141897148,1.4077756824711667,3.448735428144973e-07
\mathrm{IM}_3,III,0.6,0.7,51200,102400,0.01,base,,nan,finite_interior,18589.29700578274,0.0013281755078708244,0.002019656241467696,29.12073141897148,1.5996577735540043,1.0697807968954262e-06
\mathrm{IM}_3,III,0.6,0.7,51200,102400,0.012115276586285882,base,,nan,finite_interior,15285.933122141012,0.0015858842808910306,0.002019656241467696,29.12073141897148,1.7915398646368412,1.1231911985699356e-06
\mathrm{IM}_3,III,0.6,0.7,51200,102400,0.01467799267622069,base,,nan,finite_interior,12643.461532386305,0.001894353141475231,0.002019656241467696,29.12073141897148,1.9834219557196782,1.1209128883927682e-06
\mathrm{IM}_3,III,0.6,0.7,51200,102400,0.01778279410038923,base,,nan,finite_interior,10505.929875243422,0.002263541026480952,0.002019656241467696,29.12073141897148,2.1753040468025158,4.7019385321932225e-07
\mathrm{IM}_3,III,0.6,0.7,51200,102400,0.021544346900318832,base,,nan,finite_interior,8761.51198832505,0.0027053249159893094,0.002019656241467696,29.12073141897148,2.3671861378853527,9.741836405452985e-07
\mathrm{IM}_3,III,0.6,0.7,51200,102400,0.026101572156825358,base,,nan,finite_interior,7327.842815499716,0.0032338610148457806,0.002019656241467696,29.12073141897148,2.5590682289681896,1.1466444805593886e-06
\mathrm{IM}_3,III,0.6,0.7,51200,102400,0.03162277660168379,base,,nan,finite_interior,6142.916360768082,0.0038660113939257457,0.002019656241467696,29.12073141897148,2.750950320051027,7.743491622497634e-07
\mathrm{IM}_3,III,0.6,0.7,51200,102400,0.03831186849557287,base,,nan,finite_interior,5159.115971732679,0.004621847366967412,0.002019656241467696,29.12073141897148,2.942832411133864,1.1253193605085147e-06
\mathrm{IM}_3,III,0.6,0.7,51200,102400,0.046415888336127774,base,,nan,finite_interior,4339.321390847743,0.005525242613074668,0.002019656241467696,29.12073141897148,3.134714502216701,1.0378818234323987e-06
\mathrm{IM}_3,III,0.6,0.7,51200,102400,0.05623413251903491,base,,nan,finite_interior,3654.1657815617264,0.006604571026668056,0.002019656241467696,29.12073141897148,3.3265965932995383,3.462166290565731e-07
\mathrm{IM}_3,III,0.6,0.7,51200,102400,0.06812920690579612,base,,nan,finite_interior,3080.170360911101,0.007893526464448682,0.002019656241467696,29.12073141897148,3.518478684382375,1.1273748481702327e-06
\mathrm{IM}_3,III,0.6,0.7,51200,102400,0.08254041852680181,base,,nan,finite_interior,2598.3694148908166,0.009432084032379223,0.002019656241467696,29.12073141897148,3.7103607754652126,1.034484777331737e-06
\mathrm{IM}_3,III,0.6,0.7,51200,102400,0.1,base,,nan,finite_interior,2193.3187474040656,0.011267625137211643,0.002019656241467696,29.12073141897148,3.90224286654805,1.579499182342148e-07
\mathrm{IM}_3,III,0.6,0.7,51200,102400,0.12115276586285877,base,,nan,finite_interior,1852.3597322113246,0.013456251465041329,0.002019656241467696,29.12073141897148,4.0941249576308865,1.1139330564987115e-06
\mathrm{IM}_3,III,0.6,0.7,51200,102400,0.1467799267622069,base,,nan,finite_interior,1565.0556985170406,0.016064316079990194,0.002019656241467696,29.12073141897148,4.286007048713723,8.645244606424703e-07
\mathrm{IM}_3,III,0.6,0.7,51200,102400,0.1778279410038923,base,,nan,finite_interior,1322.7602854306795,0.019170202865485497,0.002019656241467696,29.12073141897148,4.477889139796561,9.183559475747072e-07
\mathrm{IM}_3,III,0.6,0.7,51200,102400,0.21544346900318823,base,,nan,finite_interior,1118.2820752182945,0.022866388722595023,0.002019656241467696,29.12073141897148,4.669771230879398,1.8703480393101047e-07
\mathrm{IM}_3,III,0.6,0.7,51200,102400,0.2610157215682536,base,,nan,finite_interior,945.6240001807765,0.027261825761310084,0.002019656241467696,29.12073141897148,4.714624978002644,1.10799424030862e-06
\mathrm{IM}_3,III,0.6,0.7,51200,102400,0.31622776601683794,base,,nan,finite_interior,799.7685605663864,0.03248468322215994,0.002019656241467696,29.12073141897148,4.522742886919806,9.028674982480695e-07
\mathrm{IM}_3,III,0.6,0.7,51200,102400,0.3831186849557285,base,,nan,finite_interior,676.508702760263,0.03868549031541164,0.002019656241467696,29.12073141897148,4.33086079583697,1.0194275113027305e-06
\mathrm{IM}_3,III,0.6,0.7,51200,102400,0.46415888336127775,base,,nan,finite_interior,572.3123235188698,0.04604072178452847,0.002019656241467696,29.12073141897148,4.138978704754132,2.1914638104546232e-07
\mathrm{IM}_3,III,0.6,0.7,51200,102400,0.5623413251903491,base,,nan,finite_interior,484.20833369084147,0.054756865697517816,0.002019656241467696,29.12073141897148,3.947096613671295,8.605116061633737e-07
\mathrm{IM}_3,III,0.6,0.7,51200,102400,0.6812920690579608,base,,nan,finite_interior,409.69658875457696,0.06507500948876553,0.002019656241467696,29.12073141897148,3.7552145225884583,1.1350460205714408e-06
\mathrm{IM}_3,III,0.6,0.7,51200,102400,0.8254041852680182,base,,nan,finite_interior,346.6700292672868,0.07727597579458251,0.002019656241467696,29.12073141897148,3.5633324315056205,9.94128704988985e-07
\mathrm{IM}_3,III,0.6,0.7,51200,102400,1.0,base,,nan,finite_interior,293.34660145388955,0.09168600375742632,0.002019656241467696,29.12073141897148,3.371450340422783,8.308547482666036e-07
\mathrm{IM}_3,III,0.6,0.7,51200,102400,1.2115276586285877,base,,nan,finite_interior,248.21824030290455,0.10868290816137328,0.002019656241467696,29.12073141897148,3.1795682493399466,2.2364322115192155e-07
\mathrm{IM}_3,III,0.6,0.7,51200,102400,1.467799267622069,base,,nan,finite_interior,210.03531165033522,0.12870283440802777,0.002019656241467696,29.12073141897148,2.9876861582571093,1.1304073105236144e-06
\mathrm{IM}_3,III,0.6,0.7,51200,102400,1.7782794100389228,base,,nan,finite_interior,177.76646366511562,0.1522480478506433,0.002019656241467696,29.12073141897148,2.795804067174272,9.863929472028196e-07
\mathrm{IM}_3,III,0.6,0.7,51200,102400,2.154434690031882,base,,nan,finite_interior,150.4880099944173,0.17989500553932816,0.002019656241467696,29.12073141897148,2.6039219760914354,8.790948103299602e-07
\mathrm{IM}_3,III,0.6,0.7,51200,102400,2.610157215682536,base,,nan,finite_interior,127.31115078006127,0.21229890127285042,0.002019656241467696,29.12073141897148,2.412039885008598,4.0919261597621943e-07
\mathrm{IM}_3,III,0.6,0.7,51200,102400,3.1622776601683795,base,,nan,finite_interior,107.47981753635428,0.2501917146742488,0.002019656241467696,29.12073141897148,2.2201577939257606,1.0813112022454268e-06
\mathrm{IM}_3,III,0.6,0.7,51200,102400,3.831186849557285,base,,nan,finite_interior,90.56584504985501,0.2943829875698047,0.002019656241467696,29.12073141897148,2.028275702842924,1.4583766192850074e-06
\mathrm{IM}_3,III,0.6,0.7,51200,102400,4.6415888336127775,base,,nan,finite_interior,76.46871399215777,0.34579007071141715,0.002019656241467696,29.12073141897148,1.8363936117600865,1.8246386793969005e-06
\mathrm{IM}_3,III,0.6,0.7,51200,102400,5.623413251903491,base,,nan,finite_interior,65.0289572607507,0.40550376606340965,0.002019656241467696,29.12073141897148,1.644511520677249,1.5222007703415881e-06
\mathrm{IM}_3,III,0.6,0.7,51200,102400,6.812920690579608,base,,nan,finite_interior,55.74581479018036,0.4748232771919043,0.002019656241467696,29.12073141897148,1.4526294295944127,1.2716378264508672e-06
\mathrm{IM}_3,III,0.6,0.7,51200,102400,8.254041852680182,base,,nan,finite_interior,47.973700521523014,0.5552035872664166,0.002019656241467696,29.12073141897148,1.260747338511575,2.9485800506130835e-07
\mathrm{IM}_3,III,0.6,0.7,51200,102400,10.0,base,,nan,finite_interior,41.15546300490299,0.648124366993303,0.002019656241467696,29.12073141897148,1.0688652474287375,1.004740217606308e-06
\mathrm{IM}_3,III,0.6,0.7,51200,102400,12.115276586285876,base,,nan,finite_interior,34.86271339974414,0.7548489951379491,0.002019656241467696,29.12073141897148,0.8769831563459011,1.609533280678172e-06
\mathrm{IM}_3,III,0.6,0.7,51200,102400,14.677992676220676,base,,nan,finite_interior,28.74210555196004,0.8759176880609973,0.002019656241467696,29.12073141897148,0.6851010652630648,1.6831936336667627e-06
\mathrm{IM}_3,III,0.6,0.7,51200,102400,16.375790696656658,boundary_refinement,zero,-0.25,finite_interior,25.192986305527448,0.9510192095953605,0.002019656241467696,29.12073141897148,0.5756462732485115,1.3635749700073575e-06
\mathrm{IM}_3,III,0.6,0.7,51200,102400,17.346117298157154,boundary_refinement,zero,-0.225,finite_interior,23.27629579577268,0.9919925771948985,0.002019656241467696,29.12073141897148,0.5180816459236602,7.869097515962593e-07
\mathrm{IM}_3,III,0.6,0.7,51200,102400,17.78279410038923,base,,nan,finite_interior,22.433170286715026,1.0099433204094668,0.002019656241467696,29.12073141897148,0.4932189741802262,4.47076207125758e-07
\mathrm{IM}_3,III,0.6,0.7,51200,102400,18.373939365435174,boundary_refinement,zero,-0.2,finite_interior,21.307155106473754,1.033739952032092,0.002019656241467696,29.12073141897148,0.46051701859880934,1.4562333219672652e-06
\mathrm{IM}_3,III,0.6,0.7,51200,102400,19.46266371901884,boundary_refinement,zero,-0.17500000000000002,finite_interior,19.268600448316928,1.0759703459807135,0.002019656241467696,29.12073141897148,0.4029523912739581,9.931738779743296e-07
\mathrm{IM}_3,III,0.6,0.7,51200,102400,20.615899046243573,boundary_refinement,zero,-0.15,finite_interior,17.139752204883568,1.1182654827056575,0.002019656241467696,29.12073141897148,0.34538776394910686,5.99192648318549e-07
\mathrm{IM}_3,III,0.6,0.7,51200,102400,21.54434690031882,base,,nan,finite_interior,15.43340186219847,1.1503080210829983,0.002019656241467696,29.12073141897148,0.30133688309738976,6.073396490813869e-07
\mathrm{IM}_3,III,0.6,0.7,51200,102400,21.837467862612424,boundary_refinement,zero,-0.125,finite_interior,14.894019187464123,1.1600208571865394,0.002019656241467696,29.12073141897148,0.2878231366242556,4.874274528021533e-07
\mathrm{IM}_3,III,0.6,0.7,51200,102400,23.131419181911536,boundary_refinement,zero,-0.1,finite_interior,12.496350300138044,1.2003502587277963,0.002019656241467696,29.12073141897148,0.23025850929940458,2.012709485601213e-07
\mathrm{IM}_3,III,0.6,0.7,51200,102400,24.50204193707719,boundary_refinement,zero,-0.07500000000000001,finite_interior,9.89863792006139,1.2379229274085695,0.002019656241467696,29.12073141897148,0.17269388197455351,6.500087524671769e-07
\mathrm{IM}_3,III,0.6,0.7,51200,102400,25.953879196299173,boundary_refinement,zero,-0.05,finite_interior,7.031684232326241,1.2706675011217992,0.002019656241467696,29.12073141897148,0.11512925464970225,1.5846516528228188e-06
\mathrm{IM}_3,III,0.6,0.7,51200,102400,26.10157215682533,base,,nan,finite_interior,6.730935225745549,1.2735214711451959,0.002019656241467696,29.12073141897148,0.10945479201455334,1.7019074954317182e-06
\mathrm{IM}_3,III,0.6,0.7,51200,102400,27.491743221481237,boundary_refinement,zero,-0.025,finite_interior,3.789995154220631,1.2951878280888258,0.002019656241467696,29.12073141897148,0.05756462732485113,2.645275841412952e-06
\mathrm{IM}_3,III,0.6,0.7,51200,102400,30.84624323543286,boundary_refinement,zero,0.025,no_training,0.0,1.3054778030555496,0.002019656241467696,29.12073141897148,0.057564627324851146,0.0
\mathrm{IM}_3,III,0.6,0.7,51200,102400,31.622776601683793,base,,nan,no_training,0.0,1.3054778030555496,0.002019656241467696,29.12073141897148,0.08242729906828528,0.0
\mathrm{IM}_3,III,0.6,0.7,51200,102400,32.673998054857,boundary_refinement,zero,0.05,no_training,0.0,1.3054778030555496,0.002019656241467696,29.12073141897148,0.1151292546497022,0.0
\mathrm{IM}_3,III,0.6,0.7,51200,102400,34.61005415604277,boundary_refinement,zero,0.07500000000000001,no_training,0.0,1.3054778030555496,0.002019656241467696,29.12073141897148,0.1726938819745535,0.0
\mathrm{IM}_3,III,0.6,0.7,51200,102400,36.66082879337602,boundary_refinement,zero,0.1,no_training,0.0,1.3054778030555496,0.002019656241467696,29.12073141897148,0.2302585092994046,0.0
\mathrm{IM}_3,III,0.6,0.7,51200,102400,38.31186849557285,base,,nan,no_training,0.0,1.3054778030555496,0.002019656241467696,29.12073141897148,0.2743093901511217,0.0
\mathrm{IM}_3,III,0.6,0.7,51200,102400,38.833119467470354,boundary_refinement,zero,0.125,no_training,0.0,1.3054778030555496,0.002019656241467696,29.12073141897148,0.2878231366242557,0.0
\mathrm{IM}_3,III,0.6,0.7,51200,102400,41.13412645617267,boundary_refinement,zero,0.15,no_training,0.0,1.3054778030555496,0.002019656241467696,29.12073141897148,0.3453877639491069,0.0
\mathrm{IM}_3,III,0.6,0.7,51200,102400,43.57147668061457,boundary_refinement,zero,0.17500000000000002,no_training,0.0,1.3054778030555496,0.002019656241467696,29.12073141897148,0.402952391273958,0.0
\mathrm{IM}_3,III,0.6,0.7,51200,102400,46.15324898541636,boundary_refinement,zero,0.2,no_training,0.0,1.3054778030555496,0.002019656241467696,29.12073141897148,0.46051701859880906,0.0
\mathrm{IM}_3,III,0.6,0.7,51200,102400,46.41588833612773,base,,nan,no_training,0.0,1.3054778030555496,0.002019656241467696,29.12073141897148,0.4661914812339583,0.0
\mathrm{IM}_3,III,0.6,0.7,51200,102400,48.88800091683721,boundary_refinement,zero,0.225,no_training,0.0,1.3054778030555496,0.002019656241467696,29.12073141897148,0.5180816459236602,0.0
\mathrm{IM}_3,III,0.6,0.7,51200,102400,51.78479708763053,boundary_refinement,zero,0.25,no_training,0.0,1.3054778030555496,0.002019656241467696,29.12073141897148,0.5756462732485114,0.0
\mathrm{IM}_3,III,0.6,0.7,51200,102400,56.23413251903491,base,,nan,no_training,0.0,1.3054778030555496,0.002019656241467696,29.12073141897148,0.6580735723167966,0.0
\mathrm{IM}_3,III,0.6,0.7,51200,102400,68.12920690579608,base,,nan,no_training,0.0,1.3054778030555496,0.002019656241467696,29.12073141897148,0.8499556633996331,0.0
\mathrm{IM}_3,III,0.6,0.7,51200,102400,82.54041852680173,base,,nan,no_training,0.0,1.3054778030555496,0.002019656241467696,29.12073141897148,1.0418377544824695,0.0
\mathrm{IM}_3,III,0.6,0.7,51200,102400,100.0,base,,nan,no_training,0.0,1.3054778030555496,0.002019656241467696,29.12073141897148,1.2337198455653082,0.0
\mathrm{IM}_3,III,0.6,0.7,51200,102400,121.15276586285876,base,,nan,no_training,0.0,1.3054778030555496,0.002019656241467696,29.12073141897148,1.4256019366481445,0.0
\mathrm{IM}_3,III,0.6,0.7,51200,102400,146.77992676220674,base,,nan,no_training,0.0,1.3054778030555496,0.002019656241467696,29.12073141897148,1.617484027730981,0.0
\mathrm{IM}_3,III,0.6,0.7,51200,102400,177.82794100389228,base,,nan,no_training,0.0,1.3054778030555496,0.002019656241467696,29.12073141897148,1.8093661188138195,0.0
\mathrm{IM}_3,III,0.6,0.7,51200,102400,215.44346900318823,base,,nan,no_training,0.0,1.3054778030555496,0.002019656241467696,29.12073141897148,2.001248209896656,0.0
\mathrm{IM}_3,III,0.6,0.7,51200,102400,261.0157215682533,base,,nan,no_training,0.0,1.3054778030555496,0.002019656241467696,29.12073141897148,2.1931303009794925,0.0
\mathrm{IM}_3,III,0.6,0.7,51200,102400,316.22776601683796,base,,nan,no_training,0.0,1.3054778030555496,0.002019656241467696,29.12073141897148,2.385012392062331,0.0
\mathrm{IM}_3,III,0.6,0.7,51200,102400,383.1186849557285,base,,nan,no_training,0.0,1.3054778030555496,0.002019656241467696,29.12073141897148,2.5768944831451672,0.0
\mathrm{IM}_3,III,0.6,0.7,51200,102400,464.1588833612773,base,,nan,no_training,0.0,1.3054778030555496,0.002019656241467696,29.12073141897148,2.7687765742280037,0.0
\mathrm{IM}_3,III,0.6,0.7,51200,102400,562.341325190349,base,,nan,no_training,0.0,1.3054778030555496,0.002019656241467696,29.12073141897148,2.9606586653108424,0.0
\mathrm{IM}_3,III,0.6,0.7,51200,102400,681.2920690579608,base,,nan,no_training,0.0,1.3054778030555496,0.002019656241467696,29.12073141897148,3.152540756393679,0.0
\mathrm{IM}_3,III,0.6,0.7,51200,102400,825.4041852680173,base,,nan,no_training,0.0,1.3054778030555496,0.002019656241467696,29.12073141897148,3.344422847476515,0.0
\mathrm{IM}_3,III,0.6,0.7,51200,102400,1000.0,base,,nan,no_training,0.0,1.3054778030555496,0.002019656241467696,29.12073141897148,3.5363049385593537,0.0
