route,effective_width,theta,intrinsic_time,tail_completed_clean,centered_clean,pooled_tail_completed_clean,absolute_gap,relative_gap_contrast,phase_envelope,raw_total,relative_gap_local_exponent,phase_envelope_local_exponent
coarse,100000,0.0,17.78279410038923,0.3935516703940461,0.3685517203939294,0.37909957386829746,1.058884185408782,1.0,1.0,1.452435855802828,nan,nan
coarse,100000,0.0,19.109529749704404,0.38019892944903055,0.3551989794489139,0.3656661749669653,1.0870091729506615,1.0192702678417593,1.0192702678417593,1.4672081023996921,nan,nan
coarse,100000,0.0,20.53525026457146,0.3673087858174992,0.34230883581738253,0.35270876423782227,1.115679236674568,1.0389538128939966,1.0389538128939966,1.4829880224920673,-0.26660305833856385,-0.26660305833856385
coarse,100000,0.0,22.0673406908459,0.35486510537829297,0.3298651553781763,0.3402106124392895,1.144904410139858,1.059058593660544,1.059058593660544,1.499769515518151,-0.26685762790877643,-0.26685762790877643
coarse,100000,0.0,23.71373705661655,0.34285231872729566,0.317852368727179,0.32815557069512086,1.1746948475298458,1.0795928942787927,1.0795928942787927,1.5175471662571414,-0.26711079804316207,-0.26711079804316207
coarse,100000,0.0,25.482967479793466,0.3312554015915634,0.30625545159144674,0.31652805167571707,1.205060817561004,1.1005653267503068,1.1005653267503068,1.5363162191525674,-0.26761862714635243,-0.26761862714635243
coarse,100000,0.0,27.384196342643612,0.32005985593523095,0.2950599059351143,0.3053130112646534,1.2360126965226539,1.1219848337383354,1.1219848337383354,1.556072552457885,-0.26811472213241044,-0.26811472213241044
coarse,100000,0.0,29.42727176209282,0.30925115885956383,0.28425120885944716,0.29449511929799865,1.2675564756612376,1.143861589426545,1.143861589426545,1.5768076345208015,-0.2686003760959738,-0.2686003760959738
coarse,100000,0.0,31.622776601683793,0.2988145604500191,0.2738146104499024,0.2840584866253191,1.2996922179601151,1.1662073225980965,1.1662073225980965,1.598506778410134,-0.2690767297970941,-0.2690767297970941
coarse,100000,0.0,33.982083289425596,0.28873880681707875,0.2637388568169621,0.2739923066410923,1.3324454702036548,1.1890290330007145,1.1890290330007145,1.6211842770207334,-0.2695447770737401,-0.2695447770737401
coarse,100000,0.0,36.51741272548377,0.2790113294337348,0.2540113794336181,0.26428353330499754,1.3658269128580012,1.212337052042542,1.212337052042542,1.644838242291736,-0.27000537078483516,-0.27000537078483516
coarse,100000,0.0,39.24189758484536,0.26962000115337525,0.24462005115325855,0.2549195796580129,1.399847279391915,1.2361420590955923,1.2361420590955923,1.6694672805452901,-0.2704601249797161,-0.2704601249797161
coarse,100000,0.0,42.169650342858226,0.26055312097659067,0.235553170976474,0.24588830238713316,1.4345173417273922,1.2604550863592727,1.2604550863592727,1.695070462703983,-0.2709124299280325,-0.2709124299280325
coarse,100000,0.0,45.31583637600818,0.2517993993449745,0.22679944934485777,0.23717798686438316,1.4698478941083288,1.2852875244277162,1.2852875244277162,1.7216472934533034,-0.27136518219307754,-0.27136518219307754
coarse,100000,0.0,48.69675251658631,0.24334794394064843,0.21834799394053173,0.22877733265274272,1.5058497352784095,1.3106511287834666,1.3106511287834666,1.749197679219058,-0.2718187185912185,-0.2718187185912185
coarse,100000,0.0,52.32991146814947,0.23518751453845366,0.21018756453833695,0.22067437389866817,1.5425277500714978,1.3365593188503608,1.3365593188503608,1.7777152646099514,-0.2722732938012626,-0.2722732938012626
coarse,100000,0.0,56.23413251903491,0.2273069848533217,0.202307034853205,0.21285717808618962,1.5798845493898894,1.3630264711080058,1.3630264711080058,1.8071915342432112,-0.27272909012219193,-0.27272909012219193
coarse,100000,0.0,60.42963902381328,0.2196982850984365,0.1946983350983198,0.20531810766323932,1.6179444764449435,1.390062553760446,1.390062553760446,1.8376427615433801,-0.2731862261061565,-0.2731862261061565
coarse,100000,0.0,64.93816315762113,0.21235198021569887,0.18735203021558217,0.1980473828036424,1.6567180644633277,1.4176808991660792,1.4176808991660792,1.8690700446790265,-0.27364476349250716,-0.27364476349250716
coarse,100000,0.0,69.78305848598663,0.20525896845002572,0.18025901844990902,0.19103557224975612,1.696215725362311,1.445895256506016,1.445895256506016,1.9014746938123366,-0.27410590356558007,-0.27410590356558007
coarse,100000,0.0,74.98942093324558,0.1984104698801421,0.1734105198800254,0.1842735814488784,1.7364477181615503,1.474719805680365,1.474719805680365,1.9348581880416924,-0.27457254143296145,-0.27457254143296145
coarse,100000,0.0,80.58421877614818,0.19179801536977686,0.16679806536966016,0.1777526410985416,1.7774241144877252,1.504169171927875,1.504169171927875,1.9692221298575021,-0.2750467268073478,-0.2750467268073478
coarse,100000,0.0,86.59643233600653,0.1854134359284625,0.16041348592834578,0.17146429609016592,1.8191547609377887,1.534258441010954,1.534258441010954,2.004568196866251,-0.2755283739725855,-0.2755283739725855
coarse,100000,0.0,93.0572040929699,0.1792479070185155,0.1542479570183988,0.16539906037210503,1.8616413014873343,1.5650051874470279,1.5650051874470279,2.04088920850585,-0.2760173525420092,-0.2760173525420092
coarse,100000,0.0,100.0,0.17329314535370025,0.14829319535358354,0.15954812559662074,1.9048867215100447,1.5964271749786791,1.5964271749786791,2.078179866863745,-0.276513485294429,-0.276513485294429
coarse,100000,0.0,107.46078283213176,0.1675434492712933,0.1425434992711766,0.1539062191227474,1.9489132372030764,1.6285376491161687,1.6285376491161687,2.1164566864743697,-0.2770165460674768,-0.2770165460674768
coarse,100000,0.0,115.47819846894582,0.16199175306907196,0.13699180306895525,0.14846604013215237,1.993729220191873,1.6613537331498325,1.6613537331498325,2.155720973260945,-0.2775262578959139,-0.2775262578959139
coarse,100000,0.0,124.09377607517196,0.15663124382274365,0.13163129382262695,0.14322055245266824,2.0393425603173587,1.6948930951322243,1.6948930951322243,2.1959738041401025,-0.27804392987506626,-0.27804392987506626
coarse,100000,0.0,133.3521432163324,0.15145535294832485,0.12645540294820815,0.13816297567059055,2.085760602678382,1.7291739663295067,1.7291739663295067,2.2372159556267066,-0.27857247960179726,-0.27857247960179726
coarse,100000,0.0,143.30125702369628,0.146457748087102,0.12145779808698529,0.1332867765674134,2.1329900795851446,1.764215160390164,1.764215160390164,2.2794478276722465,-0.2791135889014088,-0.2791135889014088
coarse,100000,0.0,153.9926526059492,0.14163232530300834,0.11663237530289165,0.12858566087104253,2.1810370371094696,1.8000360932366992,1.8000360932366992,2.322669362412478,-0.27966686386170037,-0.27966686386170037
coarse,100000,0.0,165.48170999431815,0.13697203360395585,0.11197208360383916,0.1240519494885315,2.2298952527953873,1.8366600516669234,1.8366600516669234,2.366867286399343,-0.28023185656843874,-0.28023185656843874
coarse,100000,0.0,177.82794100389228,0.1324708639726022,0.10747091397248548,0.11967934243026193,2.2795645218542067,1.874109095623475,1.874109095623475,2.4120353858268087,-0.28080806316711043,-0.28080806316711043
coarse,100000,0.0,191.09529749704404,0.12812486884679664,0.10312491884667993,0.11546431393181367,2.330062549407103,1.912400569662981,1.912400569662981,2.4581874182538996,-0.28139492167411373,-0.28139492167411373
coarse,100000,0.0,205.3525026457146,0.1239287884759649,0.0989288384758482,0.11140145054706836,2.381391546242948,1.9515565533923014,1.9515565533923014,2.505320334718913,-0.2819918095365412,-0.2819918095365412
coarse,100000,0.0,220.673406908459,0.11987755713978597,0.09487760713966926,0.10748554112826546,2.433552554800212,1.9915998394664725,1.9915998394664725,2.5534301119399982,-0.2826002875842237,-0.2826002875842237
coarse,100000,0.0,237.13737056616552,0.11596629704752422,0.09096634704740751,0.10371157027446475,2.4865453346895823,2.0325539572304887,2.0325539572304887,2.6025116317371064,-0.28322342558189084,-0.28322342558189084
coarse,100000,0.0,254.82967479793464,0.11219031248670855,0.08719036248659184,0.10007471202729779,2.540368240458308,2.0744431968266763,2.0744431968266763,2.6525585529450164,-0.2835331565745886,-0.2835331565745886
coarse,100000,0.0,273.8419634264361,0.1085450842121786,0.08354513421206189,0.09657032380410344,2.595018091314637,2.11729263369558,2.11729263369558,2.7035631755268152,-0.2838475392769608,-0.2838475392769608
coarse,100000,0.0,294.2727176209282,0.10502488393954466,0.08002493393942796,0.09319203993242978,2.650471598315028,2.1611333938615553,2.1611333938615553,2.7554964822545727,nan,nan
coarse,100000,0.0,316.22776601683796,0.10162557111458494,0.07662562111446823,0.08993562332958355,2.7067198236279255,2.2059927355301165,2.2059927355301165,2.8083453947425103,nan,nan
coarse,100000,0.25,17.78279410038923,0.3848767012965833,0.3598767512964666,0.37909957386829746,0.5808812008774356,1.0,1.0,0.9657579021740188,nan,nan
coarse,100000,0.25,19.109529749704404,0.37139269880132536,0.3463927488012087,0.3656661749669653,0.5850361635173125,1.0,1.0,0.9564288623186379,nan,nan
coarse,100000,0.25,20.53525026457146,0.35837930979982596,0.3333793597997093,0.35270876423782227,0.589090431956525,1.0,1.0,0.9474697417563509,-0.0,-0.0
coarse,100000,0.25,22.0673406908459,0.34582027072035737,0.3208203207202407,0.3402106124392895,0.5930456150759996,1.0,1.0,0.938865885796357,-0.0,-0.0
coarse,100000,0.25,23.71373705661655,0.33369987516017535,0.3086999251600587,0.32815557069512086,0.5969031982732217,1.0,1.0,0.930603073433397,-0.0,-0.0
coarse,100000,0.25,25.482967479793466,0.3220029554564313,0.29700300545631464,0.31652805167571707,0.6006645463000364,1.0,1.0,0.9226675017564677,-0.0,-0.0
coarse,100000,0.25,27.384196342643612,0.31071486484298755,0.28571491484287087,0.3053130112646534,0.604330905921334,1.0,1.0,0.9150457707643216,-0.0,-0.0
coarse,100000,0.25,29.42727176209282,0.29982062932696657,0.2748206793268499,0.29449511929799865,0.6079007805982984,1.0,1.0,0.9077214099252651,-0.0,-0.0
coarse,100000,0.25,31.622776601683793,0.289304672488003,0.26430472248788633,0.2840584866253191,0.6113692820467936,1.0,1.0,0.9006739545347966,-0.0,-0.0
coarse,100000,0.25,33.982083289425596,0.2791565888053053,0.25415663880518863,0.2739923066410923,0.614746189043551,1.0,1.0,0.8939027778488564,-0.0,-0.0
coarse,100000,0.25,36.51741272548377,0.26936364653989303,0.24436369653977633,0.26428353330499754,0.6180322629057922,1.0,1.0,0.8873959094456851,-0.0,-0.0
coarse,100000,0.25,39.24189758484536,0.2599135540102038,0.2349136040100871,0.2549195796580129,0.6212281597996703,1.0,1.0,0.881141713809874,-0.0,-0.0
coarse,100000,0.25,42.169650342858226,0.2507944449218275,0.2257944949217108,0.24588830238713316,0.6243344322976534,1.0,1.0,0.875128877219481,-0.0,-0.0
coarse,100000,0.25,45.31583637600818,0.24199486417164076,0.21699491417152406,0.23717798686438316,0.6273515305427194,1.0,1.0,0.8693463947143601,-0.0,-0.0
coarse,100000,0.25,48.69675251658631,0.2335037541119991,0.2085038041118824,0.22877733265274272,0.6302798029285644,1.0,1.0,0.8637835570405635,-0.0,-0.0
coarse,100000,0.25,52.32991146814947,0.2253093577725079,0.2003094077723912,0.22067437389866817,0.6331164633857247,1.0,1.0,0.8584258211582326,-0.0,-0.0
coarse,100000,0.25,56.23413251903491,0.21739993345634934,0.19239998345623263,0.21285717808618962,0.6358576799406281,1.0,1.0,0.8532576133969775,-0.0,-0.0
coarse,100000,0.25,60.42963902381328,0.20976808419001047,0.18476813418989377,0.20531810766323932,0.6385106257292295,1.0,1.0,0.8482787099192399,-0.0,-0.0
coarse,100000,0.25,64.93816315762113,0.20240421302829353,0.17740426302817683,0.1980473828036424,0.6410752039171521,1.0,1.0,0.8434794169454456,-0.0,-0.0
coarse,100000,0.25,69.78305848598663,0.19529905841176848,0.17029910841165177,0.19103557224975612,0.6435512107383923,1.0,1.0,0.8388502691501607,-0.0,-0.0
coarse,100000,0.25,74.98942093324558,0.1884436829659662,0.1634437329658495,0.1842735814488784,0.6459383331143956,1.0,1.0,0.8343820160803619,-0.0,-0.0
coarse,100000,0.25,80.58421877614818,0.1818294626916654,0.15682951269154868,0.1777526410985416,0.648236146105367,1.0,1.0,0.8300656087970324,-0.0,-0.0
coarse,100000,0.25,86.59643233600653,0.17544807653563824,0.15044812653552153,0.17146429609016592,0.6504441102682262,1.0,1.0,0.8258921868038644,-0.0,-0.0
coarse,100000,0.25,93.0572040929699,0.16929014722210145,0.14429019722198475,0.16539906037210503,0.6525579477850325,1.0,1.0,0.821848095007134,-0.0,-0.0
coarse,100000,0.25,100.0,0.16334697174573287,0.13834702174561617,0.15954812559662074,0.6545742277611376,1.0,1.0,0.8179211995068705,-0.0,-0.0
coarse,100000,0.25,107.46078283213176,0.15761340751930747,0.13261345751919076,0.1539062191227474,0.6564982332652796,1.0,1.0,0.814111640784587,-0.0,-0.0
coarse,100000,0.25,115.47819846894582,0.15208224844044388,0.12708229844032717,0.14846604013215237,0.658328901726941,1.0,1.0,0.810411150167385,-0.0,-0.0
coarse,100000,0.25,124.09377607517196,0.14674654466458537,0.12174659466446867,0.14322055245266824,0.6600650411938404,1.0,1.0,0.8068115858584257,-0.0,-0.0
coarse,100000,0.25,133.3521432163324,0.14159959422494175,0.11659964422482505,0.13816297567059055,0.661705327222186,1.0,1.0,0.8033049214471277,-0.0,-0.0
coarse,100000,0.25,143.30125702369628,0.13663493495544068,0.11163498495532398,0.1332867765674134,0.6632482996782693,1.0,1.0,0.7998832346337099,-0.0,-0.0
coarse,100000,0.25,153.9926526059492,0.1318463367071575,0.1068463867070408,0.12858566087104253,0.6646923594712734,1.0,1.0,0.7965386961784309,-0.0,-0.0
coarse,100000,0.25,165.48170999431815,0.1272261671376691,0.10222621713755241,0.1240519494885315,0.6660311516289705,1.0,1.0,0.7932573187666396,-0.0,-0.0
coarse,100000,0.25,177.82794100389228,0.12276817652562345,0.09776822652550675,0.11967934243026193,0.6672612123915661,1.0,1.0,0.7900293889171895,-0.0,-0.0
coarse,100000,0.25,191.09529749704404,0.11846889975975981,0.09346894975964311,0.11546431393181367,0.6683863541382209,1.0,1.0,0.7868552538979807,-0.0,-0.0
coarse,100000,0.25,205.3525026457146,0.11432296394165956,0.08932301394154285,0.11140145054706836,0.6694043435280564,1.0,1.0,0.783727307469716,-0.0,-0.0
coarse,100000,0.25,220.673406908459,0.11032519359694543,0.08532524359682872,0.10748554112826546,0.6703127907132712,1.0,1.0,0.7806379843102167,-0.0,-0.0
coarse,100000,0.25,237.13737056616552,0.10647060447621916,0.08147065447610245,0.10371157027446475,0.6711091463871305,1.0,1.0,0.7775797508633496,-0.0,-0.0
coarse,100000,0.25,254.82967479793464,0.10275439758648772,0.07775444758637101,0.10007471202729779,0.6717906990611685,1.0,1.0,0.7745450966476563,-0.0,-0.0
coarse,100000,0.25,273.8419634264361,0.09917195344379272,0.07417200344367601,0.09657032380410344,0.6723545726347138,1.0,1.0,0.7715265260785065,-0.0,-0.0
coarse,100000,0.25,294.2727176209282,0.09571691966731011,0.0707169696671934,0.09319203993242978,0.6727914135578487,1.0,1.0,0.7685083332251588,nan,nan
coarse,100000,0.25,316.22776601683796,0.09238507741865622,0.06738512741853951,0.08993562332958355,0.6730976668948386,1.0,1.0,0.7654827443134948,nan,nan
coarse,100000,0.35,17.78279410038923,0.3826821717774925,0.3576822217773758,0.37909957386829746,0.4623134402295533,1.0,1.0,0.8449956120070458,nan,nan
coarse,100000,0.35,19.109529749704404,0.3691942347987339,0.34419428479861724,0.3656661749669653,0.46224646374763717,0.9927540952364705,0.9927540952364705,0.8314406985463711,nan,nan
coarse,100000,0.35,20.53525026457146,0.35617945802136103,0.33117950802124435,0.35270876423782227,0.46207018517030646,0.985545728853265,0.985545728853265,0.8182496431916675,0.10155859769665665,0.10155859769665665
coarse,100000,0.35,22.0673406908459,0.3436214592621026,0.3186215092619859,0.3402106124392895,0.4617883365664318,0.9783757119777107,0.9783757119777107,0.8054097958285344,0.10164783153754438,0.10164783153754438
coarse,100000,0.35,23.71373705661655,0.3315044149209547,0.30650446492083805,0.32815557069512086,0.461404464498898,0.9712447601104612,0.9712447601104612,0.7929088794198527,0.1017350457776652,0.1017350457776652
coarse,100000,0.35,25.482967479793466,0.31981304188550935,0.2948130918853927,0.31652805167571707,0.4609219379102778,0.964153501060137,0.964153501060137,0.7807349797957872,0.1019104803543738,0.1019104803543738
coarse,100000,0.35,27.384196342643612,0.30853257997172473,0.28353262997160805,0.3053130112646534,0.4603439556597419,0.9571024822026808,0.9571024822026808,0.7688765356314666,0.1020769436139211,0.1020769436139211
coarse,100000,0.35,29.42727176209282,0.2976479293852108,0.2726479793850941,0.29449511929799865,0.45967145129873155,0.9500919386500678,0.9500919386500678,0.7573193806839423,0.10223493844042247,0.10223493844042247
coarse,100000,0.35,31.622776601683793,0.28714337497361775,0.26214342497350107,0.2840584866253191,0.4589026741200638,0.9431217850730278,0.9431217850730278,0.7460460490936816,0.10238493531925093,0.10238493531925093
coarse,100000,0.35,33.982083289425596,0.2770084561272934,0.25200850612717673,0.2739923066410923,0.4580475045137353,0.936193191912509,0.936193191912509,0.7350559606410287,0.10252737388181944,0.10252737388181944
coarse,100000,0.35,36.51741272548377,0.26723033722905576,0.24223038722893905,0.26428353330499754,0.4571084915926426,0.9293064350089552,0.9293064350089552,0.7243388288216983,0.10266266459902786,0.10266266459902786
coarse,100000,0.35,39.24189758484536,0.25779662564141287,0.23279667564129616,0.2549195796580129,0.4560880502767939,0.9224617395759934,0.9224617395759934,0.7138846759182067,0.10279140458276602,0.10279140458276602
coarse,100000,0.35,42.169650342858226,0.2486953571112238,0.2236954071111071,0.24588830238713316,0.4549884668282498,0.9156592844743647,0.9156592844743647,0.7036838239394736,0.10291466455058618,0.10291466455058618
coarse,100000,0.35,45.31583637600818,0.23991498162888242,0.2149150316287657,0.23717798686438316,0.4538119038972481,0.9088992060464752,0.9088992060464752,0.6937268855261305,0.10303353231356262,0.10303353231356262
coarse,100000,0.35,48.69675251658631,0.23144434973065955,0.20644439973054285,0.22877733265274272,0.4525604050127379,0.902181601506392,0.902181601506392,0.6840047547433975,0.10314826950517378,0.10314826950517378
coarse,100000,0.35,52.32991146814947,0.22327160298384044,0.19827165298372373,0.22067437389866817,0.45123363278138096,0.8955063252309735,0.8955063252309735,0.6745052357652214,0.10325912690575283,0.10325912690575283
coarse,100000,0.35,56.23413251903491,0.21538489947866665,0.19038494947854995,0.21285717808618962,0.44983051253434025,0.8888731586755587,0.8888731586755587,0.6652154120130069,0.10336634719306244,0.10336634719306244
coarse,100000,0.35,60.42963902381328,0.2077767907564763,0.18277684075635958,0.20531810766323932,0.44835811830701766,0.8822825935708295,0.8822825935708295,0.6561349090634939,0.10347016733606389,0.10347016733606389
coarse,100000,0.35,64.93816315762113,0.20043760020148582,0.17543765020136912,0.1980473828036424,0.4468180208368186,0.8757345894518389,0.8757345894518389,0.6472556210383045,0.10357082046305854,0.10357082046305854
coarse,100000,0.35,69.78305848598663,0.19335798971124343,0.16835803971112673,0.19103557224975612,0.44521168640027853,0.8692290781018809,0.8692290781018809,0.6385696761115219,0.10366876069026461,0.10366876069026461
coarse,100000,0.35,74.98942093324558,0.18652894846501628,0.16152899846489957,0.1842735814488784,0.44354047835383426,0.8627659649013176,0.8627659649013176,0.6300694268188505,0.10376480999537913,0.10376480999537913
coarse,100000,0.35,80.58421877614818,0.17994178207476558,0.15494183207464887,0.1777526410985416,0.4418056585653449,0.8563451300636368,0.8563451300636368,0.6217474406401104,0.1038596912595287,0.1038596912595287
coarse,100000,0.35,86.59643233600653,0.17358810210867004,0.14858815210855333,0.17146429609016592,0.44000838880772103,0.8499664297966335,0.8499664297966335,0.6135964909163911,0.103953611763073,0.103953611763073
coarse,100000,0.35,93.0572040929699,0.16745845526280181,0.1424585052626851,0.16539906037210503,0.4381471950497423,0.8436294938243765,0.8436294938243765,0.6056056503125441,0.1040467789410899,0.1040467789410899
coarse,100000,0.35,100.0,0.16154407015474637,0.13654412015462966,0.15954812559662074,0.43622125537745476,0.8373339949515418,0.8373339949515418,0.5977653255322011,0.10413939958842547,0.10413939958842547
coarse,100000,0.35,107.46078283213176,0.15583976600757113,0.13083981600745442,0.1539062191227474,0.43423580360304304,0.8310800737558568,0.8310800737558568,0.5900755696106141,0.10423167909729715,0.10423167909729715
coarse,100000,0.35,115.47819846894582,0.15033828058275406,0.12533833058263735,0.14846604013215237,0.4321915882108457,0.8248674958658995,0.8248674958658995,0.5825298687935998,0.10432382078000836,0.10432382078000836
coarse,100000,0.35,124.09377607517196,0.14503261059771227,0.12003266059759558,0.14322055245266824,0.43008926473719494,0.8186960080604256,0.8186960080604256,0.5751218753349072,0.10441631238346823,0.10441631238346823
coarse,100000,0.35,133.3521432163324,0.13991600326706521,0.11491605326694851,0.13816297567059055,0.4279293970274478,0.8125653390436453,0.8125653390436453,0.567845400294513,0.10450995236406177,0.10450995236406177
coarse,100000,0.35,143.30125702369628,0.13498194814472303,0.10998199814460634,0.1332867765674134,0.4257124584568462,0.8064752001475634,0.8064752001475634,0.5606944066015692,0.10460533296956938,0.10460533296956938
coarse,100000,0.35,153.9926526059492,0.13022416925771427,0.10522421925759758,0.12858566087104253,0.4234388331314828,0.8004252859668823,0.8004252859668823,0.5536630023891971,0.10470265808993715,0.10470265808993715
coarse,100000,0.35,165.48170999431815,0.12563497930738926,0.10063502930727257,0.1240519494885315,0.4211057695880124,0.7944150287629486,0.7944150287629486,0.5467407488954017,0.10480212991530695,0.10480212991530695
coarse,100000,0.35,177.82794100389228,0.12120808485827338,0.09620813485815667,0.11967934243026193,0.4187125075605475,0.7884440065116806,0.7884440065116806,0.5399205924188208,0.1049039482794855,0.1049039482794855
coarse,100000,0.35,191.09529749704404,0.11693999692424314,0.09194004692412644,0.11546431393181367,0.41626306422196613,0.7825121768898106,0.7825121768898106,0.5332030611462093,0.10500830991231927,0.10500830991231927
coarse,100000,0.35,205.3525026457146,0.11282530560442156,0.08782535560430485,0.11140145054706836,0.41375745247175516,0.7766191683535347,0.7766191683535347,0.5265827580761767,0.10511540759502139,0.10511540759502139
coarse,100000,0.35,220.673406908459,0.10885880045189601,0.08385885045177931,0.10748554112826546,0.4111956024921414,0.7707645950825329,0.7707645950825329,0.5200544029440374,0.10522586704966364,0.10522586704966364
coarse,100000,0.35,237.13737056616552,0.10503546418673959,0.08003551418662289,0.10371157027446475,0.4085773633564067,0.7649480573446904,0.7649480573446904,0.5136128275431463,0.10534060110522278,0.10534060110522278
coarse,100000,0.35,254.82967479793464,0.10135046663979146,0.07635051663967475,0.10007471202729779,0.40590250480884865,0.7591691418387124,0.7591691418387124,0.5072529714486401,0.10539743408076374,0.10539743408076374
coarse,100000,0.35,273.8419634264361,0.09779915891810022,0.07279920891798351,0.09657032380410344,0.4031707192501134,0.7534274220203913,0.7534274220203913,0.5009698781682136,0.10545559341363964,0.10545559341363964
coarse,100000,0.35,294.2727176209282,0.0943751478146262,0.0693751978145095,0.09319203993242978,0.4003776792207638,0.7477221050656488,0.7477221050656488,0.49475282703539,nan,nan
coarse,100000,0.35,316.22776601683796,0.09107418867781307,0.06607423867769636,0.08993562332958355,0.3975227970603301,0.7420527119719597,0.7420527119719597,0.4885969857381432,nan,nan
coarse,100000,0.5,17.78279410038923,0.3802500627679342,0.35525011276781754,0.37909957386829746,0.3329607373439185,1.0,1.0,0.7132108001118527,nan,nan
coarse,100000,0.5,19.109529749704404,0.3667772510047706,0.3417773010046539,0.3656661749669653,0.3294455281205408,0.9824154896634568,0.9824154896634568,0.6962227791253114,nan,nan
coarse,100000,0.5,20.53525026457146,0.35378026440341986,0.3287803144033032,0.35270876423782227,0.32588172384349223,0.9651000385726495,0.9651000385726495,0.6796619882469122,0.24791799546752238,0.24791799546752238
coarse,100000,0.5,22.0673406908459,0.3412425282695633,0.31624257826944663,0.3402106124392895,0.32227460796749424,0.9480522791507953,0.9480522791507953,0.6635171362370575,0.2481695088705004,0.2481695088705004
coarse,100000,0.5,23.71373705661655,0.32914803318942615,0.30414808318930947,0.32815557069512086,0.31862913994430414,0.9312705780711508,0.9312705780711508,0.6477771731337303,0.24841683053016972,0.24841683053016972
coarse,100000,0.5,25.482967479793466,0.3174813171193255,0.2924813671192088,0.31652805167571707,0.31494997323530854,0.9147530662058285,0.9147530662058285,0.6324312903546341,0.24891359787073403,0.24891359787073403
coarse,100000,0.5,27.384196342643612,0.3062274479462899,0.28122749794617324,0.3053130112646534,0.31124147237138416,0.8984976657124605,0.8984976657124605,0.6174689203176741,0.2493898294122296,0.2493898294122296
coarse,100000,0.5,29.42727176209282,0.29537117005356306,0.2703712200534464,0.29449511929799865,0.30750617517368833,0.882501469803293,0.882501469803293,0.6028773452272513,0.2498465600897596,0.2498465600897596
coarse,100000,0.5,31.622776601683793,0.2848966315965395,0.2598966815964228,0.2840584866253191,0.30374458465684845,0.8667607301502162,0.8667607301502162,0.5886412162533879,0.2502847560012667,0.2502847560012667
coarse,100000,0.5,33.982083289425596,0.27479319079569975,0.24979324079558304,0.2739923066410923,0.29996562370798197,0.851275116795988,0.851275116795988,0.5747588145036817,0.2507053183573596,0.2507053183573596
coarse,100000,0.5,36.51741272548377,0.26504786794308155,0.24004791794296484,0.26428353330499754,0.29617261383384497,0.8360419088185816,0.8360419088185816,0.5612204817769265,0.2511090876483285,0.2511090876483285
coarse,100000,0.5,39.24189758484536,0.25564813326279284,0.23064818326267617,0.2549195796580129,0.292368663929032,0.8210582822912084,0.8210582822912084,0.5480167971918248,0.2514975260694302,0.2514975260694302
coarse,100000,0.5,42.169650342858226,0.24658189218989227,0.22158194218977556,0.24588830238713316,0.28855668224415326,0.8063213248633563,0.8063213248633563,0.5351385744340456,0.25187357594602094,0.25187357594602094
coarse,100000,0.5,45.31583637600818,0.23783747108567663,0.21283752108555992,0.23717798686438316,0.2847393875197982,0.7918280487738472,0.7918280487738472,0.5225768586054749,0.25224013174235327,0.25224013174235327
coarse,100000,0.5,48.69675251658631,0.22940360338205043,0.20440365338193373,0.22877733265274272,0.28091931927243463,0.7775754023750812,0.7775754023750812,0.5103229226544851,0.25259772039727657,0.25259772039727657
coarse,100000,0.5,52.32991146814947,0.22126833075219762,0.19626838075208092,0.22067437389866817,0.2770973171600042,0.763559721734623,0.763559721734623,0.49836564791220184,0.25294685016804,0.25294685016804
coarse,100000,0.5,56.23413251903491,0.21341972034773443,0.18841977034761773,0.21285717808618962,0.27327370911219606,0.7497771957170534,0.7497771957170534,0.4866934294599305,0.25328801657634287,0.25328801657634287
coarse,100000,0.5,60.42963902381328,0.20585019912960711,0.1808502491294904,0.20531810766323932,0.2694542081033522,0.7362259794048639,0.7362259794048639,0.4753044072329593,0.2536217075264684,0.2536217075264684
coarse,100000,0.5,64.93816315762113,0.19854999765194195,0.17355004765182525,0.1980473828036424,0.26564069737829993,0.7229028376302306,0.7229028376302306,0.4641906950302419,0.2539484072388674,0.2539484072388674
coarse,100000,0.5,69.78305848598663,0.19150969062213935,0.16650974062202265,0.19103557224975612,0.2618349224435251,0.709804512046587,0.709804512046587,0.4533446130656644,0.25426935907698417,0.25426935907698417
coarse,100000,0.5,74.98942093324558,0.1847201854694245,0.1597202354693078,0.1842735814488784,0.25803849736205225,0.696927726380275,0.696927726380275,0.4427586828314768,0.2545870176767749,0.2545870176767749
coarse,100000,0.5,80.58421877614818,0.1781727112933149,0.1531727612931982,0.1777526410985416,0.254252910780715,0.6842691912311778,0.6842691912311778,0.4324256220740299,0.254903452755267,0.254903452755267
coarse,100000,0.5,86.59643233600653,0.17185880818279045,0.14685885818267375,0.17146429609016592,0.2504795317507614,0.671825608509675,0.671825608509675,0.42233833993355185,0.2552191194284828,0.2552191194284828
coarse,100000,0.5,93.0572040929699,0.1657689670735817,0.140769017073465,0.16539906037210503,0.24671804382818102,0.6595931343024555,0.6595931343024555,0.41248701090176276,0.25553447837543325,0.25553447837543325
coarse,100000,0.5,100.0,0.15989436128340825,0.13489441128329155,0.15954812559662074,0.24296854716511432,0.6475681074857014,0.6475681074857014,0.40286290844852257,0.2558499938828892,0.2558499938828892
coarse,100000,0.5,107.46078283213176,0.1542297331880688,0.12922978318795209,0.1539062191227474,0.2392348141791913,0.6357481646258778,0.6357481646258778,0.3934645473672601,0.25616613193242577,0.25616613193242577
coarse,100000,0.5,115.47819846894582,0.14876776719287133,0.12376781719275463,0.14846604013215237,0.23551777136588423,0.6241300000179864,0.6241300000179864,0.3842855385587556,0.25648335843947845,0.25648335843947845
coarse,100000,0.5,124.09377607517196,0.14350141068263214,0.11850146068251544,0.14322055245266824,0.23181825302768466,0.612710317716582,0.612710317716582,0.3753196637103168,0.2568031410648894,0.2568031410648894
coarse,100000,0.5,133.3521432163324,0.138423865366206,0.11342391536608928,0.13816297567059055,0.22813700597289838,0.6014858341806549,0.6014858341806549,0.36656087133910437,0.2571280162026282,0.2571280162026282
coarse,100000,0.5,143.30125702369628,0.13352857892617997,0.10852862892606328,0.1332867765674134,0.22447469403806738,0.5904532806631907,0.5904532806631907,0.3580032729642474,0.25745980075118063,0.25745980075118063
coarse,100000,0.5,153.9926526059492,0.12880923696496024,0.10380928696484354,0.12858566087104253,0.22083190244969159,0.5796094053680592,0.5796094053680592,0.3496411394146518,0.25779900534703953,0.25779900534703953
coarse,100000,0.5,165.48170999431815,0.12425812698018478,0.09925817698006807,0.1240519494885315,0.21720740220111812,0.5689503592159708,0.5689503592159708,0.3414655291813029,0.25814614156190757,0.25814614156190757
coarse,100000,0.5,177.82794100389228,0.119868925339945,0.0948689753398283,0.11967934243026193,0.21360113803988948,0.5584727395409089,0.5584727395409089,0.3334700633798345,0.2585017199749862,0.2585017199749862
coarse,100000,0.5,191.09529749704404,0.1156381006304292,0.0906381506303125,0.11546431393181367,0.2100157300743909,0.5481741434397236,0.5481741434397236,0.3256538307048201,0.2588662479815246,0.2588662479815246
coarse,100000,0.5,205.3525026457146,0.11156021657146688,0.08656026657135017,0.11140145054706836,0.20645147599502187,0.5380513967048438,0.5380513967048438,0.31801169256648876,0.25924022731610846,0.25924022731610846
coarse,100000,0.5,220.673406908459,0.10763003891630288,0.08263008891618617,0.10748554112826546,0.20290861556923945,0.5281013505365783,0.5281013505365783,0.3105386544855423,0.2596256699285114,0.2596256699285114
coarse,100000,0.5,237.13737056616552,0.10384252900718523,0.07884257900706852,0.10371157027446475,0.1993873344061051,0.5183208827323036,0.5183208827323036,0.30322986341329033,0.26002559410969306,0.26002559410969306
coarse,100000,0.5,254.82967479793464,0.10019283756723799,0.07519288756712128,0.10007471202729779,0.19588776768431287,0.5087068987818427,0.5087068987818427,0.2960806052515509,0.26022376619831866,0.26022376619831866
coarse,100000,0.5,273.8419634264361,0.09667629871951847,0.07167634871940176,0.09657032380410344,0.19241000385960705,0.49925633288390675,0.49925633288390675,0.2890863025791255,0.2604264303126681,0.2604264303126681
coarse,100000,0.5,294.2727176209282,0.09328651252926246,0.06828656252914575,0.09319203993242978,0.18895200627912942,0.48996534577407336,0.48996534577407336,0.2822385188083919,nan,nan
coarse,100000,0.5,316.22776601683796,0.09001921998754073,0.06501926998742402,0.08993562332958355,0.18551377362465427,0.48083090241907805,0.48083090241907805,0.27553299361219497,nan,nan
coarse,100000,0.65,17.78279410038923,0.37854785860142026,0.3535479086013036,0.37909957386829746,0.2444135859862341,1.0,1.0,0.6229614445876543,nan,nan
coarse,100000,0.65,19.109529749704404,0.36510126763927814,0.34010131763916146,0.3656661749669653,0.23947102391469344,0.9728194326302663,0.9728194326302663,0.6045722915539715,nan,nan
coarse,100000,0.65,20.53525026457146,0.3521319614334196,0.32713201143330295,0.35270876423782227,0.23455994003519184,0.9463109198334413,0.9463109198334413,0.5866919014686115,0.3853072854050943,0.3853072854050943
coarse,100000,0.65,22.0673406908459,0.33962319042894046,0.3146232404288238,0.3402106124392895,0.22968476409522298,0.9204624306923341,0.9204624306923341,0.5693079545241635,0.38574642179971336,0.38574642179971336
coarse,100000,0.65,23.71373705661655,0.3275587805922252,0.30255883059210853,0.32815557069512086,0.22484950211039273,0.8952616949214182,0.8952616949214182,0.552408282702618,0.3861810673902925,0.3861810673902925
coarse,100000,0.65,25.482967479793466,0.3159231152678503,0.2909231652677336,0.31652805167571707,0.22005776636387908,0.870696262493596,0.870696262493596,0.5359808816317293,0.38705287753491546,0.38705287753491546
coarse,100000,0.65,27.384196342643612,0.3047011174671022,0.27970116746698553,0.3053130112646534,0.21531280345644407,0.8467535563440111,0.8467535563440111,0.5200139209235463,0.38789779804581054,0.38789779804581054
coarse,100000,0.65,29.42727176209282,0.29387741527307015,0.2688774652729535,0.29449511929799865,0.21061633219012244,0.8234198324644839,0.8234198324644839,0.5044937474631925,0.38871713124313095,0.38871713124313095
coarse,100000,0.65,31.622776601683793,0.2834360711140544,0.2584361211139377,0.2840584866253191,0.20596845137746692,0.8006801618025345,0.8006801618025345,0.48940452249152133,0.3895120763574625,0.3895120763574625
coarse,100000,0.65,33.982083289425596,0.27336625947452725,0.24836630947441057,0.2739923066410923,0.20137556431866557,0.7785256108650624,0.7785256108650624,0.47474182379319285,0.39028373668719035,0.39028373668719035
coarse,100000,0.65,36.51741272548377,0.26365489174106166,0.23865494174094495,0.26428353330499754,0.19683966000110048,0.7569434544607051,0.7569434544607051,0.46049455174216214,0.3910331268476862,0.3910331268476862
coarse,100000,0.65,39.24189758484536,0.2542893372891449,0.2292893872890282,0.2549195796580129,0.19236248078022924,0.7359210307784273,0.7359210307784273,0.44665181806937415,0.3917625211087109,0.3917625211087109
coarse,100000,0.65,42.169650342858226,0.245257408390443,0.2202574583903263,0.24588830238713316,0.1879455406408547,0.7154457649598885,0.7154457649598885,0.4332029490312977,0.3924770590603623,0.3924770590603623
coarse,100000,0.65,45.31583637600818,0.2365473455585861,0.21154739555846938,0.23717798686438316,0.1835901421093911,0.6955051894011368,0.6955051894011368,0.4201374876679772,0.3931815599516076,0.3931815599516076
coarse,100000,0.65,48.69675251658631,0.22814780332888812,0.20314785332877142,0.22877733265274272,0.17929739187002997,0.6760869610692495,0.6760869610692495,0.4074451951989181,0.3938766209102678,0.3938766209102678
coarse,100000,0.65,52.32991146814947,0.22004676862257092,0.1950468186224542,0.22067437389866817,0.1750671232164886,0.6571779252488902,0.6571779252488902,0.39511389183905954,0.39456281455707237,0.39456281455707237
coarse,100000,0.65,56.23413251903491,0.21223226282404972,0.18723231282393302,0.21285717808618962,0.1708987911243852,0.6387649066013829,0.6387649066013829,0.38313105394843494,0.39524069754687496,0.39524069754687496
coarse,100000,0.65,60.42963902381328,0.20469661008729545,0.17969666008717874,0.20531810766323932,0.16679562425981678,0.6208383025032829,0.6208383025032829,0.3714922343471122,0.3959108178676454,0.3959108178676454
coarse,100000,0.65,64.93816315762113,0.19742998668928313,0.17243003668916643,0.1980473828036424,0.16275805538958296,0.6033863646880954,0.6033863646880954,0.3601880420788661,0.39657372043862416,0.39657372043862416
coarse,100000,0.65,69.78305848598663,0.1904229183073785,0.1654229683072618,0.19103557224975612,0.15878638482161686,0.5863975240652267,0.5863975240652267,0.34920930312899534,0.39723157129613945,0.39723157129613945
coarse,100000,0.65,74.98942093324558,0.18366626827583218,0.15866631827571548,0.1842735814488784,0.15488079011767214,0.5698603961790331,0.5698603961790331,0.3385470583935043,0.3978890269710484,0.3978890269710484
coarse,100000,0.65,80.58421877614818,0.17715122623251867,0.15215127623240196,0.1777526410985416,0.15104133525072003,0.5537637857269224,0.5537637857269224,0.3281925614832387,0.3985498082922194,0.3985498082922194
coarse,100000,0.65,86.59643233600653,0.170869297146877,0.1458693471467603,0.17146429609016592,0.14726797926940535,0.5380966902831436,0.5380966902831436,0.31813727641628237,0.3992144743665184,0.3992144743665184
coarse,100000,0.65,93.0572040929699,0.16481095596652837,0.13981100596641166,0.16539906037210503,0.14355953676551836,0.5228473888120212,0.5228473888120212,0.30837049273204675,0.3998835971151771,0.3998835971151771
coarse,100000,0.65,100.0,0.15896735725076597,0.13396740725064926,0.15954812559662074,0.13991511684579164,0.5080046833181523,0.5080046833181523,0.2988824740965576,0.4005577586968552,0.4005577586968552
coarse,100000,0.65,107.46078283213176,0.15333319282037527,0.12833324282025857,0.1539062191227474,0.13633624422864532,0.4935597583180832,0.4935597583180832,0.2896694370490206,0.4012375489302532,0.4012375489302532
coarse,100000,0.65,115.47819846894582,0.14790112687953944,0.12290117687942274,0.14846604013215237,0.1328225214627745,0.4795023913095837,0.4795023913095837,0.28072364834231395,0.4019235628545387,0.4019235628545387
coarse,100000,0.65,124.09377607517196,0.14266408965031557,0.11766413965019888,0.14322055245266824,0.12937348408849297,0.46582256314455517,0.46582256314455517,0.27203757373880855,0.4026186121486015,0.4026186121486015
coarse,100000,0.65,133.3521432163324,0.13761526849312516,0.11261531849300847,0.13816297567059055,0.12598860673383544,0.45251045815509455,0.45251045815509455,0.2636038752269606,0.4033278128142873,0.4033278128142873
coarse,100000,0.65,143.30125702369628,0.13274809934374768,0.10774814934363097,0.1332867765674134,0.12266730885251213,0.43955646385302277,0.43955646385302277,0.2554154081962598,0.404054678662833,0.404054678662833
coarse,100000,0.65,153.9926526059492,0.12805625845777024,0.10305630845765354,0.12858566087104253,0.1194089601277251,0.42695117025260065,0.42695117025260065,0.24746521858549536,0.40479996382117556,0.40479996382117556
coarse,100000,0.65,165.48170999431815,0.12353203898545899,0.09853208898534228,0.1240519494885315,0.11621180289185136,0.4146843780404575,0.4146843780404575,0.23974384187731035,0.4055644318009587,0.4055644318009587
coarse,100000,0.65,177.82794100389228,0.11916911434299576,0.09416916434287906,0.11967934243026193,0.11307484559406328,0.4027468030879551,0.4027468030879551,0.23224395993705904,0.4063488524382485,0.4063488524382485
coarse,100000,0.65,191.09529749704404,0.11496393282184016,0.08996398282172345,0.11546431393181367,0.10999874774293651,0.3911309159206506,0.3911309159206506,0.22496268056477667,0.407153998349758,0.407153998349758
coarse,100000,0.65,205.3525026457146,0.1109110567480015,0.0859111067478848,0.11140145054706836,0.10698271914623189,0.3798280943852236,0.3798280943852236,0.2178937758942334,0.4079806408597527,0.4079806408597527
coarse,100000,0.65,220.673406908459,0.10700525201402587,0.08200530201390917,0.10748554112826546,0.10402594337883175,0.36882991205868093,0.36882991205868093,0.21103119539285764,0.4088328966529691,0.4088328966529691
coarse,100000,0.65,237.13737056616552,0.10324148149245467,0.07824153149233797,0.10371157027446475,0.10112758161969577,0.35812813613569294,0.35812813613569294,0.20436906311215045,0.40971710605512607,0.40971710605512607
coarse,100000,0.65,254.82967479793464,0.09961489869420039,0.07461494869408368,0.10007471202729779,0.09828677630017175,0.3477147252002455,0.3477147252002455,0.19790167499437214,0.41015535523049385,0.41015535523049385
coarse,100000,0.65,273.8419634264361,0.09612084166237288,0.07112089166225617,0.09657032380410344,0.09550265457904651,0.3375818269061525,0.3375818269061525,0.1916234962414194,0.41060349805967883,0.41060349805967883
coarse,100000,0.65,294.2727176209282,0.092752926426835,0.06775297642671829,0.09319203993242978,0.09277312586772932,0.32772059016162003,0.32772059016162003,0.18552605229456431,nan,nan
coarse,100000,0.65,316.22776601683796,0.08950689850938648,0.06450694850926977,0.08993562332958355,0.0900973263088072,0.318123532765992,0.318123532765992,0.17960422481819366,nan,nan
coarse,100000,0.75,17.78279410038923,0.3777000297155836,0.3527000797154669,0.37909957386829746,0.20124803863647742,1.0,1.0,0.578948068352061,nan,nan
coarse,100000,0.75,19.109529749704404,0.3642726584363785,0.33927270843626184,0.3656661749669653,0.19598116954456776,0.966912773918346,0.966912773918346,0.5602538279809463,nan,nan
coarse,100000,0.75,20.53525026457146,0.351323031420145,0.3263230814200283,0.35270876423782227,0.1907931153891925,0.9348380819883156,0.9348380819883156,0.5421161468093375,0.4705423250543436,0.4705423250543436
coarse,100000,0.75,22.0673406908459,0.3388343024255835,0.3138343524254668,0.3402106124392895,0.18568681215862512,0.9037506578397133,0.9037506578397133,0.5245211145842086,0.4710991358627146,0.4710991358627146
coarse,100000,0.75,23.71373705661655,0.3267902083856439,0.3017902583855272,0.32815557069512086,0.18066475576073693,0.8736252897789025,0.8736252897789025,0.5074549641463808,0.47165226466472476,0.47165226466472476
coarse,100000,0.75,25.482967479793466,0.3151750509063697,0.29017510090625304,0.31652805167571707,0.17572903911426083,0.8444368958740858,0.8444368958740858,0.4909040900206305,0.4727609677460388,0.4727609677460388
coarse,100000,0.75,27.384196342643612,0.3039736781905024,0.27897372819038574,0.3053130112646534,0.17088138649078,0.8161605884828107,0.8161605884828107,0.4748550646812824,0.47384197164667535,0.47384197164667535
coarse,100000,0.75,29.42727176209282,0.29317066206334946,0.2681707120632328,0.29449511929799865,0.16612218405506593,0.7887703850963175,0.7887703850963175,0.45929284611841537,0.4748967133175199,0.4748967133175199
coarse,100000,0.75,31.622776601683793,0.2827500274039381,0.25775007740382144,0.2840584866253191,0.16145043536788456,0.762239185874368,0.762239185874368,0.4442004627718227,0.4759265019509781,0.4759265019509781
coarse,100000,0.75,33.982083289425596,0.2727008506594255,0.24770090065930883,0.2739923066410923,0.1568704082304571,0.7365476475520901,0.7365476475520901,0.42957125888988257,0.4769325287947616,0.4769325287947616
coarse,100000,0.75,36.51741272548377,0.2630099928860537,0.23801004288593702,0.26428353330499754,0.1523826079740264,0.7116720671300047,0.7116720671300047,0.4153926008600801,0.4779158768744341,0.4779158768744341
coarse,100000,0.75,39.24189758484536,0.25366477825088485,0.22866482825076817,0.2549195796580129,0.14798731220692762,0.6875891482148804,0.6875891482148804,0.40165209045781247,0.478879355415245,0.478879355415245
coarse,100000,0.75,42.169650342858226,0.2446529786040205,0.2196530286039038,0.24588830238713316,0.14368459186158844,0.6642760227719327,0.6642760227719327,0.3883375704656089,0.47982962340219965,0.47982962340219965
coarse,100000,0.75,45.31583637600818,0.23596279850231666,0.21096284850219996,0.23717798686438316,0.1394743305287377,0.6417102684222088,0.6417102684222088,0.37543712903105436,0.48077272981074254,0.48077272981074254
coarse,100000,0.75,48.69675251658631,0.22758286068078548,0.20258291068066878,0.22877733265274272,0.1353562421806938,0.619869921771131,0.619869921771131,0.3629391028614793,0.48170930291056446,0.48170930291056446
coarse,100000,0.75,52.32991146814947,0.219501133822822,0.1945011838227053,0.22067437389866817,0.13132899969165393,0.5987323093092606,0.5987323093092606,0.3508301335144759,0.48263994146205125,0.48263994146205125
coarse,100000,0.75,56.23413251903491,0.21170562565801335,0.18670567565789664,0.21285717808618962,0.12739098347935324,0.5782750229407854,0.5782750229407854,0.3390966091373666,0.4835652247093465,0.4835652247093465
coarse,100000,0.75,60.42963902381328,0.20418861555925208,0.17918866555913537,0.20531810766323932,0.12354363369497472,0.5584803626133991,0.5584803626133991,0.3277322492542268,0.48448572088284975,0.48448572088284975
coarse,100000,0.75,64.93816315762113,0.19694026212523508,0.17194031212511837,0.1980473828036424,0.1197861132436061,0.5393282377653597,0.5393282377653597,0.3167263753688412,0.4854019937368465,0.4854019937368465
coarse,100000,0.75,69.78305848598663,0.18995107616316334,0.16495112616304664,0.19103557224975612,0.11611748584892288,0.5207990429375644,0.5207990429375644,0.3060685620120862,0.4863169176819393,0.4863169176819393
coarse,100000,0.75,74.98942093324558,0.18321190871976523,0.15821195871964852,0.1842735814488784,0.1125367265573258,0.5028736562108409,0.5028736562108409,0.29574863527709105,0.4872368453331384,0.4872368453331384
coarse,100000,0.75,80.58421877614818,0.17671393951505684,0.15171398951494014,0.1777526410985416,0.10904273150510245,0.48553343652158654,0.48553343652158654,0.2857566710201593,0.4881666925283393,0.4881666925283393
coarse,100000,0.75,86.59643233600653,0.17044866576939993,0.14544871576928323,0.17146429609016592,0.1056343270187166,0.4687602200467311,0.4687602200467311,0.27608299278811654,0.48910709637942884,0.48910709637942884
coarse,100000,0.75,93.0572040929699,0.16440656419354222,0.1394066141934255,0.16539906037210503,0.10230945518706751,0.4525351871102249,0.4525351871102249,0.26671601938060974,0.4900587114039454,0.4900587114039454
coarse,100000,0.75,100.0,0.1585787893685019,0.1335788393683852,0.15954812559662074,0.09906631955148218,0.43684039565246424,0.43684039565246424,0.25764510891998404,0.49102220698417015,0.49102220698417015
coarse,100000,0.75,107.46078283213176,0.15296001731289843,0.12796006731278173,0.1539062191227474,0.09590503051911835,0.4216610553130376,0.4216610553130376,0.2488650478320168,0.491998264783608,0.491998264783608
coarse,100000,0.75,115.47819846894582,0.14754291156729124,0.12254296156717454,0.14846604013215237,0.09282420174641387,0.4069808425487857,0.4069808425487857,0.2403671133137051,0.4929875762613567,0.4929875762613567
coarse,100000,0.75,124.09377607517196,0.14232040300909773,0.11732045300898104,0.14322055245266824,0.0898224150065479,0.3927838843821776,0.3927838843821776,0.23214281801564562,0.49399409437585107,0.49399409437585107
coarse,100000,0.75,133.3521432163324,0.1372856808382218,0.11228573083810509,0.13816297567059055,0.08689822595165285,0.3790547510370843,0.3790547510370843,0.22418390678987465,0.4950250994471595,0.4950250994471595
coarse,100000,0.75,143.30125702369628,0.13243218388865044,0.10743223388853373,0.1332867765674134,0.08405016943524307,0.3657784482245267,0.3657784482245267,0.2164823533238935,0.49608548549437853,0.49608548549437853
coarse,100000,0.75,153.9926526059492,0.12775359225648997,0.10275364225637328,0.12858566087104253,0.08127676442645063,0.3529404091446896,0.3529404091446896,0.2090303566829406,0.49717623413301243,0.49717623413301243
coarse,100000,0.75,165.48170999431815,0.1232422097465958,0.0982422597464791,0.1240519494885315,0.07857569826992547,0.3405252902508945,0.3405252902508945,0.20181790801652127,0.49829834628776043,0.49829834628776043
coarse,100000,0.75,177.82794100389228,0.11889171608771582,0.09389176608759911,0.11967934243026193,0.07594527498154648,0.3285190390905192,0.3285190390905192,0.19483699106926228,0.4994528387921044,0.4994528387921044
coarse,100000,0.75,191.09529749704404,0.11469855764360981,0.0896986076434931,0.11546431393181367,0.07338506461420433,0.3169098744712099,0.3169098744712099,0.18808362225781414,0.5006407403596826,0.5006407403596826
coarse,100000,0.75,205.3525026457146,0.11065730345693445,0.08565735345681774,0.11140145054706836,0.07089355751209385,0.3056848458691229,0.3056848458691229,0.18155086096902828,0.5018630868622842,0.5018630868622842
coarse,100000,0.75,220.673406908459,0.10676272660528845,0.08176277660517174,0.10748554112826546,0.06846924825779048,0.29483138885125715,0.29483138885125715,0.17523197486307893,0.5031259165898306,0.5031259165898306
coarse,100000,0.75,237.13737056616552,0.10300979754317986,0.07800984754306316,0.10371157027446475,0.0661106386772677,0.28433731639663773,0.28433731639663773,0.16912043622044756,0.5044385533661602,0.5044385533661602
coarse,100000,0.75,254.82967479793464,0.09939367769480931,0.0743937276946926,0.10007471202729779,0.06381624061378185,0.2741908102513193,0.2741908102513193,0.16320991830859116,0.5050890389832825,0.5050890389832825
coarse,100000,0.75,273.8419634264361,0.09590971328783031,0.0709097632877136,0.09657032380410344,0.0615845784885556,0.2643804123436388,0.2643804123436388,0.1574942917763859,0.5057548909080268,0.5057548909080268
coarse,100000,0.75,294.2727176209282,0.09255153380204564,0.06755158380192894,0.09319203993242978,0.05941331368282449,0.25489364049452823,0.25489364049452823,0.15196484748487013,nan,nan
coarse,100000,0.75,316.22776601683796,0.08931489272404046,0.06431494272392375,0.08993562332958355,0.05730103852652666,0.2457197547418981,0.2457197547418981,0.14661593125056713,nan,nan
coarse,100000,0.9,17.78279410038923,0.3767363476575983,0.3517363976574816,0.37909957386829746,0.15331572379761196,1.0,1.0,0.5300520714552103,nan,nan
coarse,100000,0.9,19.109529749704404,0.36333706222721346,0.3383371122270968,0.3656661749669653,0.148068724914287,0.958917507780317,0.9645649854884853,0.5114057871415004,nan,nan
coarse,100000,0.9,20.53525026457146,0.3504156687733816,0.3254157187732649,0.35270876423782227,0.14295474867466915,0.9194269749935635,0.9303855465697686,0.49337041744805077,0.5864993285401341,0.5013778167035041
coarse,100000,0.9,22.0673406908459,0.33795521020910285,0.3129552602089862,0.3402106124392895,0.13797386038992807,0.8814736623100767,0.8974175543586385,0.4759290705990309,0.5871697911966001,0.5013729370592619
coarse,100000,0.9,23.71373705661655,0.32593932396870473,0.30093937396858805,0.32815557069512086,0.13312574024056295,0.8450039784858576,0.8656184108746189,0.4590650642092677,0.5878384199619111,0.5013758403800087
coarse,100000,0.9,25.482967479793466,0.3143522227537055,0.2893522727535888,0.31652805167571707,0.12840972706691586,0.8099655507789842,0.8349469994014863,0.44276194982062134,0.589177889843701,0.5013787238886493
coarse,100000,0.9,27.384196342643612,0.3031786757234727,0.278178725723356,0.3053130112646534,0.12382485822010197,0.7763072791123482,0.8053636361266969,0.42700353394357465,0.5904923175144432,0.5013819624431294
coarse,100000,0.9,29.42727176209282,0.29240319873479037,0.2674032487346737,0.29449511929799865,0.11936913991404169,0.7439778188379489,0.7768278826931861,0.41177233864883206,0.5917835085371544,0.501382879007744
coarse,100000,0.9,31.622776601683793,0.282009782696451,0.2570098326963343,0.2840584866253191,0.11503954772758107,0.7129255437883187,0.7492978262328607,0.39704933042403207,0.5930531032346212,0.5013785772020688
coarse,100000,0.9,33.982083289425596,0.27198740149166334,0.24698745149154666,0.2739923066410923,0.11083708182147677,0.6831087711667336,0.7227449607640014,0.3828244833131401,0.5943025911103681,0.5013659288643753
coarse,100000,0.9,36.51741272548377,0.26232287052855124,0.23732292052843457,0.26428353330499754,0.10675986815498532,0.6544816969978138,0.6971348730579475,0.3690827386835366,0.5955333247726892,0.5013415608433679
coarse,100000,0.9,39.24189758484536,0.25300347488489777,0.2280035248847811,0.2549195796580129,0.10280588604628209,0.6269998987017112,0.6724343608641834,0.3558093609311799,0.5967489241338684,0.501306314739055
coarse,100000,0.9,42.169650342858226,0.2440169533270473,0.21901700332693058,0.24588830238713316,0.09897298997590145,0.6006203287391496,0.648611392194698,0.34298994330294874,0.5979579778400707,0.5012694990437594
coarse,100000,0.9,45.31583637600818,0.23535148281377294,0.21035153281365623,0.23717798686438316,0.09525892924044348,0.5753013028974238,0.6256350658594538,0.33061041205421643,0.5991679940213674,0.5012359107922288
coarse,100000,0.9,48.69675251658631,0.22699566348074238,0.20199571348062567,0.22877733265274272,0.0916613656306027,0.5510024840458712,0.6034755732334903,0.3186570291113451,0.6003798640025717,0.5012018249950031
coarse,100000,0.9,52.32991146814947,0.2189374559171184,0.1939375059170017,0.22067437389866817,0.08817723941541687,0.5276835007381097,0.5821013504365805,0.30711469533253527,0.6015944424155298,0.5011632140614773
coarse,100000,0.9,56.23413251903491,0.211164864380155,0.1861649143800383,0.21285717808618962,0.08480333529667795,0.5053050471670015,0.5614809215273296,0.29596819967683297,0.6028125588792723,0.5011157289227063
coarse,100000,0.9,60.42963902381328,0.20367013349679283,0.17867018349667613,0.20531810766323932,0.08153871578365586,0.4838339758046881,0.541594139946379,0.2852088492804487,0.6040350278639207,0.5010546788744757
coarse,100000,0.9,64.93816315762113,0.19644341546783026,0.17144346546771355,0.1980473828036424,0.07838081723303092,0.46323507119010765,0.5224152081807557,0.2748242327008612,0.6052626563222203,0.5009750100538776
coarse,100000,0.9,69.78305848598663,0.18947521768128953,0.16447526768117282,0.19103557224975612,0.07532705488704482,0.44347434413815057,0.5039192481818077,0.26480227256833433,0.6064994944447749,0.500878757557619
coarse,100000,0.9,74.98942093324558,0.18275639042988817,0.15775644042977147,0.1842735814488784,0.07237483199010578,0.424519001503728,0.48608227007107285,0.255131222419994,0.6077543497063412,0.5007776079381167
coarse,100000,0.9,80.58421877614818,0.17627811505454602,0.15127816505442931,0.1777526410985416,0.06952154800963543,0.40633741538327517,0.4688811419247188,0.24579966306418144,0.6090338042594685,0.5006764398009401
coarse,100000,0.9,86.59643233600653,0.17003189250318784,0.14503194250307114,0.17146429609016592,0.06676460604640325,0.38889909198906836,0.45229356060878645,0.2367964985495911,0.610338879473192,0.5005695557461917
coarse,100000,0.9,93.0572040929699,0.16400821205742155,0.13900826205730485,0.16539906037210503,0.06410083924562074,0.37217333663665103,0.4362945035373902,0.2281090513030423,0.611670623099004,0.5004507897459559
coarse,100000,0.9,100.0,0.15819823898193497,0.13319828898181826,0.15954812559662074,0.061527329474039355,0.35613100667950254,0.42086073579193517,0.21972556845597432,0.6130301076009026,0.5003134755985966
coarse,100000,0.9,107.46078283213176,0.15259664540430473,0.12759669540418803,0.1539062191227474,0.059042550665726834,0.34074710380424567,0.405978349045087,0.21163919607003157,0.6144184284077737,0.5001504133900126
coarse,100000,0.9,115.47819846894582,0.14719610498450864,0.12219615498439194,0.14846604013215237,0.05664397052433573,0.32599533872512576,0.3916280849836322,0.20384007550884436,0.6158367022107073,0.4999538338708323
coarse,100000,0.9,124.09377607517196,0.1419895597500542,0.1169896097499375,0.14322055245266824,0.05432908829408738,0.3118504026301579,0.3777913833857917,0.19631864804414156,0.6172909142544069,0.49972742852263036
coarse,100000,0.9,133.3521432163324,0.13697021092369463,0.11197026092357792,0.13816297567059055,0.05209543837496868,0.29828793651377694,0.36445035867697806,0.18906564929866332,0.618791863694828,0.4994854522398783
coarse,100000,0.9,143.30125702369628,0.13213151009139598,0.10713156009127928,0.1332867765674134,0.04994059348062474,0.2852845009317035,0.3515877773413652,0.18207210357202072,0.6203466960901338,0.4992319955004772
coarse,100000,0.9,153.9926526059492,0.12746715070002104,0.10246720069990434,0.12858566087104253,0.047862167379516804,0.27281754624243243,0.3391870361629959,0.17532931807953783,0.6219571205882348,0.4989580014302347
coarse,100000,0.9,165.48170999431815,0.12296945560969982,0.09796950560958312,0.1240519494885315,0.04585725959887872,0.26086401811154364,0.32722787900476047,0.16882671520857856,0.6236248933288998,0.498653656082868
coarse,100000,0.9,177.82794100389228,0.11863211948325614,0.09363216948313943,0.11967934243026193,0.04392344866482029,0.2494027140677651,0.3156936875688486,0.16255556814807642,0.6253518149457158,0.4983083371194442
coarse,100000,0.9,191.09529749704404,0.11445159620097524,0.08945164620085853,0.11546431393181367,0.04205921707332683,0.23841536097923818,0.3045751614902289,0.15651081327430205,0.6271397273455945,0.497910559718591
coarse,100000,0.9,205.3525026457146,0.11042246960390315,0.08542251960378644,0.11140145054706836,0.04026235796510625,0.2278826723290132,0.2938580210215963,0.1506848275690094,0.6289905096808868,0.4974479197297828
coarse,100000,0.9,220.673406908459,0.10653952766837582,0.08153957766825912,0.10748554112826546,0.03853071477170298,0.21778611258434277,0.28352852004420054,0.1450702424400788,0.6309138657390221,0.4969259295412914
coarse,100000,0.9,237.13737056616552,0.10279775578011642,0.07779780577999972,0.10371157027446475,0.036862182114542494,0.20810787113831458,0.27357342878600827,0.13965993789465891,0.6329244789884468,0.4963608953762116
coarse,100000,0.9,254.82967479793464,0.0991923302666793,0.0741923802665626,0.10007471202729779,0.03525470649828673,0.1988308369667829,0.2639800171921708,0.13444703676496603,0.6339201043707051,0.49607401500398773
coarse,100000,0.9,273.8419634264361,0.09571861217778471,0.070718662177668,0.09657032380410344,0.033706286818701636,0.18993857400800215,0.2547360389216708,0.12942489899648635,0.634942449854265,0.49577516599591587
coarse,100000,0.9,294.2727176209282,0.09237025008402089,0.06737030008390418,0.09319203993242978,0.032214401589029884,0.1814137714753956,0.2458247024165886,0.12458465167305077,nan,nan
coarse,100000,0.9,316.22776601683796,0.08914301149779363,0.06414306149767693,0.08993562332958355,0.030777188805250114,0.17324132134120848,0.23723483097564224,0.11992020030304375,nan,nan
coarse,100000,1.0,17.78279410038923,0.3762480835536575,0.35124813355354084,0.37909957386829746,0.1296717469292877,1.0,1.0,0.5059198304829452,nan,nan
coarse,100000,1.0,19.109529749704404,0.3628660656552924,0.3378661156551757,0.3656661749669653,0.12462203720212671,0.954232257964574,0.9645649854884853,0.4874881028574191,nan,nan
coarse,100000,1.0,20.53525026457146,0.34996178905224296,0.3249618390521263,0.35270876423782227,0.1197300179846659,0.9104645458035174,0.9303855465697686,0.4696918070369088,0.654563860149176,0.5013778167035041
coarse,100000,1.0,22.0673406908459,0.3375182447113855,0.3125182947112688,0.3402106124392895,0.11499376754239736,0.8686166779073835,0.8974175543586385,0.45251201225378285,0.6552351856724677,0.5013729370592619
coarse,100000,1.0,23.71373705661655,0.32551902504638963,0.30051907504627295,0.32815557069512086,0.11041105899684675,0.8286108760793768,0.8656184108746189,0.4359300840432364,0.6559055631740257,0.5013758403800087
coarse,100000,1.0,25.482967479793466,0.3139483040752527,0.288948354075136,0.31652805167571707,0.10597940513935156,0.7903718037725671,0.8349469994014863,0.41992770921460426,0.657248581251325,0.5013787238886493
coarse,100000,1.0,27.384196342643612,0.30279081805419916,0.2777908680540825,0.3053130112646534,0.10169609864602216,0.7538265813380332,0.8053636361266969,0.4044869167002213,0.6585694247875281,0.5013819624431294
coarse,100000,1.0,29.42727176209282,0.2920310615932836,0.26703111159316695,0.29449511929799865,0.0975576204838812,0.7189032679399674,0.7768278826931861,0.3895886820771648,0.6598703752793027,0.501382879007744
coarse,100000,1.0,31.622776601683793,0.2816530148016806,0.2566530648015639,0.2840584866253191,0.09355965794689669,0.685530799065455,0.7492978262328607,0.3752126727485773,0.6611535260394141,0.5013785772020688
coarse,100000,1.0,33.982083289425596,0.27164561028232675,0.24664566028221005,0.2739923066410923,0.08970123154415759,0.6536488786510186,0.7227449607640014,0.36134684182648436,0.6624207999709584,0.5013659288643753
coarse,100000,1.0,36.51741272548377,0.2619956492583567,0.23699569925824002,0.26428353330499754,0.0859790445485253,0.6231942356310998,0.6971348730579475,0.347974693806882,0.6636739664977215,0.5013415608433679
coarse,100000,1.0,39.24189758484536,0.2526904060538036,0.2276904560536869,0.2549195796580129,0.08238972981664917,0.5941059540436152,0.6724343608641834,0.33508013587045277,0.6649171594819977,0.501306314739055
coarse,100000,1.0,42.169650342858226,0.24371761174869516,0.21871766174857846,0.24588830238713316,0.07892986969266055,0.5663254237535106,0.648611392194698,0.3226474814413557,0.6661596717692948,0.5012694990437594
coarse,100000,1.0,45.31583637600818,0.2350654383478377,0.21006548834772099,0.23717798686438316,0.07559601360932336,0.5397962865588878,0.6256350658594538,0.31066145195716105,0.6674094921263437,0.5012359107922288
coarse,100000,1.0,48.69675251658631,0.22672248345747373,0.20172253345735702,0.22877733265274272,0.07238469360227655,0.5144643787039765,0.6034755732334903,0.29910717705975026,0.6686679513656717,0.5012018249950031
coarse,100000,1.0,52.32991146814947,0.2186767112135773,0.19367676121346059,0.22067437389866817,0.06929191893449664,0.49027634704866296,0.5821013504365805,0.28796863014807395,0.6699363407157066,0.5011632140614773
coarse,100000,1.0,56.23413251903491,0.21091613123983585,0.18591618123971915,0.21285717808618962,0.06631363467837684,0.4671806765305312,0.5614809215273296,0.2772297659182127,0.67121592425775,0.5011157289227063
coarse,100000,1.0,60.42963902381328,0.20343298155438955,0.17843303155427284,0.20531810766323932,0.06344765511394376,0.44513260556333856,0.541594139946379,0.2668806366683333,0.6725079493682162,0.5010546788744757
coarse,100000,1.0,64.93816315762113,0.19621741920547797,0.17121746920536127,0.1980473828036424,0.06069054666214464,0.4240860921831231,0.5224152081807557,0.2569079658676226,0.6738136548405123,0.5009750100538776
coarse,100000,1.0,69.78305848598663,0.189259957639412,0.1642600076392953,0.19103557224975612,0.058038913085765725,0.40399698021828867,0.5039192481818077,0.24729887072517773,0.6751378554683954,0.500878757557619
coarse,100000,1.0,74.98942093324558,0.18255145424311275,0.15755150424299605,0.1842735814488784,0.05548940223920003,0.3848229352403106,0.48608227007107285,0.23804085648231277,0.6764905261888035,0.5007776079381167
coarse,100000,1.0,80.58421877614818,0.17608309832908908,0.15108314832897238,0.1777526410985416,0.05303871192254576,0.36652338127437195,0.4688811419247188,0.22912181025163483,0.6778790234116304,0.5006764398009401
coarse,100000,1.0,86.59643233600653,0.1698463995508942,0.1448464495507775,0.17146429609016592,0.0506835949331714,0.34905943848863313,0.45229356060878645,0.2205299944840656,0.6793049207426033,0.5005695557461917
coarse,100000,1.0,93.0572040929699,0.16383185891985633,0.13883190891973962,0.16539906037210503,0.04842040765690564,0.3323925780447777,0.4362945035373902,0.21225226657676197,0.6807698268522863,0.5004507897459559
coarse,100000,1.0,100.0,0.1580306526039739,0.1330307026038572,0.15954812559662074,0.04624575530680576,0.3164863143613797,0.42086073579193517,0.20427640791077967,0.6822753849445741,0.5003134755985966
coarse,100000,1.0,107.46078283213176,0.1524374585633962,0.12743750856327948,0.1539062191227474,0.0441573832287923,0.3013087386380661,0.405978349045087,0.1965948417921885,0.6838232721688194,0.5001504133900126
coarse,100000,1.0,115.47819846894582,0.14704496105632095,0.12204501105620426,0.14846604013215237,0.0421522927818925,0.28682713851058983,0.3916280849836322,0.18919725383821345,0.6854151990770372,0.4999538338708323
coarse,100000,1.0,124.09377607517196,0.14184611290147767,0.11684616290136098,0.14322055245266824,0.040227556781716876,0.27301020713100593,0.3777913833857917,0.18207366968319455,0.6870585428568293,0.49972742852263036
coarse,100000,1.0,133.3521432163324,0.13683412623373925,0.11183417623362256,0.13816297567059055,0.03838032099155666,0.2598279886779887,0.36445035867697806,0.17521444722529592,0.6887661481658548,0.4994854522398783
coarse,100000,1.0,143.30125702369628,0.13200246360842452,0.10700251360830781,0.1332867765674134,0.03660780521704384,0.24725182542353333,0.3515877773413652,0.16861026882546837,0.6905465156926488,0.4992319955004772
coarse,100000,1.0,153.9926526059492,0.1273448294430083,0.10234487944289158,0.12858566087104253,0.03490730404704187,0.23525430638239755,0.3391870361629959,0.16225213349005016,0.6924022100967565,0.4989580014302347
coarse,100000,1.0,165.48170999431815,0.12285355923372736,0.09785360923361065,0.1240519494885315,0.03327575443535482,0.22380785664309383,0.32722787900476047,0.15612931366908217,0.6943358720884804,0.498653656082868
coarse,100000,1.0,177.82794100389228,0.1185223587135612,0.0935224087134445,0.11967934243026193,0.03171050776341447,0.2128870656586958,0.3156936875688486,0.15023286647697567,0.696350217845165,0.4983083371194442
coarse,100000,1.0,191.09529749704404,0.11434769019365913,0.08934774019354243,0.11546431393181367,0.030209654038699973,0.20246974550265354,0.3045751614902289,0.1445573442323591,0.6984480378069189,0.497910559718591
coarse,100000,1.0,205.3525026457146,0.11032414811275326,0.08532419811263656,0.11140145054706836,0.02877078445721439,0.19253298198814095,0.2938580210215963,0.13909493256996766,0.7006321947732386,0.4974479197297828
coarse,100000,1.0,220.673406908459,0.10644653085165601,0.0814465808515393,0.10748554112826546,0.027391565121944347,0.18305487591707248,0.28352852004420054,0.13383809597360036,0.7029150827154252,0.4969259295412914
coarse,100000,1.0,237.13737056616552,0.10270983398536698,0.07770988398525028,0.10371157027446475,0.026069736331413913,0.17401450117228126,0.27357342878600827,0.1287795703167809,0.705314987540256,0.4963608953762116
coarse,100000,1.0,254.82967479793464,0.09910924379725297,0.07410929379713627,0.10007471202729779,0.024803111725961325,0.1653918643493849,0.2639800171921708,0.1239123555232143,0.7065024213827895,0.49607401500398773
coarse,100000,1.0,273.8419634264361,0.09564013104445616,0.07064018104433946,0.09657032380410344,0.023589577310874625,0.157167865898819,0.2547360389216708,0.11922970835533078,0.7077254973361915,0.49577516599591587
coarse,100000,1.0,294.2727176209282,0.09229615525177758,0.06729620525166087,0.09319203993242978,0.022426650984490523,0.14932273783209643,0.2458247024165886,0.1147228062362681,nan,nan
coarse,100000,1.0,316.22776601683796,0.08907309297352548,0.06407314297340877,0.08993562332958355,0.02131238856930004,0.14183911092837956,0.23723483097564224,0.11038548154282551,nan,nan
coarse,100000,1.1,17.78279410038923,0.37585262831171,0.35085267831159334,0.37909957386829746,0.11095860422973303,1.0,1.0,0.48681123254144304,nan,nan
coarse,100000,1.1,19.109529749704404,0.36248636501958914,0.33748641501947246,0.3656661749669653,0.10617630155014451,0.9501041554185958,0.9645649854884853,0.46866266656973365,nan,nan
coarse,100000,1.1,20.53525026457146,0.3495975643444589,0.3245976143443422,0.35270876423782227,0.10156828557201217,0.9026148813336677,0.9303855465697686,0.451165849916471,0.7144049154670278,0.5013778167035041
coarse,100000,1.1,22.0673406908459,0.33716918089964704,0.31216923089953036,0.3402106124392895,0.0971307769958035,0.8574229431937276,0.8974175543586385,0.4342999578954505,0.7149958178967705,0.5013729370592619
coarse,100000,1.1,23.71373705661655,0.32518477688643743,0.30018482688632075,0.32815557069512086,0.09285979472348274,0.8144232248998251,0.8656184108746189,0.41804457160992015,0.7155858700929423,0.5013758403800087
coarse,100000,1.1,25.482967479793466,0.31362850163701844,0.28862855163690176,0.31652805167571707,0.08875119881075383,0.7735146896874868,0.8349469994014863,0.40237970044777227,0.7167686370773215,0.5013787238886493
coarse,100000,1.1,27.384196342643612,0.30248507167711614,0.27748512167699946,0.3053130112646534,0.08480072835159883,0.7346003214111086,0.8053636361266969,0.38728580002871493,0.7179319683029428,0.5013819624431294
coarse,100000,1.1,29.42727176209282,0.2917389707065549,0.26673902070643823,0.29449511929799865,0.08100353406764751,0.6975857532371376,0.7768278826931861,0.37274250477420245,0.7190788711962155,0.501382879007744
coarse,100000,1.1,31.622776601683793,0.2813741754022075,0.2563742254020908,0.2840584866253191,0.07735420615117364,0.6623791538968342,0.7492978262328607,0.35872838155338116,0.7202121436854113,0.5013785772020688
coarse,100000,1.1,33.982083289425596,0.2713795947891376,0.24637964478902089,0.2739923066410923,0.07385005284428868,0.6288995758802488,0.7227449607640014,0.3452296476334263,0.7213343953683266,0.5013659288643753
coarse,100000,1.1,36.51741272548377,0.26174202577674155,0.23674207577662487,0.26428353330499754,0.07048659414548487,0.5970651406960007,0.6971348730579475,0.3322286199222264,0.7224480674349801,0.5013415608433679
coarse,100000,1.1,39.24189758484536,0.2524487410259428,0.22744879102582607,0.2549195796580129,0.06725936280076826,0.5667975331462173,0.6724343608641834,0.31970810382671105,0.7235577452367487,0.501306314739055
coarse,100000,1.1,42.169650342858226,0.2434874722673189,0.2184875222672022,0.24588830238713316,0.06416392065328942,0.538021886005253,0.648611392194698,0.30765139292060834,0.7246727063675518,0.5012694990437594
coarse,100000,1.1,45.31583637600818,0.23484639416428946,0.20984644416417275,0.23717798686438316,0.06119587267848508,0.5106666625435066,0.6256350658594538,0.2960422668427745,0.7258008498742041,0.5012359107922288
coarse,100000,1.1,48.69675251658631,0.2265141087133896,0.20151415871327288,0.22877733265274272,0.05835087895237168,0.48466353802257534,0.6034755732334903,0.2848649876657613,0.7269442086500513,0.5012018249950031
coarse,100000,1.1,52.32991146814947,0.21847858822084282,0.1934786382207261,0.22067437389866817,0.05562426062902107,0.4599461425564355,0.5821013504365805,0.2741028488498639,0.7281047733340584,0.5011632140614773
coarse,100000,1.1,56.23413251903491,0.21072785152920082,0.1857279015290841,0.21285717808618962,0.05301135987070499,0.43645086699667657,0.5614809215273296,0.2637392113999058,0.7292845051118279,0.5011157289227063
coarse,100000,1.1,60.42963902381328,0.2032541391098473,0.1782541891097306,0.20531810766323932,0.05050903790650216,0.4141210474276344,0.541594139946379,0.25376317701634943,0.730485346379588,0.5010546788744757
coarse,100000,1.1,64.93816315762113,0.1960476172935354,0.1710476672934187,0.1980473828036424,0.048113247222009915,0.3928999977657632,0.5224152081807557,0.2441608645155453,0.7317092290703511,0.5009750100538776
coarse,100000,1.1,69.78305848598663,0.18909880949653193,0.16409885949641523,0.19103557224975612,0.04582003322670586,0.37273366928819357,0.5039192481818077,0.2349188427232378,0.7329616052711776,0.500878757557619
coarse,100000,1.1,74.98942093324558,0.18239858362207104,0.15739863362195433,0.1842735814488784,0.04362553789179718,0.35357054084390366,0.48608227007107285,0.22602412151386822,0.7342529092809048,0.5007776079381167
coarse,100000,1.1,80.58421877614818,0.17593813991994867,0.15093818991983196,0.1777526410985416,0.04152600258015876,0.33536151216391374,0.4688811419247188,0.21746414250010743,0.7355907837363568,0.5006764398009401
coarse,100000,1.1,86.59643233600653,0.16970899929091168,0.14470904929079498,0.17146429609016592,0.03951777016473993,0.31805980040458615,0.45229356060878645,0.2092267694556516,0.736977613786207,0.5005695557461917
coarse,100000,1.1,93.0572040929699,0.16370167542396472,0.138701725423848,0.16539906037210503,0.03759693485443123,0.30161969255829246,0.4362945035373902,0.20129861027839596,0.7384158275463281,0.5004507897459559
coarse,100000,1.1,100.0,0.15790735657971242,0.1329074065795957,0.15954812559662074,0.035759839132182517,0.2859979966117872,0.42086073579193517,0.19366719571189495,0.7399078969438545,0.5003134755985966
coarse,100000,1.1,107.46078283213176,0.15232073016408648,0.12732078016396978,0.1539062191227474,0.03400375779823198,0.2711562936294281,0.405978349045087,0.18632448796231846,0.741456338559391,0.5001504133900126
coarse,100000,1.1,115.47819846894582,0.14693449214377807,0.12193454214366137,0.14846604013215237,0.032325442553329746,0.25705608810169095,0.3916280849836322,0.17925993469710783,0.7430637145432684,0.4999538338708323
coarse,100000,1.1,124.09377607517196,0.14174160696150584,0.11674165696138915,0.14322055245266824,0.030721749793570854,0.24366073639887456,0.3777913833857917,0.17246335675507668,0.7447385965678368,0.49972742852263036
coarse,100000,1.1,133.3521432163324,0.1367352982444374,0.11173534824432069,0.13816297567059055,0.029189639792390483,0.23093536297267572,0.36445035867697806,0.16592493803682787,0.7464951750483483,0.4994854522398783
coarse,100000,1.1,143.30125702369628,0.1319090398683486,0.1069090898682319,0.1332867765674134,0.02772617559375241,0.21884677981053002,0.3515877773413652,0.159635215462101,0.7483429002931044,0.4992319955004772
coarse,100000,1.1,153.9926526059492,0.12725654736550052,0.10225659736538381,0.12858566087104253,0.026328521657333834,0.2073634090871855,0.3391870361629959,0.15358506902283436,0.7502854565721567,0.4989580014302347
coarse,100000,1.1,165.48170999431815,0.12277016795884607,0.09777021795872937,0.1240519494885315,0.024993608298700152,0.19645394455227866,0.32722787900476047,0.14776377625754622,0.7523266357446647,0.498653656082868
coarse,100000,1.1,177.82794100389228,0.11844361814314772,0.09344366814303101,0.11967934243026193,0.02371872588511732,0.18608947573305007,0.3156936875688486,0.14216234402826503,0.7544703393564102,0.4983083371194442
coarse,100000,1.1,191.09529749704404,0.114273369467835,0.0892734194677183,0.11546431393181367,0.022501772669347907,0.17624446820279985,0.3045751614902289,0.13677514213718292,0.7567205803546742,0.497910559718591
coarse,100000,1.1,205.3525026457146,0.11025402645890102,0.08525407645878431,0.11140145054706836,0.021340298280043225,0.16689306706436774,0.2938580210215963,0.13159432473894425,0.7590814843682465,0.4974479197297828
coarse,100000,1.1,220.673406908459,0.10638039727728461,0.08138044727716791,0.10748554112826546,0.020231944817060907,0.15801068717818634,0.28352852004420054,0.12661234209434552,0.7615679020492171,0.4969259295412914
coarse,100000,1.1,237.13737056616552,0.10264748696345534,0.07764753696333863,0.10371157027446475,0.019174444623759945,0.14957395335044085,0.27357342878600827,0.12182193158721528,0.764201070347237,0.4963608953762116
coarse,100000,1.1,254.82967479793464,0.09905049094669381,0.0740505409465771,0.10007471202729779,0.018165618001994385,0.14156064316854186,0.2639800171921708,0.1172161089486882,0.7655025192245577,0.49607401500398773
coarse,100000,1.1,273.8419634264361,0.09558478880788904,0.07058483880777233,0.09657032380410344,0.01720337088561668,0.13394963239272814,0.2547360389216708,0.11278815969350572,0.7668484307405824,0.49577516599591587
coarse,100000,1.1,294.2727176209282,0.09224404941317924,0.06724409941306253,0.09319203993242978,0.01628535320392057,0.12671939143088085,0.2458247024165886,0.10852940261709981,nan,nan
coarse,100000,1.1,316.22776601683796,0.0890240574572295,0.06402410745711279,0.08993562332958355,0.01540965763755928,0.1198508838980099,0.23723483097564224,0.10443371509478877,nan,nan
coarse,100000,1.5,17.78279410038923,0.3748670178609582,0.34986706786084154,0.37909957386829746,0.06699345786211586,1.0,1.0,0.4418604757230741,nan,nan
coarse,100000,1.5,19.109529749704404,0.36154840357398266,0.336548453573866,0.3656661749669653,0.06337241922217556,0.9392311791356798,0.9645649854884853,0.4249208227961582,nan,nan
coarse,100000,1.5,20.53525026457146,0.3487056317713689,0.3237056817712522,0.35270876423782227,0.05993833716867256,0.8822215226411079,0.9303855465697686,0.40864396894004146,0.8686295121801202,0.5013778167035041
coarse,100000,1.5,22.0673406908459,0.33632162316471476,0.3113216731645981,0.3402106124392895,0.056682524006558606,0.8287356255957025,0.8974175543586385,0.39300414717127335,0.8680932204788312,0.5013729370592619
coarse,100000,1.5,23.71373705661655,0.3243799215562187,0.299379971556102,0.32815557069512086,0.05359655507168974,0.7785524890229896,0.8656184108746189,0.37797647662790845,0.867553163210492,0.5013758403800087
coarse,100000,1.5,25.482967479793466,0.31286467117886746,0.2878647211787508,0.31652805167571707,0.05067228284987765,0.7314647443372008,0.8349469994014863,0.3635369540287451,0.8664795309688809,0.5013787238886493
coarse,100000,1.5,27.384196342643612,0.3017605947885059,0.27676064478838924,0.3053130112646534,0.04790184659177828,0.6872778979837464,0.8053636361266969,0.3496624413802842,0.8654104502917687,0.5013819624431294
coarse,100000,1.5,29.42727176209282,0.291052196726266,0.2660522467261493,0.29449511929799865,0.04527756132394778,0.6458107256704856,0.7768278826931861,0.33632975805021376,0.8643544203723905,0.501382879007744
coarse,100000,1.5,31.622776601683793,0.2807234843602178,0.25572353436010115,0.2840584866253191,0.04279192909897258,0.6068944674795982,0.7492978262328607,0.3235154134591904,0.8633195504264967,0.5013785772020688
coarse,100000,1.5,33.982083289425596,0.27076337935272454,0.24576342935260784,0.2739923066410923,0.040438380011261696,0.5703649522329559,0.7227449607640014,0.31120175936398625,0.862313591287034,0.5013659288643753
coarse,100000,1.5,36.51741272548377,0.26115871574912025,0.23615876574900357,0.26428353330499754,0.03821021653157756,0.5360721914272667,0.6971348730579475,0.29936893228069783,0.861343963983106,0.5013415608433679
coarse,100000,1.5,39.24189758484536,0.25189680749971494,0.22689685749959826,0.2549195796580129,0.03610103292436651,0.5038757081634835,0.6724343608641834,0.28799784042408144,0.8604163923332275,0.501306314739055
coarse,100000,1.5,42.169650342858226,0.24296543086758074,0.21796548086746403,0.24588830238713316,0.034104709604438864,0.4736439518231094,0.648611392194698,0.2770701404720196,0.859533299852006,0.5012694990437594
coarse,100000,1.5,45.31583637600818,0.2343528074996505,0.2093528574995338,0.23717798686438316,0.03221540641380479,0.44525374382578065,0.6256350658594538,0.2665682139134553,0.8586962503515344,0.5012359107922288
coarse,100000,1.5,48.69675251658631,0.22604758814083983,0.20104763814072313,0.22877733265274272,0.03042755505946283,0.4185897538359072,0.6034755732334903,0.2564751432003027,0.8579120812754906,0.5012018249950031
coarse,100000,1.5,52.32991146814947,0.2180377957167306,0.1930378457166139,0.22067437389866817,0.02873575647332427,0.39354459733650826,0.5821013504365805,0.24677355219005487,0.8571874512468045,0.5011632140614773
coarse,100000,1.5,56.23413251903491,0.21031149950921602,0.1853115495090993,0.21285717808618962,0.027134848336801576,0.3700176193201574,0.5614809215273296,0.2374463478460176,0.8565288507163301,0.5011157289227063
coarse,100000,1.5,60.42963902381328,0.20286098895434107,0.17786103895422437,0.20531810766323932,0.025620252486484266,0.3479126369647841,0.541594139946379,0.22848124144082532,0.8559426105550895,0.5010546788744757
coarse,100000,1.5,64.93816315762113,0.19567648147530256,0.17067653147518586,0.1980473828036424,0.024187398411637775,0.32714109745571296,0.5224152081807557,0.21986387988694034,0.8554349090000648,0.5009750100538776
coarse,100000,1.5,69.78305848598663,0.18874855106368055,0.16374860106356384,0.19103557224975612,0.022831944020535865,0.3076200981590016,0.5039192481818077,0.21158049508421642,0.8550117835413669,0.500878757557619
coarse,100000,1.5,74.98942093324558,0.182068115433142,0.1570681654330253,0.1842735814488784,0.021549766312472185,0.28927202358619464,0.48608227007107285,0.20361788174561418,0.8546783192725638,0.5007776079381167
coarse,100000,1.5,80.58421877614818,0.17562642367489723,0.15062647367478052,0.1777526410985416,0.02033695213854551,0.2720242050108739,0.4688811419247188,0.19596337581344273,0.8544376982487832,0.5006764398009401
coarse,100000,1.5,86.59643233600653,0.16941504439618607,0.14441509439606937,0.17146429609016592,0.01918978910126232,0.2558086014837995,0.45229356060878645,0.1886048334974484,0.8542965493268238,0.5005695557461917
coarse,100000,1.5,93.0572040929699,0.16342453739752122,0.1384245873974045,0.16539906037210503,0.018104656045809554,0.24056149944175653,0.4362945035373902,0.18152919344333077,0.8542614286350007,0.5004507897459559
coarse,100000,1.5,100.0,0.15764613577866357,0.13264618577854687,0.15954812559662074,0.017078147063365627,0.22622300872809833,0.42086073579193517,0.1747242828420292,0.8543388259117689,0.5003134755985966
coarse,100000,1.5,107.46078283213176,0.1520745712232735,0.1270746212231568,0.1539062191227474,0.016107273420777366,0.21273717917976448,0.405978349045087,0.16818184464405087,0.8545351710728548,0.5001504133900126
coarse,100000,1.5,115.47819846894582,0.14670258190491967,0.12170263190480297,0.14846604013215237,0.015189037789820104,0.20005171000493638,0.3916280849836322,0.16189161969473978,0.854856840940257,0.4999538338708323
coarse,100000,1.5,124.09377607517196,0.1415231729076268,0.11652322290751012,0.14322055245266824,0.01432060150208808,0.18811761109810884,0.3777913833857917,0.1558437744097149,0.8553134658117426,0.49972742852263036
coarse,100000,1.5,133.3521432163324,0.13652960691756558,0.11152965691744889,0.13816297567059055,0.01349927681833658,0.17688898878710457,0.36445035867697806,0.15002888373590215,0.8559163298506455,0.4994854522398783
coarse,100000,1.5,143.30125702369628,0.13171539528372764,0.10671544528361093,0.1332867765674134,0.012722519484462055,0.16632284553534818,0.3515877773413652,0.14443791476818968,0.8566728714321252,0.4992319955004772
coarse,100000,1.5,153.9926526059492,0.12707428943347868,0.10207433943336199,0.12858566087104253,0.011987921577174043,0.15637889272398572,0.3391870361629959,0.13906221101065272,0.8575909780349268,0.4989580014302347
coarse,100000,1.5,165.48170999431815,0.12259867098851553,0.09759872098839882,0.1240519494885315,0.011293086191372112,0.14701885207298224,0.32722787900476047,0.13389175717988763,0.8586786003914793,0.498653656082868
coarse,100000,1.5,177.82794100389228,0.1182822894984807,0.093282339498364,0.11967934243026193,0.010635824893667328,0.13820705901505148,0.3156936875688486,0.12891811439214804,0.859943763895281,0.4983083371194442
coarse,100000,1.5,191.09529749704404,0.11412164781568047,0.08912169781556377,0.11546431393181367,0.010014252729718173,0.12991099226142908,0.3045751614902289,0.12413590054539865,0.861394580531422,0.497910559718591
coarse,100000,1.5,205.3525026457146,0.11011138028374948,0.08511143028363277,0.11140145054706836,0.009426441331038513,0.12209957998527693,0.2938580210215963,0.11953782161478799,0.8630392613758501,0.4974479197297828
coarse,100000,1.5,220.673406908459,0.10624632344604443,0.08124637344592772,0.10748554112826546,0.008870567250487947,0.11474369033235,0.28352852004420054,0.11511689069653237,0.8648959976494295,0.4969259295412914
coarse,100000,1.5,237.13737056616552,0.1025215093347293,0.07752155933461259,0.10371157027446475,0.00834490648274687,0.10781600698673474,0.27357342878600827,0.11086641581747617,0.8669871917372272,0.4963608953762116
coarse,100000,1.5,254.82967479793464,0.09893215902663818,0.07393220902652148,0.10007471202729779,0.007847829246137469,0.10129091293493739,0.2639800171921708,0.10677998827277566,0.8680124254889564,0.49607401500398773
coarse,100000,1.5,273.8419634264361,0.0954736764540797,0.07047372645396299,0.09657032380410344,0.007377795017293172,0.09514438188960808,0.2547360389216708,0.10285147147137287,0.8691073538149108,0.49577516599591587
coarse,100000,1.5,294.2727176209282,0.09213975444266705,0.06713980444255034,0.09319203993242978,0.006933208930926788,0.08935292518017435,0.2458247024165886,0.09907296337359384,nan,nan
coarse,100000,1.5,316.22776601683796,0.08892619977226594,0.06392624977214924,0.08993562332958355,0.006512700005968951,0.08389535492466352,0.23723483097564224,0.09543889977823489,nan,nan
coarse,100000,2.5,17.78279410038923,0.37403723996808397,0.3490372899679673,0.37909957386829746,0.03634481798080876,1.0,1.0,0.4103820579488927,nan,nan
coarse,100000,2.5,19.109529749704404,0.3607693961063587,0.33576944610624204,0.3656661749669653,0.0342508814116378,0.9356940396156929,0.9645649854884853,0.3950202775179965,nan,nan
coarse,100000,2.5,20.53525026457146,0.34797435814298094,0.32297440814286427,0.35270876423782227,0.0322848051540421,0.8759131050270693,0.9303855465697686,0.38025916329702303,0.9092038551103648,0.5013778167035041
coarse,100000,2.5,22.0673406908459,0.3356351983089269,0.31063524830881023,0.3402106124392895,0.03043790015430594,0.820297546051002,0.8974175543586385,0.3660730984632328,0.9065702975486664,0.5013729370592619
coarse,100000,2.5,23.71373705661655,0.32373561125524647,0.2987356612551298,0.32815557069512086,0.028702139853164735,0.7685200347609812,0.8656184108746189,0.3524377511084112,0.9040032070166772,0.5013758403800087
coarse,100000,2.5,25.482967479793466,0.312259889801425,0.2872599398013083,0.31652805167571707,0.02707010634192002,0.7202823724724579,0.8349469994014863,0.339329996143345,0.8988475746336687,0.5013787238886493
coarse,100000,2.5,27.384196342643612,0.30119290179935126,0.2761929517992346,0.3053130112646534,0.025534940587701914,0.6753126268627593,0.8053636361266969,0.32672784238705316,0.8939793499668784,0.5013819624431294
coarse,100000,2.5,29.42727176209282,0.2905192845146911,0.26551933451457443,0.29449511929799865,0.024090367754981464,0.6333671755309161,0.7768278826931861,0.3146096522696726,0.8893984028695648,0.501382879007744
coarse,100000,2.5,31.622776601683793,0.2802231649994509,0.2552232149993342,0.2840584866253191,0.022730618548934194,0.5942271126059288,0.7492978262328607,0.3029537835483851,0.8851037542053353,0.5013785772020688
coarse,100000,2.5,33.982083289425596,0.2702936222718312,0.24529367227171447,0.2739923066410923,0.021449986131624247,0.5576683459121979,0.7227449607640014,0.2917436084034554,0.8810937243574579,0.5013659288643753
coarse,100000,2.5,36.51741272548377,0.26071761457905723,0.23571766457894053,0.26428353330499754,0.020243437676630602,0.5235015131735252,0.6971348730579475,0.28096105225568785,0.8773660631169551,0.5013415608433679
coarse,100000,2.5,39.24189758484536,0.25148257394153833,0.22648262394142166,0.2549195796580129,0.01910630290173148,0.4915529968329555,0.6724343608641834,0.2705888768432698,0.8739133413980572,0.501306314739055
coarse,100000,2.5,42.169650342858226,0.2425763885316852,0.2175764385315685,0.24588830238713316,0.018034244579517744,0.46166344873894455,0.648611392194698,0.2606106331112029,0.8707158936771877,0.5012694990437594
coarse,100000,2.5,45.31583637600818,0.233987385796389,0.2089874357962723,0.23717798686438316,0.017023231611321365,0.4336864661482785,0.6256350658594538,0.25101061740771036,0.8677492378230638,0.5012359107922288
coarse,100000,2.5,48.69675251658631,0.22570431628487148,0.20070436628475477,0.22877733265274272,0.01606951445198251,0.4074874028182456,0.6034755732334903,0.241773830736854,0.8650124253021494,0.5012018249950031
coarse,100000,2.5,52.32991146814947,0.21771529135114445,0.19271534135102775,0.22067437389866817,0.015169607312390003,0.38294425189475845,0.5821013504365805,0.23288489866353446,0.862504308878489,0.5011632140614773
coarse,100000,2.5,56.23413251903491,0.21000846315193428,0.18500851315181757,0.21285717808618962,0.014320240500088706,0.3599442282906111,0.5614809215273296,0.22432870365202298,0.8602235921942719,0.5011157289227063
coarse,100000,2.5,60.42963902381328,0.2025762179018271,0.17757626790171038,0.20531810766323932,0.013518363258869672,0.3383769775171243,0.541594139946379,0.21609458116069677,0.8581688723752849,0.5010546788744757
coarse,100000,2.5,64.93816315762113,0.19540885051032475,0.17040890051020804,0.1980473828036424,0.012761152426110397,0.318145467478723,0.5224152081807557,0.20817000293643514,0.8563386771012196,0.5009750100538776
coarse,100000,2.5,69.78305848598663,0.18849700752616785,0.16349705752605115,0.19103557224975612,0.012045971457236484,0.299160011649853,0.5039192481818077,0.20054297898340434,0.8547298152497362,0.500878757557619
coarse,100000,2.5,74.98942093324558,0.18183167454790647,0.15683172454778976,0.1842735814488784,0.01137035631227151,0.28133763950702195,0.48608227007107285,0.19320203086017798,0.8533340344372936,0.5007776079381167
coarse,100000,2.5,80.58421877614818,0.1754041641355272,0.1504042141354105,0.1777526410985416,0.010732002555764248,0.2646015274402773,0.4688811419247188,0.18613616669129146,0.8521401112015999,0.5006764398009401
coarse,100000,2.5,86.59643233600653,0.1692061042014116,0.1442061542012949,0.17146429609016592,0.010128753557954614,0.24888048379598418,0.45229356060878645,0.17933485775936622,0.8511488534628838,0.5005695557461917
coarse,100000,2.5,93.0572040929699,0.16322810703151905,0.13822815703140234,0.16539906037210503,0.009558554006351421,0.23410890744154433,0.4362945035373902,0.17278666103787046,0.8503611205177595,0.5004507897459559
coarse,100000,2.5,100.0,0.15746145653084886,0.13246150653073216,0.15954812559662074,0.0090194771619522,0.22022533767933974,0.42086073579193517,0.16648093369280106,0.8497778444893201,0.5003134755985966
coarse,100000,2.5,107.46078283213176,0.15190093803513735,0.12690098803502065,0.1539062191227474,0.008509807984177392,0.20717198272754678,0.405978349045087,0.16041074601931474,0.8494000490771496,0.5001504133900126
coarse,100000,2.5,115.47819846894582,0.1465393345682044,0.12153938456808769,0.14846604013215237,0.008027883889004774,0.1948960261340852,0.3916280849836322,0.15456721845720917,0.8492288657679269,0.4999538338708323
coarse,100000,2.5,124.09377607517196,0.141369693059951,0.1163697430598343,0.14322055245266824,0.007572144060614294,0.1833483302798717,0.3777913833857917,0.1489418371205653,0.8492684329935161,0.49972742852263036
coarse,100000,2.5,133.3521432163324,0.13638531523664885,0.11138536523653216,0.13816297567059055,0.007141122467260185,0.17248314939993425,0.36445035867697806,0.14352643770390902,0.8495229975029249,0.4994854522398783
coarse,100000,2.5,143.30125702369628,0.1315797488692471,0.1065797988691304,0.1332867765674134,0.006733441432857153,0.16225786794983207,0.3515877773413652,0.13831319030210423,0.8499927673012143,0.4992319955004772
coarse,100000,2.5,153.9926526059492,0.12694677936569682,0.10194682936558012,0.12858566087104253,0.0063478057142174514,0.15263276182330926,0.3391870361629959,0.13329458507991426,0.8506817923896552,0.4989580014302347
coarse,100000,2.5,165.48170999431815,0.12247881912270527,0.09747886912258856,0.1240519494885315,0.005982936962930445,0.14357033309459952,0.32722787900476047,0.1284617560856357,0.8515943255884957,0.498653656082868
coarse,100000,2.5,177.82794100389228,0.11816964761425201,0.09316969761413531,0.11967934243026193,0.00563766909817793,0.13503567653541146,0.3156936875688486,0.12380731671242995,0.8527348362759014,0.4983083371194442
coarse,100000,2.5,191.09529749704404,0.1140157966601177,0.089015846660001,0.11546431393181367,0.005311000741417853,0.12699704351823946,0.3045751614902289,0.11932679740153555,0.8541080238929254,0.497910559718591
coarse,100000,2.5,205.3525026457146,0.11001192627818689,0.08501197627807018,0.11140145054706836,0.005001916605024118,0.11942431089986051,0.2938580210215963,0.11501384288321101,0.8557188313823255,0.4974479197297828
coarse,100000,2.5,220.673406908459,0.10615289698589793,0.08115294698578122,0.10748554112826546,0.004709460255331249,0.11228932027877478,0.28352852004420054,0.11086235724122918,0.8575828630523643,0.4969259295412914
coarse,100000,2.5,237.13737056616552,0.10243376320709105,0.07743381320697434,0.10371157027446475,0.004432730429528328,0.1055657376461068,0.27357342878600827,0.10686649363661938,0.859719664844802,0.4963608953762116
coarse,100000,2.5,254.82967479793464,0.09884976693750253,0.07384981693738582,0.10007471202729779,0.004170877617541016,0.09922892433952148,0.2639800171921708,0.10302064455504355,0.8607663687630884,0.49607401500398773
coarse,100000,2.5,273.8419634264361,0.09539633165754464,0.07039638165742794,0.09657032380410344,0.003923100886785081,0.09325581827839259,0.2547360389216708,0.09931943254432972,0.8618937164997671,0.49577516599591587
coarse,100000,2.5,294.2727176209282,0.09206716880608808,0.06706721880597137,0.09319203993242978,0.003688568908573198,0.08762384055845468,0.2458247024165886,0.09575573771466127,nan,nan
coarse,100000,2.5,316.22776601683796,0.08885810252210584,0.06385815252198913,0.08993562332958355,0.003466571275113073,0.08231270467563652,0.23723483097564224,0.09232467379721891,nan,nan
coarse,100000,2.0,17.78279410038923,0.37430736354276156,0.3493074135426449,0.37909957386829746,0.04519922713787728,1.0,1.0,0.41950659068063884,nan,nan
coarse,100000,2.0,19.109529749704404,0.36102209353361125,0.3360221435334946,0.3656661749669653,0.04257786279870636,0.935314050441928,0.9645649854884853,0.4035999563323176,nan,nan
coarse,100000,2.0,20.53525026457146,0.3482108221309277,0.323210872130811,0.35270876423782227,0.04011355572377702,0.8751157575808438,0.9303855465697686,0.3883243778547047,0.9177455364045588,0.5013778167035041
coarse,100000,2.0,22.0673406908459,0.3358565405095715,0.3108565905094548,0.3402106124392895,0.037796497571525825,0.8190676460239548,0.8974175543586385,0.3736530380810973,0.9155495944744594,0.5013729370592619
coarse,100000,2.0,23.71373705661655,0.32394286634480274,0.29894291634468606,0.32815557069512086,0.03561748812883191,0.7668593110252496,0.8656184108746189,0.35956035447363466,0.9133803230793622,0.5013758403800087
coarse,100000,2.0,25.482967479793466,0.3124540197384113,0.2874540697382946,0.31652805167571707,0.03356790421562615,0.718205193268573,0.8349469994014863,0.34602192395403747,0.9090399550154373,0.5013787238886493
coarse,100000,2.0,27.384196342643612,0.30137480014898527,0.2763748501488686,0.3053130112646534,0.03163966855023937,0.6728425267105056,0.8053636361266969,0.33301446869922463,0.9048489649691313,0.5013819624431294
coarse,100000,2.0,29.42727176209282,0.29068978459236977,0.2656898345922531,0.29449511929799865,0.029825284098698838,0.6305335514578934,0.7768278826931861,0.3205150686910686,0.900818310126792,0.501382879007744
coarse,100000,2.0,31.622776601683793,0.28038304747506104,0.25538309747494436,0.2840584866253191,0.02811778209922824,0.5910629808636334,0.7492978262328607,0.30850082957428926,0.8969578361380419,0.5013785772020688
coarse,100000,2.0,33.982083289425596,0.2704435983476079,0.2454436483474912,0.2739923066410923,0.026510301733312914,0.5542109961111366,0.7227449607640014,0.2969539000809208,0.8932763641359175,0.5013659288643753
coarse,100000,2.0,36.51741272548377,0.2608583438612674,0.23585839386115068,0.26428353330499754,0.024996655982659724,0.5197889933501942,0.6971348730579475,0.2858549998439271,0.8897817717604969,0.5013415608433679
coarse,100000,2.0,39.24189758484536,0.25161466817386663,0.22661471817374995,0.2549195796580129,0.023571058793694696,0.48762309886868294,0.6724343608641834,0.27518572696756133,0.8864760710233252,0.501306314739055
coarse,100000,2.0,42.169650342858226,0.24270041512080914,0.21770046512069244,0.24588830238713316,0.022228099373118315,0.45755294530483426,0.648611392194698,0.26492851449392746,0.88334887852872,0.5012694990437594
coarse,100000,2.0,45.31583637600818,0.23410387112461073,0.20910392112449402,0.23717798686438316,0.020962717828363602,0.42943055208494013,0.6256350658594538,0.25506658895297435,0.8803865943762652,0.5012359107922288
coarse,100000,2.0,48.69675251658631,0.22581374880953062,0.2008137988094139,0.22877733265274272,0.01977018215664072,0.4031193016188301,0.6034755732334903,0.24558393096617134,0.8775958230834382,0.5012018249950031
coarse,100000,2.0,52.32991146814947,0.2178181266385456,0.1928181766384289,0.22067437389866817,0.01864607781452039,0.37849504473042034,0.5821013504365805,0.23646420445306598,0.8749825645050394,0.5011632140614773
coarse,100000,2.0,56.23413251903491,0.21010512634534242,0.18510517634522572,0.21285717808618962,0.017586254841586723,0.35544282653666875,0.5614809215273296,0.22769138118692914,0.8725522595256279,0.5011157289227063
coarse,100000,2.0,60.42963902381328,0.2026670988910804,0.1776671488909637,0.20531810766323932,0.01658680385323049,0.33384962498651,0.541594139946379,0.2192539027443109,0.8703098327480093,0.5010546788744757
coarse,100000,2.0,64.93816315762113,0.1954943118030553,0.1704943618029386,0.1980473828036424,0.015644105009534445,0.31361588782407124,0.5224152081807557,0.21113841681258974,0.868259732923205,0.5009750100538776
coarse,100000,2.0,69.78305848598663,0.18857738635823174,0.16357743635811503,0.19103557224975612,0.014754770187248092,0.29464946071093634,0.5039192481818077,0.20333215654547981,0.8664034907471077,0.500878757557619
coarse,100000,2.0,74.98942093324558,0.18190728482890128,0.15690733482878458,0.1842735814488784,0.013915627369812023,0.27686499192420455,0.48608227007107285,0.1958229121987133,0.8647364057293492,0.5007776079381167
coarse,100000,2.0,80.58421877614818,0.17547529824026614,0.15047534824014944,0.1777526410985416,0.013123706089073282,0.26018338787987105,0.4688811419247188,0.18859900432933943,0.8632512379991527,0.5006764398009401
coarse,100000,2.0,86.59643233600653,0.16927303461806442,0.14427308461794772,0.17146429609016592,0.0123762238579112,0.24453131500540215,0.45229356060878645,0.18164925847597563,0.8619529034679774,0.5005695557461917
coarse,100000,2.0,93.0572040929699,0.16329108881371246,0.13829113881359575,0.16539906037210503,0.011670540023187504,0.22984135935569133,0.4362945035373902,0.17496162883689997,0.8608460500296833,0.5004507897459559
coarse,100000,2.0,100.0,0.1575207279827385,0.1325207779826218,0.15954812559662074,0.01100417514756487,0.2160503155148534,0.42086073579193517,0.16852490313030338,0.8599350911095807,0.5003134755985966
coarse,100000,2.0,107.46078283213176,0.15195672001487176,0.12695677001475505,0.1539062191227474,0.01037489265976217,0.2030983350445813,0.405978349045087,0.16233161267463392,0.8592242374840754,0.5001504133900126
coarse,100000,2.0,115.47819846894582,0.14659183349114088,0.12159188349102418,0.14846604013215237,0.00978054651475138,0.1909310292958573,0.3916280849836322,0.15637238000589226,0.8587175272685834,0.4999538338708323
coarse,100000,2.0,124.09377607517196,0.1414191019672031,0.1164191519670864,0.14322055245266824,0.009219123386335078,0.1794978323188218,0.3777913833857917,0.15063822535353816,0.858420791748001,0.49972742852263036
coarse,100000,2.0,133.3521432163324,0.13643181477657432,0.11143186477645763,0.13816297567059055,0.008688733882097548,0.1687517081418347,0.36445035867697806,0.14512054865867186,0.8583387296252468,0.4994854522398783
coarse,100000,2.0,143.30125702369628,0.13162350819916155,0.10662355819904486,0.1332867765674134,0.00818760437536815,0.1586488823171095,0.3515877773413652,0.1398111125745297,0.8584723233194085,0.4992319955004772
coarse,100000,2.0,153.9926526059492,0.12698795698055534,0.10198800698043864,0.12858566087104253,0.007714069410967082,0.149148595606961,0.3391870361629959,0.13470202639152243,0.858827531194691,0.4989580014302347
coarse,100000,2.0,165.48170999431815,0.12251756384348642,0.09751761384336971,0.1240519494885315,0.007266499111667417,0.14021258463500358,0.32722787900476047,0.12978406295515382,0.8594103213578411,0.498653656082868
coarse,100000,2.0,177.82794100389228,0.11820609893375589,0.09320614893363918,0.11967934243026193,0.006843400222278837,0.13180514767639934,0.3156936875688486,0.12504949915603472,0.860226697624346,0.4983083371194442
coarse,100000,2.0,191.09529749704404,0.11405008517949765,0.08905013517938094,0.11546431393181367,0.00644347560808965,0.12389361550059239,0.3045751614902289,0.1204935607875873,0.8612827249238802,0.497910559718591
coarse,100000,2.0,205.3525026457146,0.1100441746739993,0.08504422467388259,0.11140145054706836,0.006065427851206814,0.11644724760386192,0.2938580210215963,0.11610960252520611,0.8625845542601412,0.4974479197297828
coarse,100000,2.0,220.673406908459,0.10618322055297831,0.0811832705528616,0.10748554112826546,0.005708036878237818,0.10943735209672857,0.28352852004420054,0.11189125743121613,0.8641479673205483,0.4969259295412914
coarse,100000,2.0,237.13737056616552,0.1024622703593952,0.0774623203592785,0.10371157027446475,0.005370155057398157,0.10283713778215926,0.27357342878600827,0.10783242541679336,0.8659916838901586,0.4963608953762116
coarse,100000,2.0,254.82967479793464,0.09887655967053179,0.07387660967041508,0.10007471202729779,0.005050702634296344,0.0966215779265588,0.2639800171921708,0.10392726230482813,0.8668917406794804,0.49607401500398773
coarse,100000,2.0,273.8419634264361,0.0954215059756546,0.0704215559755379,0.09657032380410344,0.004748663481611216,0.0907672847308306,0.2547360389216708,0.10017016945726581,0.8678745060695736,0.49577516599591587
coarse,100000,2.0,294.2727176209282,0.09209081494468145,0.06709086494456475,0.09319203993242978,0.004462993417758784,0.08525151761099509,0.2458247024165886,0.09655380836244024,nan,nan
coarse,100000,2.0,316.22776601683796,0.08888030540966137,0.06388035540954466,0.08993562332958355,0.004192793306453449,0.08005375004952767,0.23723483097564224,0.09307309871611481,nan,nan
time_refined,100000,0.0,17.78279410038923,0.39353483764425956,0.3685348876441429,0.37909454298960615,1.0589184316151776,1.0,1.0,1.4524532692594372,nan,nan
time_refined,100000,0.0,19.109529749704404,0.3801821986786015,0.3551822486784848,0.3656620910185416,1.087050935766871,1.0192884010613226,1.0192884010613226,1.4672331344454723,nan,nan
time_refined,100000,0.0,20.53525026457146,0.3672921609465986,0.34229221094648193,0.3527056214498398,1.115728705825101,1.0389913349044568,1.0389913349044568,1.4830208667716998,-0.2668795989135161,-0.2668795989135161
time_refined,100000,0.0,22.0673406908459,0.3548483714825196,0.3298484214824029,0.3402080611573272,1.1449598589432606,1.0591171488647626,1.0591171488647626,1.49980823042578,-0.26713791041031054,-0.26713791041031054
time_refined,100000,0.0,23.71373705661655,0.34283457810380313,0.31783462810368646,0.32815220647442417,1.1747486086736088,1.0796753084983253,1.0796753084983253,1.5175831867774119,-0.267392642863,-0.267392642863
time_refined,100000,0.0,25.482967479793466,0.3312366585660982,0.3062367085659815,0.31652388556103755,1.2051131279087453,1.1006727722280776,1.1006727722280776,1.5363497864748434,-0.267904683068535,-0.267904683068535
time_refined,100000,0.0,27.384196342643612,0.32004011725712334,0.29504016725700666,0.3053080539442829,1.2360637939391144,1.1221184617021356,1.1221184617021356,1.5561039111962378,-0.26840229835867585,-0.26840229835867585
time_refined,100000,0.0,29.42727176209282,0.30923069967574424,0.28423074967562756,0.2944897869074286,1.2676088410768795,1.1440220721146845,1.1440220721146845,1.5768395407526237,-0.2688871721206916,-0.2688871721206916
time_refined,100000,0.0,31.622776601683793,0.29879428249245826,0.2737943324923416,0.2840541343682771,1.2997535846349184,1.16639423238058,1.16639423238058,1.5985478671273767,-0.26936188667133315,-0.26936188667133315
time_refined,100000,0.0,33.982083289425596,0.28871872979585,0.2637187797957333,0.27398893270691854,1.3325161148322755,1.1892433665834656,1.1892433665834656,1.6212348446281255,-0.26982888831930996,-0.26982888831930996
time_refined,100000,0.0,36.51741272548377,0.2789914749652684,0.2539915249651517,0.26428113614091303,1.3659071256402635,1.2125797398854212,1.2125797398854212,1.644898600605532,-0.27028905629720545,-0.27028905629720545
time_refined,100000,0.0,39.24189758484536,0.2696000770495632,0.2446001270494465,0.2549176896081357,1.3999347914090041,1.2364144931467813,1.2364144931467813,1.6695348684585674,-0.27074361649680273,-0.27074361649680273
time_refined,100000,0.0,42.169650342858226,0.26053227361679016,0.23553232361667345,0.24588562561468877,1.434605277266381,1.2607595669956018,1.2607595669956018,1.6951375508831712,-0.27119464940070925,-0.27119464940070925
time_refined,100000,0.0,45.31583637600818,0.251777649488968,0.22677769948885135,0.23717453183969672,1.4699364825492731,1.285624864621299,1.285624864621299,1.7217141320382412,-0.2716439710973951,-0.2716439710973951
time_refined,100000,0.0,48.69675251658631,0.24332531312933778,0.21832536312922107,0.22877310725415453,1.5059391997345501,1.3110221105199447,1.3110221105199447,1.749264512863888,-0.2720920787776691,-0.2720920787776691
time_refined,100000,0.0,52.32991146814947,0.23516439003042328,0.21016444003030657,0.22066991828552843,1.5426212573366285,1.3369640522083501,1.3369640522083501,1.7777856473670517,-0.27253989850317806,-0.27253989850317806
time_refined,100000,0.0,56.23413251903491,0.22728424735414066,0.20228429735402395,0.21285374133717588,1.5799893285941784,1.363464116244583,1.363464116244583,1.8072735759483192,-0.2729891741207544,-0.2729891741207544
time_refined,100000,0.0,60.42963902381328,0.21967596035573383,0.19467601035561713,0.2053156866379684,1.6180609195133608,1.3905337618355784,1.3905337618355784,1.8377368798690947,-0.2734412732490357,-0.2734412732490357
time_refined,100000,0.0,64.93816315762113,0.21233009302205494,0.18733014302193823,0.19804597392718273,1.656846589761748,1.4181863294021924,1.4181863294021924,1.8691766827838028,-0.27389638419553414,-0.27389638419553414
time_refined,100000,0.0,69.78305848598663,0.20523712363473479,0.18023717363461808,0.1910345724912897,1.6963533824259023,1.4464363802284452,1.4464363802284452,1.901590506060637,-0.27435521342831803,-0.27435521342831803
time_refined,100000,0.0,74.98942093324558,0.19838785000146392,0.1733879000013472,0.1842717941911789,1.736588011216581,1.4752990125095282,1.4752990125095282,1.934975861218045,-0.2748192590310338,-0.2748192590310338
time_refined,100000,0.0,80.58421877614818,0.19177463852131754,0.16677468852120084,0.1777500702438198,1.7775672564600755,1.5047873611049012,1.5047873611049012,1.969341894981393,-0.27528954756201424,-0.27528954756201424
time_refined,100000,0.0,86.59643233600653,0.18538931932932995,0.16038936932921324,0.17146094517515664,1.81930095666084,1.5349165669603522,1.5349165669603522,2.00469027599017,-0.2757660043573995,-0.2757660043573995
time_refined,100000,0.0,93.0572040929699,0.17922353933519755,0.15422358933508085,0.16539559998442313,1.8617947154920809,1.5657032500490824,1.5657032500490824,2.0410182548272786,-0.2762491854925002,-0.2762491854925002
time_refined,100000,0.0,100.0,0.17326935632279236,0.14826940632267566,0.15954570118194272,1.9050546495738445,1.5971643758290335,1.5971643758290335,2.078324005896637,-0.276740429437046,-0.276740429437046
time_refined,100000,0.0,107.46078283213176,0.1675202554238285,0.1425203054237118,0.15390482462000277,1.9490963053967503,1.6293149198263503,1.6293149198263503,2.116616560820579,-0.2772405226411356,-0.2772405226411356
time_refined,100000,0.0,115.47819846894582,0.16196916977078651,0.1369692197706698,0.14846566918168116,1.9939281003974372,1.6621720478216062,1.6621720478216062,2.1558972701682237,-0.2777491919709673,-0.2777491919709673
time_refined,100000,0.0,124.09377607517196,0.1566087565876836,0.1316088065875669,0.14322046153882168,2.039553253359891,1.6957547408337814,1.6957547408337814,2.1961620099475745,-0.27826692979581874,-0.27826692979581874
time_refined,100000,0.0,133.3521432163324,0.15143218743177705,0.12643223743166035,0.13816206693550329,2.0859764270264476,1.7300820625288238,1.7300820625288238,2.2374086144582246,-0.2787950045782319,-0.2787950045782319
time_refined,100000,0.0,143.30125702369628,0.1464339170152723,0.12143396701515562,0.13328505240553662,2.133211193495644,1.7651710624174497,1.7651710624174497,2.2796451105109163,-0.27933404428814873,-0.27933404428814873
time_refined,100000,0.0,153.9926526059492,0.1416078412592566,0.1166078912591399,0.12858312381663967,2.1812635713464985,1.8010412184508464,1.8010412184508464,2.322871412605755,-0.27988362259900584,-0.27988362259900584
time_refined,100000,0.0,165.48170999431815,0.13694749253532285,0.11194754253520614,0.12404941029870464,2.230133059565798,1.8377142539275295,1.8377142539275295,2.367080552101121,-0.28044422097009997,-0.28044422097009997
time_refined,100000,0.0,177.82794100389228,0.13244703154912452,0.10744708154900781,0.11967784218618965,2.2798217345858065,1.8752116073583132,1.8752116073583132,2.412268766134931,-0.28101707496727546,-0.28101707496727546
time_refined,100000,0.0,191.09529749704404,0.12810175410623514,0.10310180410611844,0.11546384480076229,2.3303401486549005,1.913552700803435,1.913552700803435,2.4584419027611357,-0.2816026695933404,-0.2816026695933404
time_refined,100000,0.0,205.3525026457146,0.12390639934387454,0.09890644934375784,0.11140200428154153,2.3816905830946826,1.9527596661420217,1.9527596661420217,2.5055969824385573,-0.28220041346650127,-0.28220041346650127
time_refined,100000,0.0,220.673406908459,0.1198552611066563,0.0948553111065396,0.10748622973931389,2.433866968028442,1.992857415664344,1.992857415664344,2.553722229135098,-0.28281077532013194,-0.28281077532013194
time_refined,100000,0.0,237.13737056616552,0.11594338386125355,0.09094343386113685,0.10371140263535532,2.486867323831974,2.0338700607967213,2.0338700607967213,2.6028107076932274,-0.2834349433583331,-0.2834349433583331
time_refined,100000,0.0,254.82967479793464,0.11216679441738918,0.08716684441727247,0.10007369185389227,2.540697746213336,2.0758197377881342,2.0758197377881342,2.652864540630725,-0.28374647057728636,-0.28374647057728636
time_refined,100000,0.0,273.8419634264361,0.10852097405766135,0.08352102405754465,0.09656845536194124,2.5953549872238364,2.1187316088087655,2.1187316088087655,2.7038759612814975,-0.2840623386716261,-0.2840623386716261
time_refined,100000,0.0,294.2727176209282,0.10500088454395563,0.08000093454383893,0.09319027855997149,2.65082490066305,2.162634270683582,2.162634270683582,2.755825785207006,nan,nan
time_refined,100000,0.0,316.22776601683796,0.10160236527955288,0.07660241527943618,0.08993489703659087,2.7070995944975134,2.2075548090644337,2.2075548090644337,2.8087019597770664,nan,nan
time_refined,100000,0.25,17.78279410038923,0.3848657002285624,0.35986575022844575,0.37909454298960615,0.5806733717257028,1.0,1.0,0.9655390719542651,nan,nan
time_refined,100000,0.25,19.109529749704404,0.37138249217673763,0.34638254217662096,0.3656620910185416,0.5848199981607559,1.0,1.0,0.9562024903374935,nan,nan
time_refined,100000,0.25,20.53525026457146,0.35836989763523547,0.3333699476351188,0.3527056214498398,0.5888654639394372,1.0,1.0,0.9472353615746727,-0.0,-0.0
time_refined,100000,0.25,22.0673406908459,0.34581130023023393,0.32081135023011725,0.3402080611573272,0.5928101951979465,1.0,1.0,0.9386214954281804,-0.0,-0.0
time_refined,100000,0.25,23.71373705661655,0.3336899116275711,0.30868996162745443,0.32815220647442417,0.5966520992205803,1.0,1.0,0.9303420108481514,-0.0,-0.0
time_refined,100000,0.25,25.482967479793466,0.32199202059112475,0.2969920705910081,0.31652388556103755,0.6003976686904501,1.0,1.0,0.9223896892815748,-0.0,-0.0
time_refined,100000,0.25,27.384196342643612,0.31070298091473,0.2857030309146133,0.3053080539442829,0.6040481810631465,1.0,1.0,0.9147511619778765,-0.0,-0.0
time_refined,100000,0.25,29.42727176209282,0.29980823452064453,0.27480828452052786,0.2944897869074286,0.6076034890548513,1.0,1.0,0.9074117235754958,-0.0,-0.0
time_refined,100000,0.25,31.622776601683793,0.28929316554919765,0.264293215549081,0.2840541343682771,0.6110616993053499,1.0,1.0,0.9003548648545476,-0.0,-0.0
time_refined,100000,0.25,33.982083289425596,0.2791459789578298,0.2541460289577131,0.27398893270691854,0.6144281933147945,1.0,1.0,0.8935741722726243,-0.0,-0.0
time_refined,100000,0.25,36.51741272548377,0.2693539437936057,0.24435399379348904,0.26428113614091303,0.6177037900763154,1.0,1.0,0.887057733869921,-0.0,-0.0
time_refined,100000,0.25,39.24189758484536,0.2599042911142873,0.2349043411141706,0.2549176896081357,0.6208877947841556,1.0,1.0,0.8807920858984428,-0.0,-0.0
time_refined,100000,0.25,42.169650342858226,0.2507843155872993,0.22578436558718262,0.24588562561468877,0.6239783979829547,1.0,1.0,0.874762713570254,-0.0,-0.0
time_refined,100000,0.25,45.31583637600818,0.24198389201026424,0.21698394201014753,0.23717453183969672,0.626980030443422,1.0,1.0,0.8689639224536863,-0.0,-0.0
time_refined,100000,0.25,48.69675251658631,0.2334919619469385,0.2084920119468218,0.22877310725415453,0.6298930623558817,1.0,1.0,0.8633850243028203,-0.0,-0.0
time_refined,100000,0.25,52.32991146814947,0.2252973092910692,0.2002973592909525,0.22066991828552843,0.6327162440128662,1.0,1.0,0.8580135533039354,-0.0,-0.0
time_refined,100000,0.25,56.23413251903491,0.21738891111506248,0.19238896111494577,0.21285374133717588,0.6354477468454914,1.0,1.0,0.852836657960554,-0.0,-0.0
time_refined,100000,0.25,60.42963902381328,0.20975809581065985,0.18475814581054315,0.2053156866379684,0.6380911684954258,1.0,1.0,0.8478492643060856,-0.0,-0.0
time_refined,100000,0.25,64.93816315762113,0.20239526537985295,0.17739531537973624,0.19804597392718273,0.6406464244182686,1.0,1.0,0.8430416897981216,-0.0,-0.0
time_refined,100000,0.25,69.78305848598663,0.19529054994082462,0.17029059994070792,0.1910345724912897,0.6431116777564713,1.0,1.0,0.8384022276972959,-0.0,-0.0
time_refined,100000,0.25,74.98942093324558,0.18843441111176018,0.16343446111164348,0.1842717941911789,0.6454849931488649,1.0,1.0,0.833919404260625,-0.0,-0.0
time_refined,100000,0.25,80.58421877614818,0.18181944171909797,0.15681949171898127,0.1777500702438198,0.6477692232130343,1.0,1.0,0.8295886649321322,-0.0,-0.0
time_refined,100000,0.25,86.59643233600653,0.17543731951685987,0.15043736951674316,0.17146094517515664,0.6499638122899787,1.0,1.0,0.8254011318068386,-0.0,-0.0
time_refined,100000,0.25,93.0572040929699,0.16927934080140966,0.14427939080129296,0.16539559998442313,0.6520662814111453,1.0,1.0,0.821345622212555,-0.0,-0.0
time_refined,100000,0.25,100.0,0.1633372806798941,0.13833733067977738,0.15954570118194272,0.6540745134839788,1.0,1.0,0.8174117941638729,-0.0,-0.0
time_refined,100000,0.25,107.46078283213176,0.15760483128328534,0.13260488128316864,0.15390482462000277,0.6559906765794974,1.0,1.0,0.8135955078627828,-0.0,-0.0
time_refined,100000,0.25,115.47819846894582,0.15207478567837912,0.12707483567826242,0.14846566918168116,0.6578137124498857,1.0,1.0,0.8098884981282648,-0.0,-0.0
time_refined,100000,0.25,124.09377607517196,0.1467394499553288,0.1217394999552121,0.14322046153882168,0.6595404139997124,1.0,1.0,0.8062798639550413,-0.0,-0.0
time_refined,100000,0.25,133.3521432163324,0.14159176528236167,0.11659181528224498,0.13816206693550329,0.6611684111326781,1.0,1.0,0.8027601764150398,-0.0,-0.0
time_refined,100000,0.25,143.30125702369628,0.13662637924982104,0.11162642924970434,0.13328505240553662,0.6626992174705691,1.0,1.0,0.7993255967203902,-0.0,-0.0
time_refined,100000,0.25,153.9926526059492,0.13183706135188086,0.10683711135176416,0.12858312381663967,0.6641312214271078,1.0,1.0,0.7959682827789887,-0.0,-0.0
time_refined,100000,0.25,165.48170999431815,0.1272169924301625,0.1022170424300458,0.12404941029870464,0.6654603666013794,1.0,1.0,0.7926773590315419,-0.0,-0.0
time_refined,100000,0.25,177.82794100389228,0.12276015329969103,0.09776020329957433,0.11967784218618965,0.6666839657629019,1.0,1.0,0.7894441190625929,-0.0,-0.0
time_refined,100000,0.25,191.09529749704404,0.11846202218685187,0.09346207218673516,0.11546384480076229,0.6678028882749671,1.0,1.0,0.786264910461819,-0.0,-0.0
time_refined,100000,0.25,205.3525026457146,0.1143172254550678,0.08931727545495109,0.11140200428154153,0.6688149100177542,1.0,1.0,0.783132135472822,-0.0,-0.0
time_refined,100000,0.25,220.673406908459,0.11031970316515385,0.08531975316503715,0.10748622973931389,0.6697149790269485,1.0,1.0,0.7800346821921024,-0.0,-0.0
time_refined,100000,0.25,237.13737056616552,0.10646436796141627,0.08146441796129957,0.10371140263535532,0.6705000516049132,1.0,1.0,0.7769644195663294,-0.0,-0.0
time_refined,100000,0.25,254.82967479793464,0.10274742069307835,0.07774747069296165,0.10007369185389227,0.6711703588056732,1.0,1.0,0.7739177794987515,-0.0,-0.0
time_refined,100000,0.25,273.8419634264361,0.09916424214909672,0.07416429214898002,0.09656845536194124,0.671723010066048,1.0,1.0,0.7708872522151446,-0.0,-0.0
time_refined,100000,0.25,294.2727176209282,0.09570943385913071,0.070709483859014,0.09319027855997149,0.67215179646573,1.0,1.0,0.7678612303248606,nan,nan
time_refined,100000,0.25,316.22776601683796,0.09237874843673806,0.06737879843662135,0.08993489703659087,0.6724533196012679,1.0,1.0,0.764832068038006,nan,nan
time_refined,100000,0.35,17.78279410038923,0.382673134631644,0.3576731846315273,0.37909454298960615,0.4620918061405282,1.0,1.0,0.8447649407721722,nan,nan
time_refined,100000,0.35,19.109529749704404,0.36918610244983885,0.34418615244972217,0.3656620910185416,0.46201712005122236,0.9927490879042533,0.9927490879042533,0.8312032225010613,nan,nan
time_refined,100000,0.35,20.53525026457146,0.3561722274698674,0.3311722774697507,0.3527056214498398,0.46183279778658415,0.9855356315322212,0.9855356315322212,0.8180050252564515,0.10163783399440818,0.10163783399440818
time_refined,100000,0.35,22.0673406908459,0.34361476683140707,0.3186148168312904,0.3402080611573272,0.46154160580568976,0.9783603321863886,0.9783603321863886,0.8051563726370968,0.10172808866300362,0.10172808866300362
time_refined,100000,0.35,23.71373705661655,0.331496793550976,0.3064968435508593,0.32815220647442417,0.4611441916953525,0.9712235691586464,0.9712235691586464,0.7926409852463285,0.10181560995055201,0.10181560995055201
time_refined,100000,0.35,25.482967479793466,0.3198045138613923,0.2948045638612756,0.31652388556103755,0.46064822227319907,0.9641265562936302,0.9641265562936302,0.7804527361345914,0.10199207696919395,0.10199207696919395
time_refined,100000,0.35,27.384196342643612,0.3085231674756189,0.28352321747550224,0.3053080539442829,0.4600569291266314,0.9570698573495804,0.9570698573495804,0.7685800966022502,0.10215868705490022,0.10215868705490022
time_refined,100000,0.35,29.42727176209282,0.297638077273401,0.27263812727328435,0.2944897869074286,0.45937233343650996,0.9500538441389523,0.9500538441389523,0.7570104107099109,0.1023160675025563,0.1023160675025563
time_refined,100000,0.35,31.622776601683793,0.28713450322139783,0.26213455322128115,0.2840541343682771,0.45859504151524993,0.9430786961437151,0.9430786961437151,0.7457295447366478,0.10246512268598836,0.10246512268598836
time_refined,100000,0.35,33.982083289425596,0.27700056884062996,0.2520006188405133,0.27398893270691854,0.4577313958012916,0.9361451887073134,0.9361451887073134,0.7347319646419215,0.10260681485726515,0.10260681485726515
time_refined,100000,0.35,36.51741272548377,0.26722343905787205,0.24222348905775537,0.26428113614091303,0.45678400123761104,0.9292536198287561,0.9292536198287561,0.724007440295483,0.10274155228581625,0.10274155228581625
time_refined,100000,0.35,39.24189758484536,0.257790237004408,0.23279028700429133,0.2549176896081357,0.45575423856194774,0.922404125696284,0.922404125696284,0.7135444755663558,0.10286983280847321,0.10286983280847321
time_refined,100000,0.35,42.169650342858226,0.24868814880798729,0.22368819880787058,0.24588562561468877,0.4546426200618237,0.9155967327617134,0.9155967327617134,0.7033307688698109,0.1029923869617196,0.1029923869617196
time_refined,100000,0.35,45.31583637600818,0.23990697373297193,0.21490702373285522,0.23717453183969672,0.45345440918093755,0.9088319027675701,0.9088319027675701,0.6933613829139095,0.10310995502402838,0.10310995502402838
time_refined,100000,0.35,48.69675251658631,0.2314355612480769,0.2064356112479602,0.22877310725415453,0.4521916649018593,0.9021097381341239,0.9021097381341239,0.6836272261499362,0.10322285967644457,0.10322285967644457
time_refined,100000,0.35,52.32991146814947,0.22326260001428294,0.19826265001416624,0.22066991828552843,0.4508551958326481,0.8954302001695815,0.8954302001695815,0.6741177958469311,0.1033315180328594,0.1033315180328594
time_refined,100000,0.35,56.23413251903491,0.21537697413617865,0.19037702413606195,0.21285374133717588,0.44944538089956676,0.8887931942676593,0.8887931942676593,0.6648223550357454,0.10343654518708376,0.10343654518708376
time_refined,100000,0.35,60.42963902381328,0.20776994486605935,0.18276999486594264,0.2053156866379684,0.4479665952545152,0.8821989556868304,0.8821989556868304,0.6557365401205746,0.10353852785361986,0.10353852785361986
time_refined,100000,0.35,64.93816315762113,0.20043183471425258,0.17543188471413587,0.19804597392718273,0.44642041409192595,0.8756474404234997,0.8756474404234997,0.6468522488061785,0.1036377278486715,0.1036377278486715
time_refined,100000,0.35,69.78305848598663,0.19335269147488324,0.16835274147476653,0.1910345724912897,0.4448071184210769,0.8691384762543165,0.8691384762543165,0.6381598098959601,0.10373450832871253,0.10373450832871253
time_refined,100000,0.35,74.98942093324558,0.18652289852834095,0.16152294852822424,0.1842717941911789,0.44312693067459785,0.8626718725112051,0.8626718725112051,0.6296498292029388,0.10382940590803004,0.10382940590803004
time_refined,100000,0.35,80.58421877614818,0.17993499092178245,0.15493504092166574,0.1777500702438198,0.44138349118609205,0.8562477014155728,0.8562477014155728,0.6213184821078745,0.1039228996456352,0.1039228996456352
time_refined,100000,0.35,86.59643233600653,0.17358057915571126,0.14858062915559456,0.17146094517515664,0.4395779420581072,0.8498658087242846,0.8498658087242846,0.6131585212138184,0.10401520803625293,0.10401520803625293
time_refined,100000,0.35,93.0572040929699,0.16745088947588757,0.14245093947577087,0.16539559998442313,0.4377100626523944,0.8435259172078912,0.8435259172078912,0.605160952128282,0.10410666599306048,0.10410666599306048
time_refined,100000,0.35,100.0,0.16153763219848533,0.13653768219836862,0.15954570118194272,0.4357799086956574,0.8372277600869444,0.8372277600869444,0.5973175408941427,0.10419776876196421,0.10419776876196421
time_refined,100000,0.35,107.46078283213176,0.15583445107021707,0.13083450107010036,0.15390482462000277,0.4337905070816352,0.8309712917071838,0.8309712917071838,0.5896249581518522,0.104288931922999,0.104288931922999
time_refined,100000,0.35,115.47819846894582,0.15033408325137335,0.12533413325125664,0.14846566918168116,0.43174260357558997,0.8247562722019199,0.8247562722019199,0.5820766868269633,0.10438035466507324,0.10438035466507324
time_refined,100000,0.35,124.09377607517196,0.14502877595637353,0.12002882595625683,0.14322046153882168,0.42963547901459503,0.818582335419343,0.818582335419343,0.5746642549709686,0.10447237701443989,0.10447237701443989
time_refined,100000,0.35,133.3521432163324,0.13991141755339456,0.11491146755327786,0.13816206693550329,0.42746901665178905,0.8124491513049059,0.8124491513049059,0.5673804342051836,0.10456549263377302,0.10456549263377302
time_refined,100000,0.35,143.30125702369628,0.1349766161589427,0.10997666615882601,0.13328505240553662,0.4252457204689753,0.8063565853773867,0.8063565853773867,0.560222336627918,0.10466009232263675,0.10466009232263675
time_refined,100000,0.35,153.9926526059492,0.1302180955577719,0.1052181455576552,0.12858312381663967,0.4229659614946622,0.8003043260142647,0.8003043260142647,0.5531840570524341,0.10475637514921757,0.10475637514921757
time_refined,100000,0.35,165.48170999431815,0.1256289875429554,0.10062903754283871,0.12404941029870464,0.4206285028761782,0.7942919233394221,0.7942919233394221,0.5462574904191336,0.10485471260125073,0.10485471260125073
time_refined,100000,0.35,177.82794100389228,0.12120323061079358,0.09620328061067687,0.11967784218618965,0.41823305717874165,0.7883189918457737,0.7883189918457737,0.5394362877895352,0.10495562328837103,0.10495562328837103
time_refined,100000,0.35,191.09529749704404,0.11693627162103491,0.09193632162091821,0.11546384480076229,0.4157816774714586,0.7823853272821637,0.7823853272821637,0.5327179490924935,0.10505949328015596,0.10505949328015596
time_refined,100000,0.35,205.3525026457146,0.11282270011775034,0.08782275011763363,0.11140200428154153,0.413274377539815,0.7764905546175382,0.7764905546175382,0.5260970776575653,0.10516652518661396,0.10516652518661396
time_refined,100000,0.35,220.673406908459,0.1088564154047171,0.0838564654046004,0.10748622973931389,0.4107093730134822,0.770634139892755,0.770634139892755,0.5195657884181993,0.10527713637351696,0.10527713637351696
time_refined,100000,0.35,237.13737056616552,0.10503229675850116,0.08003234675838446,0.10371140263535532,0.408086227995103,0.7648156500171477,0.7648156500171477,0.5131185247536042,0.1053918847906877,0.1053918847906877
time_refined,100000,0.35,254.82967479793464,0.10134652076860516,0.07634657076848846,0.10007369185389227,0.40540661191061367,0.7590348254684564,0.7590348254684564,0.5067531326792188,0.10544896129174373,0.10544896129174373
time_refined,100000,0.35,273.8419634264361,0.09779443890073544,0.07279448890061874,0.09656845536194124,0.40267020517491325,0.7532912341978757,0.7532912341978757,0.5004646440756487,0.10550732436965538,0.10550732436965538
time_refined,100000,0.35,294.2727176209282,0.09437061853475022,0.06937066853463351,0.09319027855997149,0.3998746439932934,0.7475842547259702,0.7475842547259702,0.4942452625280436,nan,nan
time_refined,100000,0.35,316.22776601683796,0.09107078638284262,0.06607083638272591,0.08993489703659087,0.39701939484449467,0.7419134158098498,0.7419134158098498,0.48809018122733727,nan,nan
time_refined,100000,0.5,17.78279410038923,0.380243482048773,0.35524353204865633,0.37909454298960615,0.3327525094998135,1.0,1.0,0.7129959915485865,nan,nan
time_refined,100000,0.5,19.109529749704404,0.36677165250401556,0.3417717025038989,0.3656620910185416,0.3292322199889259,0.9824052771502025,0.9824052771502025,0.6960038724929414,nan,nan
time_refined,100000,0.5,20.53525026457146,0.3537756418489043,0.32877569184878763,0.3527056214498398,0.3256631894106416,0.9650796518051925,0.9650796518051925,0.6794388312595459,0.2480851006679007,0.2480851006679007
time_refined,100000,0.5,22.0673406908459,0.3412385181959554,0.31623856819583873,0.3402080611573272,0.3220499649588406,0.9480214493207563,0.9480214493207563,0.663288483154796,0.2483391444821111,0.2483391444821111
time_refined,100000,0.5,23.71373705661655,0.3291431803192765,0.3041432303191598,0.32815220647442417,0.31839532492107064,0.9312281176206508,0.9312281176206508,0.6475385052403471,0.2485870144888379,0.2485870144888379
time_refined,100000,0.5,25.482967479793466,0.31747564029399195,0.29247569029387527,0.31652388556103755,0.3147072868037654,0.9146993551071279,0.9146993551071279,0.6321829270977574,0.24908600704208939,0.24908600704208939
time_refined,100000,0.5,27.384196342643612,0.30622096529890036,0.2812210152987837,0.3053080539442829,0.31099023829156625,0.8984331078148302,0.8984331078148302,0.6172112035904667,0.2495621796886098,0.2495621796886098
time_refined,100000,0.5,29.42727176209282,0.2953643173562505,0.27036436735613384,0.2944897869074286,0.307247519333125,0.8824268161291104,0.8824268161291104,0.6026118366893756,0.2500169391166835,0.2500169391166835
time_refined,100000,0.5,31.622776601683793,0.2848908087591411,0.2598908587590244,0.2840541343682771,0.30348132694129737,0.8666774207605569,0.8666774207605569,0.5883721357004384,0.2504525343512069,0.2504525343512069
time_refined,100000,0.5,33.982083289425596,0.27478839643548225,0.24978844643536555,0.27398893270691854,0.29969794057045784,0.8511834967770348,0.8511834967770348,0.5744863370059401,0.2508713181985048,0.2508713181985048
time_refined,100000,0.5,36.51741272548377,0.26504410101157316,0.24004415101145649,0.26428113614091303,0.2959007231662497,0.8359423578576747,0.8359423578576747,0.5609448241778229,0.25127412520491793,0.25127412520491793
time_refined,100000,0.5,39.24189758484536,0.25564491345935486,0.23064496345923818,0.2549176896081357,0.29209205334730076,0.8209509133300503,0.8209509133300503,0.5477369668066556,0.2516620940223164,0.2516620940223164
time_refined,100000,0.5,42.169650342858226,0.246577898280882,0.2215779482807653,0.24588562561468877,0.28827362479875807,0.8062058137307317,0.8062058137307317,0.53485152307964,0.2520370960004667,0.2520370960004667
time_refined,100000,0.5,45.31583637600818,0.23783271655967636,0.21283276655955966,0.23717453183969672,0.28445035972864985,0.7917049313572929,0.7917049313572929,0.5222830762883262,0.25240098215757617,0.25240098215757617
time_refined,100000,0.5,48.69675251658631,0.2293981006217294,0.2043981506216127,0.22877310725415453,0.2806247975116108,0.7774452084616579,0.7774452084616579,0.5100228981333402,0.25275441186579256,0.25275441186579256
time_refined,100000,0.5,52.32991146814947,0.22126263386360265,0.19626268386348594,0.22066991828552843,0.27679854060637216,0.76342325122294,0.76342325122294,0.4980611744699748,0.2530983741512679,0.2530983741512679
time_refined,100000,0.5,56.23413251903491,0.2134151027638835,0.1884151527637668,0.21285374133717588,0.27297285084099165,0.749635564998387,0.749635564998387,0.4863879536048752,0.2534345049153732,0.2534345049153732
time_refined,100000,0.5,60.42963902381328,0.2058466571818999,0.1808467071817832,0.2053156866379684,0.26915158767601416,0.7360796031005283,0.7360796031005283,0.4749982448579141,0.2537643170589287,0.2537643170589287
time_refined,100000,0.5,64.93816315762113,0.19854752709071496,0.17354757709059826,0.19804597392718273,0.265336627566785,0.7227521124445937,0.7227521124445937,0.4638841546575,0.2540883561578087,0.2540883561578087
time_refined,100000,0.5,69.78305848598663,0.19150767893125695,0.16650772893114024,0.1910345724912897,0.26152894036836977,0.7096495469847829,0.7096495469847829,0.4530366192996267,0.2544075304652633,0.2544075304652633
time_refined,100000,0.5,74.98942093324558,0.18471741963681246,0.15971746963669575,0.1842717941911789,0.25772942552415024,0.6967683695384247,0.6967683695384247,0.44244684516096267,0.2547233341592131,0.2547233341592131
time_refined,100000,0.5,80.58421877614818,0.17816919676719895,0.15316924676708224,0.1777500702438198,0.25394111249711654,0.6841058106305091,0.6841058106305091,0.4321103092643155,0.2550370537696644,0.2550370537696644
time_refined,100000,0.5,86.59643233600653,0.1718545496777889,0.1468545996776722,0.17146094517515664,0.25016534600720747,0.6716585432501149,0.6716585432501149,0.42201989568499637,0.2553491647666725,0.2553491647666725
time_refined,100000,0.5,93.0572040929699,0.1657646437359914,0.1407646937358747,0.16539559998442313,0.2464025751150843,0.6594229689142591,0.6594229689142591,0.41216721885107566,0.25566056086843747,0.25566056086843747
time_refined,100000,0.5,100.0,0.15989113091061202,0.13489118091049532,0.15954570118194272,0.2426534028515624,0.647395580795089,0.647395580795089,0.4025445337621744,0.2559726877483447,0.2559726877483447
time_refined,100000,0.5,107.46078283213176,0.15422758802374095,0.12922763802362425,0.15390482462000277,0.23892021136054417,0.6355735198213585,0.6355735198213585,0.3931477993842851,0.25628671153047694,0.25628671153047694
time_refined,100000,0.5,115.47819846894582,0.14876669914911408,0.1237667491489974,0.14846566918168116,0.23520391785688596,0.6239534647496557,0.6239534647496557,0.38397061700600005,0.2566030937036986,0.2566030937036986
time_refined,100000,0.5,124.09377607517196,0.14350066767762334,0.11850071767750665,0.14322046153882168,0.23150453263719015,0.6125318239960691,0.6125318239960691,0.3750052003148135,0.2569227969085944,0.2569227969085944
time_refined,100000,0.5,133.3521432163324,0.13842233873403553,0.11342238873391884,0.13816206693550329,0.22782242016814716,0.6013051679970105,0.6013051679970105,0.36624475890218267,0.2572473174361448,0.2572473174361448
time_refined,100000,0.5,143.30125702369628,0.13352627074132184,0.10852632074120515,0.13328505240553662,0.22415945582967833,0.590270633516505,0.590270633516505,0.3576857265710002,0.2575777940802559,0.2575777940802559
time_refined,100000,0.5,153.9926526059492,0.1288061492926756,0.1038061992925589,0.12858312381663967,0.22051621026281143,0.5794249530283377,0.5794249530283377,0.349322359555487,0.25791471923660303,0.25791471923660303
time_refined,100000,0.5,165.48170999431815,0.12425507622221747,0.09925512622210077,0.12404941029870464,0.216892312836355,0.5687645715821049,0.5687645715821049,0.34114738905857245,0.25825919483035364,0.25825919483035364
time_refined,100000,0.5,177.82794100389228,0.11986695910332765,0.09486700910321094,0.11967784218618965,0.2132879432483922,0.5582861674046156,0.5582861674046156,0.33315490235171985,0.2586128394286818,0.2586128394286818
time_refined,100000,0.5,191.09529749704404,0.11563720920115737,0.09063725920104067,0.11546384480076229,0.20970458275430867,0.5479869292105606,0.5479869292105606,0.32534179195546603,0.25897681691834834,0.25897681691834834
time_refined,100000,0.5,205.3525026457146,0.11156038985312408,0.08656043985300738,0.11140200428154153,0.20614252387823498,0.5378636738546148,0.5378636738546148,0.31770291373135906,0.2593516614151327,0.2593516614151327
time_refined,100000,0.5,220.673406908459,0.10763038134486345,0.08263043134474675,0.10748622973931389,0.2026010600441904,0.5279128970848886,0.5279128970848886,0.31023144138905384,0.25973866133971946,0.25973866133971946
time_refined,100000,0.5,237.13737056616552,0.10384204180618996,0.07884209180607325,0.10371140263535532,0.1990802444766998,0.5181314104560129,0.5181314104560129,0.30292228628288975,0.26013960395909014,0.26013960395909014
time_refined,100000,0.5,254.82967479793464,0.10019152348575641,0.0751915734856397,0.10007369185389227,0.19558126085797614,0.5085164946565298,0.5085164946565298,0.29577278434373255,0.2603391126504886,0.2603391126504886
time_refined,100000,0.5,273.8419634264361,0.0966741610133001,0.0716742110131834,0.09656845536194124,0.19210418711949875,0.49906507288845364,0.49906507288845364,0.28877834813279885,0.2605429539865447,0.2605429539865447
time_refined,100000,0.5,294.2727176209282,0.0932845110477482,0.06828456104763149,0.09319027855997149,0.18864801939994144,0.4897736966374334,0.4897736966374334,0.2819325304476896,nan,nan
time_refined,100000,0.5,316.22776601683796,0.09001828667333103,0.06501833667321433,0.08993489703659087,0.18521275024530573,0.4806393350728607,0.4806393350728607,0.27523103691863676,nan,nan
time_refined,100000,0.65,17.78279410038923,0.3785431935027314,0.35354324350261473,0.37909454298960615,0.24423593406667307,1.0,1.0,0.6227791275694045,nan,nan
time_refined,100000,0.65,19.109529749704404,0.3650976033140951,0.3400976533139784,0.3656620910185416,0.2392910527226676,0.9728067931145371,0.9728067931145371,0.6043886560367626,nan,nan
time_refined,100000,0.65,20.53525026457146,0.3521292900785816,0.32712934007846495,0.3527056214498398,0.23437761054421047,0.9462859400795487,0.9462859400795487,0.5865069006227921,0.3855224674500892,0.3855224674500892
time_refined,100000,0.65,22.0673406908459,0.3396211563795361,0.3146212063794194,0.3402080611573272,0.22949945632446975,0.9204248732270505,0.9204248732270505,0.5691206127040058,0.38596545086941264,0.38596545086941264
time_refined,100000,0.65,23.71373705661655,0.3275559634836697,0.30255601348355304,0.32815220647442417,0.22465890168342817,0.8952097587065164,0.8952097587065164,0.552214865167098,0.38640049876603877,0.38640049876603877
time_refined,100000,0.65,25.482967479793466,0.3159195282315691,0.2909195782314524,0.31652388556103755,0.21986223935782712,0.870630744362369,0.870630744362369,0.5357817675893962,0.3872749978286833,0.3872749978286833
time_refined,100000,0.65,27.384196342643612,0.30469677276304497,0.2796968227629283,0.3053080539442829,0.21511272505439596,0.8466752612831379,0.8466752612831379,0.5198094978174409,0.3881188844545581,0.3881188844545581
time_refined,100000,0.65,29.42727176209282,0.2938727331061824,0.2688727831060657,0.2944897869074286,0.21041268189278897,0.8233301174173182,0.8233301174173182,0.5042854149989714,0.38893414978904345,0.38893414978904345
time_refined,100000,0.65,31.622776601683793,0.2834324154232517,0.258432465423135,0.2840541343682771,0.2057634674348598,0.8005815104280962,0.8005815104280962,0.4891958828581115,0.3897243564879174,0.3897243564879174
time_refined,100000,0.65,33.982083289425596,0.2733636259165278,0.24836367591641112,0.27398893270691854,0.2011694392804319,0.7784186266092918,0.7784186266092918,0.4745330651969597,0.39049310875610144,0.39049310875610144
time_refined,100000,0.65,36.51741272548377,0.2636532761870029,0.23865332618688623,0.26428113614091303,0.1966326115981804,0.7568287661333013,0.7568287661333013,0.4602858877851833,0.39124142011702845,0.39124142011702845
time_refined,100000,0.65,39.24189758484536,0.2542882655510205,0.22928831555090384,0.2549176896081357,0.1921541809041322,0.7357987826928155,0.7357987826928155,0.44644244645515274,0.39197092167841896,0.39197092167841896
time_refined,100000,0.65,42.169650342858226,0.24525557989499225,0.22025562989487554,0.24588562561468877,0.18773477965635021,0.7153153289334597,0.7153153289334597,0.43299035955134246,0.39268466438772526,0.39268466438772526
time_refined,100000,0.65,45.31583637600818,0.23654476781227735,0.21154481781216064,0.23717453183969672,0.18337733947113916,0.6953673710255827,0.6953673710255827,0.4199221072834165,0.39338554089567174,0.39338554089567174
time_refined,100000,0.65,48.69675251658631,0.22814448297422696,0.20314453297411025,0.22877310725415453,0.17908295479418584,0.6759425344635642,0.6759425344635642,0.4072274377684128,0.39407432161147143,0.39407432161147143
time_refined,100000,0.65,52.32991146814947,0.2200432455152489,0.1950432955151322,0.22066991828552843,0.17485199146081645,0.6570281060048824,0.6570281060048824,0.3948952369760653,0.3947524718995404,0.3947524718995404
time_refined,100000,0.65,56.23413251903491,0.21222978629604455,0.18722983629592785,0.21285374133717588,0.1706845393474225,0.6386114333536363,0.6386114333536363,0.38291432564346706,0.3954227595315067,0.3954227595315067
time_refined,100000,0.65,60.42963902381328,0.20469517411307436,0.17969522411295766,0.2053156866379684,0.16658248445579768,0.6206817137242806,0.6206817137242806,0.37127765856887207,0.39608762015817234,0.39608762015817234
time_refined,100000,0.65,64.93816315762113,0.19742958489104204,0.17242963489092533,0.19804597392718273,0.16254624703271967,0.6032271631786867,0.6032271631786867,0.3599758319237617,0.3967476867206313,0.3967476867206313
time_refined,100000,0.65,69.78305848598663,0.19042294442096447,0.16542299442084776,0.1910345724912897,0.15857558501833469,0.5862357187088408,0.5862357187088408,0.34899852943929915,0.39740438183750837,0.39740438183750837
time_refined,100000,0.65,74.98942093324558,0.18366552252275728,0.15866557252264057,0.1842717941911789,0.1546701940933114,0.5696955538959374,0.5696955538959374,0.33833571661606865,0.3980603489143713,0.3980603489143713
time_refined,100000,0.65,80.58421877614818,0.17714971066036547,0.15214976066024877,0.1777500702438198,0.1508312020645482,0.5535963673102151,0.5535963673102151,0.3279809127249137,0.3987177445134156,0.3987177445134156
time_refined,100000,0.65,86.59643233600653,0.17086701343414906,0.14586706343403236,0.17146094517515664,0.14705854381850916,0.537927111584264,0.537927111584264,0.31792555725265825,0.39937714160680987,0.39937714160680987
time_refined,100000,0.65,93.0572040929699,0.16480857300963292,0.13980862300951621,0.16539559998442313,0.1433515372167971,0.5226764834934929,0.5226764834934929,0.30816011022643003,0.4000400386272997,0.4000400386272997
time_refined,100000,0.65,100.0,0.15896601865285442,0.13396606865273772,0.15954570118194272,0.13970960353597064,0.5078335425664074,0.5078335425664074,0.29867562218882504,0.4007091111345452,0.4007091111345452
time_refined,100000,0.65,107.46078283213176,0.1533328903811376,0.1283329403810209,0.15390482462000277,0.13613332818931348,0.49338863873789596,0.49338863873789596,0.2894662185704511,0.40138640259041686,0.40138640259041686
time_refined,100000,0.65,115.47819846894582,0.1479018522199146,0.12290190221979788,0.14846566918168116,0.13262230358708693,0.4793315264312424,0.4793315264312424,0.2805241558070015,0.40207251687145923,0.40207251687145923
time_refined,100000,0.65,124.09377607517196,0.14266509745029035,0.11766514745017365,0.14322046153882168,0.12917553056554443,0.4656516979176483,0.4656516979176483,0.27184062801583475,0.40276917106711096,0.40276917106711096
time_refined,100000,0.65,133.3521432163324,0.137615459385869,0.11261550938575231,0.13816206693550329,0.1257922498899878,0.45233910907311176,0.45233910907311176,0.26340770927585677,0.40347923767932575,0.40347923767932575
time_refined,100000,0.65,143.30125702369628,0.1327474741879507,0.107747524187834,0.13328505240553662,0.12247266467700382,0.43938483006424794,0.43938483006424794,0.25522013886495454,0.4042047938146812,0.4042047938146812
time_refined,100000,0.65,153.9926526059492,0.128054818306851,0.1030548683067343,0.12858312381663967,0.11921613177118898,0.42677942914014527,0.42677942914014527,0.24727095007803998,0.40494654843086303,0.40494654843086303
time_refined,100000,0.65,165.48170999431815,0.12353059300539687,0.09853064300528017,0.12404941029870464,0.11602142429881238,0.4145131828836722,0.4145131828836722,0.23955201730420925,0.4057065670752895,0.4057065670752895
time_refined,100000,0.65,177.82794100389228,0.11916870199819246,0.09416875199807576,0.11967784218618965,0.11288767803001759,0.4025769260761674,0.4025769260761674,0.23205638002821005,0.40648805045245245,0.40648805045245245
time_refined,100000,0.65,191.09529749704404,0.11496454496026898,0.08996459496015227,0.11546384480076229,0.10981483524494033,0.3909624707888763,0.3909624707888763,0.22477938020520932,0.40729320198284746,0.40729320198284746
time_refined,100000,0.65,205.3525026457146,0.11091268390147507,0.08591273390135837,0.11140200428154153,0.10680210048130977,0.3796611834104225,0.3796611834104225,0.21771478438278485,0.40812286402253994,0.40812286402253994
time_refined,100000,0.65,220.673406908459,0.10700700521766286,0.08200705521754616,0.10748622973931389,0.10384808690269805,0.36866409021075447,0.36866409021075447,0.2108550921203609,0.40897955636312044,0.40897955636312044
time_refined,100000,0.65,237.13737056616552,0.10324236871452296,0.07824241871440625,0.10371140263535532,0.10095189058914206,0.35796287743381777,0.35796287743381777,0.20419425930366503,0.4098669094736154,0.4098669094736154
time_refined,100000,0.65,254.82967479793464,0.09961492262888545,0.07461497262876875,0.10007369185389227,0.09811328807756935,0.34755009502338413,0.34755009502338413,0.1977282107064548,0.41030856721755726,0.41030856721755726
time_refined,100000,0.65,273.8419634264361,0.09612000561334097,0.07112005561322426,0.09656845536194124,0.09533139896172182,0.33741787825587155,0.33741787825587155,0.1914514045750628,0.4107597357152004,0.4107597357152004
time_refined,100000,0.65,294.2727176209282,0.09275218485746374,0.06775223485734704,0.09319027855997149,0.09260472950681749,0.32755795660647913,0.32755795660647913,0.18535691436428123,nan,nan
time_refined,100000,0.65,316.22776601683796,0.08950717871545759,0.06450722871534088,0.08993489703659087,0.08993239431770036,0.3179628372024619,0.3179628372024619,0.17943957303315794,nan,nan
time_refined,100000,0.75,17.78279410038923,0.37769638377544085,0.35269643377532417,0.37909454298960615,0.20109316040825953,1.0,1.0,0.5787895441837003,nan,nan
time_refined,100000,0.75,19.109529749704404,0.3642700088887873,0.3392700588886706,0.3656620910185416,0.19582546751618085,0.9669000176743097,0.9669000176743097,0.5600954764049682,nan,nan
time_refined,100000,0.75,20.53525026457146,0.3513213702228209,0.3263214202227042,0.3527056214498398,0.19063657961423564,0.9348130449491738,0.9348130449491738,0.5419579498370566,0.47076578854157963,0.47076578854157963
time_refined,100000,0.75,22.0673406908459,0.3388332799263383,0.31383332992622165,0.3402080611573272,0.18552893322804065,0.9037131349893138,0.9037131349893138,0.524362213154379,0.47132697597135703,0.47132697597135703
time_refined,100000,0.75,23.71373705661655,0.32678842781000755,0.3017884778098909,0.32815220647442417,0.18050358339877398,0.8735731281172249,0.8735731281172249,0.5072920112087815,0.4718801125998448,0.4718801125998448
time_refined,100000,0.75,25.482967479793466,0.3151725214225824,0.2901725714224657,0.31652388556103755,0.17556492898511641,0.8443711363228195,0.8443711363228195,0.4907374504076988,0.47299116333471003,0.47299116333471003
time_refined,100000,0.75,27.384196342643612,0.30397040816776466,0.278970458167648,0.3053080539442829,0.17071469508585255,0.816082259510337,0.816082259510337,0.47468510325361724,0.4740699418244105,0.4740699418244105
time_refined,100000,0.75,29.42727176209282,0.2931670618997107,0.268167111899594,0.2944897869074286,0.16595377015120327,0.7886811759853236,0.7886811759853236,0.459120832050914,0.47511878997148593,0.47511878997148593
time_refined,100000,0.75,31.622776601683793,0.28274743905533445,0.25774748905521777,0.2840541343682771,0.16128219913530006,0.7621421561395645,0.7621421561395645,0.4440296381906345,0.4761421110804326,0.4761421110804326
time_refined,100000,0.75,33.982083289425596,0.2726992688528689,0.2476993188527522,0.27398893270691854,0.1567025130311741,0.736443506531889,0.736443506531889,0.429401781884043,0.47714424813805284,0.47714424813805284
time_refined,100000,0.75,36.51741272548377,0.2630094125023781,0.2380094625022614,0.26428113614091303,0.1522152336922952,0.711561535964808,0.711561535964808,0.41522464619467325,0.4781262945671833,0.4781262945671833
time_refined,100000,0.75,39.24189758484536,0.2536647295065976,0.22866477950648087,0.2549176896081357,0.147820182523899,0.687472329533333,0.687472329533333,0.4014849120304966,0.4790901879557632,0.4790901879557632
time_refined,100000,0.75,42.169650342858226,0.2446521735155577,0.219652223515441,0.24588562561468877,0.14351670626429955,0.6641520463717558,0.6641520463717558,0.38816887977985726,0.48003977122235286,0.48003977122235286
time_refined,100000,0.75,45.31583637600818,0.23596124143528682,0.21096129143517012,0.23717453183969672,0.13930603556404064,0.6415800272289434,0.6415800272289434,0.3752672769993275,0.48097857938881244,0.48097857938881244
time_refined,100000,0.75,48.69675251658631,0.22758055536451713,0.20258060536440042,0.22877310725415453,0.13518786777375855,0.6197342586198097,0.6197342586198097,0.3627684231382757,0.4819074228959606,0.4819074228959606
time_refined,100000,0.75,52.32991146814947,0.21949861257104933,0.19449866257093262,0.22066991828552843,0.1311613025231308,0.5985926054785656,0.5985926054785656,0.35065991509418015,0.48282808645244,0.48282808645244
time_refined,100000,0.75,56.23413251903491,0.21170412513590056,0.18670417513578386,0.21285374133717588,0.12722522223344634,0.5781333001737756,0.5781333001737756,0.3389293473693469,0.483744143200271,0.483744143200271
time_refined,100000,0.75,60.42963902381328,0.20418812924565635,0.17918817924553965,0.2053156866379684,0.12337996705627881,0.5583371524850458,0.5583371524850458,0.3275680963019352,0.4846586356539347,0.4846586356539347
time_refined,100000,0.75,64.93816315762113,0.19694078325093933,0.17194083325082263,0.19804597392718273,0.11962468668203004,0.5391840268539452,0.5391840268539452,0.31656546993296936,0.48557223285878515,0.48557223285878515
time_refined,100000,0.75,69.78305848598663,0.18995200243875576,0.16495205243863906,0.1910345724912897,0.115958008624806,0.520653705998942,0.520653705998942,0.30591001106356175,0.48648673645061136,0.48648673645061136
time_refined,100000,0.75,74.98942093324558,0.18321204778754901,0.1582120977874323,0.1842717941911789,0.11237852787326044,0.5027265248034305,0.5027265248034305,0.2955905756608095,0.4874056606953761,0.4874056606953761
time_refined,100000,0.75,80.58421877614818,0.17671329206322903,0.15171334206311232,0.1777500702438198,0.1088859916934076,0.4853849564316289,0.4853849564316289,0.2855992837566366,0.4883317811489797,0.4883317811489797
time_refined,100000,0.75,86.59643233600653,0.17044723232903272,0.14544728232891602,0.17146094517515664,0.1054792046623222,0.46861078579674764,0.46861078579674764,0.27592643699135494,0.4892657328576466,0.4892657328576466
time_refined,100000,0.75,93.0572040929699,0.16440500892711715,0.13940505892700045,0.16539559998442313,0.10215650180082489,0.4523857128480715,0.4523857128480715,0.26656151072794204,0.49020949966641997,0.49020949966641997
time_refined,100000,0.75,100.0,0.15857824932081793,0.13357829932070123,0.15954570118194272,0.09891632303552227,0.43669211324856666,0.43669211324856666,0.2574945723563402,0.49116674492387474,0.49116674492387474
time_refined,100000,0.75,107.46078283213176,0.15296048464752812,0.12796053464741142,0.15390482462000277,0.09575803691544203,0.4215141697069718,0.4215141697069718,0.24871852156297014,0.49214018631823037,0.49214018631823037
time_refined,100000,0.75,115.47819846894582,0.14754437831846054,0.12254442831834383,0.14846566918168116,0.0926802484747347,0.4068355340883246,0.4068355340883246,0.24022462679319523,0.49313054435698717,0.49313054435698717
time_refined,100000,0.75,124.09377607517196,0.14232212763557522,0.11732217763545852,0.14322046153882168,0.0896811261949492,0.3926397387318071,0.3926397387318071,0.23200325383052442,0.49414017940051896,0.49414017940051896
time_refined,100000,0.75,133.3521432163324,0.13728656886016508,0.11228661886004838,0.13816206693550329,0.0867590513507639,0.3789110843057245,0.3789110843057245,0.22404562021092897,0.4951731226004488,0.4951731226004488
time_refined,100000,0.75,143.30125702369628,0.13243223595840284,0.10743228595828613,0.13328505240553662,0.08391316578665195,0.3656354192919159,0.3656354192919159,0.2163454017450548,0.496232221050344,0.496232221050344
time_refined,100000,0.75,153.9926526059492,0.1277528093190748,0.1027528593189581,0.12858312381663967,0.08114197806343357,0.35279815440173934,0.35279815440173934,0.20889478738250836,0.49731838167633385,0.49731838167633385
time_refined,100000,0.75,165.48170999431815,0.12324139794732086,0.09824144794720416,0.12404941029870464,0.07844357715390339,0.3403845240908498,0.3403845240908498,0.20168497510122424,0.4984345285057803,0.4984345285057803
time_refined,100000,0.75,177.82794100389228,0.1188919114961478,0.0938919614960311,0.11967784218618965,0.07581635664208784,0.3283806147842279,0.3283806147842279,0.19470826813823566,0.4995852487683601,0.4995852487683601
time_refined,100000,0.75,191.09529749704404,0.11469975178578015,0.08969980178566345,0.11546384480076229,0.0732593407318863,0.31677385092571697,0.31677385092571697,0.18795909251766646,0.5007736503237861,0.5007736503237861
time_refined,100000,0.75,205.3525026457146,0.11065948754987946,0.08565953754976276,0.11140200428154153,0.07077101599171076,0.3055512714621333,0.3055512714621333,0.18143050354159024,0.5020008800830531,0.5020008800830531
time_refined,100000,0.75,220.673406908459,0.10676501508947334,0.08176506508935663,0.10748622973931389,0.06834945328075387,0.2946996660080312,0.2946996660080312,0.1751144683702272,0.5032705982770274,0.5032705982770274
time_refined,100000,0.75,237.13737056616552,0.10301120181236881,0.0780112518122521,0.10371140263535532,0.06599311311142324,0.28420676516825083,0.28420676516825083,0.16900431492379203,0.5045881128457302,0.5045881128457302
time_refined,100000,0.75,254.82967479793464,0.099394200724933,0.0743942507248163,0.10007369185389227,0.0637009813720365,0.27406145935793924,0.27406145935793924,0.1630951820969695,0.5052437747293071,0.5052437747293071
time_refined,100000,0.75,273.8419634264361,0.09590935870165064,0.07090940870153394,0.09656845536194124,0.061471577268858664,0.2642522795327662,0.2642522795327662,0.1573809359705093,0.505914224683975,0.505914224683975
time_refined,100000,0.75,294.2727176209282,0.09255125388256032,0.06755130388244361,0.09319027855997149,0.05930299712256288,0.25476742071641506,0.25476742071641506,0.1518542510051232,nan,nan
time_refined,100000,0.75,316.22776601683796,0.08931561291568324,0.06431566291556653,0.08993489703659087,0.057193810970268315,0.24559612204005063,0.24559612204005063,0.14650942388595156,nan,nan
time_refined,100000,0.9,17.78279410038923,0.37673391201068657,0.3517339620105699,0.37909454298960615,0.15319347556567797,1.0,1.0,0.5299273875763646,nan,nan
time_refined,100000,0.9,19.109529749704404,0.36333560483214766,0.338335654832031,0.3656620910185416,0.14794724393898895,0.9589065952211007,0.964567013111996,0.5112828487711366,nan,nan
time_refined,100000,0.9,20.53525026457146,0.3504151820051097,0.325415232004993,0.3527056214498398,0.14283402769060569,0.9194058016398425,0.9303896032592327,0.4932492096957154,0.5866990425038718,0.5013848781832756
time_refined,100000,0.9,22.0673406908459,0.3379553525230522,0.3129554025229355,0.3402080611573272,0.13785349905669628,0.8814420629346067,0.8974227338499433,0.4758088515797485,0.587373707887548,0.5013852964920581
time_refined,100000,0.9,23.71373705661655,0.32593872775358695,0.3009387777534703,0.32815220647442417,0.13300422229553122,0.844959506808162,0.865621023944471,0.45894295004911817,0.5880412657952485,0.501387267715647
time_refined,100000,0.9,25.482967479793466,0.31435089189065635,0.28935094189053967,0.31652388556103755,0.12828734794102153,0.8099094594595251,0.8349470901503213,0.4426382398316779,0.5893813349846432,0.501390540570811
time_refined,100000,0.9,27.384196342643612,0.3031766135650483,0.27817666356493165,0.3053080539442829,0.12370190542067838,0.776240771214524,0.8053612471880233,0.4268785189857267,0.590691005983595,0.5013889503960601
time_refined,100000,0.9,29.42727176209282,0.2924008039564856,0.2674008539563689,0.2944897869074286,0.11924627690760883,0.7439028299860349,0.7768241256785984,0.4116470808640944,0.5919732269052226,0.5013813746447766
time_refined,100000,0.9,31.622776601683793,0.2820083720372493,0.25700842203713264,0.2840541343682771,0.11491821451851282,0.7128455581376262,0.7492962893324084,0.39692658655576213,0.5932335157645536,0.5013705092556094
time_refined,100000,0.9,33.982083289425596,0.2719869692837658,0.24698701928364913,0.27398893270691854,0.1107173760732539,0.6830245140241279,0.7227456521694923,0.3827043453570197,0.5944771431049264,0.5013571114493546
time_refined,100000,0.9,36.51741272548377,0.2623234111771168,0.23732346117700015,0.26428113614091303,0.10664189538967442,0.6543938825665457,0.6971378011847534,0.3689653065667913,0.5957055010184149,0.5013379800700453
time_refined,100000,0.9,39.24189758484536,0.2530045239968759,0.2280045739967592,0.2549176896081357,0.10268940623011505,0.6269085045830625,0.672438298894545,0.3556939302269909,0.596921082589634,0.5013118973311979
time_refined,100000,0.9,42.169650342858226,0.24401723685296636,0.21901728685284966,0.24588562561468877,0.0988572263740939,0.6005241927341862,0.6486129388083287,0.3428744632270603,0.5981288314647456,0.5012817470724956
time_refined,100000,0.9,45.31583637600818,0.23535100179407045,0.21035105179395375,0.23717453183969672,0.09514411108900366,0.5752012826847472,0.6256342546355237,0.3304951128830741,0.599333136732982,0.5012480186438677
time_refined,100000,0.9,48.69675251658631,0.22699441866934755,0.20199446866923085,0.22877310725415453,0.09154770380179261,0.5508993655898262,0.6034724357940097,0.31854212247114017,0.6005350603195193,0.501206793045103
time_refined,100000,0.9,52.32991146814947,0.2189359719961621,0.1939360219960454,0.22066991828552843,0.08806525181229978,0.5275786816527768,0.5820973220698106,0.3070012238084619,0.6017369873312264,0.5011567480841114
time_refined,100000,0.9,56.23413251903491,0.211164365467996,0.1861644154678793,0.21285374133717588,0.08469389542733295,0.5052006558881208,0.5614793071368791,0.29585826089532896,0.602943679700614,0.5011009370335437
time_refined,100000,0.9,60.42963902381328,0.20367061319063878,0.17867066319052208,0.2053156866379684,0.08143188532936134,0.48373041785281057,0.5415949409844121,0.28510249852000014,0.6041590555664244,0.501039466753517
time_refined,100000,0.9,64.93816315762113,0.19644486721078572,0.171444917210669,0.19804597392718273,0.0782766466713388,0.4631327015116507,0.5224184246108039,0.2747215138821245,0.6053840520929744,0.5009675188896402
time_refined,100000,0.9,69.78305848598663,0.18947704362743686,0.16447709362732016,0.1910345724912897,0.07522528022330138,0.4433728137947561,0.5039232983539079,0.2647023238507382,0.606621204141483,0.5008836314036629
time_refined,100000,0.9,74.98942093324558,0.18275740582133776,0.15775745582122105,0.1842717941911789,0.07227492148817155,0.42441734108021606,0.4860840062164418,0.2550323273095093,0.6078753977005322,0.5007909673401686
time_refined,100000,0.9,80.58421877614818,0.17627831959647983,0.15127836959636312,0.1777500702438198,0.06942358309629716,0.40623595229454557,0.4688805827750817,0.24570190269277697,0.6091503867994261,0.5006890731341846
time_refined,100000,0.9,86.59643233600653,0.17003128598767456,0.14503133598755785,0.17146094517515664,0.06666865172809501,0.3887981022553233,0.45229072363581263,0.23669993771576958,0.6104471492609516,0.5005719814741154
time_refined,100000,0.9,93.0572040929699,0.16400745461750565,0.13900750461738895,0.16539559998442313,0.06400723693276217,0.3720737044169783,0.43629116547045066,0.22801469155026782,0.6117686270739184,0.5004380161548126
time_refined,100000,0.9,100.0,0.1581984620865115,0.1331985120863948,0.15954570118194272,0.061436581767450135,0.3560339879854096,0.42085992566323244,0.21963504385396165,0.6131201355163355,0.500290331276846
time_refined,100000,0.9,107.46078283213176,0.15259784210670535,0.12759789210658865,0.15390482462000277,0.058954635322785706,0.3406527755988781,0.4059800581835926,0.21155247742949107,0.6145055495930362,0.5001276498971847
time_refined,100000,0.9,115.47819846894582,0.14719826823215468,0.12219831823203797,0.14846566918168116,0.056558860134369,0.3259037573203791,0.39163230367510654,0.20375712836652368,0.6159260630200597,0.4999425144025639
time_refined,100000,0.9,124.09377607517196,0.1419919519004683,0.11699200190035158,0.14322046153882168,0.05424647010999312,0.3117609472109529,0.3777961571521446,0.1962384220104614,0.6173853220932402,0.4997329002027864
time_refined,100000,0.9,133.3521432163324,0.1369717422978317,0.11197179229771502,0.13816206693550329,0.052014884713867955,0.2981996887284301,0.36445279809604475,0.18898662701169966,0.6188893961790385,0.4995017469170291
time_refined,100000,0.9,143.30125702369628,0.13213218156356374,0.10713223156344703,0.13328505240553662,0.04986209995616763,0.2851975226413815,0.35158789507869803,0.18199428151973138,0.6204425464420238,0.49924657432164193
time_refined,100000,0.9,153.9926526059492,0.12746696352667655,0.10246701352655986,0.12858312381663967,0.047785723274116926,0.2727318811212826,0.33918484503261526,0.17525268680079348,0.6220463431776926,0.498957968491528
time_refined,100000,0.9,165.48170999431815,0.12296921370250857,0.09796926370239187,0.12404941029870464,0.04578312808646935,0.26078037689144534,0.3272255235341274,0.1687523417889779,0.6237054503717726,0.4986333311940864
time_refined,100000,0.9,177.82794100389228,0.11863285637867549,0.09363290637855878,0.11967784218618965,0.04385195008973629,0.2493219658117843,0.3156939196285686,0.1624848064684118,0.6254270073527848,0.4982750576344655
time_refined,100000,0.9,191.09529749704404,0.11445330444369166,0.08945335444357495,0.11546384480076229,0.04199030022395144,0.23833747181354129,0.3045779659348144,0.1564436046676431,0.6272158846262197,0.4978789276626814
time_refined,100000,0.9,205.3525026457146,0.11042514141307697,0.08542519141296026,0.11140200428154153,0.04019597048412171,0.22780760267650854,0.29386338142196866,0.15062111189719868,0.6290741564723129,0.4974329424186405
time_refined,100000,0.9,220.673406908459,0.10654228082032405,0.08154233082020734,0.10748622973931389,0.03846652318206166,0.21771310065367025,0.2835340991501977,0.1450088040023857,0.6310078424947161,0.4969335763040099
time_refined,100000,0.9,237.13737056616552,0.10279960499663635,0.07779965499651964,0.10371140263535532,0.036799831630555266,0.20803607795079154,0.2735766171084104,0.1395994366271916,0.6330254776920657,0.49638218429962966
time_refined,100000,0.9,254.82967479793464,0.09919327911436916,0.07419332911425246,0.10007369185389227,0.035194161483567576,0.19876023227295347,0.2639808293326872,0.13438744059793672,0.6340288417235314,0.4961126113295123
time_refined,100000,0.9,273.8419634264361,0.09571866488992245,0.07071871488980574,0.09656845536194124,0.033647509516158074,0.18986912137220535,0.25473449076946725,0.12936617440608053,0.6350580524946793,0.495828514796762
time_refined,100000,0.9,294.2727176209282,0.09237035736370718,0.06737040736359047,0.09319027855997149,0.032157639436651946,0.181346191472313,0.24582331843939662,0.12452799680035911,nan,nan
time_refined,100000,0.9,316.22776601683796,0.08914409746888295,0.06414414746876625,0.08993489703659087,0.03072267101311981,0.17317630538489387,0.23723606340346784,0.11986676848200276,nan,nan
time_refined,100000,1.0,17.78279410038923,0.3762462794938323,0.35124632949371565,0.37909454298960615,0.12956888414022305,1.0,1.0,0.5058151636340553,nan,nan
time_refined,100000,1.0,19.109529749704404,0.3628652246046007,0.337865274604484,0.3656620910185416,0.12452060142065323,0.95422367324419,0.964567013111996,0.48738582602525393,nan,nan
time_refined,100000,1.0,20.53525026457146,0.34996190397587074,0.32496195397575406,0.3527056214498398,0.11962998913679877,0.9104480522348469,0.9303896032592327,0.4695918931126695,0.6547253590493621,0.5013848781832756
time_refined,100000,1.0,22.0673406908459,0.337518978418244,0.31251902841812734,0.3402080611573272,0.11489479770478617,0.8685921357746043,0.8974227338499433,0.4524137761230302,0.6553999253834896,0.5013852964920581
time_refined,100000,1.0,23.71373705661655,0.3255190242986537,0.300519074298537,0.32815220647442417,0.11031187874678437,0.8285759061617086,0.865621023944471,0.4358309030454381,0.6560682529282784,0.501387267715647
time_refined,100000,1.0,25.482967479793466,0.31394756990074313,0.28894761990062645,0.31652388556103755,0.10588025616893192,0.7903276538714504,0.8349470901503213,0.41982782606967506,0.6574099002256883,0.501390540570811
time_refined,100000,1.0,27.384196342643612,0.30278935118560335,0.2777894011854867,0.3053080539442829,0.10159721148380726,0.753774427344065,0.8053612471880233,0.40438656266941064,0.6587240408196425,0.5013889503960601
time_refined,100000,1.0,29.42727176209282,0.2920292550988034,0.2670293050986867,0.2944897869074286,0.09745952944325968,0.7188449785081943,0.7768241256785984,0.3894887845420631,0.6600141357855278,0.5013813746447766
time_refined,100000,1.0,31.622776601683793,0.2816521739600902,0.2566522239599735,0.2840541343682771,0.09346352354509051,0.6854697255486564,0.7492962893324084,0.3751156975051807,0.6612862478502918,0.5013705092556094
time_refined,100000,1.0,33.982083289425596,0.27164572956729666,0.24664577956717998,0.27398893270691854,0.08960710750336501,0.6535856608392685,0.7227456521694923,0.3612528370706617,0.662546094933925,0.5013571114493546
time_refined,100000,1.0,36.51741272548377,0.26199672316606487,0.2369967731659482,0.26428113614091303,0.08588698920084145,0.623129489694175,0.6971378011847534,0.3478837123669063,0.6637955096738475,0.5013379800700453
time_refined,100000,1.0,39.24189758484536,0.2526919727666537,0.22769202276653702,0.2549176896081357,0.08229952064910842,0.5940395701777972,0.672438298894545,0.3349914934157622,0.6650374638534522,0.5013118973311979
time_refined,100000,1.0,42.169650342858226,0.24371840322952606,0.21871845322940936,0.24588562561468877,0.07884085328772245,0.566256178137674,0.6486129388083287,0.3225592565172485,0.6662774638300761,0.5012817470724956
time_refined,100000,1.0,45.31583637600818,0.23506545424436842,0.21006550424425172,0.23717453183969672,0.0755083490492718,0.5397249047343767,0.6256342546355237,0.3105738032936402,0.6675203403474573,0.5012480186438677
time_refined,100000,1.0,48.69675251658631,0.22672172333853383,0.20172177333841712,0.22877310725415453,0.07229852273176242,0.5143915084170528,0.6034724357940097,0.29902024607029626,0.6687675742699941,0.501206793045103
time_refined,100000,1.0,52.32991146814947,0.21867569679605922,0.19367574679594252,0.22066991828552843,0.06920762674112188,0.4902032254249863,0.5820973220698106,0.2878833235371811,0.6700220624658355,0.5011567480841114
time_refined,100000,1.0,56.23413251903491,0.2109160819188119,0.1859161319186952,0.21285374133717588,0.0662318855081905,0.4671092493125002,0.5614793071368791,0.2771479674270024,0.6712892194759545,0.5011009370335437
time_refined,100000,1.0,60.42963902381328,0.2034338912912497,0.178433941291133,0.2053156866379684,0.0633684627975698,0.44506314289949767,0.5415949409844121,0.26680235408881947,0.6725734647637515,0.501039466753517
time_refined,100000,1.0,64.93816315762113,0.19621928183901186,0.17121933183889515,0.19804597392718273,0.06061391617117236,0.4240188165874817,0.5224184246108039,0.2568331980101842,0.6738761801328176,0.5009675188896402
time_refined,100000,1.0,69.78305848598663,0.1892621772698857,0.164262227269769,0.1910345724912897,0.05796460084682366,0.4039314291504332,0.5039232983539079,0.24722677811670934,0.675200512307115,0.5008836314036629
time_refined,100000,1.0,74.98942093324558,0.18255284912973116,0.15755289912961445,0.1842717941911789,0.05541695547344526,0.38475804110371004,0.4860840062164418,0.2379698046031764,0.6765521617119628,0.5007909673401686
time_refined,100000,1.0,80.58421877614818,0.1760836680203521,0.1510837180202354,0.1777500702438198,0.052968164333512466,0.3664593479291903,0.4688805827750817,0.22905183235386456,0.6779355035108001,0.5006890731341846
time_refined,100000,1.0,86.59643233600653,0.1698461437943867,0.14484619379427,0.17146094517515664,0.050614967621692375,0.34899642502397554,0.45229072363581263,0.22046111141607908,0.6793520317214983,0.5005719814741154
time_refined,100000,1.0,93.0572040929699,0.16383143668445835,0.13883148668434164,0.16539559998442313,0.04835393930762153,0.3323313486430123,0.43629116547045066,0.21218537599207987,0.6808054730095647,0.5004380161548126
time_refined,100000,1.0,100.0,0.15803119372250912,0.13303124372239242,0.15954570118194272,0.04618181021457155,0.3164280082279836,0.42085992566323244,0.20421300393708067,0.6823021948731588,0.500290331276846
time_refined,100000,1.0,107.46078283213176,0.15243895671093194,0.12743900671081523,0.15390482462000277,0.044095913776231205,0.3012533409293947,0.4059800581835926,0.19653487048716314,0.6838468713157357,0.5001276498971847
time_refined,100000,1.0,115.47819846894582,0.1470474097977306,0.1220474597976139,0.14846566918168116,0.042093248458145986,0.2867746198182848,0.39163230367510654,0.1891406582558766,0.6854413288576549,0.4999425144025639
time_refined,100000,1.0,124.09377607517196,0.14184877619207842,0.11684882619196171,0.14322046153882168,0.04017066549603015,0.2729598722923442,0.3777961571521446,0.18201944168810857,0.6870902541783012,0.4997329002027864
time_refined,100000,1.0,133.3521432163324,0.13683591625983257,0.11183596625971588,0.13816206693550329,0.038325223466161344,0.2597788512774676,0.36445279809604475,0.17516113972599393,0.6888010925570541,0.4995017469170291
time_refined,100000,1.0,143.30125702369628,0.13200338157661956,0.10700343157650286,0.13328505240553662,0.03655447423782296,0.24720387619242973,0.35158789507869803,0.16855785581444252,0.6905791461548487,0.49924657432164193
time_refined,100000,1.0,153.9926526059492,0.12734487697036478,0.10234492697024808,0.12858312381663967,0.03485570849952521,0.23520752379976928,0.33918484503261526,0.16220058546989,0.6924267881848524,0.498957968491528
time_refined,100000,1.0,165.48170999431815,0.12285353975451982,0.09785358975440311,0.12404941029870464,0.03322607682401658,0.2237628898214802,0.3272255235341274,0.1560796165785364,0.694350087853251,0.4986333311940864
time_refined,100000,1.0,177.82794100389228,0.11852330518468907,0.09352335518457236,0.11967784218618965,0.031662974756189836,0.2128447276188374,0.3156939196285686,0.1501862799408789,0.6963579969835542,0.4982750576344655
time_refined,100000,1.0,191.09529749704404,0.11434959573390563,0.08934964573378892,0.11546384480076229,0.03016420458513578,0.20242995418280055,0.3045779659348144,0.1445138003190414,0.6984567554404629,0.4978789276626814
time_refined,100000,1.0,205.3525026457146,0.1103270054970361,0.0853270554969194,0.11140200428154153,0.02872735777334827,0.19249565408531827,0.29386338142196866,0.13905436327038437,0.7006494869703097,0.4974329424186405
time_refined,100000,1.0,220.673406908459,0.10644945917438417,0.08144950917426746,0.10748622973931389,0.02734988460409613,0.18301921062885632,0.2835340991501977,0.1337993437784803,0.702944135820992,0.4969335763040099
time_refined,100000,1.0,237.13737056616552,0.10271184928358014,0.07771189928346343,0.10371140263535532,0.02602951133123189,0.17397962542598938,0.2735766171084104,0.12874136061481203,0.7053516412128199,0.49638218429962966
time_refined,100000,1.0,254.82967479793464,0.09911035003879923,0.07411040003868252,0.10007369185389227,0.024764299404742573,0.16535771789909828,0.2639808293326872,0.1238746494435418,0.7065479582201268,0.4961126113295123
time_refined,100000,1.0,273.8419634264361,0.09564033286112958,0.07064038286101287,0.09656845536194124,0.023552134213839504,0.15713438651011225,0.25473449076946725,0.11919246707496908,0.7077789059628391,0.495828514796762
time_refined,100000,1.0,294.2727176209282,0.09229640298495875,0.06729645298484205,0.09319027855997149,0.02239075328461671,0.14929062394645998,0.24582331843939662,0.11468715626957546,nan,nan
time_refined,100000,1.0,316.22776601683796,0.08907431044680963,0.06407436044669293,0.08993489703659087,0.021278198041411695,0.14180903347285345,0.23723606340346784,0.11035250848822133,nan,nan
time_refined,100000,1.1,17.78279410038923,0.3758513418016248,0.35085139180150815,0.37909454298960615,0.11087281893895592,1.0,1.0,0.4867241607405808,nan,nan
time_refined,100000,1.1,19.109529749704404,0.36248602590720774,0.33748607590709107,0.3656620910185416,0.10609234048608224,0.9500985089689178,0.964567013111996,0.46857836639329,nan,nan
time_refined,100000,1.1,20.53525026457146,0.34959816630681073,0.32459821630669405,0.3527056214498398,0.10148611197289603,0.902604202899632,0.9303896032592327,0.45108427827970676,0.714513456845349,0.5013848781832756
time_refined,100000,1.1,22.0673406908459,0.33717039019354894,0.31217044019343226,0.3402080611573272,0.09705008818757403,0.8574071315999687,0.8974227338499433,0.434220478381123,0.7151059133457426,0.5013852964920581
time_refined,100000,1.1,23.71373705661655,0.3251852508276197,0.300185300827503,0.32815220647442417,0.09277954744090543,0.8144002494864685,0.865621023944471,0.4179647982685251,0.7156928541323613,0.501387267715647
time_refined,100000,1.1,25.482967479793466,0.31362823898941256,0.2886282889892959,0.31652388556103755,0.08867157889184156,0.7734856583026571,0.8349470901503213,0.40229981788125413,0.7168718162535991,0.501390540570811
time_refined,100000,1.1,27.384196342643612,0.30248407115209625,0.27748412115197957,0.3053080539442829,0.08472190905038178,0.7345662549564986,0.8053612471880233,0.38720598020247804,0.7180266165285171,0.5013889503960601
time_refined,100000,1.1,29.42727176209282,0.2917376213711538,0.2667376713710371,0.2944897869074286,0.08092592774993035,0.6975482429009261,0.7768241256785984,0.3726635491210841,0.719161339558558,0.5013813746447766
time_refined,100000,1.1,31.622776601683793,0.28137377475786934,0.25637382475775267,0.2840541343682771,0.07727871694782253,0.6623410323778746,0.7492962893324084,0.35865249170569186,0.7202823539817186,0.5013705092556094
time_refined,100000,1.1,33.982083289425596,0.27138013762190916,0.24638018762179248,0.27398893270691854,0.07377669688281636,0.6288613346620009,0.7227456521694923,0.3451568345047255,0.721395640421555,0.5013571114493546
time_refined,100000,1.1,36.51741272548377,0.2617435068474674,0.23674355684735068,0.26428113614091303,0.07041539039487987,0.5970272397732612,0.6971378011847534,0.33215889724234726,0.7225037269646377,0.5013379800700453
time_refined,100000,1.1,39.24189758484536,0.25245070034517725,0.22745075034506054,0.2549176896081357,0.06719010861581459,0.566759804269578,0.672438298894545,0.31964080896099184,0.723610159418472,0.5013118973311979
time_refined,100000,1.1,42.169650342858226,0.2434886456694677,0.218488695669351,0.24588562561468877,0.06409607688854954,0.5379832014815596,0.6486129388083287,0.3075847225580173,0.7247207726922723,0.5012817470724956
time_refined,100000,1.1,45.31583637600818,0.23484678043641088,0.20984683043629418,0.23717453183969672,0.061129539283094496,0.5106275412434396,0.6256342546355237,0.2959763197195054,0.7258406780314226,0.5012480186438677
time_refined,100000,1.1,48.69675251658631,0.22651370673836366,0.20151375673824695,0.22877310725415453,0.05828614084607508,0.48462442369962105,0.6034724357940097,0.2847998475844387,0.726972030467029,0.501206793045103
time_refined,100000,1.1,52.32991146814947,0.21847791803476427,0.19347796803464756,0.22066991828552843,0.05556139090960554,0.45990798080908935,0.5820973220698106,0.2740393089443698,0.7281183169413246,0.5011567480841114
time_refined,100000,1.1,56.23413251903491,0.21072812994434453,0.18572817994422783,0.21285374133717588,0.0529508465558949,0.43641521665399935,0.5614793071368791,0.2636789765002394,0.7292853733628959,0.5011009370335437
time_refined,100000,1.1,60.42963902381328,0.20325536053379908,0.17825541053368238,0.2053156866379684,0.050450861461622656,0.4140880272745927,0.5415949409844121,0.25370622199542175,0.7304779812471581,0.501039466753517
time_refined,100000,1.1,64.93816315762113,0.1960497760259875,0.1710498260258708,0.19804597392718273,0.048057381752277285,0.3928696867803052,0.5224184246108039,0.24410715777826478,0.7316982224822307,0.5009675188896402
time_refined,100000,1.1,69.78305848598663,0.1891013109293933,0.1641013609292766,0.1910345724912897,0.04576626118836407,0.37270555033771663,0.5039232983539079,0.23486757211775738,0.7329499172600096,0.5008836314036629
time_refined,100000,1.1,74.98942093324558,0.18240024782745487,0.15740029782733816,0.1842717941911789,0.043573481639351194,0.35354356266594783,0.4860840062164418,0.22597372946680605,0.7342393522695894,0.5007909673401686
time_refined,100000,1.1,80.58421877614818,0.1759389665433495,0.1509390165432328,0.1777500702438198,0.04147566202667304,0.3353357362964318,0.4688805827750817,0.21741462857002256,0.7355714062888363,0.5006890731341846
time_refined,100000,1.1,86.59643233600653,0.1697089882534384,0.14470903825332168,0.17146094517515664,0.03946913618465114,0.3180352551476298,0.45229072363581263,0.20917812443808953,0.736948345858794,0.5005719814741154
time_refined,100000,1.1,93.0572040929699,0.16370148531810486,0.13870153531798815,0.16539559998442313,0.03755016704515058,0.3015969541735886,0.43629116547045066,0.20125165236325543,0.7383747277848258,0.5004380161548126
time_refined,100000,1.1,100.0,0.15790811665887355,0.13290816665875685,0.15954570118194272,0.035715194461584845,0.28597799268298574,0.42085992566323244,0.19362331112045839,0.7398577467331972,0.500290331276846
time_refined,100000,1.1,107.46078283213176,0.1523224346682037,0.127322484668087,0.15390482462000277,0.03396117633285467,0.2711389307358585,0.4059800581835926,0.18628361100105836,0.7414027795253003,0.5001276498971847
time_refined,100000,1.1,115.47819846894582,0.1469371351904978,0.12193718519038112,0.14846566918168116,0.032284863351211564,0.2570412659171165,0.39163230367510654,0.17922199854170937,0.7430125429678929,0.4999425144025639
time_refined,100000,1.1,124.09377607517196,0.14174445352620946,0.11674450352609277,0.14322046153882168,0.030682942236356446,0.24364775334221694,0.3777961571521446,0.1724273957625659,0.7446927940102865,0.4997329002027864
time_refined,100000,1.1,133.3521432163324,0.13673726165039016,0.11173731165027347,0.13816206693550329,0.0291523074335173,0.23092324969292546,0.36445279809604475,0.16588956908390745,0.7464521327900868,0.4995017469170291
time_refined,100000,1.1,143.30125702369628,0.13191012170730154,0.10691017170718485,0.13328505240553662,0.027690279283796006,0.2188354616337599,0.35158789507869803,0.15960040099109754,0.7482968291034677,0.49924657432164193
time_refined,100000,1.1,153.9926526059492,0.12725674964984376,0.10225679964972706,0.12858312381663967,0.02629402032826065,0.20735280667987555,0.33918484503261526,0.1535507699781044,0.7502303209613891,0.498957968491528
time_refined,100000,1.1,165.48170999431815,0.12277029409937018,0.09777034409925348,0.12404941029870464,0.024960626786900846,0.1964446080796038,0.3272255235341274,0.14773092088627102,0.752260102192157,0.4986333311940864
time_refined,100000,1.1,177.82794100389228,0.11844470100646357,0.09344475100634686,0.11967784218618965,0.023687424016257563,0.18608211999864888,0.3156939196285686,0.14213212502272113,0.7543967269842428,0.4982750576344655
time_refined,100000,1.1,191.09529749704404,0.11427540263835903,0.08927545263824233,0.11546384480076229,0.022472089275500293,0.17623898366779994,0.3045779659348144,0.13674749191385932,0.75664776254435,0.4978789276626814
time_refined,100000,1.1,205.3525026457146,0.11025700315818884,0.08525705315807214,0.11140200428154153,0.02131217342374426,0.16688934737537542,0.29386338142196866,0.1315691765819331,0.7590176595261255,0.4974329424186405
time_refined,100000,1.1,220.673406908459,0.10638343743400704,0.08138348743389033,0.10748622973931389,0.02020515288442955,0.15800795399116052,0.2835340991501977,0.12658859031843658,0.7615163104330395,0.4969335763040099
time_refined,100000,1.1,237.13737056616552,0.10264960745589614,0.07764965745577944,0.10371140263535532,0.019148750297247486,0.14957135963616172,0.2735766171084104,0.12179835775314363,0.7641568770938927,0.49638218429962966
time_refined,100000,1.1,254.82967479793464,0.0990516961061543,0.0740517461060376,0.10007369185389227,0.018140978324601712,0.14155811057108114,0.2639808293326872,0.11719267443075601,0.7654676524508015,0.4961126113295123
time_refined,100000,1.1,273.8419634264361,0.09558508361979186,0.07058513361967515,0.09656845536194124,0.017179743317531623,0.13394708491554622,0.25473449076946725,0.11276482693732348,0.7668218348057918,0.495828514796762
time_refined,100000,1.1,294.2727176209282,0.09224438414074966,0.06724443414063296,0.09319027855997149,0.01626286563834782,0.12671748110800235,0.24582331843939662,0.10850724977909748,nan,nan
time_refined,100000,1.1,316.22776601683796,0.08902535585373651,0.06402540585361981,0.08993489703659087,0.015388427363214519,0.11985024282079203,0.23723606340346784,0.10441378321695104,nan,nan
time_refined,100000,1.5,17.78279410038923,0.37486700587133137,0.3498670558712147,0.37909454298960615,0.06695423813397287,1.0,1.0,0.44182124400530426,nan,nan
time_refined,100000,1.5,19.109529749704404,0.3615492872132318,0.33654933721311514,0.3656620910185416,0.06333505262728531,0.9392382244264909,0.964567013111996,0.4248843398405171,nan,nan
time_refined,100000,1.5,20.53525026457146,0.34870740754354057,0.3237074575434239,0.3527056214498398,0.05990274540756332,0.882235401731636,0.9303896032592327,0.40861015295110387,0.8684685781162136,0.5013848781832756
time_refined,100000,1.5,22.0673406908459,0.3363239639257863,0.3113240139256696,0.3402080611573272,0.056648565363784986,0.8287567714226216,0.8974227338499433,0.39297252928957127,0.8679229159428601,0.5013852964920581
time_refined,100000,1.5,23.71373705661655,0.3243815001702195,0.2993815501701028,0.32815220647442417,0.053563913048880675,0.7785830802066391,0.865621023944471,0.3779454132191002,0.8673775948105674,0.501387267715647
time_refined,100000,1.5,25.482967479793466,0.31286548233502465,0.28786553233490797,0.31652388556103755,0.05064096407047616,0.7315041694337906,0.8349470901503213,0.3635064464055008,0.8662914977835344,0.501390540570811
time_refined,100000,1.5,27.384196342643612,0.30176063388764585,0.27676068388752917,0.3053080539442829,0.04787185052860681,0.6873255260460244,0.8053612471880233,0.34963248441625266,0.865213384384979,0.5013889503960601
time_refined,100000,1.5,29.42727176209282,0.2910518477621992,0.26605189776208255,0.2944897869074286,0.04524894006499396,0.6458653558370295,0.7768241256785984,0.3363007878271932,0.8641510520912505,0.5013813746447766
time_refined,100000,1.5,31.622776601683793,0.28072403688115777,0.2557240868810411,0.2840541343682771,0.042764842754609435,0.6069538271429424,0.7492962893324084,0.3234888796357672,0.863109928143805,0.5013705092556094
time_refined,100000,1.5,33.982083289425596,0.2707648297246185,0.2457648797245018,0.27398893270691854,0.04041277831974412,0.5704287570361081,0.7227456521694923,0.3111776080443626,0.8620950347390134,0.5013571114493546
time_refined,100000,1.5,36.51741272548377,0.2611610601639606,0.23616111016384395,0.26428113614091303,0.038186051271994356,0.5361401400627891,0.6971378011847534,0.299347111435955,0.8611139725404012,0.5013379800700453
time_refined,100000,1.5,39.24189758484536,0.2518995884034854,0.22689963840336871,0.2549176896081357,0.03607820726779293,0.5039479289245198,0.672438298894545,0.28797779567127835,0.8601733374232648,0.5013118973311979
time_refined,100000,1.5,42.169650342858226,0.24296738727154962,0.21796743727143292,0.24588562561468877,0.03408305179766583,0.47372113158924356,0.6486129388083287,0.27705043906921545,0.859277917465824,0.5012817470724956
time_refined,100000,1.5,45.31583637600818,0.23435393791153658,0.20935398791141988,0.23717453183969672,0.03219488737943706,0.445335216409,0.6256342546355237,0.2665488252909736,0.8584319244666424,0.5012480186438677
time_refined,100000,1.5,48.69675251658631,0.22604789152375238,0.20104794152363567,0.22877310725415453,0.030408141850489435,0.4186748714689624,0.6034724357940097,0.25645603337424183,0.8576421043053575,0.501206793045103
time_refined,100000,1.5,52.32991146814947,0.2180377921386999,0.1930378421385832,0.22066991828552843,0.028717460348616206,0.3936324414192341,0.5820973220698106,0.2467552524873161,0.856914547739935,0.5011567480841114
time_refined,100000,1.5,56.23413251903491,0.21031240614979513,0.18531245614967842,0.21285374133717588,0.027117734362856395,0.3701070827329839,0.5614793071368791,0.23743014051265152,0.8562541468781203,0.5011009370335437
time_refined,100000,1.5,60.42963902381328,0.20286280178490546,0.17786285178478875,0.2053156866379684,0.025604269747554573,0.3480034090530613,0.5415949409844121,0.22846707153246004,0.8556650313996488,0.501039466753517
time_refined,100000,1.5,64.93816315762113,0.19567919634588538,0.17067924634576867,0.19804597392718273,0.024172496173191095,0.3272328778245102,0.5224184246108039,0.21985169251907646,0.8551535382705848,0.5009675188896402
time_refined,100000,1.5,69.78305848598663,0.18875157485226196,0.16375162485214526,0.1910345724912897,0.02281802456025571,0.3077127459405368,0.5039232983539079,0.21156959941251768,0.854725861826521,0.5008836314036629
time_refined,100000,1.5,74.98942093324558,0.18207026945056556,0.15707031945044886,0.1842717941911789,0.021536688776922445,0.2893654134022459,0.4860840062164418,0.203606958227488,0.8543876499148486,0.5007909673401686
time_refined,100000,1.5,80.58421877614818,0.17562770888803003,0.15062775888791333,0.1777500702438198,0.02032467218608549,0.2721178793895592,0.4688805827750817,0.19595238107411553,0.8541435357850141,0.5006890731341846
time_refined,100000,1.5,86.59643233600653,0.16941546212135722,0.1444155121212405,0.17146094517515664,0.01917826252378376,0.2559021413953239,0.45229072363581263,0.188593724645141,0.8539998380463637,0.5005719814741154
time_refined,100000,1.5,93.0572040929699,0.1634247478303366,0.13842479783021988,0.16539559998442313,0.018093889608600425,0.24065452455213956,0.43629116547045066,0.181518637438937,0.8539634674828778,0.5004380161548126
time_refined,100000,1.5,100.0,0.15764726991520722,0.13264731991509052,0.15954570118194272,0.01706818266703913,0.22631528859989478,0.42085992566323244,0.17471545258224636,0.8540414680549518,0.500290331276846
time_refined,100000,1.5,107.46078283213176,0.15207662472747735,0.12707667472736064,0.15390482462000277,0.01609806681959485,0.21282855529477507,0.4059800581835926,0.1681746915470722,0.8542394975472685,0.5001276498971847
time_refined,100000,1.5,115.47819846894582,0.1467055502606756,0.12170560026055892,0.14846566918168116,0.015180546573387937,0.2001420410529168,0.39163230367510654,0.16188609683406355,0.8545642295076005,0.4999425144025639
time_refined,100000,1.5,124.09377607517196,0.14152632228371526,0.11652637228359856,0.14322046153882168,0.014312730831255803,0.18820663485812358,0.3777961571521446,0.15583905311497107,0.8550239622513348,0.4997329002027864
time_refined,100000,1.5,133.3521432163324,0.13653185180834032,0.11153190180822362,0.13816206693550329,0.013491908362417059,0.17697630563808153,0.36445279809604475,0.1500237601707574,0.8556278201338156,0.4995017469170291
time_refined,100000,1.5,143.30125702369628,0.1317167386202027,0.106716788620086,0.13328505240553662,0.012715617997874958,0.1664082497514814,0.35158789507869803,0.14443235661807766,0.856383005341574,0.49924657432164193
time_refined,100000,1.5,153.9926526059492,0.127074734524278,0.1020747845241613,0.12858312381663967,0.011981453499156846,0.1564622053752301,0.33918484503261526,0.13905618802343486,0.8572969534962245,0.498957968491528
time_refined,100000,1.5,165.48170999431815,0.12259902246125659,0.09759907246113989,0.12404941029870464,0.01128707893301458,0.14710018043208636,0.3272255235341274,0.13388610139427118,0.85838016884842,0.4986333311940864
time_refined,100000,1.5,177.82794100389228,0.11828358125719438,0.09328363125707767,0.11967784218618965,0.010630323989532066,0.13828667330104089,0.3156939196285686,0.12891390524672644,0.8596446784613867,0.4982750576344655
time_refined,100000,1.5,191.09529749704404,0.11412387442185624,0.08912392442173954,0.11546384480076229,0.010009228320376016,0.12998886184272418,0.3045779659348144,0.12413310274223226,0.8610998421938297,0.4978789276626814
time_refined,100000,1.5,205.3525026457146,0.11011453588312572,0.08511458588300902,0.11140200428154153,0.009421865205893084,0.12217568384262657,0.29386338142196866,0.1195364010890188,0.8627543804781759,0.4974329424186405
time_refined,100000,1.5,220.673406908459,0.10624952906661521,0.0812495790664985,0.10748622973931389,0.008866348447398165,0.11481764123512327,0.2835340991501977,0.11511587751401338,0.8646220900595101,0.4969335763040099
time_refined,100000,1.5,237.13737056616552,0.10252378305042123,0.07752383305030452,0.10371140263535532,0.00834094839075303,0.10788733280892109,0.2735766171084104,0.11086473144117426,0.8667189666845315,0.49638218429962966
time_refined,100000,1.5,254.82967479793464,0.09893350609847915,0.07393355609836244,0.10007369185389227,0.007844109634983169,0.10135956194229831,0.2639808293326872,0.10677761573346231,0.8677518221662911,0.4961126113295123
time_refined,100000,1.5,273.8419634264361,0.09547410274332604,0.07047415274320934,0.09656845536194124,0.007374293107584703,0.0952103163923747,0.25473449076946725,0.10284839585091075,0.8688539685441423,0.495828514796762
time_refined,100000,1.5,294.2727176209282,0.09214021060906294,0.06714026060894623,0.09319027855997149,0.006929974801028738,0.08941659542426326,0.24582331843939662,0.09907018541009167,nan,nan
time_refined,100000,1.5,316.22776601683796,0.08892760982435002,0.06392765982423332,0.08993489703659087,0.006509782592115159,0.08395724536928127,0.23723606340346784,0.09543739241646518,nan,nan
time_refined,100000,2.5,17.78279410038923,0.37403808335119204,0.34903813335107536,0.37909454298960615,0.03633969627847588,1.0,1.0,0.4103777796296679,nan,nan
time_refined,100000,2.5,19.109529749704404,0.3607710882513161,0.3357711382511994,0.3656620910185416,0.03424613722778097,0.9357072513647338,0.964567013111996,0.39501722547909707,nan,nan
time_refined,100000,2.5,20.53525026457146,0.347976898196109,0.3229769481959923,0.3527056214498398,0.03228042550269299,0.8759388402328332,0.9303896032592327,0.380257323698802,0.9088388983891088,0.5013848781832756
time_refined,100000,2.5,22.0673406908459,0.3356382575278833,0.3106383075277666,0.3402080611573272,0.030433929239335748,0.820338284210322,0.8974227338499433,0.36607218676721903,0.9061888806515458,0.5013852964920581
time_refined,100000,2.5,23.71373705661655,0.3237378492922872,0.29873789929217054,0.32815220647442417,0.028698754076756615,0.7685860317853259,0.865621023944471,0.3524366033690438,0.9036237469015039,0.501387267715647
time_refined,100000,2.5,25.482967479793466,0.31226130429694077,0.2872613542968241,0.31652388556103755,0.02706722385949992,0.7203695304465209,0.8349470901503213,0.3393285281564407,0.89846002335674,0.501390540570811
time_refined,100000,2.5,27.384196342643612,0.30119349128254724,0.27619354128243057,0.3053080539442829,0.02553248919509216,0.6754173203726809,0.8053612471880233,0.3267259804776394,0.8936013580690605,0.5013889503960601
time_refined,100000,2.5,29.42727176209282,0.29051944007843883,0.26551949007832215,0.2944897869074286,0.024088248232188258,0.6334838923284364,0.7768241256785984,0.3146076883106271,0.88904396142218,0.5013813746447766
time_refined,100000,2.5,31.622776601683793,0.28022419127428627,0.2552242412741696,0.2840541343682771,0.022728686318578682,0.59434674562318,0.7492962893324084,0.30295287759286493,0.8847750736227892,0.5013705092556094
time_refined,100000,2.5,33.982083289425596,0.2702955170242414,0.24529556702412475,0.27398893270691854,0.021448235684730053,0.5577904258219413,0.7227456521694923,0.29174375270897146,0.8807779613089766,0.5013571114493546
time_refined,100000,2.5,36.51741272548377,0.2607203753231744,0.23572042532305768,0.26428113614091303,0.02024186285293147,0.5236255499684236,0.6971378011847534,0.2809622381761058,0.8770510235014155,0.5013379800700453
time_refined,100000,2.5,39.24189758484536,0.2514857409665029,0.2264857909663862,0.2549176896081357,0.0191049140202645,0.4916800447048238,0.672438298894545,0.2705906549867674,0.8735898064735781,0.5013118973311979
time_refined,100000,2.5,42.169650342858226,0.2425786937254359,0.21757874372531918,0.24588562561468877,0.01803306240256251,0.4617964057255965,0.6486129388083287,0.2606117561279984,0.8703835301718646,0.5012817470724956
time_refined,100000,2.5,45.31583637600818,0.23398883061731265,0.20898888061719595,0.23717453183969672,0.0170222220927448,0.4338235876022889,0.6256342546355237,0.25101105271005747,0.8674188183469318,0.5012480186438677
time_refined,100000,2.5,48.69675251658631,0.22570490252509998,0.20070495252498327,0.22877310725415453,0.016068647864816658,0.4076271721394016,0.6034724357940097,0.24177355038991663,0.8646939211776927,0.501206793045103
time_refined,100000,2.5,52.32991146814947,0.21771554454991962,0.19271559454980292,0.22066991828552843,0.01516885539176142,0.3830843799719831,0.5820973220698106,0.23288439994168103,0.8622052321151468,0.5011567480841114
time_refined,100000,2.5,56.23413251903491,0.21000960855411382,0.18500965855399712,0.21285374133717588,0.014319587291869598,0.36008188604917274,0.5614793071368791,0.22432919584598343,0.8599449263925718,0.5011009370335437
time_refined,100000,2.5,60.42963902381328,0.20257825245365962,0.17757830245354292,0.2053156866379684,0.013517805441331346,0.33851200507140405,0.5415949409844121,0.21609605789499098,0.8579033923754853,0.501039466753517
time_refined,100000,2.5,64.93816315762113,0.19541177101003201,0.1704118210099153,0.19804597392718273,0.01276068650936543,0.3182777289363429,0.5224184246108039,0.20817245751939745,0.8560796199694253,0.5009675188896402
time_refined,100000,2.5,69.78305848598663,0.1885002196935407,0.163500269693424,0.1910345724912897,0.012045584743531155,0.2992899331443408,0.5039232983539079,0.20054580443707185,0.8544717446359394,0.5008836314036629
time_refined,100000,2.5,74.98942093324558,0.1818339972142014,0.1568340472140847,0.1842717941911789,0.011370019659984743,0.281465832861693,0.4860840062164418,0.19320401687418615,0.8530753990072742,0.5007909673401686
time_refined,100000,2.5,80.58421877614818,0.17540560021083834,0.15040565021072164,0.1777500702438198,0.01073170298176596,0.2647274351347444,0.4688805827750817,0.1861373031926043,0.851884759655429,0.5006890731341846
time_refined,100000,2.5,86.59643233600653,0.16920665679604277,0.14420670679592607,0.17146094517515664,0.010128479894837299,0.2490036485070702,0.45229072363581263,0.17933513669088008,0.8509000369374808,0.5005719814741154
time_refined,100000,2.5,93.0572040929699,0.16322843944764115,0.13822848944752444,0.16539559998442313,0.009558314500060857,0.23422874446002317,0.43629116547045066,0.17278675394770202,0.8501216919790344,0.5004380161548126
time_refined,100000,2.5,100.0,0.15746270318813488,0.13246275318801817,0.15954570118194272,0.009019298564132739,0.22034142524030056,0.42085992566323244,0.16648200175226763,0.849549105381055,0.500290331276846
time_refined,100000,2.5,107.46078283213176,0.15190309518475364,0.12690314518463694,0.15390482462000277,0.008509688604767232,0.20728440004995316,0.4059800581835926,0.16041278378952087,0.8491801278851715,0.5001276498971847
time_refined,100000,2.5,115.47819846894582,0.14654239824906262,0.12154244824894592,0.14846566918168116,0.008027822023293628,0.19500485806458426,0.39163230367510654,0.15457022027235626,0.8490164638770092,0.4999425144025639
time_refined,100000,2.5,124.09377607517196,0.1413729290588361,0.11637297905871942,0.14322046153882168,0.007572113342855305,0.18345363064965609,0.3777961571521446,0.14894504240169143,0.8490613920555502,0.4997329002027864
time_refined,100000,2.5,133.3521432163324,0.13638763762332692,0.11138768762321022,0.13816206693550329,0.007141082196323,0.17258480397345788,0.36445279809604475,0.14352871981964993,0.849318324726633,0.4995017469170291
time_refined,100000,2.5,143.30125702369628,0.13158116159352778,0.10658121159341108,0.13328505240553662,0.006733387298844685,0.1623557802888628,0.35158789507869803,0.13831454889237246,0.8497887303469671,0.49924657432164193
time_refined,100000,2.5,153.9926526059492,0.12694728665786661,0.10194733665774991,0.12858312381663967,0.006347734103834695,0.15272686840920358,0.33918484503261526,0.1332950207617013,0.8504760671551973,0.498957968491528
time_refined,100000,2.5,165.48170999431815,0.1224792269110471,0.09747927691093039,0.12404941029870464,0.005982874900075696,0.1436608211979401,0.3272255235341274,0.1284621018111228,0.851387055494129,0.4986333311940864
time_refined,100000,2.5,177.82794100389228,0.11817099085206224,0.09317104085194554,0.11967784218618965,0.005637654005439283,0.13512292139187101,0.3156939196285686,0.12380864485750152,0.8525296156205535,0.4982750576344655
time_refined,100000,2.5,191.09529749704404,0.1140180702007517,0.089018120200635,0.11546384480076229,0.005311031661387579,0.12708117303135116,0.3045779659348144,0.11932910186213928,0.8539089936392402,0.4978789276626814
time_refined,100000,2.5,205.3525026457146,0.11001512454097913,0.08501517454086242,0.11140200428154153,0.0050019925622934005,0.11950545035229715,0.29386338142196866,0.11501711710327253,0.8555307950087829,0.4974329424186405
time_refined,100000,2.5,220.673406908459,0.10615614114826204,0.08115619114814533,0.10748622973931389,0.004709545854122496,0.11236721955868209,0.2835340991501977,0.11086568700238453,0.8574061048867081,0.4969335763040099
time_refined,100000,2.5,237.13737056616552,0.1024360716727244,0.07743612167260769,0.10371140263535532,0.0044327856796080225,0.10564003492176227,0.2735766171084104,0.10686885735233241,0.8595481403981248,0.49638218429962966
time_refined,100000,2.5,254.82967479793464,0.0988511454459401,0.0738511954458234,0.10007369185389227,0.004170901479908219,0.09929966442797616,0.2639808293326872,0.10302204692584832,0.8606024525483948,0.4961126113295123
time_refined,100000,2.5,273.8419634264361,0.09539678649842151,0.0703968364983048,0.09656845536194124,0.003923092584157534,0.09332305550248471,0.25473449076946725,0.09931987908257904,0.8617370511384332,0.495828514796762
time_refined,100000,2.5,294.2727176209282,0.09206765085294043,0.06706770085282372,0.09319027855997149,0.0036885659067580592,0.08768812859504327,0.24582331843939662,0.09575621675969849,nan,nan
time_refined,100000,2.5,316.22776601683796,0.08885953581795172,0.06385958581783502,0.08993489703659087,0.0034666102335499955,0.08237463257381228,0.23723606340346784,0.09232614605150172,nan,nan
time_refined,100000,2.0,17.78279410038923,0.3743079838017542,0.3493080338016375,0.37909454298960615,0.04518523355335186,1.0,1.0,0.41949321735510603,nan,nan
time_refined,100000,2.0,19.109529749704404,0.3610235755378947,0.33602362553777804,0.3656620910185416,0.04256482052736491,0.9353280759630433,0.964567013111996,0.40358839606525965,nan,nan
time_refined,100000,2.0,20.53525026457146,0.34821316440234823,0.32321321440223155,0.3527056214498398,0.04010141325629435,0.8751428992589344,0.9303896032592327,0.3883145776586426,0.9173885804387137,0.5013848781832756
time_refined,100000,2.0,22.0673406908459,0.33585941606101216,0.3108594660608955,0.3402080611573272,0.037785252069027817,0.8191096437521109,0.8974227338499433,0.37364466813004,0.9151753947135172,0.5013852964920581
time_refined,100000,2.0,23.71373705661655,0.3239449427360346,0.2989449927359179,0.32815220647442417,0.03560725209836917,0.7669245952479277,0.865621023944471,0.35955219483440376,0.9130049951225184,0.501387267715647
time_refined,100000,2.0,25.482967479793466,0.3124552925204219,0.28745534252030525,0.31652388556103755,0.033558596351387505,0.71829057771803,0.8349470901503213,0.34601388887180945,0.908653083670232,0.501390540570811
time_refined,100000,2.0,27.384196342643612,0.30137526587211805,0.27637531587200137,0.3053080539442829,0.031631212195635444,0.6729450983065799,0.8053612471880233,0.3330064780677535,0.9044655055503888,0.5013889503960601
time_refined,100000,2.0,29.42727176209282,0.2906898305708705,0.2656898805707538,0.2944897869074286,0.029817574734385597,0.6306486011795387,0.7768241256785984,0.3205074053052561,0.9004500661143058,0.5013813746447766
time_refined,100000,2.0,31.622776601683793,0.28038397107179647,0.2553840210716798,0.2840541343682771,0.028110665684049144,0.5911823317409254,0.7492962893324084,0.3084946367558456,0.89660600846853,0.5013705092556094
time_refined,100000,2.0,33.982083289425596,0.2704453970494129,0.2454454470492962,0.27398893270691854,0.026503748287654765,0.5543340326880397,0.7227456521694923,0.2969491453370677,0.8929299789007928,0.5013571114493546
time_refined,100000,2.0,36.51741272548377,0.2608610149040695,0.23586106490395278,0.26428113614091303,0.024990636633246105,0.5199151027164631,0.6971378011847534,0.2858516515373156,0.889430267386647,0.5013379800700453
time_refined,100000,2.0,39.24189758484536,0.2516177530429933,0.22661780304287657,0.2549176896081357,0.023565564578800248,0.48775317562153886,0.672438298894545,0.27518331762179354,0.8861117774649044,0.5013118973311979
time_refined,100000,2.0,42.169650342858226,0.24270264885318185,0.21770269885306515,0.24588562561468877,0.02222313869238728,0.4576897867098618,0.6486129388083287,0.2649257875455691,0.8829727957815936,0.5012817470724956
time_refined,100000,2.0,45.31583637600818,0.23410525394047582,0.20910530394035912,0.23717453183969672,0.020958239528742637,0.4295724990467165,0.6256342546355237,0.25506349346921847,0.8800095906971406,0.5012480186438677
time_refined,100000,2.0,48.69675251658631,0.22581428137738357,0.20081433137726687,0.22877310725415453,0.019766138693048795,0.4032648719952565,0.6034724357940097,0.24558042007043238,0.8772281831972115,0.501206793045103
time_refined,100000,2.0,52.32991146814947,0.21781833240658088,0.19281838240646418,0.22066991828552843,0.018642419447779036,0.3786418995153868,0.5820973220698106,0.2364607518543599,0.8746320063197616,0.5011567480841114
time_refined,100000,2.0,56.23413251903491,0.21010622760174644,0.18510627760162973,0.21285374133717588,0.01758294007980288,0.3555879467074442,0.5614793071368791,0.22768916768154931,0.8722196322336843,0.5011009370335437
time_refined,100000,2.0,60.42963902381328,0.20266909242393308,0.17766914242381637,0.2053156866379684,0.016583812445072028,0.333992737217821,0.5415949409844121,0.21925290486900512,0.8699880249356052,0.501039466753517
time_refined,100000,2.0,64.93816315762113,0.19549719425250864,0.17049724425239193,0.19804597392718273,0.015641417433148074,0.31375675109067447,0.5224184246108039,0.2111386116856567,0.8679419625397838,0.5009675188896402
time_refined,100000,2.0,69.78305848598663,0.18858056401949105,0.16358061401937435,0.1910345724912897,0.014752361276393363,0.29478849045048056,0.5039232983539079,0.20333292529588443,0.8660845728297316,0.5008836314036629
time_refined,100000,2.0,74.98942093324558,0.1819095775146769,0.1569096275145602,0.1842717941911789,0.01391345757108066,0.2770028883554329,0.4860840062164418,0.19582303508575757,0.8644157021365625,0.5007909673401686
time_refined,100000,2.0,80.58421877614818,0.17547670827075382,0.1504767582706371,0.1777500702438198,0.013121746613738411,0.2603195090360929,0.4688805827750817,0.18859845488449223,0.8629337672364877,0.5006890731341846
time_refined,100000,2.0,86.59643233600653,0.16927356458000964,0.14427361457989293,0.17146094517515664,0.012374448506641178,0.2446651172278955,0.45229072363581263,0.18164801308665082,0.861643110571711,0.5005719814741154
time_refined,100000,2.0,93.0572040929699,0.1632914010755962,0.1382914510754795,0.16539559998442313,0.011668941741624035,0.22997207707640388,0.43629116547045066,0.17496034281722023,0.860547543017614,0.5004380161548126
time_refined,100000,2.0,100.0,0.157521955969353,0.1325220059692363,0.15954570118194272,0.011002767065085765,0.2161772915536262,0.42085992566323244,0.16852472303443877,0.8596490052259992,0.500290331276846
time_refined,100000,2.0,107.46078283213176,0.15195885990753655,0.12695890990741984,0.15390482462000277,0.010373662908489591,0.20322158955650593,0.4059800581835926,0.16233252281602614,0.8589479160193485,0.5001276498971847
time_refined,100000,2.0,115.47819846894582,0.14659488126101908,0.12159493126090237,0.14846566918168116,0.00977948396239864,0.19105059557749549,0.39163230367510654,0.15637436522341772,0.8584488246660038,0.4999425144025639
time_refined,100000,2.0,124.09377607517196,0.14142232360016652,0.11642237360004981,0.14322046153882168,0.009218192092762029,0.17961380812866728,0.3777961571521446,0.15064051569292855,0.8581571257845935,0.4997329002027864
time_refined,100000,2.0,133.3521432163324,0.13643412452557646,0.11143417452545976,0.13816206693550329,0.008687882430151606,0.1688640567982366,0.36445279809604475,0.14512200695572808,0.8580776107830326,0.4995017469170291
time_refined,100000,2.0,143.30125702369628,0.13162490976742441,0.10662495976730771,0.13328505240553662,0.008186819188562485,0.1587574521513878,0.35158789507869803,0.1398117289559869,0.8582131757009577,0.49924657432164193
time_refined,100000,2.0,153.9926526059492,0.12698845438193826,0.10198850438182157,0.12858312381663967,0.007713338376920173,0.14925327380317058,0.33918484503261526,0.13470179275885844,0.8585691680455412,0.498957968491528
time_refined,100000,2.0,165.48170999431815,0.12251796270257172,0.09751801270245501,0.12404941029870464,0.007265844192574041,0.14031343773977037,0.3272255235341274,0.12978380689514576,0.859153538891802,0.4986333311940864
time_refined,100000,2.0,177.82794100389228,0.11820743398817424,0.09320748398805753,0.11967784218618965,0.006842856320757972,0.13190242816750256,0.3156939196285686,0.12505029030893222,0.8599747838226777,0.4982750576344655
time_refined,100000,2.0,191.09529749704404,0.1140523512574457,0.089052401257329,0.11546384480076229,0.00644303664747704,0.12398743851819706,0.3045779659348144,0.12049538790492274,0.8610388308824439,0.4978789276626814
time_refined,100000,2.0,205.3525026457146,0.1100473661700308,0.0850474161699141,0.11140200428154153,0.006065088157658996,0.11653772906664121,0.29386338142196866,0.1161124543276898,0.8623524887030288,0.4974329424186405
time_refined,100000,2.0,220.673406908459,0.10618645861884515,0.08118650861872845,0.10748622973931389,0.005707752310442396,0.10952429978686268,0.2835340991501977,0.11189421092928754,0.8639274634379627,0.4969335763040099
time_refined,100000,2.0,237.13737056616552,0.10246457331047547,0.07746462331035876,0.10371140263535532,0.005369875949092436,0.10292024629758685,0.2735766171084104,0.10783444925956791,0.8657770289271582,0.49638218429962966
time_refined,100000,2.0,254.82967479793464,0.09887793314830258,0.07387798314818587,0.10007369185389227,0.005050423463873334,0.09670087528678221,0.2639808293326872,0.10392835661217592,0.8666844331183109,0.4961126113295123
time_refined,100000,2.0,273.8419634264361,0.09542195618410941,0.0704220061839927,0.09656845536194124,0.004748379435102261,0.09084281204650664,0.25473449076946725,0.10017033561921167,0.8676744204601781,0.495828514796762
time_refined,100000,2.0,294.2727176209282,0.09209129276893802,0.06709134276882131,0.09319027855997149,0.004462744174201654,0.08532376431354156,0.24582331843939662,0.09655403694313967,nan,nan
time_refined,100000,2.0,316.22776601683796,0.08888173495253415,0.06388178495241745,0.08993489703659087,0.004192618456196153,0.08012325411285917,0.23723606340346784,0.09307435340873031,nan,nan
spectrum_refined,100000,0.0,17.78279410038923,0.3935516710344403,0.3685517210343236,0.3790995743859532,1.0588841917567249,1.0,1.0,1.452435862791165,nan,nan
spectrum_refined,100000,0.0,19.109529749704404,0.38019892994129423,0.35519897994117755,0.365666175334456,1.0870091796961745,1.019270267826144,1.019270267826144,1.4672081096374687,nan,nan
spectrum_refined,100000,0.0,20.53525026457146,0.3673087861525793,0.3423088361524626,0.3527087644466179,1.115679243835461,1.0389538128643034,1.0389538128643034,1.4829880299880402,-0.266603058214839,-0.266603058214839
spectrum_refined,100000,0.0,22.0673406908459,0.3548651055468045,0.3298651555466878,0.3402106124805989,1.144904417733586,1.0590585936188321,1.0590585936188321,1.4997695232803907,-0.2668576278089401,-0.2668576278089401
spectrum_refined,100000,0.0,23.71373705661655,0.3428523187195402,0.3178523687194235,0.32815557055991534,1.174694855573268,1.079592894227725,1.079592894227725,1.5175471742928082,-0.26711079796996784,-0.26711079796996784
spectrum_refined,100000,0.0,25.482967479793466,0.3312554013975525,0.3062554513974358,0.3165280513547597,1.2050608260701003,1.100565326693243,1.100565326693243,1.536316227467653,-0.2676186271260518,-0.2676186271260518
spectrum_refined,100000,0.0,27.384196342643612,0.32005985554471705,0.2950599055446004,0.30531301074853556,1.236012705512196,1.1219848336794334,1.1219848336794334,1.5560725610569133,-0.26811472217324495,-0.26811472217324495
spectrum_refined,100000,0.0,29.42727176209282,0.3092511582614388,0.2842512082613221,0.2944951185765459,1.267556485144223,1.143861589371015,1.143861589371015,1.5768076434056617,-0.2686003762068347,-0.2686003762068347
spectrum_refined,100000,0.0,31.622776601683793,0.298814559631377,0.2738146096312603,0.28405848568667325,1.2996922279467766,1.1662073225526066,1.1662073225526066,1.5985067875781536,-0.26907672998751797,-0.26907672998751797
spectrum_refined,100000,0.0,33.982083289425596,0.28873880576695077,0.2637388557668341,0.2739923054754374,1.332445480702065,1.1890290329727342,1.1890290329727342,1.6211842864690156,-0.2695447773538879,-0.2695447773538879
spectrum_refined,100000,0.0,36.51741272548377,0.279011328141112,0.25401137814099534,0.26428353190258813,1.365826923873026,1.2123370520408814,1.2123370520408814,1.644838252014138,-0.2700053711654569,-0.2700053711654569
spectrum_refined,100000,0.0,39.24189758484536,0.26961999960728883,0.24462004960717212,0.25491957800925874,1.3998472909245674,1.2361420591305619,1.2361420591305619,1.6694672905318562,-0.2704601254724401,-0.2704601254724401
spectrum_refined,100000,0.0,42.169650342858226,0.2605531191662046,0.23555316916608793,0.24588830048269564,1.434517353774107,1.2604550864428496,1.2604550864428496,1.6950704729403117,-0.2709124305459194,-0.2709124305459194
spectrum_refined,100000,0.0,45.31583637600818,0.2517993972596905,0.22679944725957385,0.23717798469528284,1.4698479066601542,1.2852875245737165,1.2852875245737165,1.7216473039198448,-0.27136518294998624,-0.27136518294998624
spectrum_refined,100000,0.0,48.69675251658631,0.24334794157022427,0.21834799157010756,0.2287773302104789,1.505849748320121,1.3106511290077243,1.3106511290077243,1.7491976898903452,-0.271818719501345,-0.271818719501345
spectrum_refined,100000,0.0,52.32991146814947,0.23518751187205025,0.21018756187193355,0.22067437117429914,1.5425277635792667,1.3365593191714078,1.3365593191714078,1.777715275451317,-0.2722732948789664,-0.2722732948789664
spectrum_refined,100000,0.0,56.23413251903491,0.2273069818792455,0.2023070318791288,0.21285717507010302,1.5798845633288545,1.3630264715476315,1.3630264715476315,1.8071915452081,-0.27272909138178986,-0.27272909138178986
spectrum_refined,100000,0.0,60.42963902381328,0.21969828180834877,0.19469833180823207,0.2053181043492316,1.6179444907733374,1.3900625543419662,1.3900625543419662,1.8376427725816862,-0.273186227561668,-0.273186227561668
spectrum_refined,100000,0.0,64.93816315762113,0.21235197660228303,0.18735202660216632,0.19804737918664533,1.6567180791285083,1.417680899915546,1.417680899915546,1.8690700557307913,-0.2736447651573559,-0.2736447651573559
spectrum_refined,100000,0.0,69.78305848598663,0.2052589645071771,0.1802590145070604,0.19103556832601754,1.6962157402994722,1.4458952574523551,1.4458952574523551,1.9014747048066494,-0.2741059054529101,-0.2741059054529101
spectrum_refined,100000,0.0,74.98942093324558,0.19841046560316705,0.17341051560305035,0.18427357721614893,1.7364477332923767,1.4747198068554903,1.4747198068554903,1.9348581988955438,-0.27457254355601324,-0.27457254355601324
spectrum_refined,100000,0.0,80.58421877614818,0.19179801075559885,0.16679806075548215,0.17775263655626558,1.7774241297190079,1.5041691733667562,1.5041691733667562,1.9692221404746066,-0.27504672917834466,-0.27504672917834466
spectrum_refined,100000,0.0,86.59643233600653,0.1854134309758318,0.1604134809757151,0.17146429123967213,1.819154776160029,1.5342584427516441,1.5342584427516441,2.004568207135861,-0.27552837660147006,-0.27552837660147006
spectrum_refined,100000,0.0,93.0572040929699,0.1792479017270519,0.1542479517269352,0.16539905521571147,1.8616413165685775,1.5650051895317483,1.5650051895317483,2.0408892182956295,-0.2760173554358817,-0.2760173554358817
spectrum_refined,100000,0.0,100.0,0.17329313972469987,0.14829318972458316,0.15954812013840564,1.9048867362941557,1.5964271774535352,1.5964271774535352,2.0781798760188557,-0.27651348845694856,-0.27651348845694856
spectrum_refined,100000,0.0,107.46078283213176,0.1675434433106907,0.142543493310574,0.15390621337126087,1.9489132515209966,1.6285376520280506,1.6285376520280506,2.116456694831687,-0.27701654949824567,-0.27701654949824567
spectrum_refined,100000,0.0,115.47819846894582,0.16199174678549527,0.13699179678537857,0.14846603409857365,1.9937292338530797,1.661353736547941,1.661353736547941,2.155720980638575,-0.27752626158985555,-0.27752626158985555
spectrum_refined,100000,0.0,124.09377607517196,0.156631237227658,0.1316312872275413,0.14322054615090946,2.039342573108973,1.694893099067622,1.694893099067622,2.195973810336631,-0.27804393382226567,-0.27804393382226567
spectrum_refined,100000,0.0,133.3521432163324,0.15145534605613903,0.12645539605602232,0.13816296911735995,2.08576061436452,1.7291739708545382,1.7291739708545382,2.2372159604206594,-0.2785724837874178,-0.2785724837874178
spectrum_refined,100000,0.0,143.30125702369628,0.1464577409152292,0.1214577909151125,0.13328676978223022,2.1329900899065635,1.7642151655577374,1.7642151655577374,2.2794478308217925,-0.27911359330515495,-0.27911359330515495
spectrum_refined,100000,0.0,153.9926526059492,0.14163231787187294,0.11663236787175624,0.12858565387619617,2.181037045783564,1.8000360990994266,1.8000360990994266,2.3226693636554367,-0.27966686845632405,-0.27966686845632405
spectrum_refined,100000,0.0,165.48170999431815,0.1369720259367346,0.1119720759366179,0.12405194230888075,2.229895259506447,1.8366600582769999,1.8366600582769999,2.3668672854431816,-0.2802318613195309,-0.2802318613195309
spectrum_refined,100000,0.0,177.82794100389228,0.13247085609580958,0.10747090609569289,0.11967933509367816,2.279564526260397,1.8741091030302066,1.8741091030302066,2.4120353823562066,-0.2808080680331022,-0.2808080680331022
spectrum_refined,100000,0.0,191.09529749704404,0.12812486079004973,0.10312491078993304,0.11546430646873578,2.330062551159046,1.9124005779102842,1.9124005779102842,2.4581874119490954,-0.2813949266065252,-0.2813949266065252
spectrum_refined,100000,0.0,205.3525026457146,0.12392878027118927,0.09892883027107256,0.11140144298981136,2.3813915449730962,1.9515565625186932,1.9515565625186932,2.5053203252442855,-0.2819918144805139,-0.2819918144805139
spectrum_refined,100000,0.0,220.673406908459,0.11987754882082495,0.09487759882070824,0.10748553351059524,2.433552550125363,1.9915998495036367,1.9915998495036367,2.553430098946188,-0.28260029247815743,-0.28260029247815743
spectrum_refined,100000,0.0,237.13737056616552,0.11596628864967068,0.09096633864955397,0.10371156263110524,2.4865453262138857,2.0325539682018317,2.0325539682018317,2.6025116148635563,-0.28322343035886843,-0.28322343035886843
spectrum_refined,100000,0.0,254.82967479793464,0.11219030404616871,0.08719035404605201,0.1000747043933791,2.540368227776719,2.0744432087459277,2.0744432087459277,2.6525585318228875,-0.2835331612983303,-0.2835331612983303
spectrum_refined,100000,0.0,273.8419634264361,0.10854507576547973,0.08354512576536302,0.09657031621456691,2.595018074016743,2.117292646565503,2.117292646565503,2.7035631497822226,-0.2838475439273337,-0.2838475439273337
spectrum_refined,100000,0.0,294.2727176209282,0.10502487552411537,0.08002492552399866,0.09319203242264472,2.650471575979136,2.161133407670037,2.161133407670037,2.755496451503251,nan,nan
spectrum_refined,100000,0.0,316.22776601683796,0.10162556276704239,0.07662561276692569,0.08993561593359442,2.706719795838263,2.2059927502504877,2.2059927502504877,2.8083453586053055,nan,nan
spectrum_refined,100000,0.25,17.78279410038923,0.38487670186571443,0.35987675186559775,0.3790995743859532,0.5808812046988574,1.0,1.0,0.9657579065645718,nan,nan
spectrum_refined,100000,0.25,19.109529749704404,0.3713926992205773,0.34639274922046065,0.365666175334456,0.5850361674982607,1.0,1.0,0.9564288667188381,nan,nan
spectrum_refined,100000,0.25,20.53525026457146,0.3583793100604532,0.3333793600603365,0.3527087644466179,0.5890904360982565,1.0,1.0,0.9474697461587097,-0.0,-0.0
spectrum_refined,100000,0.25,22.0673406908459,0.3458202708133343,0.3208203208132176,0.3402106124805989,0.5930456193789867,1.0,1.0,0.938865890192321,-0.0,-0.0
spectrum_refined,100000,0.25,23.71373705661655,0.33369987507621857,0.3086999250761019,0.32815557055991534,0.5969032027370273,1.0,1.0,0.9306030778132459,-0.0,-0.0
spectrum_refined,100000,0.25,25.482967479793466,0.32200295518602906,0.2970030051859124,0.3165280513547597,0.6006645509231782,1.0,1.0,0.9226675061092072,-0.0,-0.0
spectrum_refined,100000,0.25,27.384196342643612,0.3107148643764347,0.285714914376318,0.30531301074853556,0.6043309107011341,1.0,1.0,0.9150457750775688,-0.0,-0.0
spectrum_refined,100000,0.25,29.42727176209282,0.29982062865376663,0.27482067865364995,0.2944951185765459,0.6079007855305533,1.0,1.0,0.90772141418432,-0.0,-0.0
spectrum_refined,100000,0.25,31.622776601683793,0.2893046715959408,0.26430472159582413,0.28405848568667325,0.6113692871251941,1.0,1.0,0.900673958721135,-0.0,-0.0
spectrum_refined,100000,0.25,33.982083289425596,0.2791565876841947,0.25415663768407804,0.2739923054754374,0.6147461942604802,1.0,1.0,0.8939027819446749,-0.0,-0.0
spectrum_refined,100000,0.25,36.51741272548377,0.26936364517959493,0.24436369517947826,0.26428353190258813,0.6180322682516642,1.0,1.0,0.8873959134312592,-0.0,-0.0
spectrum_refined,100000,0.25,39.24189758484536,0.25991355240071146,0.23491360240059478,0.25491957800925874,0.6212281652627171,1.0,1.0,0.8811417176634285,-0.0,-0.0
spectrum_refined,100000,0.25,42.169650342858226,0.2507944430533631,0.22579449305324642,0.24588830048269564,0.6243344378636999,1.0,1.0,0.875128880917063,-0.0,-0.0
spectrum_refined,100000,0.25,45.31583637600818,0.24199486203476425,0.21699491203464755,0.23717798469528284,0.6273515361949523,1.0,1.0,0.8693463982297166,-0.0,-0.0
spectrum_refined,100000,0.25,48.69675251658631,0.23350375169772872,0.208503801697612,0.2287773302104789,0.6302798086472964,1.0,1.0,0.8637835603450251,-0.0,-0.0
spectrum_refined,100000,0.25,52.32991146814947,0.22530935507138733,0.20030940507127062,0.22067437117429914,0.6331164691473558,1.0,1.0,0.858425824218743,-0.0,-0.0
spectrum_refined,100000,0.25,56.23413251903491,0.21739993045820916,0.19239998045809245,0.21285717507010302,0.6358576857167375,1.0,1.0,0.8532576161749467,-0.0,-0.0
spectrum_refined,100000,0.25,60.42963902381328,0.20976808088810947,0.18476813088799277,0.2053181043492316,0.6385106314894322,1.0,1.0,0.8482787123775417,-0.0,-0.0
spectrum_refined,100000,0.25,64.93816315762113,0.202404209417016,0.1774042594168993,0.19804737918664533,0.6410752096272204,1.0,1.0,0.8434794190442364,-0.0,-0.0
spectrum_refined,100000,0.25,69.78305848598663,0.19529905448680904,0.17029910448669233,0.19103556832601754,0.6435512163600665,1.0,1.0,0.8388502708468756,-0.0,-0.0
spectrum_refined,100000,0.25,74.98942093324558,0.1884436787245222,0.1634437287244055,0.18427357721614893,0.6459383386052251,1.0,1.0,0.8343820173297473,-0.0,-0.0
spectrum_refined,100000,0.25,80.58421877614818,0.18182945813263324,0.15682950813251653,0.17775263655626558,0.6482361514185913,1.0,1.0,0.8300656095512244,-0.0,-0.0
spectrum_refined,100000,0.25,86.59643233600653,0.17544807165981063,0.15044812165969393,0.17146429123967213,0.6504441153527047,1.0,1.0,0.8258921870125153,-0.0,-0.0
spectrum_refined,100000,0.25,93.0572040929699,0.1692901420312494,0.1442901920311327,0.16539905521571147,0.652557952583088,1.0,1.0,0.8218480946143374,-0.0,-0.0
spectrum_refined,100000,0.25,100.0,0.16334696624339165,0.13834701624327495,0.15954812013840564,0.6545742322087276,1.0,1.0,0.8179211984521192,-0.0,-0.0
spectrum_refined,100000,0.25,107.46078283213176,0.1576134017135727,0.13261345171345598,0.15390621337126087,0.6564982372976954,1.0,1.0,0.8141116390112682,-0.0,-0.0
spectrum_refined,100000,0.25,115.47819846894582,0.15208224234208786,0.12708229234197116,0.14846603409857365,0.6583289052756165,1.0,1.0,0.8104111476177044,-0.0,-0.0
spectrum_refined,100000,0.25,124.09377607517196,0.14674653828717046,0.12174658828705377,0.14322054615090946,0.6600650441867291,1.0,1.0,0.8068115824738995,-0.0,-0.0
spectrum_refined,100000,0.25,133.3521432163324,0.1415995875848937,0.116599637584777,0.13816296911735995,0.6617053295842567,1.0,1.0,0.8033049171691503,-0.0,-0.0
spectrum_refined,100000,0.25,143.30125702369628,0.13663492807207345,0.11163497807195676,0.13328676978223022,0.663248301332122,1.0,1.0,0.7998832294041954,-0.0,-0.0
spectrum_refined,100000,0.25,153.9926526059492,0.13184632960264173,0.10684637960252504,0.12858565387619617,0.6646923603378809,1.0,1.0,0.7965386899405227,-0.0,-0.0
spectrum_refined,100000,0.25,165.48170999431815,0.1272261598368127,0.102226209836696,0.12405194230888075,0.6660311516252054,1.0,1.0,0.7932573114620182,-0.0,-0.0
spectrum_refined,100000,0.25,177.82794100389228,0.12276816905635261,0.09776821905623591,0.11967933509367816,0.6672612114337136,1.0,1.0,0.7900293804900662,-0.0,-0.0
spectrum_refined,100000,0.25,191.09529749704404,0.11846889215271908,0.09346894215260237,0.11546430646873578,0.6683863521484846,1.0,1.0,0.7868552443012037,-0.0,-0.0
spectrum_refined,100000,0.25,205.3525026457146,0.11432295622948574,0.08932300622936903,0.11140144298981136,0.6694043404314054,1.0,1.0,0.7837272966608911,-0.0,-0.0
spectrum_refined,100000,0.25,220.673406908459,0.11032518581384428,0.08532523581372757,0.10748553351059524,0.6703127864386734,1.0,1.0,0.7806379722525177,-0.0,-0.0
spectrum_refined,100000,0.25,237.13737056616552,0.10647059665747066,0.08147064665735396,0.10371156263110524,0.6711091408687964,1.0,1.0,0.777579737526267,-0.0,-0.0
spectrum_refined,100000,0.25,254.82967479793464,0.10275438976789078,0.07775443976777408,0.1000747043933791,0.6717906922397656,1.0,1.0,0.7745450820076564,-0.0,-0.0
spectrum_refined,100000,0.25,273.8419634264361,0.0991719456610627,0.074171995660946,0.09657031621456691,0.6723545644585044,1.0,1.0,0.7715265101195671,-0.0,-0.0
spectrum_refined,100000,0.25,294.2727176209282,0.09571691195669282,0.07071696195657612,0.09319203242264472,0.6727914039820933,1.0,1.0,0.7685083159387861,nan,nan
spectrum_refined,100000,0.25,316.22776601683796,0.0923850698151667,0.06738511981504999,0.08993561593359442,0.6730976558855937,1.0,1.0,0.7654827257007604,nan,nan
spectrum_refined,100000,0.35,17.78279410038923,0.38268217232792856,0.3576822223278119,0.3790995743859532,0.4623134434013146,1.0,1.0,0.8449956157292431,nan,nan
spectrum_refined,100000,0.35,19.109529749704404,0.36919423519903805,0.34419428519892137,0.365666175334456,0.4622464670276398,0.9927540952456056,0.9927540952456056,0.8314407022266779,nan,nan
spectrum_refined,100000,0.35,20.53525026457146,0.35617945826287095,0.3311795082627543,0.3527087644466179,0.46207018855737714,0.9855457288705307,0.9855457288705307,0.818249646820248,0.10155859760851904,0.10155859760851904
spectrum_refined,100000,0.35,22.0673406908459,0.3436214593358859,0.3186215093357692,0.3402106124805989,0.46178834005868846,0.978375712001927,0.978375712001927,0.8054097993945744,0.1016478314604755,0.1016478314604755
spectrum_refined,100000,0.35,23.71373705661655,0.3315044148178316,0.30650446481771493,0.32815557055991534,0.4614044680936616,0.9712447601402552,0.9712447601402552,0.7929088829114932,0.10173504571308653,0.10173504571308653
spectrum_refined,100000,0.35,25.482967479793466,0.31981304159608215,0.29481309159596547,0.3165280513547597,0.4609219416039779,0.9641535010939245,0.9641535010939245,0.7807349832000601,0.101910480314594,0.101910480314594
spectrum_refined,100000,0.35,27.384196342643612,0.30853257948641394,0.28353262948629726,0.30531301074853556,0.46034395944781475,0.9571024822386472,0.9571024822386472,0.7688765389342287,0.10207694360323989,0.10207694360323989
spectrum_refined,100000,0.35,29.42727176209282,0.29764792869365847,0.2726479786935418,0.2944951185765459,0.459671455175358,0.9500919386860959,0.9500919386860959,0.7573193838690164,0.10223493846351203,0.10223493846351203
spectrum_refined,100000,0.35,31.622776601683793,0.2871433740637626,0.26214342406364594,0.28405848568667325,0.4589026780776989,0.9431217851065654,0.9431217851065654,0.7460460521414616,0.1023849353811561,0.1023849353811561
spectrum_refined,100000,0.35,33.982083289425596,0.2770084549891146,0.2520085049889979,0.2739923054754374,0.45804750854390147,0.9361931919408725,0.9361931919408725,0.735055963533016,0.10252737398795041,0.10252737398795041
spectrum_refined,100000,0.35,36.51741272548377,0.267230335852593,0.24223038585247628,0.26428353190258813,0.457108495685373,0.9293064350291467,0.9293064350291467,0.724338831537966,0.10266266475514647,0.10266266475514647
spectrum_refined,100000,0.35,39.24189758484536,0.2577966240168516,0.2327966740167349,0.25491957800925874,0.4560880544205052,0.9224617395846827,0.9224617395846827,0.7138846784373568,0.1027914047951389,0.1027914047951389
spectrum_refined,100000,0.35,42.169650342858226,0.24869535522899197,0.22369540522887527,0.24588830048269564,0.4549884710096137,0.9156592844678719,0.9156592844678719,0.7036838262386057,0.10291466482627212,0.10291466482627212
spectrum_refined,100000,0.35,45.31583637600818,0.2399149794797589,0.2149150294796422,0.23717798469528284,0.4538119081010639,0.9088992060207565,0.9088992060207565,0.6937268875808228,0.10303353266007995,0.10303353266007995
spectrum_refined,100000,0.35,48.69675251658631,0.23144434730589494,0.20644439730577824,0.2287773302104789,0.45256040922180785,0.9021816014570261,0.9021816014570261,0.6840047565277028,0.10314826993027452,0.10314826993027452
spectrum_refined,100000,0.35,52.32991146814947,0.2232716002742283,0.1982716502741116,0.22067437117429914,0.45123363697573465,0.8955063251529829,0.8955063251529829,0.6745052372499629,0.10325912741733638,0.10325912741733638
spectrum_refined,100000,0.35,56.23413251903491,0.21538489647430917,0.19038494647419246,0.21285717507010302,0.4498305166906065,0.8888731585632895,0.8888731585632895,0.6652154131649156,0.10336634779906652,0.10336634779906652
spectrum_refined,100000,0.35,60.42963902381328,0.20777678745090342,0.1827768374507867,0.2053181043492316,0.44835812240086426,0.8822825934186131,0.8822825934186131,0.6561349098517677,0.10347016804433311,0.10347016804433311
spectrum_refined,100000,0.35,64.93816315762113,0.20043759658936244,0.17543764658924574,0.19804737918664533,0.4468180248414919,0.8757345892536298,0.8757345892536298,0.6472556214308544,0.10357082128118676,0.10357082128118676
spectrum_refined,100000,0.35,69.78305848598663,0.19335798578855223,0.16835803578843553,0.19103556832601754,0.4452116902865556,0.8692290778512758,0.8692290778512758,0.6385696760751078,0.10366876162576924,0.10366876162576924
spectrum_refined,100000,0.35,74.98942093324558,0.18652894422924793,0.16152899422913122,0.18427357721614893,0.4435404820900043,0.8627659645915859,0.8627659645915859,0.6300694263192522,0.10376481105590477,0.10376481105590477
spectrum_refined,100000,0.35,80.58421877614818,0.17994177752511248,0.15494182752499577,0.17775263655626558,0.4418056621172272,0.8563451296877594,0.8563451296877594,0.6217474396423397,0.1038596924522391,0.1038596924522391
spectrum_refined,100000,0.35,86.59643233600653,0.17358809724622054,0.14858814724610384,0.17146429123967213,0.4400083921387248,0.8499664293473571,0.8499664293473571,0.6135964893849453,0.10395361309399145,0.10395361309399145
spectrum_refined,100000,0.35,93.0572040929699,0.16745845008963106,0.14245850008951436,0.16539905521571147,0.43814719811936464,0.8436294932939534,0.8436294932939534,0.6056056482089958,0.10404678041479874,0.10404678041479874
spectrum_refined,100000,0.35,100.0,0.16154406467469634,0.13654411467457964,0.15954812013840564,0.43622125814160007,0.8373339943318898,0.8373339943318898,0.5977653228162965,0.1041394012077476,0.1041394012077476
spectrum_refined,100000,0.35,107.46078283213176,0.1558397602290106,0.1308398102288939,0.15390621337126087,0.43423580601839185,0.8310800730394833,0.8310800730394833,0.5900755662474024,0.10423168086296647,0.10423168086296647
spectrum_refined,100000,0.35,115.47819846894582,0.15033827451671075,0.12533832451659405,0.14846603409857365,0.4321915902325398,0.8248674950454674,0.8248674950454674,0.5825298647492505,0.10432382269033992,0.10432382269033992
spectrum_refined,100000,0.35,124.09377607517196,0.1450326042579811,0.12003265425786439,0.14322054615090946,0.4300892663192215,0.8186960071288875,0.8186960071288875,0.5751218705772025,0.10441631443430847,0.10441631443430847
spectrum_refined,100000,0.35,133.3521432163324,0.1399159966702759,0.1149160466701592,0.13816296911735995,0.42792939812309716,0.8125653379943901,0.8125653379943901,0.567845394793373,0.10450995454877109,0.10450995454877109
spectrum_refined,100000,0.35,143.30125702369628,0.13498194131035976,0.10998199131024305,0.13328676978223022,0.42571245901924265,0.8064751989745773,0.8064751989745773,0.5606944003296024,0.10460533527871016,0.10460533527871016
spectrum_refined,100000,0.35,153.9926526059492,0.13022416220807853,0.10522421220796183,0.12858565387619617,0.42343883311418484,0.8004252846649186,0.8004252846649186,0.5536629953222634,0.10470266051048538,0.10470266051048538
spectrum_refined,100000,0.35,165.48170999431815,0.12563497206738816,0.10063502206727146,0.12405194230888075,0.4211057689434484,0.7944150273274727,0.7944150273274727,0.5467407410108366,0.10480213243056057,0.10480213243056057
spectrum_refined,100000,0.35,177.82794100389228,0.12120807745588238,0.09620812745576568,0.11967933509367816,0.4187125062425566,0.7884440049393729,0.7884440049393729,0.539920583698439,0.10490395086908823,0.10490395086908823
spectrum_refined,100000,0.35,191.09529749704404,0.1169399893900832,0.09194003938996649,0.11546430646873578,0.4162630621900975,0.7825121751790403,0.7825121751790403,0.5332030515801807,0.10500831255242173,0.10500831255242173
spectrum_refined,100000,0.35,205.3525026457146,0.11282529797104704,0.08782534797093033,0.11140144298981136,0.41375744968909994,0.776619166504159,0.776619166504159,0.526582747660147,0.10511541025860179,0.10511541025860179
spectrum_refined,100000,0.35,220.673406908459,0.10885879275336922,0.08385884275325252,0.10748553351059524,0.41119559892610025,0.7707645930960271,0.7707645930960271,0.5200543916794694,0.10522586970648501,0.10522586970648501
spectrum_refined,100000,0.35,237.13737056616552,0.10503545645813533,0.08003550645801863,0.10371156263110524,0.4085773589794192,0.7649480552242468,0.7649480552242468,0.5136128154375545,0.10534060372268497,0.10534060372268497
spectrum_refined,100000,0.35,254.82967479793464,0.10135045891664167,0.07635050891652496,0.1000747043933791,0.40590249959905456,0.7591691395892988,0.7591691395892988,0.5072529585156962,0.10539743668101273,0.10539743668101273
spectrum_refined,100000,0.35,273.8419634264361,0.09779915123579412,0.07279920123567742,0.09657031621456691,0.4031707131919154,0.7534274196487611,0.7534274196487611,0.5009698644277095,0.10545559598685171,0.10545559598685171
spectrum_refined,100000,0.35,294.2727176209282,0.0943751402090261,0.06937519020890939,0.09319203242264472,0.40037767230454757,0.747722102580727,0.747722102580727,0.49475281251357367,nan,nan
spectrum_refined,100000,0.35,316.22776601683796,0.09107418118349418,0.06607423118337748,0.08993561593359442,0.39752278928439505,0.7420527093845279,0.7420527093845279,0.48859697046788925,nan,nan
spectrum_refined,100000,0.5,17.78279410038923,0.3802500632970586,0.35525011329694195,0.3790995743859532,0.33296073978612883,1.0,1.0,0.7132108030831874,nan,nan
spectrum_refined,100000,0.5,19.109529749704404,0.3667772513836053,0.3417773013834886,0.365666175334456,0.329445530620075,0.9824154896893027,0.9824154896893027,0.6962227820036803,nan,nan
spectrum_refined,100000,0.5,20.53525026457146,0.3537802646233953,0.3287803146232786,0.3527087644466179,0.32588172639748514,0.9651000386211828,0.9651000386211828,0.6796619910208804,0.24791799520829305,0.24791799520829305
spectrum_refined,100000,0.5,22.0673406908459,0.34124252832184804,0.31624257832173136,0.3402106124805989,0.3222746105725319,0.9480522792184629,0.9480522792184629,0.6635171388943799,0.24816950864140902,0.24816950864140902
spectrum_refined,100000,0.5,23.71373705661655,0.32914803306495055,0.3041480830648339,0.32815557055991534,0.3186291425963745,0.9312705781539745,0.9312705781539745,0.6477771756613251,0.2484168303352612,0.2484168303352612
spectrum_refined,100000,0.5,25.482967479793466,0.31748131680881136,0.2924813668086947,0.3165280513547597,0.3149499759297505,0.9147530662993755,0.9147530662993755,0.6324312927385618,0.2489135977437063,0.2489135977437063
spectrum_refined,100000,0.5,27.384196342643612,0.3062274474402865,0.28122749744016984,0.30531301074853556,0.3112414751028345,0.8984976658118119,0.8984976658118119,0.617468922543121,0.24938982936537452,0.24938982936537452
spectrum_refined,100000,0.5,29.42727176209282,0.2953711693418525,0.2703712193417358,0.2944951185765459,0.30750617793589036,0.8825014699028734,0.8825014699028734,0.6028773472777429,0.24984656013648132,0.24984656013648132
spectrum_refined,100000,0.5,31.622776601683793,0.2848966306672154,0.2598966806670987,0.28405848568667325,0.3037445874423004,0.866760730243487,0.866760730243487,0.5886412181095158,0.250284756156087,0.250284756156087
spectrum_refined,100000,0.5,33.982083289425596,0.27479318963890303,0.24979323963878633,0.2739923054754374,0.29996562650868985,0.8512751168762485,0.8512751168762485,0.5747588161475929,0.25070531863590534,0.25070531863590534
spectrum_refined,100000,0.5,36.51741272548377,0.26504786654902374,0.24004791654890703,0.26428353190258813,0.29617261664087835,0.8360419088785265,0.8360419088785265,0.5612204831899021,0.25110908806729465,0.25110908806729465
spectrum_refined,100000,0.5,39.24189758484536,0.2556481316218414,0.23064818162172473,0.25491957800925874,0.2923686667324728,0.8210582823229065,0.8210582823229065,0.5480167983543143,0.25149752664702,0.25149752664702
spectrum_refined,100000,0.5,42.169650342858226,0.246581890292667,0.2215819402925503,0.24588830048269564,0.28855668503305004,0.8063213248582386,0.8063213248582386,0.5351385753257171,0.2518735767027739,0.2518735767027739
spectrum_refined,100000,0.5,45.31583637600818,0.23783746892315777,0.21283751892304106,0.23717798469528284,0.28473939028212486,0.7918280487226987,0.7918280487226987,0.5225768592052826,0.2522401327001845,0.2522401327001845
spectrum_refined,100000,0.5,48.69675251658631,0.2294036009456988,0.2044036509455821,0.2287773302104789,0.28091932199505715,0.7775754022680416,0.7775754022680416,0.510322922940756,0.2525977215788505,0.2525977215788505
spectrum_refined,100000,0.5,52.32991146814947,0.22126832803303145,0.19626837803291475,0.22067437117429914,0.2770973198281523,0.7635597215607802,0.7635597215607802,0.49836564786118376,0.25294685159652014,0.25294685159652014
spectrum_refined,100000,0.5,56.23413251903491,0.21341971733609838,0.18841976733598167,0.21285717507010302,0.27327371170908793,0.7497771954642021,0.7497771954642021,0.4866934290451863,0.253288018275079,0.253288018275079
spectrum_refined,100000,0.5,60.42963902381328,0.20585019581926595,0.18085024581914924,0.2053181043492316,0.2694542106121345,0.7362259790611422,0.7362259790611422,0.47530440643140043,0.25362170951861385,0.25362170951861385
spectrum_refined,100000,0.5,64.93816315762113,0.1985499940377993,0.1735500440376826,0.19804737918664533,0.2656406997809907,0.7229028371832636,0.7229028371832636,0.46419069381878997,0.2539484095469186,0.2539484095469186
spectrum_refined,100000,0.5,69.78305848598663,0.19150968670041893,0.16650973670030222,0.19103556832601754,0.2618349247210566,0.7098045114835612,0.7098045114835612,0.45334461142147553,0.254269361723284,0.254269361723284
spectrum_refined,100000,0.5,74.98942093324558,0.1847201812378578,0.1597202312377411,0.18427357721614893,0.2580384994943375,0.6969277256880339,0.6969277256880339,0.44275868073219526,0.25458702068408967,0.25458702068408967
spectrum_refined,100000,0.5,80.58421877614818,0.17817270675133257,0.15317275675121586,0.17775263655626558,0.25425291274673967,0.684269190396339,0.684269190396339,0.43242561949807223,0.2549034561449984,0.2549034561449984
spectrum_refined,100000,0.5,86.59643233600653,0.17185880333171344,0.14685885333159673,0.17146429123967213,0.25047953352870533,0.671825607518773,0.671825607518773,0.4223383368604188,0.25521912321876217,0.25521912321876217
spectrum_refined,100000,0.5,93.0572040929699,0.16576896191572188,0.14076901191560517,0.16539905521571147,0.24671804539448108,0.6595931331413655,0.6595931331413655,0.41248700731020294,0.25553448258022804,0.25553448258022804
spectrum_refined,100000,0.5,100.0,0.1598943558228419,0.1348944058227252,0.15954812013840564,0.2429685484948249,0.6475681061400365,0.6475681061400365,0.4028629043176668,0.2558499985110608,0.2558499985110608
spectrum_refined,100000,0.5,107.46078283213176,0.15422972743336055,0.12922977743324385,0.15390621337126087,0.2392348152489803,0.6357481630830663,0.6357481630830663,0.3934645426823409,0.2561661369867511,0.2561661369867511
spectrum_refined,100000,0.5,115.47819846894582,0.14876776115522353,0.12376781115510684,0.14846603409857365,0.2355177721524951,0.6241299982662568,0.6241299982662568,0.38428553330771864,0.25648336391566745,0.25648336391566745
spectrum_refined,100000,0.5,124.09377607517196,0.14350140437598882,0.11850145437587213,0.14322054615090946,0.23181825350823906,0.6127103157452355,0.6127103157452355,0.3753196578842279,0.25680314695143097,0.25680314695143097
spectrum_refined,100000,0.5,133.3521432163324,0.13842385880731642,0.11342390880719971,0.13816296911735995,0.22813700612522983,0.6014858319803483,0.6014858319803483,0.36656086493254625,0.25712802248071814,0.25712802248071814
spectrum_refined,100000,0.5,143.30125702369628,0.13352857213461342,0.10852862213449671,0.13328676978223022,0.2244746938410836,0.5904532782262344,0.5904532782262344,0.358003265975697,0.25745980739378377,0.25745980739378377
spectrum_refined,100000,0.5,153.9926526059492,0.12880922996306526,0.10380927996294856,0.12858565387619617,0.22083190188375892,0.5796094026887165,0.5796094026887165,0.3496411318468242,0.2577990123165937,0.2577990123165937
spectrum_refined,100000,0.5,165.48170999431815,0.1242581197928853,0.0992581697927686,0.12405194230888075,0.2172074012471934,0.5689503562902676,0.5689503562902676,0.3414655210400787,0.2581461488100585,0.2581461488100585
spectrum_refined,100000,0.5,177.82794100389228,0.11986891799518713,0.09486896799507043,0.11967933509367816,0.21360113668107908,0.5584727363676077,0.5584727363676077,0.3334700546762662,0.2585017274426602,0.2585017274426602
spectrum_refined,100000,0.5,191.09529749704404,0.11563809315873828,0.09063814315862158,0.11546430646873578,0.21001572829829046,0.5481741400211843,0.5481741400211843,0.32565382145702876,0.258866255599425,0.258866255599425
spectrum_refined,100000,0.5,205.3525026457146,0.11156020900525121,0.0865602590051345,0.11140144298981136,0.20645147379236434,0.5380513930464624,0.5380513930464624,0.31801168279761555,0.2592402350056784,0.2592402350056784
spectrum_refined,100000,0.5,220.673406908459,0.10763003128942716,0.08263008128931046,0.10748553351059524,0.20290861293422163,0.5281013466469132,0.5281013466469132,0.3105386442236488,0.2596256776018801,0.2596256776018801
spectrum_refined,100000,0.5,237.13737056616552,0.1038425213544758,0.0788425713543591,0.10371156263110524,0.19938733133665662,0.5183208786231285,0.5183208786231285,0.30322985269113245,0.2600256016722377,0.2600256016722377
spectrum_refined,100000,0.5,254.82967479793464,0.10019282992392968,0.07519287992381297,0.1000747043933791,0.19588776418229106,0.508706894468109,0.508706894468109,0.29608059410622073,0.26022377371256733,0.26022377371256733
spectrum_refined,100000,0.5,273.8419634264361,0.09667629112065759,0.07167634112054089,0.09657031621456691,0.19240999993090327,0.4992563283836095,0.4992563283836095,0.28908629105156086,0.26042643775008695,0.26042643775008695
spectrum_refined,100000,0.5,294.2727176209282,0.09328650501032373,0.06828655501020703,0.09319203242264472,0.18895200193355555,0.4899653411088258,0.4899653411088258,0.2822385069438793,nan,nan
spectrum_refined,100000,0.5,316.22776601683796,0.0900192125826716,0.0650192625825549,0.08993561593359442,0.18551376887650484,0.4808308976133316,0.4808308976133316,0.27553298145917643,nan,nan
spectrum_refined,100000,0.65,17.78279410038923,0.37854785911505906,0.3535479091149424,0.3790995743859532,0.24441358790896026,1.0,1.0,0.6229614470240193,nan,nan
spectrum_refined,100000,0.65,19.109529749704404,0.3651012680026155,0.3401013180024988,0.365666175334456,0.23947102586396574,0.9728194326762438,0.9728194326762438,0.6045722938665812,nan,nan
spectrum_refined,100000,0.65,20.53525026457146,0.3521319616379494,0.32713201163783273,0.3527087644466179,0.23455994200768782,0.9463109199191739,0.9463109199191739,0.5866919036456373,0.3853072849307443,0.3853072849307443
spectrum_refined,100000,0.65,22.0673406908459,0.33962319046589906,0.3146232404657824,0.3402106124805989,0.2296847660872238,0.9204624308110633,0.9204624308110633,0.5693079565531228,0.38574642137792203,0.38574642137792203
spectrum_refined,100000,0.65,23.71373705661655,0.32755878045261516,0.3025588304524985,0.32815557055991534,0.22484950411775786,0.8952616950658174,0.8952616950658174,0.552408284570373,0.38618106702841654,0.38618106702841654
spectrum_refined,100000,0.65,25.482967479793466,0.3159231149424699,0.2909231649423532,0.3165280513547597,0.22005776838202135,0.8706962626557427,0.8706962626557427,0.5359808833244912,0.3870528772920474,0.3870528772920474
spectrum_refined,100000,0.65,27.384196342643612,0.304701116946582,0.2797011669464653,0.30531301074853556,0.21531280548030482,0.8467535565153594,0.8467535565153594,0.5200139224268868,0.38789779794440093,0.38789779794440093
spectrum_refined,100000,0.65,29.42727176209282,0.29387741454727884,0.26887746454716216,0.2944951185765459,0.21061633421402623,0.823419832635608,0.823419832635608,0.504493748761305,0.38871713130775615,0.38871713130775615
spectrum_refined,100000,0.65,31.622776601683793,0.283436070171182,0.2584361201710653,0.28405848568667325,0.20596845339484637,0.8006801619626512,0.8006801619626512,0.48940452356602837,0.3895120766148476,0.3895120766148476
spectrum_refined,100000,0.65,33.982083289425596,0.27336625830481104,0.24836630830469433,0.2739923054754374,0.20137556632275982,0.7785256110033919,0.7785256110033919,0.47474182462757086,0.3902837371661972,0.3902837371661972
spectrum_refined,100000,0.65,36.51741272548377,0.26365489033481404,0.23865494033469736,0.26428353190258813,0.1968396619845842,0.7569434545657628,0.7569434545657628,0.46049455231939823,0.3910331275792611,0.3910331275792611
spectrum_refined,100000,0.65,39.24189758484536,0.2542893356368383,0.22928938563672163,0.25491957800925874,0.1923624827352002,0.7359210308380222,0.7359210308380222,0.4466518183720385,0.39176252212670115,0.39176252212670115
spectrum_refined,100000,0.65,42.169650342858226,0.24525740648280603,0.22025745648268932,0.24588830048269564,0.1879455425588271,0.7154457649611342,0.7154457649611342,0.43320294904163315,0.39247706040303815,0.39247706040303815
spectrum_refined,100000,0.65,45.31583637600818,0.23654734338671127,0.21154739338659456,0.23717798469528284,0.18359014398129428,0.6955051893304712,0.6955051893304712,0.42013748736800555,0.39318156165989626,0.39318156165989626
spectrum_refined,100000,0.65,48.69675251658631,0.22814780088435152,0.20314785088423482,0.2287773302104789,0.17929739368621475,0.6760869609124679,0.6760869609124679,0.40744519457056627,0.3938766230266399,0.3938766230266399
spectrum_refined,100000,0.65,52.32991146814947,0.2200467658965129,0.1950468158963962,0.22067437117429914,0.17506712496634255,0.6571779249905375,0.6571779249905375,0.3951138908628554,0.3945628171250853,0.3945628171250853
spectrum_refined,100000,0.65,56.23413251903491,0.21223225980694663,0.18723230980682992,0.21285717507010302,0.1708987927960939,0.6387649062244288,0.6387649062244288,0.38313105260304053,0.3952407006105969,0.3952407006105969
spectrum_refined,100000,0.65,60.42963902381328,0.20469660677303403,0.17969665677291732,0.2053181043492316,0.16679562584193228,0.6208383019917215,0.6208383019917215,0.37149223261496633,0.3959108214709437,0.3959108214709437
spectrum_refined,100000,0.65,64.93816315762113,0.19742998307288853,0.17243003307277183,0.19804737918664533,0.16275805687020908,0.6033863640256092,0.6033863640256092,0.3601880399430976,0.39657372462430956,0.39657372462430956
spectrum_refined,100000,0.65,69.78305848598663,0.1904229143851945,0.1654229643850778,0.19103556832601754,0.15878638618847668,0.5863975232353245,0.5863975232353245,0.34920930057367117,0.3972315761068951,0.3972315761068951
spectrum_refined,100000,0.65,74.98942093324558,0.18366626404570746,0.15866631404559076,0.18427357721614893,0.15488079135819113,0.5698603951652135,0.5698603951652135,0.3385470554038986,0.3978890324504869,0.3978890324504869
spectrum_refined,100000,0.65,80.58421877614818,0.17715122169399655,0.15215127169387985,0.17775263655626558,0.15104133635212597,0.553763784512863,0.553763784512863,0.3281925580461225,0.39854981448149945,0.39854981448149945
spectrum_refined,100000,0.65,86.59643233600653,0.1708692923013853,0.1458693423012686,0.17146429123967213,0.14726798021884613,0.5380966888529184,0.5380966888529184,0.31813727252023144,0.39921448130080317,0.39921448130080317
spectrum_refined,100000,0.65,93.0572040929699,0.16481095081648633,0.13981100081636963,0.16539905521571147,0.14355953754942458,0.522847387149251,0.522847387149251,0.3083704883659109,0.3998836048219357,0.3998836048219357
spectrum_refined,100000,0.65,100.0,0.15896735180035368,0.13396740180023697,0.15954812013840564,0.13991511745019977,0.5080046814066129,0.5080046814066129,0.29888246925055345,0.4005577671940572,0.4005577671940572
spectrum_refined,100000,0.65,107.46078283213176,0.1533331870782347,0.128333237078118,0.15390621337126087,0.13633624464132196,0.49355975614472514,0.49355975614472514,0.28966943171955667,0.4012375582244893,0.4012375582244893
spectrum_refined,100000,0.65,115.47819846894582,0.14790112085693607,0.12290117085681937,0.14846603409857365,0.1328225216721111,0.4795023888629733,0.4795023888629733,0.28072364252904713,0.4019235729391334,0.4019235729391334
spectrum_refined,100000,0.65,124.09377607517196,0.14266408336124,0.11766413336112332,0.14322054615090946,0.12937348408371493,0.4658225604152109,0.4658225604152109,0.27203756744495494,0.40261862300328716,0.40261862300328716
spectrum_refined,100000,0.65,133.3521432163324,0.13761526195435486,0.11261531195423816,0.13816296911735995,0.12598860650522103,0.4525104551358256,0.4525104551358256,0.2636038684595759,0.40332782440500364,0.40332782440500364
spectrum_refined,100000,0.65,143.30125702369628,0.1327480925748598,0.10774814257474312,0.13328676978223022,0.1226673083916176,0.4395564605392657,0.4395564605392657,0.2554154009664774,0.4040546909398925,0.4040546909398925
spectrum_refined,100000,0.65,153.9926526059492,0.12805625148109906,0.10305630148098235,0.12858565387619617,0.11940895942760991,0.4269511666427407,0.4269511666427407,0.247465210908709,0.4047999767149425,0.4047999767149425
spectrum_refined,100000,0.65,165.48170999431815,0.12353203182589728,0.09853208182578058,0.12405194230888075,0.1162118019465352,0.41468437413545794,0.41468437413545794,0.23974383377243247,0.4055644452213195,0.4055644452213195
spectrum_refined,100000,0.65,177.82794100389228,0.11916910702843278,0.09416915702831608,0.11967933509367816,0.1130748443994993,0.40274679889258413,0.40274679889258413,0.23224395142793208,0.4063488662747423,0.4063488662747423
spectrum_refined,100000,0.65,191.09529749704404,0.11496392538270844,0.08996397538259174,0.11546430646873578,0.10999874629831652,0.3911309114444854,0.3911309114444854,0.22496267168102496,0.4071540124725179,0.4071540124725179
spectrum_refined,100000,0.65,205.3525026457146,0.11091104921659019,0.08591109921647348,0.11140144298981136,0.10698271745306576,0.3798280896417076,0.3798280896417076,0.21789376666965593,0.40798065512135046,0.40798065512135046
spectrum_refined,100000,0.65,220.673406908459,0.10700524442405498,0.08200529442393828,0.10748553351059524,0.10402594144104665,0.3688299070651258,0.3688299070651258,0.21103118586510164,0.40883291088841056,0.40883291088841056
spectrum_refined,100000,0.65,237.13737056616552,0.1032414738785812,0.07824152387846449,0.10371156263110524,0.10112757944368331,0.3581281309131756,0.3581281309131756,0.20436905332226452,0.40971712008678063,0.40971712008678063
spectrum_refined,100000,0.65,254.82967479793464,0.0996148910914672,0.0746149410913505,0.1000747043933791,0.09828677389477515,0.3477147197733868,0.3477147197733868,0.19790166498624234,0.41015536917358597,0.41015536917358597
spectrum_refined,100000,0.65,273.8419634264361,0.09612083410561444,0.07112088410549773,0.09657031621456691,0.0955026519554825,0.33758182130277464,0.33758182130277464,0.19162348606109694,0.41060351186060395,0.41060351186060395
spectrum_refined,100000,0.65,294.2727176209282,0.09275291895129395,0.06775296895117724,0.09319203242264472,0.09277312303952823,0.32772058441330687,0.32772058441330687,0.18552604199082218,nan,nan
spectrum_refined,100000,0.65,316.22776601683796,0.08950689114896226,0.06450694114884556,0.08993561593359442,0.0900973232918379,0.31812352690691714,0.31812352690691714,0.17960421444080016,nan,nan
spectrum_refined,100000,0.75,17.78279410038923,0.3777000302212445,0.3527000802211278,0.3790995743859532,0.20124804029656934,1.0,1.0,0.5789480705178138,nan,nan
spectrum_refined,100000,0.75,19.109529749704404,0.3642726587917719,0.3392727087916552,0.365666175334456,0.1959811712178665,0.9669127739793761,0.9669127739793761,0.5602538300096385,nan,nan
spectrum_refined,100000,0.75,20.53525026457146,0.3513230316167953,0.3263230816166786,0.3527087644466179,0.19079311707240731,0.934838082101576,0.934838082101576,0.5421161486892025,0.47054232441577065,0.47054232441577065
spectrum_refined,100000,0.75,22.0673406908459,0.33883430245475915,0.3138343524546425,0.3402106124805989,0.18568681384815366,0.9037506579958293,0.9037506579958293,0.5245211163029129,0.47109913529357866,0.47109913529357866
spectrum_refined,100000,0.75,23.71373705661655,0.326790208238381,0.30179025823826433,0.32815557055991534,0.1806647574526502,0.8736252899679007,0.8736252899679007,0.5074549656910312,0.4716522641749918,0.4716522641749918
spectrum_refined,100000,0.75,25.482967479793466,0.31517505057350176,0.2901751005733851,0.3165280513547597,0.17572904080428867,0.8444368960853676,0.8444368960853676,0.49090409137779045,0.4727609674140485,0.4727609674140485
spectrum_refined,100000,0.75,27.384196342643612,0.3039736776626965,0.27897372766257983,0.30531301074853556,0.17088138817429832,0.8161605887051377,0.8161605887051377,0.4748550658369948,0.47384197150292207,0.47384197150292207
spectrum_refined,100000,0.75,29.42727176209282,0.29317066133051356,0.2681707113303969,0.2944951185765459,0.1661221857269714,0.7887703853174932,0.7887703853174932,0.45929284705748497,0.47489671339546796,0.47489671339546796
spectrum_refined,100000,0.75,31.622776601683793,0.2827500264543052,0.2577500764541885,0.28405848568667325,0.16145043702235634,0.7622391860806532,0.7622391860806532,0.44420046347666153,0.4759265022871088,0.4759265022871088
spectrum_refined,100000,0.75,33.982083289425596,0.2727008494832747,0.24770089948315802,0.2739923054754374,0.1568704098616156,0.736547647729961,0.736547647729961,0.4295712593448903,0.4769325294285678,0.4769325294285678
spectrum_refined,100000,0.75,36.51741272548377,0.26300999147374066,0.23801004147362398,0.26428353190258813,0.15238260957559835,0.7116720672652608,0.7116720672652608,0.415392601049339,0.4779158778483636,0.4779158778483636
spectrum_refined,100000,0.75,39.24189758484536,0.2536647765929264,0.22866482659280973,0.25491957800925874,0.1479873137722471,0.6875891482926624,0.6875891482926624,0.4016520903651735,0.4788793567758225,0.4788793567758225
spectrum_refined,100000,0.75,42.169650342858226,0.24465297669119085,0.21965302669107414,0.24588830048269564,0.1436845933836026,0.664276022776752,0.664276022776752,0.3883375700747934,0.4798296252021144,0.4798296252021144
spectrum_refined,100000,0.75,45.31583637600818,0.23596279632575465,0.21096284632563794,0.23717798469528284,0.13947433200001869,0.6417102683379927,0.6417102683379927,0.37543712832577336,0.4807727321064368,0.4807727321064368
spectrum_refined,100000,0.75,48.69675251658631,0.22758285823211394,0.20258290823199723,0.2287773302104789,0.13535624359345616,0.6198699215812774,0.6198699215812774,0.3629391018255701,0.48170930576074555,0.48170930576074555
spectrum_refined,100000,0.75,52.32991146814947,0.21950113109323097,0.19450118109311426,0.22067437117429914,0.13132900103743225,0.598732308995903,0.598732308995903,0.3508301321306632,0.4826399449270793,0.4826399449270793
spectrum_refined,100000,0.75,56.23413251903491,0.21170562263803247,0.18670567263791576,0.21285717507010302,0.12739098474881783,0.5782750224844215,0.5782750224844215,0.3390966073868503,0.48356522885044606,0.48356522885044606
spectrum_refined,100000,0.75,60.42963902381328,0.20418861224281556,0.17918866224269886,0.2053181043492316,0.12354363487930761,0.5584803619961226,0.5584803619961226,0.3277322471221232,0.48448572576113696,0.48448572576113696
spectrum_refined,100000,0.75,64.93816315762113,0.1969402585074147,0.171940308507298,0.19804737918664533,0.11978611433379621,0.5393282369692036,0.5393282369692036,0.3167263728412109,0.48540199941214723,0.48540199941214723
spectrum_refined,100000,0.75,69.78305848598663,0.18995107224034788,0.16495112224023117,0.19103556832601754,0.11611748683583378,0.5207990419446756,0.5207990419446756,0.3060685590761817,0.4863169242140775,0.4863169242140775
spectrum_refined,100000,0.75,74.98942093324558,0.18321190448984648,0.15821195448972977,0.18427357721614893,0.11253672743177517,0.5028736550036816,0.5028736550036816,0.29574863192162165,0.48723685278337087,0.48723685278337087
spectrum_refined,100000,0.75,80.58421877614818,0.1767139349776185,0.1517139849775018,0.17775263655626558,0.10904273225795424,0.48553343508316277,0.48553343508316277,0.28575666723557275,0.48816670095465137,0.48816670095465137
spectrum_refined,100000,0.75,86.59643233600653,0.17044866092590674,0.14544871092579004,0.17146429123967213,0.10563432764098511,0.46876021836084647,0.46876021836084647,0.27608298856689184,0.4891071058316622,0.4891071058316622
spectrum_refined,100000,0.75,93.0572040929699,0.16440655904645046,0.13940660904633376,0.16539905521571147,0.10230945566940115,0.4525351851604536,0.4525351851604536,0.2667160147158516,0.49005872192142536,0.49005872192142536
spectrum_refined,100000,0.75,100.0,0.15857878392202662,0.13357883392190992,0.15954812013840564,0.09906631988445164,0.43684039342288544,0.43684039342288544,0.25764510380647826,0.49102221859316647,0.49102221859316647
spectrum_refined,100000,0.75,107.46078283213176,0.15296001157570385,0.12796006157558715,0.15390621337126087,0.09590503069494195,0.4216610527917904,0.4216610527917904,0.24886504227064582,0.49199827749469793,0.49199827749469793
spectrum_refined,100000,0.75,115.47819846894582,0.14754290555065852,0.12254295555054182,0.14846603409857365,0.09282420175803718,0.4069808397261572,0.4069808397261572,0.2403671073086957,0.49298759006676035,0.49298759006676035
spectrum_refined,100000,0.75,124.09377607517196,0.14232039672702576,0.11732044672690907,0.14322054615090946,0.08982241484780167,0.3927838812509483,0.3927838812509483,0.2321428115748274,0.49399410924894116,0.49399410924894116
spectrum_refined,100000,0.75,133.3521432163324,0.1372856743074882,0.1122857243073715,0.13816296911735995,0.08689822561741345,0.37905474759286995,0.37905474759286995,0.22418389992490165,0.49502511534212057,0.49502511534212057
spectrum_refined,100000,0.75,143.30125702369628,0.1324321771288239,0.1074322271287072,0.13328676978223022,0.08405016892159105,0.3657784444661016,0.3657784444661016,0.21648234605041494,0.49608550234357535,0.49608550234357535
spectrum_refined,100000,0.75,153.9926526059492,0.1277535852898868,0.10275363528977012,0.12858565387619617,0.08127676373082285,0.35294040507428187,0.35294040507428187,0.20903034902070966,0.49717625184097863,0.49717625184097863
spectrum_refined,100000,0.75,165.48170999431815,0.12324220259808409,0.09824225259796739,0.12405194230888075,0.07857569739069327,0.34052528587368436,0.34052528587368436,0.20181789998877736,0.4982983647304138,0.4982983647304138
spectrum_refined,100000,0.75,177.82794100389228,0.11889170878514925,0.09389175878503254,0.11967933509367816,0.07594527391873995,0.3285190344159575,0.3285190344159575,0.19483698270388922,0.499452857816907,0.499452857816907
spectrum_refined,100000,0.75,191.09529749704404,0.11469855021737096,0.08969860021725426,0.11546430646873578,0.07338506337041514,0.3169098695140419,0.3169098695140419,0.1880836135877861,0.5006407597869323,0.5006407597869323
spectrum_refined,100000,0.75,205.3525026457146,0.11065729593925228,0.08565734593913557,0.11140144298981136,0.07089355609173487,0.3056848406481989,0.3056848406481989,0.18155085203098714,0.5018631064876906,0.5018631064876906
spectrum_refined,100000,0.75,220.673406908459,0.10676271902981303,0.08176276902969633,0.10748553351059524,0.06846924666711487,0.2948313833894252,0.2948313833894252,0.1752319656969279,0.5031259361845749,0.5031259361845749
spectrum_refined,100000,0.75,237.13737056616552,0.10300978994448948,0.07800983994437277,0.10371156263110524,0.06611063692434355,0.28433731072051927,0.28433731072051927,0.16912042686883302,0.5044385726838315,0.5044385726838315
spectrum_refined,100000,0.75,254.82967479793464,0.09939367010785992,0.07439372010774321,0.1000747043933791,0.06381623870841778,0.2741908043909563,0.2741908043909563,0.1632099088162777,0.5050890581809198,0.5050890581809198
spectrum_refined,100000,0.75,273.8419634264361,0.09590970574736282,0.07090975574724612,0.09657031621456691,0.061584576442175895,0.2643804063320174,0.2643804063320174,0.1574942821895387,0.5057549099112337,0.5057549099112337
spectrum_refined,100000,0.75,294.2727176209282,0.09255152634320243,0.06755157634308573,0.09319203242264472,0.05941331150842664,0.2548936343680911,0.2548936343680911,0.15196483785162906,nan,nan
spectrum_refined,100000,0.75,316.22776601683796,0.08931488538061601,0.0643149353804993,0.08993561593359442,0.05730103623856035,0.2457197485391665,0.2457197485391665,0.14661592161917636,nan,nan
spectrum_refined,100000,0.9,17.78279410038923,0.37673634815387835,0.3517363981537617,0.3790995743859532,0.15331572515494932,1.0,1.0,0.5300520733088276,nan,nan
spectrum_refined,100000,0.9,19.109529749704404,0.36333706257330667,0.33833711257319,0.365666175334456,0.14806872627179363,0.9589175078655765,0.9645649851407616,0.5114057888451002,nan,nan
spectrum_refined,100000,0.9,20.53525026457146,0.3504156689608455,0.32541571896072885,0.3527087644466179,0.14295475002932834,0.9194269751506601,0.9303855458501059,0.49337041899017386,0.586499327635515,0.5013778237563405
spectrum_refined,100000,0.9,22.0673406908459,0.33795521022924,0.31295526022912334,0.3402106124805989,0.13797386173851095,0.8814736625250625,0.8974175532421931,0.47592907196775097,0.5871697903895171,0.5013729445929149
spectrum_refined,100000,0.9,23.71373705661655,0.32593932381258695,0.30093937381247027,0.32815557055991534,0.13312574157962284,0.8450039787442449,0.8656184093359787,0.4590650653922098,0.5878384192667879,0.5013758484275959
spectrum_refined,100000,0.9,25.482967479793466,0.31435222241220273,0.28935227241208605,0.3165280513547597,0.12840972839278364,0.8099655510657328,0.8349469974147458,0.44276195080498637,0.5891778893710576,0.5013787329561006
spectrum_refined,100000,0.9,27.384196342643612,0.3031786751872899,0.27817872518717324,0.30531301074853556,0.12382485952888272,0.7763072794118595,0.8053636336655522,0.42700353471617264,0.5904923173085586,0.5013819726210469
spectrum_refined,100000,0.9,29.42727176209282,0.292403197993876,0.2674032479937593,0.2944951185765459,0.11936914120151156,0.743977819133664,0.7768278797293682,0.4117723391953875,0.5917835086467802,0.5013828903884884
spectrum_refined,100000,0.9,31.622776601683793,0.2820097817390817,0.257009831738965,0.28405848568667325,0.11503954898898885,0.7129255440619668,0.7492978227337163,0.3970493307280706,0.5930531037130751,0.5013785898788947
spectrum_refined,100000,0.9,33.982083289425596,0.2719874003081605,0.2469874503080438,0.2739923054754374,0.11083708305214404,0.6831087714007134,0.7227449567023034,0.3828244833603045,0.5943025920155546,0.5013659429303784
spectrum_refined,100000,0.9,36.51741272548377,0.2623228691093133,0.2373229191091966,0.26428353190258813,0.10675986935001262,0.6544816971740133,0.6971348684067018,0.36908273845932593,0.595533326167037,0.501341576390221
spectrum_refined,100000,0.9,39.24189758484536,0.253003473220485,0.2280035232203683,0.25491957800925874,0.10280588720055964,0.6269998988015537,0.6724343555968505,0.3558093604210446,0.5967489260859967,0.5013063318599795
spectrum_refined,100000,0.9,42.169650342858226,0.2440169514082778,0.2190170014081611,0.24588830048269564,0.09897299108412368,0.6006203287436523,0.6486113862854459,0.3429899424924015,0.5979579804278616,0.501269517839981
spectrum_refined,100000,0.9,45.31583637600818,0.2353514806318299,0.2103515306317132,0.23717798469528284,0.09525893029712848,0.5753013027872754,0.6256350592834403,0.3306104109289584,0.5991679973284376,0.5012359313653351
spectrum_refined,100000,0.9,48.69675251658631,0.226995661027293,0.20199571102717628,0.2287773302104789,0.09166136663011654,0.5510024838015244,0.6034755659671767,0.31865702765740955,0.6003798681161657,0.5012018474383325
spectrum_refined,100000,0.9,52.32991146814947,0.21893745318339972,0.193937503183283,0.22067437117429914,0.08817724035171384,0.5276835003388485,0.5821013424553076,0.30711469353511356,0.6015944474256363,0.5011632384574244
spectrum_refined,100000,0.9,56.23413251903491,0.211164861356747,0.1861649113566303,0.21285717507010302,0.08480333616316774,0.5053050465905085,0.5614809128047125,0.29596819751991477,0.6028125648774793,0.5011157553397352
spectrum_refined,100000,0.9,60.42963902381328,0.20367013017767313,0.17867018017755643,0.2053181043492316,0.08153871657435251,0.4838339750311965,0.5415941304650519,0.2852088467520256,0.6040350349419886,0.501054707363845
spectrum_refined,100000,0.9,64.93816315762113,0.19644341184811237,0.17144346184799567,0.19804737918664533,0.07838081794196594,0.4632350702002577,0.5224151979263831,0.2748242297900783,0.605262664570338,0.5009750406461072
spectrum_refined,100000,0.9,69.78305848598663,0.18947521375740187,0.16447526375728516,0.19103556832601754,0.07532705550832679,0.44347434291320537,0.5039192371435592,0.26480226926572864,0.6064995039534705,0.5008787902650425
spectrum_refined,100000,0.9,74.98942093324558,0.18275638619975956,0.15775643619964286,0.18427357721614893,0.0723748325179878,0.42451900002581716,0.4860822582421154,0.25513121871774735,0.6077543605685837,0.5007776427587894
spectrum_refined,100000,0.9,80.58421877614818,0.17627811051779402,0.1512781605176773,0.17775263655626558,0.06952154843858985,0.406337413635661,0.46888112930271825,0.24579965895638387,0.6090338165636153,0.5006764767100856
spectrum_refined,100000,0.9,86.59643233600653,0.1700318876613072,0.1450319376611905,0.17146429123967213,0.06676460637120296,0.3888990899564334,0.4522935471964102,0.23679649403251016,0.61033889329579,0.5005695946820934
spectrum_refined,100000,0.9,93.0572040929699,0.1640082069128983,0.1390082569127816,0.16539905521571147,0.06410083946094161,0.37217333430381405,0.436294489339949,0.2281090463738399,0.6116706385011987,0.5004508306060809
spectrum_refined,100000,0.9,100.0,0.1581982335390115,0.1331982835388948,0.15954812013840564,0.06152732957469715,0.3561310040323099,0.42086072081941484,0.21972556311370864,0.6130301246245977,0.5003135182361257
spectrum_refined,100000,0.9,107.46078283213176,0.152596639671659,0.1275966896715423,0.15390621337126087,0.059042550647982736,0.3407471008338187,0.4059783333192884,0.21163919031964173,0.6144184470716115,0.5001504576109846
spectrum_refined,100000,0.9,115.47819846894582,0.14719609897342872,0.12219614897331202,0.14846603409857365,0.05664397038516595,0.32599533542543213,0.39162806853331766,0.20384006935859467,0.6158367225059994,0.49995387943214525
spectrum_refined,100000,0.9,124.09377607517196,0.14198955347453837,0.11698960347442168,0.14322054615090946,0.05432908803128464,0.3118503989983404,0.37779136624695775,0.196318641505823,0.6172909361443254,0.4997274751325664
spectrum_refined,100000,0.9,133.3521432163324,0.13697020440051158,0.11197025440039489,0.13816296911735995,0.052095437987240104,0.29828793255045977,0.36445034089302136,0.1890656423877517,0.6187918871137635,0.4994854995625731
spectrum_refined,100000,0.9,143.30125702369628,0.13213150334009674,0.10713155333998003,0.13328676978223022,0.049940592967682794,0.285284496641264,0.3515877589631209,0.18207209630777954,0.6203467209395865,0.4992320431611285
spectrum_refined,100000,0.9,153.9926526059492,0.12746714374289517,0.10246719374277846,0.12858565387619617,0.047862166742160005,0.272817541633226,0.3391870172486288,0.17532931048505518,0.6219571467277785,0.49895804900818863
spectrum_refined,100000,0.9,165.48170999431815,0.1229694484715821,0.0979694984714654,0.12405194230888075,0.04585725883868061,0.2608640131951993,0.3272278596192411,0.16882670731026272,0.6236249205749194,0.4986537031179019
spectrum_refined,100000,0.9,177.82794100389228,0.1186321121919569,0.0936321621918402,0.11967933509367816,0.043923447784613295,0.24940270886057947,0.3156936677851165,0.1625555599765702,0.6253518430715798,0.4983083831203122
spectrum_refined,100000,0.9,191.09529749704404,0.11445158878681953,0.08945163878670283,0.11546430646873578,0.04205921607774373,0.23841535550316797,0.3045751413880091,0.15651080486456326,0.6271397560835663,0.49791060417384464
spectrum_refined,100000,0.9,205.3525026457146,0.11042246209905322,0.08542251209893652,0.11140144298981136,0.04026235686002199,0.22788266661014797,0.2938580006855822,0.1506848189590752,0.6289905387260043,0.4974479621207516
spectrum_refined,100000,0.9,220.673406908459,0.10653952010640648,0.08153957010628977,0.10748553351059524,0.03853071356419404,0.21778610665263287,0.28352849956293147,0.1450702336706005,0.6309138947493106,0.49692596934615646
spectrum_refined,100000,0.9,237.13737056616552,0.10279774819552272,0.07779779819540601,0.10371156263110524,0.036862180812812874,0.20810786502717205,0.2735734082505688,0.1396599290083356,0.632924507595504,0.49636093208852794
spectrum_refined,100000,0.9,254.82967479793464,0.09919232269432764,0.07419237269421093,0.1000747043933791,0.03525470511155953,0.19883083071255475,0.26397999669473426,0.13444702780588716,0.633920132803829,0.49607405019077744
spectrum_refined,100000,0.9,273.8419634264361,0.09571860465232099,0.07071865465220428,0.09657031621456691,0.03370628535707704,0.1899385676493236,0.2547360185539294,0.12942489000939802,0.6349424780021523,0.4957751995049029
spectrum_refined,100000,0.9,294.2727176209282,0.09237024264048742,0.06737029264037071,0.09319203242264472,0.032214400063459686,0.18141376505362822,0.2458246822713863,0.1245846427039471,nan,nan
spectrum_refined,100000,0.9,316.22776601683796,0.08914300416988157,0.06414305416976486,0.08993561593359442,0.030777187227339936,0.17324131489883385,0.23723481114234352,0.1199201913972215,nan,nan
spectrum_refined,100000,1.0,17.78279410038923,0.37624808404501137,0.3512481340448947,0.3790995743859532,0.12967174813108592,1.0,1.0,0.5059198321760973,nan,nan
spectrum_refined,100000,1.0,19.109529749704404,0.3628660659965216,0.3378661159964049,0.365666175334456,0.12462203839858077,0.954232258066393,0.9645649851407616,0.4874881043951024,nan,nan
spectrum_refined,100000,1.0,20.53525026457146,0.34996178923492083,0.32496183923480415,0.3527087644466179,0.11973001917300366,0.910464545990237,0.9303855458501059,0.46969180840792446,0.65456385906438,0.5013778237563405
spectrum_refined,100000,1.0,22.0673406908459,0.3375182447268309,0.3125182947267142,0.3402106124805989,0.11499376871968413,0.8686166781616683,0.8974175532421931,0.45251201344651504,0.6552351847056137,0.5013729445929149
spectrum_refined,100000,1.0,23.71373705661655,0.3255190248856907,0.300519074885574,0.32815557055991534,0.11041106015998293,0.828610876383464,0.8656184093359787,0.4359300850456736,0.6559055623427827,0.5013758484275959
spectrum_refined,100000,1.0,25.482967479793466,0.31394830372929666,0.28894835372918,0.3165280513547597,0.105979406285072,0.7903718041082632,0.8349469974147458,0.4199277100143687,0.657248580689597,0.5013787329561006
spectrum_refined,100000,1.0,27.384196342643612,0.30279081751370823,0.27779086751359156,0.30531301074853556,0.10169609977089611,0.7538265816867142,0.8053636336655522,0.40448691728460434,0.6585694245496369,0.5013819726210469
spectrum_refined,100000,1.0,29.42727176209282,0.29203106084822417,0.2670311108481075,0.2944951185765459,0.09755762158421974,0.7189032682821167,0.7768278797293682,0.38958868243244393,0.6598703754251474,0.5013828903884884
spectrum_refined,100000,1.0,31.622776601683793,0.28165301384034985,0.2566530638402332,0.28405848568667325,0.09355965901857394,0.6855307993797977,0.7492978227337163,0.3752126728589238,0.6611535266345995,0.5013785898788947
spectrum_refined,100000,1.0,33.982083289425596,0.2716456090950646,0.24664565909494787,0.2739923054754374,0.08970123258317356,0.6536488789173278,0.7227449567023034,0.36134684167823816,0.6624208010868367,0.5013659429303784
spectrum_refined,100000,1.0,36.51741272548377,0.2619956478355803,0.23699569783546365,0.26428353190258813,0.08597904555073417,0.6231942358288173,0.6971348684067018,0.3479746933863145,0.6636739682113262,0.501341576390221
spectrum_refined,100000,1.0,39.24189758484536,0.2526904043860923,0.2276904543859756,0.25491957800925874,0.08238973077777201,0.5941059541519086,0.6724343555968505,0.3350801351638643,0.6649171618781122,0.5013063318599795
spectrum_refined,100000,1.0,42.169650342858226,0.24371760982688606,0.21871765982676936,0.24588830048269564,0.07892987060830206,0.566325423751352,0.6486113862854459,0.3226474804351881,0.6661596749442378,0.501269517839981
spectrum_refined,100000,1.0,45.31583637600818,0.23506543616313283,0.21006548616301612,0.23717798469528284,0.07559601447499244,0.539796286425147,0.6256350592834403,0.3106614506381253,0.6674094961836284,0.5012359313653351
spectrum_refined,100000,1.0,48.69675251658631,0.22672248100155906,0.20172253100144236,0.2287773302104789,0.07238469441341111,0.5144643784175341,0.6034755659671767,0.2991071754149702,0.66866795641345,0.5012018474383325
spectrum_refined,100000,1.0,52.32991146814947,0.21867670847770967,0.19367675847759297,0.22067437117429914,0.06929191968623316,0.49027634658734487,0.5821013424553076,0.28796862816394286,0.6699363468656785,0.5011632384574244
spectrum_refined,100000,1.0,56.23413251903491,0.2109161282146169,0.18591617821450018,0.21285717507010302,0.06631363536543979,0.46718067587064016,0.5614809128047125,0.2772297635800567,0.6712159316237627,0.5011157553397352
spectrum_refined,100000,1.0,60.42963902381328,0.20343297823381445,0.17843302823369775,0.2053181043492316,0.06344765573167416,0.4451326046843852,0.5415941304650519,0.2668806339654886,0.6725079580644968,0.501054707363845
spectrum_refined,100000,1.0,64.93816315762113,0.19621741558467684,0.17121746558456014,0.19804737918664533,0.06069054720597179,0.4240860910653587,0.5224151979263831,0.25690796279064865,0.6738136649795115,0.5009750406461072
spectrum_refined,100000,1.0,69.78305848598663,0.18925995371482887,0.16426000371471217,0.19103556832601754,0.05803891355126012,0.40399697884294106,0.5039192371435592,0.247298867266089,0.6751378671631398,0.5008787902650425
spectrum_refined,100000,1.0,74.98942093324558,0.18255145001269063,0.15755150001257393,0.18427357721614893,0.05548940262213157,0.3848229335898425,0.4860822582421154,0.2380408526348222,0.6764905395554854,0.5007776427587894
spectrum_refined,100000,1.0,80.58421877614818,0.17608309379245804,0.15108314379234133,0.17775263655626558,0.05303871221894729,0.3665233793327607,0.46888112930271825,0.22912180601140533,0.6778790385608177,0.5006764767100856
spectrum_refined,100000,1.0,86.59643233600653,0.16984639470955956,0.14484644470944286,0.17146429123967213,0.05068359513940675,0.349059436241668,0.4522935471964102,0.22052998984896632,0.6793049377703271,0.5005695946820934
spectrum_refined,100000,1.0,93.0572040929699,0.16383185377631457,0.13883190377619786,0.16539905521571147,0.04842040776932557,0.3323925754786132,0.436294489339949,0.21225226154564014,0.6807698458355562,0.5004508306060809
spectrum_refined,100000,1.0,100.0,0.15803064716247683,0.13303069716236013,0.15954812013840564,0.046245755321955774,0.316486311463513,0.42086072081941484,0.2042764024844326,0.6822754059365592,0.5003135182361257
spectrum_refined,100000,1.0,107.46078283213176,0.15243745283262455,0.12743750283250785,0.15390621337126087,0.04415738314451934,0.30130873540197445,0.4059783333192884,0.1965948359771439,0.6838232951938104,0.5001504576109846
spectrum_refined,100000,1.0,115.47819846894582,0.1470449550475624,0.1220450050474457,0.14846603409857365,0.04215229259670517,0.28682713493297723,0.39162806853331766,0.18919724764426757,0.6854152241253294,0.49995387943214525
spectrum_refined,100000,1.0,124.09377607517196,0.14184610662872654,0.11684615662860985,0.14322054615090946,0.04022755649486088,0.2730102032121064,0.37779136624695775,0.18207366312358741,0.6870585698836628,0.4997274751325664
spectrum_refined,100000,1.0,133.3521432163324,0.13683411971375667,0.11183416971363996,0.13816296911735995,0.03838032060308458,0.2598279844218349,0.36445034089302136,0.17521444031684125,0.6887661770905233,0.4994854995625731
spectrum_refined,100000,1.0,143.30125702369628,0.13200245686075002,0.10700250686063331,0.13328676978223022,0.03660780472787723,0.2472518208381831,0.3515877589631209,0.16861026158862724,0.6905465463933333,0.4992320431611285
spectrum_refined,100000,1.0,153.9926526059492,0.127344822489916,0.10234487248979929,0.12858565387619617,0.03490730345902212,0.23525430148009996,0.3391870172486288,0.16225212594893812,0.6924022423992836,0.49895804900818863
spectrum_refined,100000,1.0,165.48170999431815,0.12285355210003387,0.09785360209991717,0.12405194230888075,0.03327575375098104,0.2238078514394656,0.3272278596192411,0.15612930585101492,0.6943359057647239,0.4986537031179019
spectrum_refined,100000,1.0,177.82794100389228,0.11852235142705414,0.09352240142693743,0.11967933509367816,0.03171050698622389,0.21288706017413517,0.3156936677851165,0.15023285841327802,0.6963502526132623,0.4983083831203122
spectrum_refined,100000,1.0,191.09529749704404,0.11434768278463475,0.08934773278451805,0.11546430646873578,0.030209653173665224,0.20246973976328492,0.3045751413880091,0.14455733595829998,0.6984480733336847,0.49791060417384464
spectrum_refined,100000,1.0,205.3525026457146,0.1103241406133413,0.08532419061322459,0.11140144298981136,0.02877078351027101,0.1925329760240993,0.2938580006855822,0.1390949241236123,0.7006322306790587,0.4974479621207516
spectrum_refined,100000,1.0,220.673406908459,0.10644652329539527,0.08144657329527856,0.10748553351059524,0.027391564099933433,0.18305486976213137,0.28352849956293147,0.1338380873953287,0.702915118574632,0.49692596934615646
spectrum_refined,100000,1.0,237.13737056616552,0.10270982640671367,0.07770987640659696,0.10371156263110524,0.026069735241997655,0.17401449486335513,0.2735734082505688,0.12877956164871132,0.7053150228944844,0.49636093208852794
spectrum_refined,100000,1.0,254.82967479793464,0.09910923623103207,0.07410928623091537,0.1000747043933791,0.02480311057751155,0.1653918579259073,0.26397999669473426,0.12391234680854363,0.7065024565188943,0.49607405019077744
spectrum_refined,100000,1.0,273.8419634264361,0.0956401235252704,0.0706401735251537,0.09657031621456691,0.023589576112335798,0.15716785940200848,0.2547360185539294,0.1192296996376062,0.7077255321156305,0.4957751995049029
spectrum_refined,100000,1.0,294.2727176209282,0.09229614781462436,0.06729619781450766,0.09319203242264472,0.022426649745363143,0.1493227313053615,0.2458246822713863,0.1147227975599875,nan,nan
spectrum_refined,100000,1.0,316.22776601683796,0.08907308565205019,0.06407313565193348,0.08993561593359442,0.021312387299435152,0.1418391044156003,0.23723481114234352,0.11038547295148535,nan,nan
spectrum_refined,100000,1.1,17.78279410038923,0.3758526287989593,0.35085267879884263,0.3790995743859532,0.1109586053042816,1.0,1.0,0.4868112341032409,nan,nan
spectrum_refined,100000,1.1,19.109529749704404,0.36248636535677714,0.33748641535666046,0.365666175334456,0.10617630261556113,0.9501041555366232,0.9645649851407616,0.46866266797233824,nan,nan
spectrum_refined,100000,1.1,20.53525026457146,0.34959756452317126,0.3245976145230546,0.3527087644466179,0.10156828662577799,0.9026148815490863,0.9303855458501059,0.45116585114894925,0.7144049142100732,0.5013778237563405
spectrum_refined,100000,1.1,22.0673406908459,0.33716918091121495,0.31216923091109827,0.3402106124805989,0.09713077803527566,0.8574229434856542,0.8974175532421931,0.4342999589464906,0.714995816779262,0.5013729445929149
spectrum_refined,100000,1.1,23.71373705661655,0.3251847767219616,0.30018482672184493,0.32815557055991534,0.09285979574589416,0.8144232252471196,0.8656184093359787,0.41804457246785576,0.7155858691359029,0.5013758484275959
spectrum_refined,100000,1.1,25.482967479793466,0.3136285012873986,0.28862855128728193,0.3165280513547597,0.08875119981321428,0.7735146900687513,0.8349469974147458,0.4023797011006129,0.7167686364392221,0.5013787329561006
spectrum_refined,100000,1.1,27.384196342643612,0.30248507113308754,0.27748512113297086,0.30531301074853556,0.08480072933109745,0.7346003218046949,0.8053636336655522,0.387285800464185,0.717931968048458,0.5013819726210469
spectrum_refined,100000,1.1,29.42727176209282,0.2917389699580975,0.2667390199579808,0.2944951185765459,0.08100353502096815,0.6975857536206184,0.7768278797293682,0.37274250497906564,0.7190788713967141,0.5013828903884884
spectrum_refined,100000,1.1,31.622776601683793,0.2813741744376338,0.2563742244375171,0.28405848568667325,0.0773542070747319,0.6623791542460236,0.7492978227337163,0.3587283815123657,0.7202121444191147,0.5013785898788947
spectrum_refined,100000,1.1,33.982083289425596,0.2713795935988011,0.2463796435986844,0.2739923054754374,0.07385005373466023,0.6288995761724345,0.7227449567023034,0.34522964733346134,0.7213343967203635,0.5013659429303784
spectrum_refined,100000,1.1,36.51741272548377,0.2617420243510733,0.2367420743509566,0.26428353190258813,0.07048659499915175,0.5970651409083528,0.6971348684067018,0.3322286193502251,0.7224480694973189,0.501341576390221
spectrum_refined,100000,1.1,39.24189758484536,0.2524487393555356,0.2274487893554189,0.25491957800925874,0.06725936361413277,0.566797533255861,0.6724343555968505,0.31970810296966834,0.7235577481106585,0.5013063318599795
spectrum_refined,100000,1.1,42.169650342858226,0.24348747034302357,0.21848752034290686,0.24588830048269564,0.06416392142269092,0.5380218859893553,0.6486113862854459,0.3076513917657145,0.7246727101681226,0.501269517839981
spectrum_refined,100000,1.1,45.31583637600818,0.23484639197732163,0.20984644197720492,0.23717798469528284,0.061195873400220216,0.510666662379385,0.6256350592834403,0.29604226537754186,0.725800854725159,0.5012359313653351
spectrum_refined,100000,1.1,48.69675251658631,0.2265141062554486,0.2015141562553319,0.2287773302104789,0.05835087962271811,0.4846635376878226,0.6034755659671767,0.2848649858781667,0.7269442146807124,0.5012018474383325
spectrum_refined,100000,1.1,52.32991146814947,0.2184785854831996,0.1934786354830829,0.22067437117429914,0.055624261244030554,0.45994614202772865,0.5821013424553076,0.2741028467272302,0.7281047806780432,0.5011632384574244
spectrum_refined,100000,1.1,56.23413251903491,0.21072784850247248,0.18572789850235577,0.21285717507010302,0.05301136042610848,0.43645086624926926,0.5614809128047125,0.26373920892858094,0.72928451390536,0.5011157553397352
spectrum_refined,100000,1.1,60.42963902381328,0.20325413578804108,0.17825418578792437,0.2053181043492316,0.05050903839863759,0.41412104644063297,0.5415941304650519,0.25376317418667865,0.7304853567593796,0.501054707363845
spectrum_refined,100000,1.1,64.93816315762113,0.1960476136717929,0.1710476636716762,0.19804737918664533,0.04811324764734174,0.3928999965193425,0.5224151979263831,0.24416086131913464,0.7317092411710105,0.5009750406461072
spectrum_refined,100000,1.1,69.78305848598663,0.18909880557130765,0.16409885557119094,0.19103556832601754,0.04582003358187136,0.37273366776384464,0.5039192371435592,0.23491883915317902,0.7329616192279896,0.5008787902650425
spectrum_refined,100000,1.1,74.98942093324558,0.1823985793913173,0.15739862939120058,0.18427357721614893,0.0436255381736565,0.3535705390247003,0.4860822582421154,0.2260241175649738,0.7342529252328813,0.5007776427587894
spectrum_refined,100000,1.1,80.58421877614818,0.17593813538330352,0.15093818538318682,0.17775263655626558,0.04152600278584855,0.3353615100347967,0.46888112930271825,0.21746413816915208,0.735590801815699,0.5006764767100856
spectrum_refined,100000,1.1,86.59643233600653,0.1697089944498871,0.1447090444497704,0.17146429123967213,0.03951777029173012,0.3180597979526619,0.4522935471964102,0.20922676474161722,0.7369776341076322,0.5005695946820934
spectrum_refined,100000,1.1,93.0572040929699,0.16370167028106353,0.13870172028094682,0.16539905521571147,0.037596934900222714,0.30161968977123693,0.436294489339949,0.20129860518128623,0.7384158502016661,0.5004508306060809
spectrum_refined,100000,1.1,100.0,0.15790735113919188,0.13290740113907518,0.15954812013840564,0.03575983909449041,0.2859979934788991,0.42086072081941484,0.19366719023368228,0.7399079219962371,0.5003135182361257
spectrum_refined,100000,1.1,107.46078283213176,0.15232072443462782,0.12732077443451112,0.15390621337126087,0.03400375767593689,0.2711562901465901,0.4059783333192884,0.1863244821105647,0.7414563660371828,0.5001504576109846
spectrum_refined,100000,1.1,115.47819846894582,0.14693448613666688,0.12193453613655017,0.14846603409857365,0.03232544234591111,0.25705608426832394,0.39162806853331766,0.179259928482578,0.7430637444339092,0.49995387943214525
spectrum_refined,100000,1.1,124.09377607517196,0.1417416006907319,0.1167416506906152,0.14322054615090946,0.030721749501163024,0.24366073221820678,0.37779136624695775,0.17246335019189493,0.7447386288164866,0.4997274751325664
spectrum_refined,100000,1.1,133.3521432163324,0.1367352917267544,0.1117353417266377,0.13816296911735995,0.02918963941583295,0.23093535845197274,0.36445034089302136,0.16592493114258733,0.7464952095567559,0.4994854995625731
spectrum_refined,100000,1.1,143.30125702369628,0.1319090331232859,0.10690908312316919,0.13328676978223022,0.027726175134631548,0.21884677496126984,0.3515877589631209,0.15963520825791744,0.7483429369134846,0.4992320431611285
spectrum_refined,100000,1.1,153.9926526059492,0.12725654041531897,0.10225659041520227,0.12858565387619617,0.026328521118014054,0.20736340392516805,0.3391870172486288,0.15358506153333304,0.7502854950937913,0.49895804900818863
spectrum_refined,100000,1.1,165.48170999431815,0.12277016082834703,0.09777021082823033,0.12405194230888075,0.024993607682099402,0.19645393909670347,0.3272278596192411,0.14776376851044642,0.7523266758920487,0.4986537031179019
spectrum_refined,100000,1.1,177.82794100389228,0.1184436108601003,0.0934436608599836,0.11967933509367816,0.02371872519501308,0.18608947000793277,0.3156936677851165,0.1421623360551134,0.75447038078962,0.4983083831203122
spectrum_refined,100000,1.1,191.09529749704404,0.11427336206251267,0.08927341206239596,0.11546430646873578,0.02250177191067573,0.17624446223785029,0.3045751413880091,0.13677513397318838,0.7567206226723885,0.49791060417384464
spectrum_refined,100000,1.1,205.3525026457146,0.11025401896340799,0.08525406896329128,0.11140144298981136,0.02134029745849185,0.16689306089312306,0.2938580006855822,0.13159431642189984,0.7590815271138024,0.4974479621207516
spectrum_refined,100000,1.1,220.673406908459,0.10638038972513178,0.08138043972501507,0.10748553351059524,0.020231943939008255,0.15801068083755454,0.28352849956293147,0.12661233366414004,0.7615679447112091,0.49692596934615646
spectrum_refined,100000,1.1,237.13737056616552,0.10264747938906899,0.07764752938895228,0.10371156263110524,0.019174443696187066,0.14957394688012077,0.2735734082505688,0.12182192308525605,0.7642011123757706,0.49636093208852794
spectrum_refined,100000,1.1,254.82967479793464,0.09905048338486754,0.07405053338475083,0.1000747043933791,0.01816561703237789,0.14156063661032425,0.26397999669473426,0.11721610041724542,0.7655025609773244,0.49607405019077744
spectrum_refined,100000,1.1,273.8419634264361,0.09558478129319306,0.07058483129307636,0.09657031621456691,0.017203369881801968,0.1339496257896958,0.2547360185539294,0.11278815117499502,0.7668484720513078,0.4957751995049029
spectrum_refined,100000,1.1,294.2727176209282,0.09224404198057737,0.06724409198046066,0.09319203242264472,0.01628535217411286,0.1267193848277993,0.2458246822713863,0.10852939415469023,nan,nan
spectrum_refined,100000,1.1,316.22776601683796,0.08902405014033336,0.06402410014021666,0.08993561593359442,0.015409656590124108,0.11985087733951519,0.23723481114234352,0.10443370673045747,nan,nan
spectrum_refined,100000,1.5,17.78279410038923,0.3748670183373049,0.3498670683371882,0.3790995743859532,0.0669934586136271,1.0,1.0,0.441860476950932,nan,nan
spectrum_refined,100000,1.5,19.109529749704404,0.3615484039004955,0.3365484539003788,0.365666175334456,0.0633724199587175,0.9392311793036143,0.9645649851407616,0.424920823859213,nan,nan
spectrum_refined,100000,1.5,20.53525026457146,0.34870563193965964,0.32370568193954297,0.3527087644466179,0.0599383378885727,0.8822215229418913,0.9303855458501059,0.40864396982823237,0.8686295104793561,0.5013778237563405
spectrum_refined,100000,1.5,22.0673406908459,0.33632162316614117,0.3113216731660245,0.3402106124805989,0.056682524708099,0.8287356259950699,0.8974175532421931,0.39300414787424015,0.8680932190068128,0.5013729445929149
spectrum_refined,100000,1.5,23.71373705661655,0.32437992138190797,0.2993799713817913,0.32815557055991534,0.05359655575310914,0.7785524894874538,0.8656184093359787,0.3779764771350171,0.8675531620002568,0.5013758484275959
spectrum_refined,100000,1.5,25.482967479793466,0.31286467081974634,0.28786472081962966,0.3165280513547597,0.05067228350937455,0.7314647448340219,0.8349469974147458,0.36353695432912086,0.8664795302787289,0.5013787329561006
spectrum_refined,100000,1.5,27.384196342643612,0.30176059423533647,0.2767606442352198,0.30531301074853556,0.047901847227514865,0.6872778984809165,0.8053636336655522,0.3496624414628513,0.8654104502228236,0.5013819726210469
spectrum_refined,100000,1.5,29.42727176209282,0.2910521959690566,0.26605224596893995,0.2944951185765459,0.045277561933985744,0.6458107261359166,0.7768278797293682,0.33632975790304237,0.8643544210356585,0.5013828903884884
spectrum_refined,100000,1.5,31.622776601683793,0.2807234833873137,0.255723533387197,0.28405848568667325,0.04279192968115232,0.6068944678797102,0.7492978227337163,0.323515413068466,0.8633195519429809,0.5013785898788947
spectrum_refined,100000,1.5,33.982083289425596,0.2707633781545069,0.2457634281543902,0.2739923054754374,0.04043838056361694,0.5703649525374461,0.7227449567023034,0.31120175871812383,0.8623135937876806,0.5013659429303784
spectrum_refined,100000,1.5,36.51741272548377,0.2611587143160479,0.23615876431593122,0.26428353190258813,0.038210217052134926,0.5360721916066729,0.6971348684067018,0.2993689313681829,0.8613439676085303,0.501341576390221
spectrum_refined,100000,1.5,39.24189758484536,0.2518968058224086,0.22689685582229188,0.25491957800925874,0.036101033411156905,0.5038757081892563,0.6724343555968505,0.2879978392335655,0.8604163972373454,0.5013063318599795
spectrum_refined,100000,1.5,42.169650342858226,0.24296542893691825,0.21796547893680154,0.24588830048269564,0.034104710055510586,0.47364395166770545,0.6486113862854459,0.2770701389924288,0.8595333062087929,0.501269517839981
spectrum_refined,100000,1.5,45.31583637600818,0.2343528053068744,0.2093528553067577,0.23717798469528284,0.03221540682723832,0.44525374346277347,0.6256350592834403,0.26656821213411275,0.858696258346902,0.5012359313653351
spectrum_refined,100000,1.5,48.69675251658631,0.22604758567767533,0.20104763567755862,0.2287773302104789,0.030427555433387772,0.41858975324012143,0.6034755659671767,0.2564751411110631,0.857912091102213,0.5012018474383325
spectrum_refined,100000,1.5,52.32991146814947,0.21803779297447684,0.19303784297436014,0.22067437117429914,0.028735756805772512,0.39354459648239953,0.5821013424553076,0.24677354978024935,0.8571874631022742,0.5011632384574244
spectrum_refined,100000,1.5,56.23413251903491,0.2103114964785212,0.1853115464784045,0.21285717507010302,0.027134848625648203,0.3700176181811971,0.5614809128047125,0.2374463451041694,0.8565288647997215,0.5011157553397352
spectrum_refined,100000,1.5,60.42963902381328,0.20286098562923524,0.17786103562911854,0.2053181043492316,0.025620252730097173,0.3479126355203476,0.5415941304650519,0.22848123835933243,0.8559426270638665,0.501054707363845
spectrum_refined,100000,1.5,64.93816315762113,0.1956764778509481,0.1706765278508314,0.19804737918664533,0.024187398608529937,0.32714109568726774,0.5224151979263831,0.21986387645947805,0.8554349281257833,0.5009750406461072
spectrum_refined,100000,1.5,69.78305848598663,0.18874854713655054,0.16374859713643383,0.19103556832601754,0.02283194416939284,0.3076200960503481,0.5039192371435592,0.21158049130594336,0.8550118054733666,0.5008787902650425
spectrum_refined,100000,1.5,74.98942093324558,0.18206811120120459,0.15706816120108788,0.18427357721614893,0.0215497664121809,0.28927202112372014,0.4860822582421154,0.20361787761338548,0.854678344202056,0.5007776427587894
spectrum_refined,100000,1.5,80.58421877614818,0.17562641913780325,0.15062646913768654,0.17775263655626558,0.02033695218822407,0.272024202183814,0.46888112930271825,0.1959633713260273,0.854437726353302,0.5006764767100856
spectrum_refined,100000,1.5,86.59643233600653,0.1694150395554566,0.14441508955533988,0.17146429123967213,0.01918978910029036,0.2558085982845034,0.4522935471964102,0.18860482865574696,0.8542965807537556,0.5005695946820934
spectrum_refined,100000,1.5,93.0572040929699,0.16342453225566803,0.13842458225555132,0.16539905521571147,0.018104655993631175,0.24056149586370532,0.436294489339949,0.1815291882492992,0.8542614634934281,0.5004508306060809
spectrum_refined,100000,1.5,100.0,0.15764613033995065,0.13264618033983394,0.15954812013840564,0.017078146959609634,0.22622300476715654,0.42086072081941484,0.17472427729956028,0.8543388642638442,0.5003135182361257
spectrum_refined,100000,1.5,107.46078283213176,0.1520745654963771,0.1270746154962604,0.15390621337126087,0.016107273265838315,0.21273717483981416,0.4059783333192884,0.16818183876221543,0.8545352129249377,0.5001504576109846
spectrum_refined,100000,1.5,115.47819846894582,0.14670257590111496,0.12170262590099826,0.14846603409857365,0.015189037584483103,0.20005170529407676,0.39162806853331766,0.16189161348559805,0.8548568862341274,0.49995387943214525
spectrum_refined,100000,1.5,124.09377607517196,0.14152316664088743,0.11652321664077073,0.14322054615090946,0.01432060124754978,0.18811760602880487,0.37779136624695775,0.1558437678884372,0.8553135144219941,0.4997274751325664
spectrum_refined,100000,1.5,133.3521432163324,0.13652960040462297,0.11152965040450627,0.13816296911735995,0.01349927651622086,0.17688898337627734,0.36445034089302136,0.15002887692084382,0.8559163815832691,0.4994854995625731
spectrum_refined,100000,1.5,143.30125702369628,0.13171538854408263,0.10671543854396594,0.13328676978223022,0.012722519136829044,0.16632283980439358,0.3515877589631209,0.14443790768091166,0.8566729260180189,0.4992320431611285
spectrum_refined,100000,1.5,153.9926526059492,0.12707428248935726,0.10207433248924057,0.12858565387619617,0.011987921186521288,0.15637888669870914,0.3391870172486288,0.13906220367587854,0.8575910351115424,0.49895804900818863
spectrum_refined,100000,1.5,165.48170999431815,0.12259866386467984,0.09759871386456313,0.12405194230888075,0.011293085760504867,0.14701884578255237,0.3272278596192411,0.13389174962518471,0.8586786595018676,0.4986537031179019
spectrum_refined,100000,1.5,177.82794100389228,0.1182822822226538,0.0932823322225371,0.11967933509367816,0.010635824425853889,0.1382070524933082,0.3156936677851165,0.1289181066485077,0.8599438244906972,0.4983083831203122
spectrum_refined,100000,1.5,191.09529749704404,0.11412164041808089,0.08912169041796418,0.11546430646873578,0.01001425222880332,0.12991098554733213,0.3045751413880091,0.12413589264688421,0.8613946419781189,0.49791060417384464
spectrum_refined,100000,1.5,205.3525026457146,0.11011137279642123,0.08511142279630453,0.11140144298981136,0.009426440801207797,0.1220995731208504,0.2938580006855822,0.11953781359762904,0.8630393229665125,0.4974479621207516
spectrum_refined,100000,1.5,220.673406908459,0.10624631590243366,0.08124636590231696,0.10748553351059524,0.008870566696211089,0.11474368336202218,0.28352849956293147,0.11511688259864475,0.8648960586049951,0.49692596934615646
spectrum_refined,100000,1.5,237.13737056616552,0.10252150176919395,0.07752155176907724,0.10371156263110524,0.008344905908710025,0.10781599995657051,0.2735734082505688,0.11086640767790397,0.8669872512329772,0.49636093208852794
spectrum_refined,100000,1.5,254.82967479793464,0.09893215147390104,0.07393220147378433,0.1000747043933791,0.007847828657165727,0.1012909058917792,0.26397999669473426,0.10677998013106677,0.8680124843121461,0.49607405019077744
spectrum_refined,100000,1.5,273.8419634264361,0.0954736689486388,0.0704737189485221,0.09657031621456691,0.0073777944182650745,0.09514437488014697,0.2547360185539294,0.10285146336690387,0.869107411715886,0.4957751995049029
spectrum_refined,100000,1.5,294.2727176209282,0.09213974701941245,0.06713979701929575,0.09319203242264472,0.006933208326787019,0.08935291825145802,0.2458246822713863,0.09907295534619948,nan,nan
spectrum_refined,100000,1.5,316.22776601683796,0.08892619246473617,0.06392624246461946,0.08993561593359442,0.0065126994015723035,0.08389534812194932,0.23723481114234352,0.09543889186630847,nan,nan
spectrum_refined,100000,2.5,17.78279410038923,0.37403724043382897,0.3490372904337123,0.3790995743859532,0.0363448184567779,1.0,1.0,0.41038205889060686,nan,nan
spectrum_refined,100000,2.5,19.109529749704404,0.3607693964225814,0.3357694464224647,0.365666175334456,0.03425088187406071,0.9356940397833384,0.9645649851407616,0.3950202782966421,nan,nan
spectrum_refined,100000,2.5,20.53525026457146,0.3479743583013077,0.322974408301191,0.3527087644466179,0.03228480560206491,0.8759131053154335,0.9303855458501059,0.3802591639033726,0.9092038538892286,0.5013778237563405
spectrum_refined,100000,2.5,22.0673406908459,0.3356351983007303,0.3106352483006136,0.3402106124805989,0.03043790058705429,0.8202975464155495,0.8974175532421931,0.3660730988877846,0.9065702966698159,0.5013729445929149
spectrum_refined,100000,2.5,23.71373705661655,0.3237356110716688,0.29873566107155214,0.32815557055991534,0.02870214026974526,0.7685200351593662,0.8656184093359787,0.3524377513414141,0.904003206520369,0.5013758484275959
spectrum_refined,100000,2.5,25.482967479793466,0.31225988943340843,0.28725993943329176,0.3165280513547597,0.027070106741422278,0.7202823728643515,0.8349469974147458,0.33932999617483073,0.8988475748967765,0.5013787329561006
spectrum_refined,100000,2.5,27.384196342643612,0.3011929012376735,0.2761929512375568,0.30531301074853556,0.025534940969200982,0.6753126272097131,0.8053636336655522,0.3267278422068745,0.8939793511100407,0.5013819726210469
spectrum_refined,100000,2.5,29.42727176209282,0.29051928374937797,0.2655193337492613,0.2944951185765459,0.024090368117494706,0.6333671757951613,0.7768278797293682,0.3146096518668727,0.8893984050229631,0.5013828903884884
spectrum_refined,100000,2.5,31.622776601683793,0.2802231640188685,0.2552232140187518,0.28405848568667325,0.022730618891344263,0.5942271127485191,0.7492978227337163,0.30295378291021274,0.8851037575085331,0.5013785898788947
spectrum_refined,100000,2.5,33.982083289425596,0.2702936210663776,0.2452936710662609,0.2739923054754374,0.02144998645295492,0.5576683458993054,0.7227449567023034,0.29174360751933254,0.8810937289590233,0.5013659429303784
spectrum_refined,100000,2.5,36.51741272548377,0.2607176131392082,0.23571766313909154,0.26428353190258813,0.020243437975910102,0.5235015129729893,0.6971348684067018,0.2809610511151183,0.8773660691738163,0.501341576390221
spectrum_refined,100000,2.5,39.24189758484536,0.25148257225793147,0.2264826222578148,0.25491957800925874,0.01910630317799937,0.49155299641430217,0.6724343555968505,0.27058887543593085,0.8739133490795146,0.5013063318599795
spectrum_refined,100000,2.5,42.169650342858226,0.24257638659521502,0.21757643659509832,0.24588830048269564,0.018034244831832736,0.46166344807343296,0.6486113862854459,0.26061063142704777,0.8707159031726466,0.501269517839981
spectrum_refined,100000,2.5,45.31583637600818,0.23398738359831422,0.20898743359819752,0.23717798469528284,0.017023231838770143,0.433686465208975,0.6256350592834403,0.25101061543708436,0.8677492493325689,0.5012359313653351
spectrum_refined,100000,2.5,48.69675251658631,0.22570431381693334,0.20070436381681664,0.2287773302104789,0.016069514653689648,0.40748740158012503,0.6034755659671767,0.24177382847062298,0.8650124390293518,0.5012018474383325
spectrum_refined,100000,2.5,52.32991146814947,0.2177152886046594,0.1927153386045427,0.22067437117429914,0.015169607487429097,0.3829442503327703,0.5821013424553076,0.2328848960920885,0.862504325027767,0.5011632384574244
spectrum_refined,100000,2.5,56.23413251903491,0.21000846011757035,0.18500851011745365,0.21285717507010302,0.014320240647450327,0.3599442263790237,0.5614809128047125,0.22432870076502068,0.8602236109672271,0.5011157553397352
spectrum_refined,100000,2.5,60.42963902381328,0.20257621457362743,0.17757626457351072,0.2053181043492316,0.013518363377850645,0.3383769752374303,0.5415941304650519,0.21609457795147807,0.858168893966558,0.501054707363845
spectrum_refined,100000,2.5,64.93816315762113,0.19540884688346308,0.17040889688334637,0.19804737918664533,0.012761152516100828,0.3181454648150888,0.5224151979263831,0.2081699993995639,0.8563387016935916,0.5009750406461072
spectrum_refined,100000,2.5,69.78305848598663,0.18849700359712668,0.16349705359700997,0.19103556832601754,0.012045971517735073,0.2991600085893409,0.5039192371435592,0.20054297511486174,0.8547298430177042,0.5008787902650425
spectrum_refined,100000,2.5,74.98942093324558,0.18183167031466121,0.1568317203145445,0.18427357721614893,0.011370356342901308,0.28133763603982154,0.4860822582421154,0.19320202665756253,0.8533340655513029,0.5007776427587894
spectrum_refined,100000,2.5,80.58421877614818,0.1754041595977336,0.15040420959761688,0.17775263655626558,0.010732002556288828,0.26460152355994393,0.46888112930271825,0.18613616215402243,0.8521401458120053,0.5006764767100856
spectrum_refined,100000,2.5,86.59643233600653,0.16920609936059242,0.1442061493604757,0.17146429123967213,0.010128753528294239,0.24888047949967662,0.4522935471964102,0.17933485288888665,0.8511488916811225,0.5005695946820934
spectrum_refined,100000,2.5,93.0572040929699,0.16322810189018763,0.13822815189007093,0.16539905521571147,0.009558553946473022,0.23410890272791782,0.436294489339949,0.17278665583666064,0.8503611624078182,0.5004508306060809
spectrum_refined,100000,2.5,100.0,0.15746145109326867,0.13246150109315197,0.15954812013840564,0.009019477071939622,0.22022533254991827,0.42086072081941484,0.1664809281652083,0.8497778900589396,0.5003135182361257
spectrum_refined,100000,2.5,107.46078283213176,0.1519009323099752,0.1269009823098585,0.15390621337126087,0.008509807864548772,0.2071719771924688,0.4059783333192884,0.16041074017452397,0.849400098269033,0.5001504576109846
spectrum_refined,100000,2.5,115.47819846894582,0.1465393285667216,0.12153937856660492,0.14846603409857365,0.008027883740500319,0.19489602020802307,0.39162806853331766,0.15456721230722192,0.8492289184513248,0.49995387943214525
spectrum_refined,100000,2.5,124.09377607517196,0.14136968679610307,0.11636973679598638,0.14322054615090946,0.007572143884205458,0.18334832398211753,0.37779136624695775,0.14894183068030853,0.8492684889609913,0.4997274751325664
spectrum_refined,100000,2.5,133.3521432163324,0.13638530872714436,0.11138535872702766,0.13816296911735995,0.007141122264155396,0.17248314275441484,0.36445034089302136,0.14352643099129975,0.8495230564698221,0.4994854995625731
spectrum_refined,100000,2.5,143.30125702369628,0.13157974213355939,0.10657979213344268,0.13328676978223022,0.006733441204503646,0.16225786098504735,0.3515877589631209,0.13831318333806303,0.8499928289028926,0.4992320431611285
spectrum_refined,100000,2.5,153.9926526059492,0.1269467724260197,0.10194682242590301,0.12858565387619617,0.0063478054622983365,0.15263275457217662,0.3391870172486288,0.13329457788831806,0.8506818561640426,0.49895804900818863
spectrum_refined,100000,2.5,165.48170999431815,0.12247881200376542,0.09747886200364872,0.12405194230888075,0.005982936689301044,0.14357032559354135,0.3272278596192411,0.12846174869306648,0.851594390977688,0.4986537031179019
spectrum_refined,100000,2.5,177.82794100389228,0.11816964034373191,0.0931696903436152,0.11967933509367816,0.005637668804941172,0.13503566882546908,0.3156936677851165,0.12380730914867308,0.8527349026317363,0.4983083831203122
spectrum_refined,100000,2.5,191.09529749704404,0.11401578926818942,0.08901583926807272,0.11546430646873578,0.005311000430961724,0.1269970356449768,0.3045751413880091,0.11932678969915114,0.8541080904871247,0.49791060417384464
spectrum_refined,100000,2.5,205.3525026457146,0.11001191879684459,0.08501196879672789,0.11140144298981136,0.005001916279901583,0.11942430291146369,0.2938580006855822,0.11501383507674617,0.8557188974215477,0.4974479621207516
spectrum_refined,100000,2.5,220.673406908459,0.10615288944853508,0.08115293944841838,0.10748553351059524,0.004709459918225036,0.11228931222528447,0.28352849956293147,0.11086234936676012,0.8575829276805855,0.49692596934615646
spectrum_refined,100000,2.5,237.13737056616552,0.10243375564801106,0.07743380564789436,0.10371156263110524,0.004432730083210065,0.10556572957855312,0.2735734082505688,0.10686648573122112,0.8597197271725922,0.49636093208852794
spectrum_refined,100000,2.5,254.82967479793464,0.09884975939137235,0.07384980939125564,0.1000747043933791,0.004170877264825422,0.0992289163089759,0.26397999669473426,0.10302063665619776,0.8607664299972791,0.49607405019077744
spectrum_refined,100000,2.5,273.8419634264361,0.09539632415880661,0.0703963741586899,0.09657031621456691,0.003923100530480567,0.09325581033496753,0.2547360185539294,0.09931942468928717,0.8618937763710737,0.4957751995049029
spectrum_refined,100000,2.5,294.2727176209282,0.09206716138957584,0.06706721138945913,0.09319203242264472,0.003688568551499017,0.08762383275204615,0.2458246822713863,0.09575572994107485,nan,nan
spectrum_refined,100000,2.5,316.22776601683796,0.08885809522130315,0.06385814522118645,0.08993561593359442,0.0034665709199969276,0.08231269705336927,0.23723481114234352,0.09232466614130008,nan,nan
spectrum_refined,100000,2.0,17.78279410038923,0.37430736401218423,0.34930741401206755,0.3790995743859532,0.04519922770275107,1.0,1.0,0.4195065917149353,nan,nan
spectrum_refined,100000,2.0,19.109529749704404,0.3610220938533939,0.3360221438532772,0.365666175334456,0.04257786334871213,0.9353140506236308,0.9645649851407616,0.403599957202106,nan,nan
spectrum_refined,100000,2.0,20.53525026457146,0.348210822292693,0.32321087229257633,0.3527087644466179,0.0401135562578123,0.875115757899042,0.9303855458501059,0.38832437855050533,0.9177455348230742,0.5013778237563405
spectrum_refined,100000,2.0,22.0673406908459,0.3358565405046881,0.31085659050457143,0.3402106124805989,0.03779649808846517,0.8190676464354623,0.8974175532421931,0.3736530385931533,0.9155495932038282,0.5013729445929149
spectrum_refined,100000,2.0,23.71373705661655,0.3239428661644089,0.29894291616429225,0.32815557055991534,0.03561748862752853,0.7668593114887563,0.8656184093359787,0.3595603547919375,0.9133803221592272,0.5013758484275959
spectrum_refined,100000,2.0,25.482967479793466,0.3124540193734448,0.2874540693733281,0.3165280513547597,0.03356790469491424,0.7182051937445246,0.8349469974147458,0.346021924068359,0.9090399547910953,0.5013787329561006
spectrum_refined,100000,2.0,27.384196342643612,0.30137479959021946,0.2763748495901028,0.30531301074853556,0.03163966900893705,0.6728425271610066,0.8053636336655522,0.3330144685991565,0.904848965560304,0.5013819726210469
spectrum_refined,100000,2.0,29.42727176209282,0.2906897838298256,0.2656898338297089,0.2944951185765459,0.02982528453555737,0.6305335518456157,0.7768278797293682,0.32051506836538296,0.9008183116632569,0.5013828903884884
spectrum_refined,100000,2.0,31.622776601683793,0.280383046497098,0.2553830964969813,0.28405848568667325,0.028117782512839976,0.5910629811500693,0.7492978227337163,0.30850082900993797,0.8969578387595231,0.5013785898788947
spectrum_refined,100000,2.0,33.982083289425596,0.27044359714461913,0.24544364714450242,0.2739923054754374,0.02651030212243631,0.5542109962625049,0.7227449567023034,0.29695389926705545,0.8932763679917572,0.5013659429303784
spectrum_refined,100000,2.0,36.51741272548377,0.2608583424237235,0.23585839242360684,0.26428353190258813,0.024996656346059427,0.5197889933342617,0.6971348684067018,0.28585499876978293,0.8897817770090742,0.501341576390221
spectrum_refined,100000,2.0,39.24189758484536,0.25161466649240016,0.22661471649228346,0.25491957800925874,0.023571059130149785,0.48762309865479797,0.6724343555968505,0.27518572562254995,0.8864760778360349,0.5013063318599795
spectrum_refined,100000,2.0,42.169650342858226,0.24270041318630958,0.21770046318619288,0.24588830048269564,0.022228099681431558,0.4575529448639827,0.6486113862854459,0.26492851286774116,0.8833488870975857,0.501269517839981
spectrum_refined,100000,2.0,45.31583637600818,0.23410386892833185,0.20910391892821514,0.23717798469528284,0.020962718107372123,0.42943055138982833,0.6256350592834403,0.25506658703570395,0.8803866049045005,0.5012359313653351
spectrum_refined,100000,2.0,48.69675251658631,0.22581374634320875,0.20081379634309204,0.2287773302104789,0.019770182405227734,0.4031193006439889,0.6034755659671767,0.2455839287484365,0.8775958357787949,0.5012018474383325
spectrum_refined,100000,2.0,52.32991146814947,0.2178181238934918,0.1928181738933751,0.22067437117429914,0.018646078031507543,0.3784950434503353,0.5821013424553076,0.23646420192499934,0.8749825795769852,0.5011632384574244
spectrum_refined,100000,2.0,56.23413251903491,0.2101051233122187,0.185105173312102,0.21285717507010302,0.01758625502569416,0.35544282492512735,0.5614809128047125,0.22769137833791286,0.8725522771818741,0.5011157553397352
spectrum_refined,100000,2.0,60.42963902381328,0.20266709556392581,0.1776671455638091,0.2053181043492316,0.016586804003548533,0.3338496230242886,0.5415941304650519,0.21925389956747435,0.8703098531903558,0.501054707363845
spectrum_refined,100000,2.0,64.93816315762113,0.19549430817704028,0.17049435817692357,0.19804737918664533,0.015644105125266358,0.3136158854945391,0.5224151979263831,0.21113841330230665,0.8682597563426439,0.5009750406461072
spectrum_refined,100000,2.0,69.78305848598663,0.18857738242983615,0.16357743242971945,0.19103556832601754,0.014754770267728472,0.2946494580002732,0.5039192371435592,0.20333215269756463,0.8664035173274759,0.5008787902650425
spectrum_refined,100000,2.0,74.98942093324558,0.18190728059609845,0.15690733059598175,0.18427357721614893,0.01391562741452602,0.2768649888216323,0.4860822582421154,0.19582290801062446,0.8647364356515715,0.5007776427587894
spectrum_refined,100000,2.0,80.58421877614818,0.17547529370271053,0.15047534370259383,0.17775263655626558,0.01312370609767616,0.2601833843778888,0.46888112930271825,0.1885989998003867,0.86325127142486,0.5006764767100856
spectrum_refined,100000,2.0,86.59643233600653,0.16927302977727876,0.14427307977716206,0.17146429123967213,0.012376223830248069,0.2445313111000231,0.4522935471964102,0.18164925360752682,0.8619529405208023,0.5005695946820934
spectrum_refined,100000,2.0,93.0572040929699,0.16329108367220993,0.13829113367209322,0.16539905521571147,0.011670539959157705,0.2298413550443516,0.436294489339949,0.17496162363136764,0.86084609078658,0.5004508306060809
spectrum_refined,100000,2.0,100.0,0.15752072254478336,0.13252077254466665,0.15954812013840564,0.011004175047207302,0.21605031079775303,0.42086072081941484,0.16852489759199066,0.8599351355918342,0.5003135182361257
spectrum_refined,100000,2.0,107.46078283213176,0.15195671428913426,0.12695676428901756,0.15390621337126087,0.010374892523646378,0.20309832993040314,0.4059783333192884,0.16233160681278064,0.8592242856482736,0.5001504576109846
spectrum_refined,100000,2.0,115.47819846894582,0.14659182748888744,0.12159187748877075,0.14846603409857365,0.009780546343717014,0.19093102379773363,0.39162806853331766,0.15637237383260444,0.858717578997912,0.49995387943214525
spectrum_refined,100000,2.0,124.09377607517196,0.1414190957023956,0.1164191457022789,0.14322054615090946,0.009219123181503329,0.17949782645442516,0.37779136624695775,0.15063821888389894,0.8584208468490933,0.4997274751325664
spectrum_refined,100000,2.0,133.3521432163324,0.13643180826592935,0.11143185826581264,0.13816296911735995,0.008688733644878528,0.16875170193340236,0.36445034089302136,0.14512054191080787,0.8583387878274601,0.4994854995625731
spectrum_refined,100000,2.0,143.30125702369628,0.13162350146216192,0.10662355146204522,0.13328676978223022,0.008187604107463524,0.1586488757913921,0.3515877589631209,0.13981110556962545,0.8584723842711866,0.4992320431611285
spectrum_refined,100000,2.0,153.9926526059492,0.12698795003940597,0.10198800003928926,0.12858565387619617,0.007714069114366994,0.149148588795081,0.3391870172486288,0.13470201915377297,0.8588275944455664,0.49895804900818863
spectrum_refined,100000,2.0,165.48170999431815,0.12251755672292601,0.0975176067228093,0.12405194230888075,0.007266498788570004,0.14021257757150346,0.3272278596192411,0.12978405551149602,0.8594103863595469,0.4986537031179019
spectrum_refined,100000,2.0,177.82794100389228,0.11820609166148074,0.09320614166136404,0.11967933509367816,0.006843399875185132,0.13180514040039407,0.3156936677851165,0.12504949153666586,0.8602267637359423,0.4983083831203122
spectrum_refined,100000,2.0,191.09529749704404,0.11405007778569543,0.08905012778557872,0.11546430646873578,0.006443475239855581,0.12389360805580109,0.3045751413880091,0.12049355302555101,0.8612827914214607,0.49791060417384464
spectrum_refined,100000,2.0,205.3525026457146,0.11004416719068087,0.08504421719056417,0.11140144298981136,0.006065427464893036,0.11644724003666809,0.2938580006855822,0.11610959465557391,0.8625846203515128,0.4974479621207516
spectrum_refined,100000,2.0,220.673406908459,0.10618321301355477,0.08118326301343806,0.10748553351059524,0.0057080364770675015,0.10943734445544057,0.28352849956293147,0.11189124949062226,0.8641480321476728,0.49692596934615646
spectrum_refined,100000,2.0,237.13737056616552,0.10246226279818808,0.07746231279807138,0.10371156263110524,0.0053701546447077276,0.10283713011617142,0.2735734082505688,0.10783241744289582,0.8659917465584966,0.49636093208852794
spectrum_refined,100000,2.0,254.82967479793464,0.09887655212222653,0.07387660212210982,0.1000747043933791,0.00505070221348019,0.09662157028543093,0.26397999669473426,0.10392725433570672,0.8668918023263122,0.49607405019077744
spectrum_refined,100000,2.0,273.8419634264361,0.09542149847471189,0.07042154847459518,0.09657031621456691,0.004748663056061909,0.09076727716331341,0.2547360185539294,0.1001701615307738,0.8678745664240619,0.4957751995049029
spectrum_refined,100000,2.0,294.2727176209282,0.0920908075259535,0.0670908575258368,0.09319203242264472,0.004462992990885515,0.08525151016570859,0.2458246822713863,0.09655380051683901,nan,nan
spectrum_refined,100000,2.0,316.22776601683796,0.08888029810664996,0.06388034810653326,0.08993561593359442,0.004192792881561131,0.08005374277253027,0.23723481114234352,0.0930730909882111,nan,nan
refined,100000,0.0,17.78279410038923,0.39353483828504654,0.36853488828492986,0.379094543507788,1.0589184379634502,1.0,1.0,1.4524532762484967,nan,nan
refined,100000,0.0,19.109529749704404,0.3801821991717712,0.35518224917165453,0.3656620913870962,1.0870509425127564,1.0192884010454684,1.0192884010454684,1.4672331416845275,nan,nan
refined,100000,0.0,20.53525026457146,0.3672921612831501,0.34229221128303344,0.35270562166028885,1.1157287129864606,1.038991334874248,1.038991334874248,1.4830208742696107,-0.2668795987870562,-0.2668795987870562
refined,100000,0.0,22.0673406908459,0.35484837165290156,0.3298484216527849,0.340208061200711,1.1449598665376064,1.0591171488222466,1.0591171488222466,1.499808238190508,-0.26713791030789197,-0.26713791030789197
refined,100000,0.0,23.71373705661655,0.34283457809740925,0.31783462809729257,0.3281522063408012,1.1747486167177774,1.0796753084462734,1.0796753084462734,1.5175831948151868,-0.26739264278713337,-0.26739264278713337
refined,100000,0.0,25.482967479793466,0.33123665837288224,0.30623670837276556,0.31652388524111885,1.2051131364186694,1.1006727721698593,1.1006727721698593,1.5363497947915516,-0.2679046830454039,-0.2679046830454039
refined,100000,0.0,27.384196342643612,0.32004011686677986,0.2950401668666632,0.3053080534286078,1.236063802929503,1.1221184616419255,1.1221184616419255,1.556103919796283,-0.26840229839633367,-0.26840229839633367
refined,100000,0.0,29.42727176209282,0.30923069907742706,0.2842307490773104,0.2944897861860902,1.2676088505607395,1.1440220720576457,1.1440220720576457,1.5768395496381666,-0.26888717222792646,-0.26888717222792646
refined,100000,0.0,31.622776601683793,0.2987942816743356,0.2737943316742189,0.2840541334304904,1.2997535946228418,1.1663942323331324,1.1663942323331324,1.5985478762971774,-0.2693618868579012,-0.2693618868579012
refined,100000,0.0,33.982083289425596,0.288718728747001,0.2637187787468843,0.2739889315429138,1.3325161253324858,1.189243366553023,1.189243366553023,1.6212348540794868,-0.26982888859571547,-0.26982888859571547
refined,100000,0.0,36.51741272548377,0.27899147367472743,0.25399152367461075,0.2642811347409858,1.3659071366578084,1.2125797398807372,1.2125797398807372,1.6448986103325358,-0.27028905667457376,-0.27028905667457376
refined,100000,0.0,39.24189758484536,0.26960007550596565,0.24460012550584895,0.2549176879623042,1.3999348029448215,1.2364144931782437,1.2364144931782437,1.6695348784507873,-0.27074361698699784,-0.27074361698699784
refined,100000,0.0,42.169650342858226,0.2605322718080755,0.2355323218079588,0.24588562371241324,1.4346052893160761,1.2607595670755867,1.2607595670755867,1.6951375611241515,-0.2711946500165728,-0.2711946500165728
refined,100000,0.0,45.31583637600818,0.25177764740448993,0.22677769740437323,0.2371745296719583,1.4699364951036924,1.2856248647636956,1.2856248647636956,1.7217141425081823,-0.27164397185237904,-0.27164397185237904
refined,100000,0.0,48.69675251658631,0.2433253107588132,0.2183253607586965,0.22877310481242144,1.5059392127782243,1.311022110740674,1.311022110740674,1.7492645235370374,-0.2720920796855356,-0.2720920796855356
refined,100000,0.0,52.32991146814947,0.2351643873635236,0.2101644373634069,0.22066991556136256,1.5426212708461151,1.3369640525257982,1.3369640525257982,1.7777856582096387,-0.272539899578089,-0.272539899578089
refined,100000,0.0,56.23413251903491,0.22728424438043662,0.20228429438031992,0.21285373832219157,1.5799893425363143,1.363464116679971,1.363464116679971,1.8072735869167509,-0.27298917537743583,-0.27298917537743583
refined,100000,0.0,60.42963902381328,0.21967595706688225,0.19467600706676555,0.20531568332595193,1.6180609338467518,1.390533762412185,1.390533762412185,1.837736890913634,-0.27344127470220525,-0.27344127470220525
refined,100000,0.0,64.93816315762113,0.21233008941071962,0.18733013941060292,0.19804597031303944,1.656846604434173,1.4181863301460385,1.4181863301460385,1.8691766938448926,-0.27389638585934006,-0.27389638585934006
refined,100000,0.0,69.78305848598663,0.20523711969416517,0.18023716969404846,0.19103456857064302,1.696353397371667,1.4464363811688419,1.4464363811688419,1.901590517065832,-0.27435521531631846,-0.27435521531631846
refined,100000,0.0,74.98942093324558,0.19838784572574156,0.17338789572562485,0.18427178996061425,1.736588026354498,1.4752990136793036,1.4752990136793036,1.9349758720802395,-0.2748192611561834,-0.2748192611561834
refined,100000,0.0,80.58421877614818,0.19177463390739383,0.16677468390727712,0.1777500657028152,1.7775672716964017,1.50478736253921,1.50478736253921,1.9693419056037955,-0.2752895499358751,-0.2752895499358751
refined,100000,0.0,86.59643233600653,0.1853893143760038,0.1603893643758871,0.17146094032509404,1.81930097188548,1.5349165686974424,1.5349165686974424,2.004690286261484,-0.2757660069892569,-0.2757660069892569
refined,100000,0.0,93.0572040929699,0.17922353404274255,0.15422358404262584,0.16539559482823424,1.8617947305748095,1.565703252130817,1.565703252130817,2.041018264617552,-0.2762491883891534,-0.2762491883891534
refined,100000,0.0,100.0,0.17326935069346297,0.14826940069334626,0.15954569572458346,1.9050546643627833,1.5971643783006901,1.5971643783006901,2.0783240150562463,-0.2767404326025548,-0.2767404326025548
refined,100000,0.0,107.46078283213176,0.16752024946343919,0.14252029946332248,0.15390481886989146,1.9490963197233746,1.6293149227349595,1.6293149227349595,2.1166165691868137,-0.2772405260759573,-0.2772405260759573
refined,100000,0.0,115.47819846894582,0.16196916348782553,0.13696921348770882,0.14846566314984536,1.9939281140717462,1.6621720512165608,1.6621720512165608,2.1558972775595717,-0.2777491956708374,-0.2777491956708374
refined,100000,0.0,124.09377607517196,0.1566087499930404,0.1316087999929237,0.14322045523863847,2.039553266165764,1.6957547447670405,1.6957547447670405,2.1961620161588042,-0.27826693375136335,-0.27826693375136335
refined,100000,0.0,133.3521432163324,0.15143218053929816,0.12643223053918146,0.1381620603831866,2.0859764387219966,1.730082067053932,1.730082067053932,2.2374086192612945,-0.27879500877463975,-0.27879500877463975
refined,100000,0.0,143.30125702369628,0.14643390984254548,0.12143395984242879,0.13328504562076612,2.1332112038208075,1.765171067587527,1.765171067587527,2.279645113663353,-0.27933404870465545,-0.27933404870465545
refined,100000,0.0,153.9926526059492,0.14160783382689884,0.11660788382678214,0.12858311682187934,2.1812635800178777,1.8010412243186797,1.8010412243186797,2.3228714138447764,-0.2798836272079593,-0.2798836272079593
refined,100000,0.0,165.48170999431815,0.13694748486681846,0.11194753486670177,0.12404940311904529,2.2301330662720162,1.8377142605450087,1.8377142605450087,2.3670805511388346,-0.28044422573664374,-0.28044422573664374
refined,100000,0.0,177.82794100389228,0.13244702367104988,0.10744707367093317,0.11967783484947862,2.2798217389914583,1.875211614774608,1.875211614774608,2.4122687626625083,-0.28101707984949087,-0.28101707984949087
refined,100000,0.0,191.09529749704404,0.12810174604803343,0.10310179604791674,0.115463837337252,2.3303401504105663,1.9135527090630964,1.9135527090630964,2.4584418964586,-0.2816026745427973,-0.2816026745427973
refined,100000,0.0,205.3525026457146,0.12390639113731115,0.09890644113719445,0.11140199672337542,2.3816905818325766,1.952759675284291,1.952759675284291,2.505596972969888,-0.28220041842826216,-0.28220041842826216
refined,100000,0.0,220.673406908459,0.11985525278572903,0.09485530278561233,0.10748622212044087,2.4338669633591397,1.9928574257214928,1.9928574257214928,2.5537222161448687,-0.2828107802329993,-0.2828107802329993
refined,100000,0.0,237.13737056616552,0.1159433754617124,0.0909434254615957,0.10371139499097291,2.4868673153527396,2.0338700717921085,2.0338700717921085,2.602810690814452,-0.28343494815616693,-0.28343494815616693
refined,100000,0.0,254.82967479793464,0.1121667859756371,0.0871668359755204,0.10007368421929459,2.5406977335189893,2.0758197497354014,2.0758197497354014,2.6528645194946265,-0.28374647532247194,-0.28374647532247194
refined,100000,0.0,273.8419634264361,0.10852096561039208,0.08352101561027538,0.09656844777220401,2.5953549699040783,2.118731621710533,2.118731621710533,2.7038759355144704,-0.28406234334379576,-0.28406234334379576
refined,100000,0.0,294.2727176209282,0.10500087612812267,0.08000092612800597,0.09319027104994561,2.6508248783015627,2.1626342845289535,2.1626342845289535,2.755825754429685,nan,nan
refined,100000,0.0,316.22776601683796,0.10160235693118384,0.07660240693106714,0.08993488963971079,2.707099566682689,2.207554823828738,2.207554823828738,2.808701923613873,nan,nan
refined,100000,0.25,17.78279410038923,0.384865700798169,0.35986575079805233,0.379094543507788,0.5806733755471268,1.0,1.0,0.9655390763452958,nan,nan
refined,100000,0.25,19.109529749704404,0.3713824925969978,0.3463825425968811,0.3656620913870962,0.5848200021417415,1.0,1.0,0.9562024947387393,nan,nan
refined,100000,0.25,20.53525026457146,0.35836989789745605,0.33336994789733937,0.35270562166028885,0.5888654680812768,1.0,1.0,0.9472353659787329,-0.0,-0.0
refined,100000,0.25,22.0673406908459,0.34581130032522106,0.3208113503251044,0.340208061200711,0.5928101995011321,1.0,1.0,0.9386214998263531,-0.0,-0.0
refined,100000,0.25,23.71373705661655,0.333689911545127,0.3086899615450103,0.3281522063408012,0.5966521036845791,1.0,1.0,0.9303420152297062,-0.0,-0.0
refined,100000,0.25,25.482967479793466,0.3219920203216834,0.2969920703215667,0.31652388524111885,0.6003976733137382,1.0,1.0,0.9223896936354216,-0.0,-0.0
refined,100000,0.25,27.384196342643612,0.3107029804485328,0.2857030304484161,0.3053080534286078,0.6040481858429964,1.0,1.0,0.9147511662915291,-0.0,-0.0
refined,100000,0.25,29.42727176209282,0.29980823384746275,0.27480828384734607,0.2944897861860902,0.6076034939870844,1.0,1.0,0.907411727834547,-0.0,-0.0
refined,100000,0.25,31.622776601683793,0.2892931646578951,0.26429321465777844,0.2840541334304904,0.611061704383958,1.0,1.0,0.9003548690418531,-0.0,-0.0
refined,100000,0.25,33.982083289425596,0.27914597783826794,0.25414602783815127,0.2739889315429138,0.6144281985322446,1.0,1.0,0.8935741763705125,-0.0,-0.0
refined,100000,0.25,36.51741272548377,0.26935394243568833,0.24435399243557163,0.2642811347409858,0.6177037954231175,1.0,1.0,0.8870577378588058,-0.0,-0.0
refined,100000,0.25,39.24189758484536,0.2599042895076134,0.2349043395074967,0.2549176879623042,0.6208878002484494,1.0,1.0,0.8807920897560628,-0.0,-0.0
refined,100000,0.25,42.169650342858226,0.25078431372087767,0.225784363720761,0.24588562371241324,0.6239784035499881,1.0,1.0,0.8747627172708659,-0.0,-0.0
refined,100000,0.25,45.31583637600818,0.24198388987461358,0.21698393987449688,0.2371745296719583,0.6269800360962727,1.0,1.0,0.8689639259708863,-0.0,-0.0
refined,100000,0.25,48.69675251658631,0.23349195953304394,0.20849200953292724,0.22877310481242144,0.6298930680747387,1.0,1.0,0.8633850276077826,-0.0,-0.0
refined,100000,0.25,52.32991146814947,0.22529730658998356,0.20029735658986686,0.22066991556136256,0.6327162497743907,1.0,1.0,0.8580135563643743,-0.0,-0.0
refined,100000,0.25,56.23413251903491,0.21738890811786207,0.19238895811774537,0.21285373832219157,0.635447752622245,1.0,1.0,0.852836660740107,-0.0,-0.0
refined,100000,0.25,60.42963902381328,0.20975809251059568,0.18475814251047898,0.20531568332595193,0.6380911742571835,1.0,1.0,0.8478492667677793,-0.0,-0.0
refined,100000,0.25,64.93816315762113,0.20239526177128545,0.17739531177116874,0.19804597031303944,0.6406464301309742,1.0,1.0,0.8430416919022596,-0.0,-0.0
refined,100000,0.25,69.78305848598663,0.19529054601881518,0.17029059601869848,0.19103456857064302,0.6431116833813488,1.0,1.0,0.8384022294001641,-0.0,-0.0
refined,100000,0.25,74.98942093324558,0.1884344068723183,0.1634344568722016,0.18427178996061425,0.6454849986420109,1.0,1.0,0.8339194055143292,-0.0,-0.0
refined,100000,0.25,80.58421877614818,0.1818194371611533,0.1568194871610366,0.1777500657028152,0.6477692285274969,1.0,1.0,0.8295886656886502,-0.0,-0.0
refined,100000,0.25,86.59643233600653,0.1754373146412582,0.1504373646411415,0.17146094032509404,0.6499638173744199,1.0,1.0,0.8254011320156781,-0.0,-0.0
refined,100000,0.25,93.0572040929699,0.16927933561055133,0.14427938561043463,0.16539559482823424,0.6520662862087627,1.0,1.0,0.821345621819314,-0.0,-0.0
refined,100000,0.25,100.0,0.16333727517822025,0.13833732517810354,0.15954569572458346,0.6540745179326274,1.0,1.0,0.8174117931108477,-0.0,-0.0
refined,100000,0.25,107.46078283213176,0.15760482547876217,0.13260487547864547,0.15390481886989146,0.6559906806146195,1.0,1.0,0.8135955060933817,-0.0,-0.0
refined,100000,0.25,115.47819846894582,0.152074779581629,0.12707482958151228,0.14846566314984536,0.6578137160030417,1.0,1.0,0.8098884955846707,-0.0,-0.0
refined,100000,0.25,124.09377607517196,0.14673944357936447,0.12173949357924778,0.14322045523863847,0.6595404169974937,1.0,1.0,0.8062798605768582,-0.0,-0.0
refined,100000,0.25,133.3521432163324,0.14159175864309279,0.1165918086429761,0.1381620603831866,0.6611684134977919,1.0,1.0,0.8027601721408847,-0.0,-0.0
refined,100000,0.25,143.30125702369628,0.13662637236672626,0.11162642236660955,0.13328504562076612,0.6626992191254796,1.0,1.0,0.7993255914922058,-0.0,-0.0
refined,100000,0.25,153.9926526059492,0.13183705424731065,0.10683710424719396,0.12858311682187934,0.6641312222926953,1.0,1.0,0.7959682765400059,-0.0,-0.0
refined,100000,0.25,165.48170999431815,0.1272169851291764,0.10221703512905969,0.12404940311904529,0.6654603665961437,1.0,1.0,0.7926773517253201,-0.0,-0.0
refined,100000,0.25,177.82794100389228,0.12276014583021054,0.09776019583009384,0.11967783484947862,0.6666839648052183,1.0,1.0,0.7894441106354289,-0.0,-0.0
refined,100000,0.25,191.09529749704404,0.11846201457933414,0.09346206457921744,0.115463837337252,0.6678028862868922,1.0,1.0,0.7862649008662264,-0.0,-0.0
refined,100000,0.25,205.3525026457146,0.11431721774197648,0.08931726774185977,0.11140199672337542,0.6688149069240373,1.0,1.0,0.7831321246660138,-0.0,-0.0
refined,100000,0.25,220.673406908459,0.11031969538086918,0.08531974538075247,0.10748622212044087,0.6697149747547698,1.0,1.0,0.780034670135639,-0.0,-0.0
refined,100000,0.25,237.13737056616552,0.10646436014168925,0.08146441014157255,0.10371139499097291,0.6705000460868474,1.0,1.0,0.7769644062285367,-0.0,-0.0
refined,100000,0.25,254.82967479793464,0.10274741287387842,0.07774746287376172,0.10007368421929459,0.6711703519826365,1.0,1.0,0.773917764856515,-0.0,-0.0
refined,100000,0.25,273.8419634264361,0.09916423436627966,0.07416428436616296,0.09656844777220401,0.6717230018866232,1.0,1.0,0.7708872362529028,-0.0,-0.0
refined,100000,0.25,294.2727176209282,0.09570942614842536,0.07070947614830865,0.09319027104994561,0.6721517868863641,1.0,1.0,0.7678612130347895,nan,nan
refined,100000,0.25,316.22776601683796,0.09237874083254312,0.06737879083242641,0.08993488963971079,0.6724533085885794,1.0,1.0,0.7648320494211226,nan,nan
refined,100000,0.35,17.78279410038923,0.3826731351825758,0.3576731851824591,0.379094543507788,0.4620918093122661,1.0,1.0,0.844764944494842,nan,nan
refined,100000,0.35,19.109529749704404,0.3691861028511746,0.3441861528510579,0.3656620913870962,0.4620171233312407,0.9927490879134837,0.9927490879134837,0.8312032261824153,nan,nan
refined,100000,0.35,20.53525026457146,0.35617222771299717,0.3311722777128805,0.35270562166028885,0.4618328011737411,0.9855356315496875,0.9855356315496875,0.8180050288867382,0.10163783390518633,0.10163783390518633
refined,100000,0.35,22.0673406908459,0.34361476690723003,0.31861481690711335,0.340208061200711,0.46154160929811633,0.978360332210911,0.978360332210911,0.8051563762053464,0.10172808858492953,0.10172808858492953
refined,100000,0.35,23.71373705661655,0.3314967934493972,0.3064968434492805,0.3281522063408012,0.4611441952902663,0.9712235691887996,0.9712235691887996,0.7926409887396635,0.1018156098849303,0.1018156098849303
refined,100000,0.35,25.482967479793466,0.31980451357296114,0.29480456357284446,0.31652388524111885,0.46064822596699323,0.9641265563278213,0.9641265563278213,0.7804527395399543,0.10199207692830337,0.10199207692830337
refined,100000,0.35,27.384196342643612,0.30852316699070303,0.28352321699058636,0.3053080534286078,0.460056932914699,0.9570698573859828,0.9570698573859828,0.768580099905402,0.10215868704294968,0.10215868704294968
refined,100000,0.35,29.42727176209282,0.2976380765819104,0.2726381265817937,0.2944897861860902,0.45937233731305993,0.950053844175463,0.950053844175463,0.7570104138949703,0.10231606752417076,0.10231606752417076
refined,100000,0.35,31.622776601683793,0.2871345023123494,0.2621345523122327,0.2840541334304904,0.4585950454730133,0.943078696177876,0.943078696177876,0.7457295477853627,0.10246512274632605,0.10246512274632605
refined,100000,0.35,33.982083289425596,0.27700056770405007,0.2520006177039334,0.2739889315429138,0.4577313998318588,0.9361451887364534,0.9361451887364534,0.7347319675359089,0.10260681496190897,0.10260681496190897
refined,100000,0.35,36.51741272548377,0.26722343768384266,0.24222348768372598,0.2642811347409858,0.45678400533109204,0.9292536198498914,0.9292536198498914,0.7240074430149347,0.10274155244071755,0.10274155244071755
refined,100000,0.35,39.24189758484536,0.2577902353827211,0.2327902853826044,0.2549176879623042,0.45575424270667064,0.922404125706046,0.922404125706046,0.7135444780893918,0.10286983302001743,0.10286983302001743
refined,100000,0.35,42.169650342858226,0.24868814692786126,0.22368819692774455,0.24588562371241324,0.4546426242439619,0.9155967327562684,0.9155967327562684,0.7033307711718232,0.10299238723685063,0.10299238723685063
refined,100000,0.35,45.31583637600818,0.2399069715851455,0.2149070215850288,0.2371745296719583,0.4534544133852049,0.9088319027428472,0.9088319027428472,0.6933613849703504,0.10310995537005666,0.10310995537005666
refined,100000,0.35,48.69675251658631,0.23143555882376843,0.20643560882365172,0.22877310481242144,0.4521916691109633,0.9021097380856719,0.9021097380856719,0.6836272279347317,0.10322286010090283,0.10322286010090283
refined,100000,0.35,52.32991146814947,0.2232625973047937,0.198262647304677,0.22066991556136256,0.4508552000268432,0.8954302000924761,0.8954302000924761,0.6741177973316369,0.10333151854354973,0.10333151854354973
refined,100000,0.35,56.23413251903491,0.21537697113284981,0.1903770211327331,0.21285373832219157,0.4494453850562861,0.8887931941564405,0.8887931941564405,0.664822356189136,0.10343654579216754,0.10343654579216754
refined,100000,0.35,60.42963902381328,0.2077699415624121,0.1827699915622954,0.20531568332595193,0.4479665993495431,0.8821989555358358,0.8821989555358358,0.6557365409119552,0.10353852856131245,0.10353852856131245
refined,100000,0.35,64.93816315762113,0.20043183110492668,0.17543188110480998,0.19804597031303944,0.44642041809862976,0.8756474402266864,0.8756474402266864,0.6468522492035564,0.10363772866695226,0.10363772866695226
refined,100000,0.35,69.78305848598663,0.19335268755523144,0.16835273755511473,0.19103456857064302,0.4448071223098104,0.8691384760051536,0.8691384760051536,0.6381598098650418,0.10373450926531987,0.10373450926531987
refined,100000,0.35,74.98942093324558,0.18652289429467464,0.16152294429455794,0.18427178996061425,0.4431269344125123,0.8626718722026782,0.8626718722026782,0.6296498287071869,0.1038294069704544,0.1038294069704544
refined,100000,0.35,80.58421877614818,0.17993498637332772,0.15493503637321102,0.1777500657028152,0.4413834947388757,0.8562477010406205,0.8562477010406205,0.6213184811122034,0.10392290084069261,0.10392290084069261
refined,100000,0.35,86.59643233600653,0.17358057429360968,0.14858062429349297,0.17146094032509404,0.4395779453890387,0.8498658082756125,0.8498658082756125,0.6131585196826483,0.10401520936961699,0.10401520936961699
refined,100000,0.35,93.0572040929699,0.16745088430283742,0.1424509343027207,0.16539559482823424,0.4377100657216501,0.843525916677875,0.843525916677875,0.6051609500244876,0.10410666746916085,0.10410666746916085
refined,100000,0.35,100.0,0.1615376267192224,0.1365376767191057,0.15954569572458346,0.43577991146055595,0.837227759467752,0.837227759467752,0.5973175381797784,0.10419777038385615,0.10419777038385615
refined,100000,0.35,107.46078283213176,0.15583444529297924,0.13083449529286253,0.15390481886989146,0.43379050949894116,0.830971290991288,0.830971290991288,0.5896249547919203,0.10428893369188783,0.10428893369188783
refined,100000,0.35,115.47819846894582,0.1503340771870372,0.1253341271869205,0.14846566314984536,0.43174260560050687,0.8247562713819406,0.8247562713819406,0.5820766827875441,0.10438035657972497,0.10438035657972497
refined,100000,0.35,124.09377607517196,0.14502876961818992,0.12002881961807323,0.14322045523863847,0.42963548060010526,0.8185823344880057,0.8185823344880057,0.5746642502182951,0.1044723790709919,0.1044723790709919
refined,100000,0.35,133.3521432163324,0.13991141095748638,0.11491146095736968,0.1381620603831866,0.4274690177495839,0.8124491502553081,0.8124491502553081,0.5673804287070703,0.10456549482557576,0.10456549482557576
refined,100000,0.35,143.30125702369628,0.1349766093249567,0.10997665932484,0.13328504562076612,0.42524572103211983,0.8063565842034972,0.8063565842034972,0.5602223303570766,0.10466009463996881,0.10466009463996881
refined,100000,0.35,153.9926526059492,0.13021808850818678,0.10521813850807009,0.12858311682187934,0.4229659614766907,0.8003043247108289,0.8003043247108289,0.5531840499848775,0.1047563775787988,0.1047563775787988
refined,100000,0.35,165.48170999431815,0.1256289803029204,0.10062903030280372,0.12404940311904529,0.42062850223064774,0.7942919219020232,0.7942919219020232,0.5462574825335682,0.10485471512612113,0.10485471512612113
refined,100000,0.35,177.82794100389228,0.12120322320826986,0.09620327320815315,0.11967783484947862,0.4182330558608667,0.7883189902711744,0.7883189902711744,0.5394362790691365,0.10495562588800873,0.10495562588800873
refined,100000,0.35,191.09529749704404,0.11693626408645529,0.09193631408633858,0.115463837337252,0.4157816754406432,0.7823853255686299,0.7823853255686299,0.5327179395270984,0.10505949593077347,0.10505949593077347
refined,100000,0.35,205.3525026457146,0.11282269248349598,0.08782274248337928,0.11140199672337542,0.41327437475895695,0.7764905527648159,0.7764905527648159,0.526097067242453,0.10516652786118093,0.10516652786118093
refined,100000,0.35,220.673406908459,0.10885640770502845,0.08385645770491175,0.10748622212044087,0.4107093694488415,0.7706341379022248,0.7706341379022248,0.51956577715387,0.10527713904199006,0.10527713904199006
refined,100000,0.35,237.13737056616552,0.10503228902892528,0.08003233902880857,0.10371139499097291,0.4080862236181628,0.7648156478920318,0.7648156478920318,0.5131185126470881,0.10539188742077739,0.10539188742077739
refined,100000,0.35,254.82967479793464,0.10134651304484117,0.07634656304472447,0.10007368421929459,0.40540660669972706,0.7590348232137807,0.7590348232137807,0.5067531197445683,0.10544896390496653,0.10544896390496653
refined,100000,0.35,273.8419634264361,0.09779443121830964,0.07279448121819293,0.09656844777220401,0.4026701991147373,0.7532912318204589,0.7532912318204589,0.5004646303330469,0.10550732695604699,0.10550732695604699
refined,100000,0.35,294.2727176209282,0.09437061092900566,0.06937066092888895,0.09319027104994561,0.39987463707485654,0.7475842522345912,0.7475842522345912,0.4942452480038622,nan,nan
refined,100000,0.35,316.22776601683796,0.09107077888773996,0.06607082888762325,0.08993488963971079,0.39701938706629003,0.7419134132150342,0.7419134132150342,0.48809016595403,nan,nan
refined,100000,0.5,17.78279410038923,0.38024348257841495,0.35524353257829827,0.379094543507788,0.3327525119419943,1.0,1.0,0.7129959945204092,nan,nan
refined,100000,0.5,19.109529749704404,0.36677165288390606,0.3417717028837894,0.3656620913870962,0.3292322224884741,0.9824052771762803,0.9824052771762803,0.6960038753723802,nan,nan
refined,100000,0.5,20.53525026457146,0.353775642070526,0.3287756920704093,0.35270562166028885,0.32566319196471927,0.9650796518542138,0.9650796518542138,0.6794388340352453,0.24808510040606127,0.24808510040606127
refined,100000,0.5,22.0673406908459,0.34123851825030815,0.3162385682501915,0.340208061200711,0.32204996756403953,0.9480214493891609,0.9480214493891609,0.6632884858143477,0.2483391442506364,0.2483391442506364
refined,100000,0.5,23.71373705661655,0.32914318019637595,0.3041432301962593,0.3281522063408012,0.31839532757327327,0.9312281177043218,0.9312281177043218,0.6475385077696492,0.2485870142914505,0.2485870142914505
refined,100000,0.5,25.482967479793466,0.31747563998450784,0.29247568998439116,0.31652388524111885,0.3147072894982803,0.9146993552016035,0.9146993552016035,0.6321829294827881,0.249086006912406,0.249086006912406
refined,100000,0.5,27.384196342643612,0.3062209647933297,0.28122101479321304,0.3053080534286078,0.31099024102299533,0.8984331079151573,0.8984331079151573,0.617211205816325,0.24956217963867283,0.24956217963867283
refined,100000,0.5,29.42727176209282,0.29536431664464374,0.27036436664452707,0.2944897861860902,0.30724752209524125,0.8824268162297464,0.8824268162297464,0.602611838739885,0.25001693915976503,0.25001693915976503
refined,100000,0.5,31.622776601683793,0.2848908078306676,0.25989085783055094,0.2840541334304904,0.30348132972684144,0.8666774208552008,0.8666774208552008,0.5883721375575091,0.2504525345021536,0.2504525345021536
refined,100000,0.5,33.982083289425596,0.2747883952803293,0.24978844528021257,0.2739889315429138,0.2996979433714871,0.8511834968590134,0.8511834968590134,0.5744863386518164,0.250871318473426,0.250871318473426
refined,100000,0.5,36.51741272548377,0.2650440996199941,0.24004414961987738,0.2642811347409858,0.29590072597388956,0.8359423579197105,0.8359423579197105,0.5609448255938836,0.25127412562104084,0.25127412562104084
refined,100000,0.5,39.24189758484536,0.2556449118213242,0.23064496182120753,0.2549176879623042,0.292092056151552,0.8209509133641109,0.8209509133641109,0.5477369679728762,0.2516620945981757,0.2516620945981757
refined,100000,0.5,42.169650342858226,0.2465778963858155,0.2215779463856988,0.24588562371241324,0.288273627588262,0.80620581372786,0.80620581372786,0.5348515239740775,0.25203709675626795,0.25203709675626795
refined,100000,0.5,45.31583637600818,0.23783271439851478,0.21283276439839807,0.2371745296719583,0.28445036249131983,0.7917049313082092,0.7917049313082092,0.5222830768898346,0.25240098311464154,0.25240098311464154
refined,100000,0.5,48.69675251658631,0.2293980981859021,0.2043981481857854,0.22877310481242144,0.2806248002342474,0.777445208356432,0.777445208356432,0.5100228984201495,0.2527544130461552,0.2527544130461552
refined,100000,0.5,52.32991146814947,0.2212626311446331,0.1962626811445164,0.22066991556136256,0.2767985432743877,0.7634232510507953,0.7634232510507953,0.49806117441902076,0.25309837557781506,0.25309837557781506
refined,100000,0.5,56.23413251903491,0.21341509975334763,0.18841514975323093,0.21285373832219157,0.2729728534382166,0.7496355647475902,0.7496355647475902,0.48638795319156425,0.2534345066121008,0.2534345066121008
refined,100000,0.5,60.42963902381328,0.2058466538735525,0.1808467038734358,0.20531568332595193,0.2691515901856686,0.7360796027592292,0.7360796027592292,0.4749982440592211,0.25376431905004987,0.25376431905004987
refined,100000,0.5,64.93816315762113,0.19854752347943339,0.17354757347931668,0.19804597031303944,0.26533662997096,0.7227521120004217,0.7227521120004217,0.4638841534503934,0.2540883584669256,0.2540883584669256
refined,100000,0.5,69.78305848598663,0.1915076750126385,0.16650772501252178,0.19103456857064302,0.26152894264767435,0.7096495464246207,0.7096495464246207,0.45303661766031283,0.25440753311534525,0.25440753311534525
refined,100000,0.5,74.98942093324558,0.1847174154074191,0.1597174654073024,0.18427178996061425,0.2577294276576802,0.6967683688484579,0.6967683688484579,0.4424468430650993,0.2547233371725677,0.2547233371725677
refined,100000,0.5,80.58421877614818,0.17816919222649508,0.15316924222637837,0.1777500657028152,0.25394111446378165,0.6841058097972746,0.6841058097972746,0.4321103066902767,0.2550370571666794,0.2550370571666794
refined,100000,0.5,86.59643233600653,0.17185454482714865,0.14685459482703195,0.17146094032509404,0.25016534778511607,0.6716585422600713,0.6716585422600713,0.4220198926122647,0.2553491685644605,0.2553491685644605
refined,100000,0.5,93.0572040929699,0.16576463857834298,0.14076468857822627,0.16539559482823424,0.24640257668115284,0.659422967753583,0.659422967753583,0.41216721525949584,0.2556605650805193,0.2556605650805193
refined,100000,0.5,100.0,0.15989112545091372,0.134891175450797,0.15954569572458346,0.24265340418179157,0.6473955794499718,0.6473955794499718,0.40254452963270526,0.25597269238425263,0.25597269238425263
refined,100000,0.5,107.46078283213176,0.15422758227042527,0.12922763227030856,0.15390481886989146,0.23892021243163042,0.6355735182791594,0.6355735182791594,0.3931477947020557,0.2562867165943486,0.2562867165943486
refined,100000,0.5,115.47819846894582,0.14876669311323126,0.12376674311311457,0.14846566314984536,0.2352039186455829,0.6239534629985153,0.6239534629985153,0.3839706117588142,0.2566030991925421,0.2566030991925421
refined,100000,0.5,124.09377607517196,0.14350066137257989,0.11850071137246318,0.14322045523863847,0.2315045331199564,0.6125318220248039,0.6125318220248039,0.3750051944925363,0.25692280281172497,0.25692280281172497
refined,100000,0.5,133.3521432163324,0.1384223321760827,0.11342238217596602,0.1381620603831866,0.2278224203218234,0.6013051657956695,0.6013051657956695,0.3662447524979061,0.2572473237347016,0.2572473237347016
refined,100000,0.5,143.30125702369628,0.13352626395019002,0.10852631395007331,0.13328504562076612,0.2241594556331679,0.590270631077394,0.590270631077394,0.35768571958335793,0.2575778007463535,0.2575778007463535
refined,100000,0.5,153.9926526059492,0.12880614229088813,0.10380619229077144,0.12858311682187934,0.22051620969650107,0.5794249503457396,0.5794249503457396,0.3493223519873892,0.25791472623190403,0.25791472623190403
refined,100000,0.5,165.48170999431815,0.1242550690349321,0.09925511903481539,0.12404940311904529,0.21689231188188118,0.568764568652329,0.568764568652329,0.3411473809168133,0.2582592021057243,0.2582592021057243
refined,100000,0.5,177.82794100389228,0.1198669517584676,0.09486700175835089,0.11967783484947862,0.2132879418896244,0.5582861642266271,0.5582861642266271,0.33315489364809203,0.25861284692454445,0.25861284692454445
refined,100000,0.5,191.09529749704404,0.11563720172906058,0.09063725172894388,0.115463837337252,0.20970458097871889,0.5479869257865347,0.5479869257865347,0.32534178270777947,0.2589768245655605,0.2589768245655605
refined,100000,0.5,205.3525026457146,0.11156038228602629,0.08656043228590958,0.11140199672337542,0.2061425216764069,0.5378636701897539,0.5378636701897539,0.31770290396243317,0.25935166913509333,0.25935166913509333
refined,100000,0.5,220.673406908459,0.10763037371681121,0.0826304237166945,0.10748622212044087,0.2026010574097198,0.5279128931875973,0.5279128931875973,0.310231431126531,0.25973866904509524,0.25973866904509524
refined,100000,0.5,237.13737056616552,0.10384203415248314,0.07884208415236643,0.10371139499097291,0.1990802414070875,0.5181314063381622,0.5181314063381622,0.30292227555957063,0.26013961155611814,0.26013961155611814
refined,100000,0.5,254.82967479793464,0.10019151584179406,0.07519156584167735,0.10007368421929459,0.1955812573552386,0.5085164903332231,0.5085164903332231,0.29577277319703266,0.2603391202000555,0.2603391202000555
refined,100000,0.5,273.8419634264361,0.09667415341426314,0.07167420341414643,0.09656844777220401,0.19210418318970246,0.49906506837784587,0.49906506837784587,0.28877833660396557,0.26054296145969447,0.26054296145969447
refined,100000,0.5,294.2727176209282,0.09328450352859191,0.0682845535284752,0.09319027104994561,0.18864801505314127,0.4897736919608909,0.4897736919608909,0.2819325185817332,nan,nan
refined,100000,0.5,316.22776601683796,0.09001827926759119,0.06501832926747449,0.08993488963971079,0.18521274549576652,0.4806393302543926,0.4806393302543926,0.2752310247633577,nan,nan
refined,100000,0.65,17.78279410038923,0.37854319401690184,0.35354324401678516,0.379094543507788,0.2442359359893767,1.0,1.0,0.6227791300062786,nan,nan
refined,100000,0.65,19.109529749704404,0.3650976036785033,0.3400976536783866,0.3656620913870962,0.23929105467196313,0.9728067931608726,0.9728067931608726,0.6043886583504664,nan,nan
refined,100000,0.65,20.53525026457146,0.35212929028477324,0.32712934028465657,0.35270562166028885,0.23437761251679906,0.9462859401660323,0.9462859401660323,0.5865069028015724,0.385522466971826,0.385522466971826
refined,100000,0.65,22.0673406908459,0.33962115641857876,0.3146212064184621,0.340208061200711,0.22949945831663426,0.9204248733469051,0.9204248733469051,0.569120614735213,0.38596545044412484,0.38596545044412484
refined,100000,0.65,23.71373705661655,0.3275559633456526,0.30255601334553595,0.3281522063408012,0.2246589036909249,0.8952097588521762,0.8952097588521762,0.5522148670365775,0.38640049840051227,0.38640049840051227
refined,100000,0.65,25.482967479793466,0.3159195279072386,0.2909195779071219,0.31652388524111885,0.21986224137604324,0.8706307445258579,0.8706307445258579,0.5357817692832818,0.3872749975818734,0.3872749975818734
refined,100000,0.65,27.384196342643612,0.3046967722429798,0.27969682224286313,0.3053080534286078,0.2151127270782443,0.84667526145585,0.84667526145585,0.5198094993212241,0.38811888434846886,0.38811888434846886
refined,100000,0.65,29.42727176209282,0.2938727323805194,0.26887278238040274,0.2944897861860902,0.21041268391662346,0.8233301175898775,0.8233301175898775,0.5042854162971429,0.38893414984801467,0.38893414984801467
refined,100000,0.65,31.622776601683793,0.28343241448125417,0.2584324644811375,0.2840541334304904,0.20576346945232743,0.8005815105901096,0.8005815105901096,0.4891958839335816,0.38972435673926203,0.38972435673926203
refined,100000,0.65,33.982083289425596,0.2733636247484789,0.2483636747483622,0.2739889315429138,0.20116944128481123,0.7784186267500177,0.7784186267500177,0.47453306603329015,0.3904931092295465,0.3904931092295465
refined,100000,0.65,36.51741272548377,0.26365327478325623,0.23865332478313955,0.2642811347409858,0.1966326135821884,0.7568287662412948,0.7568287662412948,0.4602858883654446,0.3912414208444756,0.3912414208444756
refined,100000,0.65,39.24189758484536,0.2542882639016565,0.22928831390153978,0.2549176879623042,0.19215418285979255,0.7357987827557146,0.7357987827557146,0.44644244676144906,0.3919709226943003,0.3919709226943003
refined,100000,0.65,42.169650342858226,0.24525557798953926,0.22025562798942255,0.24588562371241324,0.1877347815748369,0.7153153289377496,0.7153153289377496,0.43299035956437615,0.3926846657296831,0.3926846657296831
refined,100000,0.65,45.31583637600818,0.236544765641789,0.2115448156416723,0.2371745296719583,0.18337734134333686,0.6953673709576033,0.6953673709576033,0.4199221069851259,0.3933855426035432,0.3933855426035432
refined,100000,0.65,48.69675251658631,0.2281444805302483,0.2031445305301316,0.22877310481242144,0.1790829566103988,0.6759425343090101,0.6759425343090101,0.40722743714064713,0.3940743237265632,0.3940743237265632
refined,100000,0.65,52.32991146814947,0.2200432427894236,0.1950432927893069,0.22066991556136256,0.17485199321058395,0.6570281057485229,0.6570281057485229,0.39489523600000753,0.3947524744648976,0.3947524744648976
refined,100000,0.65,56.23413251903491,0.2122297832800744,0.1872298332799577,0.21285373832219157,0.1706845410194123,0.638611432979187,0.638611432979187,0.3829143242994867,0.39542276259238673,0.39542276259238673
refined,100000,0.65,60.42963902381328,0.2046951708008353,0.1796952208007186,0.20531568332595193,0.16658248603860915,0.6206817132157505,0.6206817132157505,0.37127765683944447,0.3960876237603837,0.3960876237603837
refined,100000,0.65,64.93816315762113,0.19742958127753235,0.17242963127741565,0.19804597031303944,0.16254624851450167,0.6032271625197629,0.6032271625197629,0.359975829792034,0.39674769090901135,0.39674769090901135
refined,100000,0.65,69.78305848598663,0.19042294050190425,0.16542299050178755,0.19103456857064302,0.15857558638655508,0.5862357178825681,0.5862357178825681,0.34899852688845934,0.3974043866558722,0.3974043866558722
refined,100000,0.65,74.98942093324558,0.18366551829483221,0.1586655682947155,0.18427178996061425,0.15467019533478352,0.569695552884825,0.569695552884825,0.33833571362961573,0.39806035440544285,0.39806035440544285
refined,100000,0.65,80.58421877614818,0.1771497061231528,0.1521497561230361,0.1777500657028152,0.1508312031664546,0.5535963660978435,0.5535963660978435,0.32798090928960744,0.39871775071644966,0.39871775071644966
refined,100000,0.65,86.59643233600653,0.17086700858912962,0.14586705858901292,0.17146094032509404,0.1470585447679581,0.5379271101546221,0.5379271101546221,0.3179255533570877,0.3993771485550539,0.3993771485550539
refined,100000,0.65,93.0572040929699,0.16480856785983788,0.13980861785972118,0.16539559482823424,0.1433515380005733,0.5226764818306769,0.5226764818306769,0.3081601058604112,0.40004004634737833,0.40004004634737833
refined,100000,0.65,100.0,0.15896601320333822,0.13396606320322152,0.15954569572458346,0.13970960414077577,0.5078335406550627,0.5078335406550627,0.29867561734411396,0.40070911964566996,0.40070911964566996
refined,100000,0.65,107.46078283213176,0.15333288464040976,0.12833293464029305,0.15390481886989146,0.1361333286029166,0.4933886365648809,0.4933886365648809,0.28946621324332633,0.40138641190169344,0.40138641190169344
refined,100000,0.65,115.47819846894582,0.14790184619908817,0.12290189619897147,0.14846566314984536,0.13262230379786752,0.47933152398500684,0.47933152398500684,0.2805241499969557,0.40207252697860985,0.40207252697860985
refined,100000,0.65,124.09377607517196,0.14266509116282283,0.11766514116270614,0.14322045523863847,0.12917553056226788,0.4656516951880344,0.4656516951880344,0.2718406217250907,0.4027691819513708,0.4027691819513708
refined,100000,0.65,133.3521432163324,0.13761545284804588,0.11261550284792918,0.1381620603831866,0.12579224966228145,0.45233910605209715,0.45233910605209715,0.2634077025103273,0.4034792493064783,0.4034792493064783
refined,100000,0.65,143.30125702369628,0.132747467419509,0.10774751741939229,0.13328504562076612,0.12247266421644135,0.43938482674730595,0.43938482674730595,0.25522013163595036,0.40420480613340615,0.40420480613340615
refined,100000,0.65,153.9926526059492,0.12805481133029886,0.10305486133018216,0.12858311682187934,0.11921613107086472,0.4267794255257308,0.4267794255257308,0.2472709424011636,0.40494656137002893,0.40494656137002893
refined,100000,0.65,165.48170999431815,0.12353058584585609,0.09853063584573939,0.12404940311904529,0.11602142335317911,0.414513178973181,0.414513178973181,0.2395520091990352,0.4057065805432855,0.4057065805432855
refined,100000,0.65,177.82794100389228,0.11916869468352502,0.09416874468340831,0.11967783484947862,0.11288767683547617,0.40257692187467653,0.40257692187467653,0.2320563715190012,0.4064880643378354,0.4064880643378354
refined,100000,0.65,191.09529749704404,0.11496453752072075,0.08996458752060404,0.115463837337252,0.10981483380058352,0.3909624663057421,0.3909624663057421,0.22477937132130427,0.40729321615600633,0.40729321615600633
refined,100000,0.65,205.3525026457146,0.11091267636916367,0.08591272636904697,0.11140199672337542,0.10680209878853572,0.37966117865886334,0.37966117865886334,0.21771477515769938,0.40812287833593824,0.40812287833593824
refined,100000,0.65,220.673406908459,0.10700699762649243,0.08200704762637573,0.10748622212044087,0.10384808496510291,0.36866408520791805,0.36866408520791805,0.21085508259159536,0.40897957065274265,0.40897957065274265
refined,100000,0.65,237.13737056616552,0.10324236109962467,0.07824241109950797,0.10371139499097291,0.10095188841292807,0.3579628722009504,0.3579628722009504,0.20419424951255274,0.4098669235634024,0.4098669235634024
refined,100000,0.65,254.82967479793464,0.09961491502546513,0.07461496502534842,0.10007368421929459,0.09811328567169664,0.34755008958533906,0.34755008958533906,0.19772820069716177,0.4103085812200105,0.4103085812200105
refined,100000,0.65,273.8419634264361,0.09611999805636623,0.07112004805624952,0.09656844777220401,0.09533139633752857,0.33741787264070555,0.33741787264070555,0.1914513943938948,0.41075974957590966,0.41075974957590966
refined,100000,0.65,294.2727176209282,0.0927521773816585,0.0677522273815418,0.09319027104994561,0.09260472667791092,0.32755795084548917,0.32755795084548917,0.18535690405956942,nan,nan
refined,100000,0.65,316.22776601683796,0.08950717135411186,0.06450722135399516,0.08993488963971079,0.08993239129985685,0.3179628313293006,0.3179628313293006,0.1794395626539687,nan,nan
refined,100000,0.75,17.78279410038923,0.37769638428164,0.3526964342815233,0.379094543507788,0.20109316206833505,1.0,1.0,0.578789546349975,nan,nan
refined,100000,0.75,19.109529749704404,0.3642700092452583,0.33927005924514164,0.3656620913870962,0.19582546918950947,0.966900017735773,0.966900017735773,0.5600954784347678,nan,nan
refined,100000,0.75,20.53525026457146,0.35132137042113987,0.3263214204210232,0.35270562166028885,0.19063658129754799,0.9348130450633405,0.9348130450633405,0.5419579517186879,0.47076578789842355,0.47076578789842355
refined,100000,0.75,22.0673406908459,0.33883327995760476,0.3138333299574881,0.340208061200711,0.18552893491773417,0.9037131351467811,0.9037131351467811,0.524362214875339,0.4713269753982056,0.4713269753982056
refined,100000,0.75,23.71373705661655,0.3267884276643451,0.30178847766422845,0.3281522063408012,0.18050358509081976,0.873573128307707,0.873573128307707,0.5072920127551649,0.4718801121059027,0.4718801121059027
refined,100000,0.75,25.482967479793466,0.31517252109077276,0.2901725710906561,0.31652388524111885,0.17556493067522122,0.8443711365356471,0.8443711365356471,0.490737451765994,0.47299116299813954,0.47299116299813954
refined,100000,0.75,27.384196342643612,0.30397040764042343,0.27897045764030676,0.3053080534286078,0.17071469676936668,0.8160822597341912,0.8160822597341912,0.4746851044097901,0.47406994167510375,0.47406994167510375
refined,100000,0.75,29.42727176209282,0.29316706116701363,0.26816711116689695,0.2944897861860902,0.1659537718230524,0.7886811762080727,0.7886811762080727,0.459120832990066,0.47511879004258833,0.47511879004258833
refined,100000,0.75,31.622776601683793,0.2827474381065862,0.2577474881064695,0.2840541334304904,0.1612822007898614,0.7621421563479654,0.7621421563479654,0.44402963889644764,0.4761421114092176,0.4761421114092176
refined,100000,0.75,33.982083289425596,0.2726992676783943,0.2476993176782776,0.2739889315429138,0.15670251466260185,0.7364435067124635,0.7364435067124635,0.42940178234099613,0.4771442487651721,0.4771442487651721
refined,100000,0.75,36.51741272548377,0.26300941109257375,0.23800946109245705,0.2642811347409858,0.1522152352943516,0.7115615361034022,0.7115615361034022,0.41522464638692536,0.4781262955363656,0.4781262955363656
refined,100000,0.75,39.24189758484536,0.25366472785158894,0.22866477785147224,0.2549176879623042,0.14782018408984846,0.687472329614868,0.687472329614868,0.40148491194143743,0.4790901893143145,0.4790901893143145
refined,100000,0.75,42.169650342858226,0.24465217160492078,0.21965222160480408,0.24588562371241324,0.1435167077867842,0.6641520463799533,0.6641520463799533,0.38816887939170497,0.4800397730220877,0.4800397730220877
refined,100000,0.75,45.31583637600818,0.23596123926012166,0.21096128926000496,0.2371745296719583,0.13930603703559538,0.6415800271476133,0.6415800271476133,0.37526727629571704,0.4809785816846785,0.4809785816846785
refined,100000,0.75,48.69675251658631,0.2275805529164157,0.202580602916299,0.22877310481242144,0.13518786918655995,0.6197342584322323,0.6197342584322323,0.36276842210297566,0.48190742574506723,0.48190742574506723
refined,100000,0.75,52.32991146814947,0.21949860984170413,0.19449865984158743,0.22066991556136256,0.13116130386884903,0.5985926051671623,0.5985926051671623,0.35065991371055316,0.4828280899144389,0.4828280899144389
refined,100000,0.75,56.23413251903491,0.21170412211706346,0.18670417211694676,0.21285373832219157,0.12722522350317045,0.5781332997199727,0.5781332997199727,0.3389293456202339,0.4837441473380088,0.4837441473380088
refined,100000,0.75,60.42963902381328,0.20418812593125066,0.17918817593113395,0.20531568332595193,0.12337996824122689,0.558337151870955,0.558337151870955,0.32756809417247756,0.4846586405311643,0.4846586405311643
refined,100000,0.75,64.93816315762113,0.19694077963600962,0.1719408296358929,0.19804597031303944,0.11962468777322396,0.5391840260616044,0.5391840260616044,0.3165654674092336,0.485572238538091,0.485572238538091
refined,100000,0.75,69.78305848598663,0.1899519985190685,0.1649520485189518,0.19103456857064302,0.11595800961288748,0.520653705009933,0.520653705009933,0.30591000813195596,0.48648674299333877,0.48648674299333877
refined,100000,0.75,74.98942093324558,0.18321204355983625,0.15821209355971955,0.18427178996061425,0.11237852874853085,0.5027265235990236,0.5027265235990236,0.2955905723083671,0.4874056681615221,0.4874056681615221
refined,100000,0.75,80.58421877614818,0.17671328752710833,0.15171333752699162,0.1777500657028152,0.10888599244669854,0.4853849549947316,0.4853849549947316,0.28559927997380685,0.48833178959388396,0.48833178959388396
refined,100000,0.75,86.59643233600653,0.170447227486022,0.1454472774859053,0.17146094032509404,0.10547920528462108,0.4686107841110812,0.4686107841110812,0.2759264327706431,0.48926574232848824,0.48926574232848824
refined,100000,0.75,93.0572040929699,0.16440500378028242,0.1394050537801657,0.16539559482823424,0.10215650228307652,0.4523857108977999,0.4523857108977999,0.26656150606335893,0.4902095102013414,0.4902095102013414
refined,100000,0.75,100.0,0.1585782438752451,0.1335782938751284,0.15954569572458346,0.09891632336883806,0.4366921110188168,0.4366921110188168,0.25749456724408315,0.49116675655085085,0.49116675655085085
refined,100000,0.75,107.46078283213176,0.15296047891174885,0.12796052891163215,0.15390481886989146,0.09575803709203401,0.4215141671857798,0.4215141671857798,0.24871851600378286,0.4921401990512854,0.4921401990512854
refined,100000,0.75,115.47819846894582,0.1475443723036037,0.122544422303487,0.14846566314984536,0.09268024848752987,0.40683553126584626,0.40683553126584626,0.24022462079113358,0.49313055819162555,0.49313055819162555
refined,100000,0.75,124.09377607517196,0.14232212135510866,0.11732217135499197,0.14322045523863847,0.08968112603740767,0.39263973560004284,0.39263973560004284,0.23200324739251632,0.4941401943121513,0.4941401943121513
refined,100000,0.75,133.3521432163324,0.13728656233037723,0.11228661233026052,0.1381620603831866,0.0867590510172546,0.3789110808593411,0.3789110808593411,0.22404561334763184,0.4951731385429958,0.4951731385429958
refined,100000,0.75,143.30125702369628,0.13243222919902173,0.10743227919890504,0.13328504562076612,0.08391316527327893,0.36563541552975803,0.36563541552975803,0.21634539447230067,0.496232237953876,0.496232237953876
refined,100000,0.75,153.9926526059492,0.1277528023525902,0.10275285235247351,0.12858311682187934,0.08114197736767122,0.352798150326144,0.352798150326144,0.20889477972026144,0.497318399443274,0.497318399443274
refined,100000,0.75,165.48170999431815,0.12324139079882777,0.09824144079871107,0.12404940311904529,0.07844357627445478,0.3403845197075168,0.3403845197075168,0.20168496707328254,0.4984345470099512,0.4984345470099512
refined,100000,0.75,177.82794100389228,0.11889190419347109,0.09389195419335439,0.11967783484947862,0.0758163555793082,0.32838061010297803,0.32838061010297803,0.19470825977277928,0.4995852678558431,0.4995852678558431
refined,100000,0.75,191.09529749704404,0.11469974435911619,0.08969979435899948,0.115463837337252,0.07325933948828289,0.3167738459610623,0.3167738459610623,0.18795908384739907,0.500773669815222,0.500773669815222
refined,100000,0.75,205.3525026457146,0.1106594800312862,0.0856595300311695,0.11140199672337542,0.07077101457160423,0.30555126623269013,0.30555126623269013,0.18143049460289043,0.5020008997739971,0.5020008997739971
refined,100000,0.75,220.673406908459,0.10676500751278603,0.08176505751266933,0.10748622212044087,0.06834945169016791,0.2946996605364862,0.2946996605364862,0.17511445920295393,0.5032706179400103,0.5032706179400103
refined,100000,0.75,237.13737056616552,0.10301119421264,0.0780112442125233,0.10371139499097291,0.06599311135831809,0.2842067594814358,0.2842067594814358,0.16900430557095808,0.5045881322365044,0.5045881322365044
refined,100000,0.75,254.82967479793464,0.09939419313728114,0.07439424313716443,0.10007368421929459,0.06370097946631645,0.27406145348617056,0.27406145348617056,0.16309517260359757,0.5052437940014542,0.5052437940014542
refined,100000,0.75,273.8419634264361,0.09590935116094931,0.07090940116083261,0.09656844777220401,0.06147157522204427,0.2642522735093005,0.2642522735093005,0.15738092638299359,0.5059142437619734,0.5059142437619734
refined,100000,0.75,294.2727176209282,0.09255124642343358,0.06755129642331688,0.09319027104994561,0.05930299494767728,0.2547674145773937,0.2547674145773937,0.15185424137111087,nan,nan
refined,100000,0.75,316.22776601683796,0.08931560557131725,0.06431565557120054,0.08993488963971079,0.05719380868166092,0.2455961158234476,0.2455961158234476,0.14650941425297817,nan,nan
refined,100000,0.9,17.78279410038923,0.3767339125075122,0.3517339625073955,0.379094543507788,0.15319347692300744,1.0,1.0,0.5299273894305196,nan,nan
refined,100000,0.9,19.109529749704404,0.36333560517932556,0.3383356551792089,0.3656620913870962,0.14794724529653305,0.9589065953068842,0.9645670127657329,0.5112828504758586,nan,nan
refined,100000,0.9,20.53525026457146,0.35041518219424866,0.325415232194132,0.35270562166028885,0.14283402904536663,0.9194058017980359,0.9303896025426254,0.4932492112396153,0.5866990415940643,0.5013848852356804
refined,100000,0.9,22.0673406908459,0.3379553525452863,0.3129554025451696,0.340208061200711,0.13785350040544356,0.8814420631512202,0.8974227327377027,0.47580885295072983,0.5873737070761061,0.5013853040290998
refined,100000,0.9,23.71373705661655,0.3259387275990766,0.30093877759895993,0.3281522063408012,0.13300422363472372,0.8449595070682773,0.8656210224087801,0.45894295123380036,0.5880412650955146,0.5013872757657429
refined,100000,0.9,25.482967479793466,0.3143508915502199,0.2893509415501032,0.31652388524111885,0.1282873492669699,0.8099094597480018,0.8349470881651355,0.44263824081718983,0.5893813345068953,0.5013905496400839
refined,100000,0.9,27.384196342643612,0.30317661302933946,0.2781766630292228,0.3053080534286078,0.12370190672946609,0.7762407715156573,0.8053612447268992,0.42687851975880553,0.5906910057712421,0.5013889605712895
refined,100000,0.9,29.42727176209282,0.2924008032157198,0.26740085321560314,0.2944897861860902,0.11924627819503975,0.7439028302833547,0.7768241227139696,0.41164708141075956,0.5919732270065509,0.5013813860158371
refined,100000,0.9,31.622776601683793,0.28200837108077365,0.25700842108065697,0.2840541334304904,0.11491821578001245,0.712845558413525,0.7492962858344462,0.3969265868607861,0.5932335162340134,0.501370521918196
refined,100000,0.9,33.982083289425596,0.2719869681019468,0.2469870181018301,0.2739889315429138,0.11071737730417117,0.6830245142610621,0.7227456481110894,0.382704345406118,0.594477144002071,0.5013571255015213
refined,100000,0.9,36.51741272548377,0.2623234097603933,0.23732345976027663,0.2642811347409858,0.10664189658513808,0.6543938827464612,0.6971377965390222,0.3689653063455314,0.595705502407502,0.501337995608673
refined,100000,0.9,39.24189758484536,0.25300452233541765,0.22800457233530097,0.2549176879623042,0.10268940738495178,0.6269085046870888,0.672438293633913,0.3556939297203694,0.596921084540379,0.5013119144527253
refined,100000,0.9,42.169650342858226,0.2440172349363959,0.2190172849362792,0.24588562371241324,0.098857227482735,0.600524192742307,0.6486129329037991,0.3428744624191309,0.5981288340537092,0.5012817658752592
refined,100000,0.9,45.31583637600818,0.2353509996135324,0.2103510496134157,0.2371745296719583,0.09514411214593838,0.5752012825775127,0.6256342480621483,0.33049511175947077,0.5993331400415699,0.5012480392232529
refined,100000,0.9,48.69675251658631,0.22699441621647837,0.20199446621636166,0.22877310481242144,0.09154770480135817,0.5508993653475521,0.6034724285281664,0.3185421210178365,0.6005350644326075,0.5012068154880703
refined,100000,0.9,52.32991146814947,0.21893596926269981,0.1939360192625831,0.22066991556136256,0.08806525274856693,0.527578681255136,0.5820973140881655,0.30700122201126673,0.6017369923377348,0.5011567724694077
refined,100000,0.9,56.23413251903491,0.21116436244573983,0.18616441244562312,0.21285373832219157,0.08469389629405812,0.5052006553139967,0.561479298416277,0.29585825873979793,0.6029436856944821,0.5011009634330098
refined,100000,0.9,60.42963902381328,0.20367060987355487,0.17867065987343816,0.20531568332595193,0.08143188612058323,0.4837304170824594,0.5415949315074592,0.2851024959941381,0.6041590626432337,0.5010394952259665
refined,100000,0.9,64.93816315762113,0.19644486359396016,0.17144491359384345,0.19804597031303944,0.07827664738110993,0.4631327005257178,0.5224184143630938,0.2747215109750701,0.6053840603469144,0.5009675494732051
refined,100000,0.9,69.78305848598663,0.1894770397066775,0.1644770897065608,0.19103456857064302,0.07522528084554672,0.44337281257379757,0.5039232873229642,0.2647023205522242,0.6066212136652451,0.5008836641151432
refined,100000,0.9,74.98942093324558,0.1827574015934173,0.1577574515933006,0.18427178996061425,0.07227492201673189,0.4244173396048889,0.48608399439236094,0.25503232361014916,0.6078754085851311,0.5007910021749986
refined,100000,0.9,80.58421877614818,0.17627831506104977,0.15127836506093306,0.1777500657028152,0.06942358352562475,0.40623595054802086,0.46888057015561757,0.24570189858667452,0.6091503991292349,0.5006891100601226
refined,100000,0.9,86.59643233600653,0.1700312811462826,0.1450313311461659,0.17146094032509404,0.06666865205294809,0.3887981002222163,0.45229071022377193,0.2366999331992307,0.6104471631085037,0.5005720204221928
refined,100000,0.9,93.0572040929699,0.16400744947324541,0.1390074994731287,0.16539559482823424,0.06400723714805083,0.37207370208286156,0.43629115127276,0.22801468662129626,0.6117686424985561,0.5004380570180809
refined,100000,0.9,100.0,0.15819845664449259,0.13319850664437588,0.15954569572458346,0.06143658186840217,0.35603398533742187,0.4208599106921881,0.21963503851289476,0.6131201525624518,0.5002903739099636
refined,100000,0.9,107.46078283213176,0.15259783637547317,0.12759788637535646,0.15390481886989146,0.058954635305649455,0.340652772628023,0.4059800424606473,0.21155247168112262,0.6145055682843236,0.5001276941127811
refined,100000,0.9,115.47819846894582,0.1471982622228452,0.12219831222272852,0.14846566314984536,0.0565588599960983,0.32590375402047544,0.391632287228622,0.20375712221894351,0.6159260833526407,0.4999425599635565
refined,100000,0.9,124.09377607517196,0.14199194562655076,0.11699199562643406,0.14322045523863847,0.054246469848101705,0.3117609435782296,0.3777961400167085,0.19623841547465248,0.6173853440332312,0.49973294682216235
refined,100000,0.9,133.3521432163324,0.13697173577558874,0.11197178577547204,0.1381620603831866,0.052014884326697194,0.29819968476242126,0.3644527803137537,0.18898662010228595,0.6188894196603335,0.49950179426030894
refined,100000,0.9,143.30125702369628,0.13213217481270545,0.10713222481258876,0.13328504562076612,0.04986209944345651,0.285197518346587,0.35158787670081026,0.18199427425616196,0.6204425713626233,0.499246622010549
refined,100000,0.9,153.9926526059492,0.12746695656966536,0.10246700656954867,0.12858311682187934,0.047785722636700424,0.2727318765062218,0.33918482611775647,0.17525267920636578,0.6220463693939616,0.4989580161025466
refined,100000,0.9,165.48170999431815,0.12296920656440438,0.09796925656428768,0.12404940311904529,0.045783127326155144,0.2607803719683799,0.3272255041478772,0.16875233389055952,0.6237054776969296,0.4986333782623665
refined,100000,0.9,177.82794100389228,0.11863284908725795,0.09363289908714124,0.11967783484947862,0.04385194920956994,0.24932196059745562,0.3156938998437998,0.16248479829682788,0.6254270355581221,0.49827510366364974
refined,100000,0.9,191.09529749704404,0.11445329702910027,0.08945334702898357,0.115463837337252,0.04199029922849897,0.2383374663296596,0.3045779458307607,0.15644359625759924,0.6272159134445061,0.49787897213963644
refined,100000,0.9,205.3525026457146,0.1104251339073036,0.0854251839071869,0.11140199672337542,0.04019596937918773,0.227807596948921,0.2938633610828714,0.15062110328649134,0.6290741855983749,0.4974329848222866
refined,100000,0.9,220.673406908459,0.10654227325712963,0.08154232325701292,0.10748622212044087,0.038466521974582744,0.21771309471217254,0.28353407866508296,0.14500879523171237,0.6310078715886255,0.4969336161148934
refined,100000,0.9,237.13737056616552,0.10279959741099053,0.07779964741087382,0.10371139499097291,0.03679983032869193,0.20803607182905645,0.27357659656961614,0.13959942773968245,0.6330255063886682,0.49638222101741963
refined,100000,0.9,254.82967479793464,0.09919327154130013,0.07419332154118342,0.10007368421929459,0.035194160096614864,0.19876022600764695,0.2639808088328201,0.134387431637915,0.6340288702476456,0.49611264651688547
refined,100000,0.9,273.8419634264361,0.09571865736420854,0.07071870736409183,0.09656844777220401,0.03364750805428576,0.18986911500226747,0.25473447040057473,0.1293661654184943,0.6350580807333206,0.49582854830009104
refined,100000,0.9,294.2727176209282,0.09237034991987265,0.06737039991975595,0.09319027104994561,0.03215763791080185,0.18134618503878672,0.24582329829295246,0.12452798783067451,nan,nan
refined,100000,0.9,316.22776601683796,0.08914409014001193,0.06414414013989522,0.08993488963971079,0.030722669434803812,0.17317629892968914,0.2372360435672248,0.11986675957481574,nan,nan
refined,100000,1.0,17.78279410038923,0.3762462799857352,0.3512463299856185,0.379094543507788,0.1295688853420181,1.0,1.0,0.5058151653277533,nan,nan
refined,100000,1.0,19.109529749704404,0.3628652249469176,0.3378652749468009,0.3656620913870962,0.12452060261714827,0.9542236733465769,0.9645670127657329,0.48738582756406584,nan,nan
refined,100000,1.0,20.53525026457146,0.34996190416022666,0.32496195416011,0.35270562166028885,0.11962999032523941,0.9104480524227597,0.9303896025426254,0.46959189448546607,0.6547253579592933,0.5013848852356804
refined,100000,1.0,22.0673406908459,0.33751897843578893,0.31251902843567225,0.340208061200711,0.11489479888223508,0.8685921360306529,0.8974227327377027,0.452413777318024,0.6553999244123894,0.5013853040290998
refined,100000,1.0,23.71373705661655,0.32551902413956524,0.30051907413944856,0.3281522063408012,0.1103118799100519,0.8285759064676194,0.8656210224087801,0.4358309040496171,0.6560682520925004,0.5013872757657429
refined,100000,1.0,25.482967479793466,0.3139475695558568,0.2889476195557401,0.31652388524111885,0.10588025731473422,0.7903276542089114,0.8349470881651355,0.419827826870591,0.6574098996588487,0.5013905496400839
refined,100000,1.0,27.384196342643612,0.3027893506455902,0.2777894006454735,0.3053080534286078,0.10159721260869405,0.75377442769433,0.8053612447268992,0.40438656325428424,0.6587240405749946,0.5013889605712895
refined,100000,1.0,29.42727176209282,0.2920292543538969,0.26702930435378025,0.2944897861860902,0.09745953054356857,0.7188449788518533,0.7768241227139696,0.3894887848974655,0.6600141359223901,0.5013813860158371
refined,100000,1.0,31.622776601683793,0.28165217299965656,0.2566522229995399,0.2840541334304904,0.09346352461686008,0.6854697258652153,0.7492962858344462,0.37511569761651664,0.6612862484356439,0.501370521918196
refined,100000,1.0,33.982083289425596,0.27164572838172096,0.24664577838160429,0.2739889315429138,0.08960710854261952,0.6535856611085676,0.7227456481110894,0.3612528369243405,0.6625460960411157,0.5013571255015213
refined,100000,1.0,36.51741272548377,0.26199672174580474,0.23699677174568803,0.2642811347409858,0.0858869902034594,0.6231294898957206,0.6971377965390222,0.34788371194926415,0.6637955113821286,0.501337995608673
refined,100000,1.0,39.24189758484536,0.25269197110189806,0.22769202110178136,0.2549176879623042,0.08229952161075117,0.5940395702904152,0.672438293633913,0.3349914927126492,0.6650374662489174,0.5013119144527253
refined,100000,1.0,42.169650342858226,0.2437184013099178,0.21871845130980108,0.24588562371241324,0.07884085420375436,0.5662561781391434,0.6486129329037991,0.32255925551367215,0.6662774670073836,0.5012817658752592
refined,100000,1.0,45.31583637600818,0.23506545206107116,0.21006550206095445,0.2371745296719583,0.07550834991517692,0.5397249046034182,0.6256342480621483,0.31057380197624807,0.6675203444073712,0.5012480392232529
refined,100000,1.0,48.69675251658631,0.22672172088320286,0.20172177088308615,0.22877310481242144,0.07229852354295425,0.5143915081324022,0.6034724285281664,0.2990202444261571,0.6687675793177106,0.5012068154880703
refined,100000,1.0,52.32991146814947,0.21867569406045187,0.19367574406033516,0.22066991556136256,0.06920762749284316,0.4902032249649284,0.5820973140881655,0.28788332155329505,0.6700220686117054,0.5011567724694077
refined,100000,1.0,56.23413251903491,0.21091607889474703,0.18591612889463033,0.21285373832219157,0.06623188619547538,0.4671092486547141,0.561479298416277,0.27714796509022244,0.671289226836688,0.5011009634330098
refined,100000,1.0,60.42963902381328,0.2034338879727111,0.1784339379725944,0.20531568332595193,0.0633684634157787,0.4450631420235194,0.5415949315074592,0.26680235138848984,0.672573473458235,0.5010394952259665
refined,100000,1.0,64.93816315762113,0.1962192782211021,0.1712193282209854,0.19804597031303944,0.060613916715750595,0.4240188154735695,0.5224184143630938,0.2568331949368527,0.6738761902783816,0.5009675494732051
refined,100000,1.0,69.78305848598663,0.18926217334842915,0.16426222334831245,0.19103456857064302,0.05796460131317754,0.40393142777901847,0.5039232873229642,0.2472267746616067,0.675200524019395,0.5008836641151432
refined,100000,1.0,74.98942093324558,0.18255284490151644,0.15755289490139973,0.18427178996061425,0.05541695585698375,0.38475803945561343,0.48608399439236094,0.2379698007585002,0.6765521751046507,0.5007910021749986
refined,100000,1.0,80.58421877614818,0.17608366348504323,0.15108371348492652,0.1777500657028152,0.052968164630253806,0.36645934598830804,0.46888057015561757,0.22905182811529703,0.6779355186894712,0.5006891100601226
refined,100000,1.0,86.59643233600653,0.16984613895354206,0.14484618895342535,0.17146094032509404,0.050614967827990624,0.34899642277604315,0.45229071022377193,0.2204611067815327,0.6793520487771537,0.5005720204221928
refined,100000,1.0,93.0572040929699,0.1638314315411809,0.1388314815410642,0.16539559482823424,0.04835393942003135,0.33233134607503917,0.43629115127276,0.21218537096121226,0.6808054920169211,0.5004380570180809
refined,100000,1.0,100.0,0.15803118828191592,0.13303123828179922,0.15954569572458346,0.04618181022999008,0.3164280053289052,0.4208599106921881,0.204212998511906,0.6823022158884114,0.5002903739099636
refined,100000,1.0,107.46078283213176,0.15243895098157142,0.12743900098145472,0.15390481886989146,0.04409591369249054,0.3012533376925599,0.4059800424606473,0.19653486467406195,0.6838468943693581,0.5001276941127811
refined,100000,1.0,115.47819846894582,0.14704740379073833,0.12204745379062164,0.14846566314984536,0.0420932482737319,0.2867746162402373,0.391632287228622,0.18914065206447023,0.6854413539458355,0.4999425599635565
refined,100000,1.0,124.09377607517196,0.14184876992092102,0.11684881992080431,0.14322045523863847,0.040170665209952015,0.27295986837232894,0.3777961400167085,0.18201943513087304,0.6870902812598519,0.49973294682216235
refined,100000,1.0,133.3521432163324,0.13683590974078633,0.11183595974066962,0.1381620603831866,0.03832522307816953,0.2597788470183529,0.3644527803137537,0.17516113281895584,0.6888011215505891,0.49950179426030894
refined,100000,1.0,143.30125702369628,0.13200337482938293,0.10700342482926622,0.13328504562076612,0.03655447374886547,0.24720387160242857,0.35158787670081026,0.1685578485782484,0.6905791769341572,0.499246622010549
refined,100000,1.0,153.9926526059492,0.12734487001738462,0.10234492001726792,0.12858311682187934,0.03485570791147799,0.2352075188913282,0.33918482611775647,0.1622005779288626,0.6924268205717458,0.4989580161025466
refined,100000,1.0,165.48170999431815,0.1228535326208368,0.0978535826207201,0.12404940311904529,0.033226076139569925,0.22376288461090837,0.3272255041478772,0.15607960876040672,0.6943501216156486,0.4986333782623665
refined,100000,1.0,177.82794100389228,0.11852329789805945,0.09352334789794274,0.11967783484947862,0.03166297397904766,0.2128447221270134,0.3156938998437998,0.1501862718771071,0.6963580318369904,0.49827510366364974
refined,100000,1.0,191.09529749704404,0.11434958832444053,0.08934963832432383,0.115463837337252,0.030164203720213133,0.2024299484355943,0.3045779458307607,0.14451379204465367,0.6984567910523698,0.49787897213963644
refined,100000,1.0,205.3525026457146,0.11032699799669513,0.08532704799657842,0.11140199672337542,0.028727356826521108,0.19249564811261674,0.2938633610828714,0.13905435482321624,0.7006495229608182,0.4974329848222866
refined,100000,1.0,220.673406908459,0.10644945161689279,0.08144950161677608,0.10748622212044087,0.02734988358210136,0.183019204464286,0.28353407866508296,0.13379933519899415,0.7029441717670222,0.4969336161148934
refined,100000,1.0,237.13737056616552,0.10271184170386899,0.07771189170375228,0.10371139499097291,0.026029510241710345,0.17397961910675305,0.27357659656961614,0.12874135194557934,0.7053516766601036,0.49638222101741963
refined,100000,1.0,254.82967479793464,0.09911034247185496,0.07411039247173826,0.10007368421929459,0.024764298256126426,0.1653577114649679,0.2639808088328201,0.12387464072798139,0.7065479934505007,0.49611264651688547
refined,100000,1.0,273.8419634264361,0.09564032534168716,0.07064037534157046,0.09656844777220401,0.023552133015130376,0.15713438000262406,0.25473447040057473,0.11919245835681753,0.7077789408356888,0.49582854830009104
refined,100000,1.0,294.2727176209282,0.09229639554749772,0.06729644554738101,0.09319027104994561,0.022390752045294993,0.1492906174086896,0.24582329829295246,0.11468714759279271,nan,nan
refined,100000,1.0,316.22776601683796,0.08907430312436891,0.0640743531242522,0.08993488963971079,0.021278196771242725,0.141809026948095,0.2372360435672248,0.11035249989561163,nan,nan
refined,100000,1.1,17.78279410038923,0.37585134228942557,0.3508513922893089,0.379094543507788,0.11087282001350521,1.0,1.0,0.4867241623029308,nan,nan
refined,100000,1.1,19.109529749704404,0.36248602624548587,0.3374860762453692,0.3656620913870962,0.1060923415515422,0.9500985090875428,0.9645670127657329,0.46857836779702805,nan,nan
refined,100000,1.1,20.53525026457146,0.3495981664872029,0.3245982164870862,0.35270562166028885,0.10148611302676445,0.9026042031163126,0.9303896025426254,0.45108427951396735,0.7145134555833084,0.5013848852356804
refined,100000,1.1,22.0673406908459,0.3371703902072178,0.3121704402071011,0.340208061200711,0.09705008922720504,0.8574071318937565,0.8974227327377027,0.4342204794344228,0.715105912224384,0.5013853040290998
refined,100000,1.1,23.71373705661655,0.32518525066475606,0.3001853006646394,0.3281522063408012,0.0927795484634459,0.8144002498356281,0.8656210224087801,0.41796479912820195,0.7156928531711435,0.5013872757657429
refined,100000,1.1,25.482967479793466,0.31362823864086464,0.28862828864074797,0.31652388524111885,0.08867157989438428,0.7734856586856584,0.8349470881651355,0.40229981853524893,0.7168718156106648,0.5013905496400839
refined,100000,1.1,27.384196342643612,0.30248407060854826,0.2774841206084316,0.3053080534286078,0.0847219100298978,0.7345662553515547,0.8053612447268992,0.3872059806384461,0.7180266162672589,0.5013889605712895
refined,100000,1.1,29.42727176209282,0.29173762062285247,0.2667376706227358,0.2944897861860902,0.08092592870322902,0.6975482432857394,0.7768241227139696,0.3726635493260815,0.7191613397496401,0.5013813860158371
refined,100000,1.1,31.622776601683793,0.2813737737941951,0.2563738237940784,0.2840541334304904,0.07727871787147292,0.6623410327291589,0.7492962858344462,0.35865249166566804,0.7202823547049785,0.501370521918196
refined,100000,1.1,33.982083289425596,0.27138013643326064,0.24638018643314397,0.2739889315429138,0.07377669777341553,0.6288613349571193,0.7227456481110894,0.3451568342066762,0.7213956417644704,0.5013571255015213
refined,100000,1.1,36.51741272548377,0.26174350542431585,0.23674355542419914,0.2642811347409858,0.07041539124893126,0.5970272399894573,0.6971377965390222,0.3321588966732471,0.7225037290217832,0.501337995608673
refined,100000,1.1,39.24189758484536,0.25245069867772574,0.22745074867760906,0.2549176879623042,0.0671901094296643,0.5667598043835872,0.672438293633913,0.31964080810739004,0.7236101622926416,0.5013119144527253
refined,100000,1.1,42.169650342858226,0.24348864374737395,0.21848869374725724,0.24588562371241324,0.0640960776583162,0.5379832014692029,0.6486129329037991,0.30758472140569015,0.7247207764965309,0.5012817658752592
refined,100000,1.1,45.31583637600818,0.23484677825085207,0.20984682825073536,0.2371745296719583,0.06112954000505312,0.5106275410818779,0.6256342480621483,0.2959763182559052,0.7258406828861748,0.5012480392232529
refined,100000,1.1,48.69675251658631,0.22651370428100845,0.20151375428089174,0.22877310481242144,0.05828614151648245,0.4846244233662985,0.6034724285281664,0.2847998457974909,0.7269720364980276,0.5012068154880703
refined,100000,1.1,52.32991146814947,0.2184779152973835,0.1934779652972668,0.22066991556136256,0.055561391524610745,0.4599079802812105,0.5820973140881655,0.27403930682199423,0.7281183242805256,0.5011567724694077
refined,100000,1.1,56.23413251903491,0.2107281269187713,0.1857281769186546,0.21285373832219157,0.052950847111508034,0.43641521590836285,0.561479298416277,0.26367897403027934,0.7292853821498845,0.5011009634330098
refined,100000,1.1,60.42963902381328,0.2032553572140291,0.1782554072139124,0.20531568332595193,0.05045086195419699,0.4140880262903313,0.5415949315074592,0.2537062191682261,0.7304779916241368,0.5010394952259665
refined,100000,1.1,64.93816315762113,0.19604977240713478,0.17104982240701808,0.19804597031303944,0.04805738217828949,0.3928696855376011,0.5224184143630938,0.24410715458542426,0.7316982345895556,0.5009675494732051
refined,100000,1.1,69.78305848598663,0.18910130700729336,0.16410135700717665,0.19103456857064302,0.04576626154430357,0.37270554881718254,0.5039232873229642,0.23486756855159693,0.7329499312359962,0.5008836641151432
refined,100000,1.1,74.98942093324558,0.18240024359890708,0.15740029359879038,0.18427178996061425,0.04357348192175866,0.35354356084886257,0.48608399439236094,0.22597372552066575,0.7342393682501849,0.5007910021749986
refined,100000,1.1,80.58421877614818,0.17593896200802603,0.15093901200790932,0.1777500657028152,0.04147566223267437,0.33533573416766704,0.46888057015561757,0.2174146242407004,0.7355714244002013,0.5006891100601226
refined,100000,1.1,86.59643233600653,0.169708983412904,0.1447090334127873,0.17146094032509404,0.03946913631171009,0.31803525269425437,0.45229071022377193,0.2091781197246141,0.7369483662095621,0.5005720204221928
refined,100000,1.1,93.0572040929699,0.16370148017546815,0.13870153017535145,0.16539559482823424,0.03755016709094761,0.30159695138422543,0.43629115127276,0.20125164726641576,0.7383747504640049,0.5004380570180809
refined,100000,1.1,100.0,0.15790811121925571,0.132908161219139,0.15954569572458346,0.03571519442413937,0.2859779895484972,0.4208599106921881,0.19362330564339508,0.7398577718074331,0.5002903739099636
refined,100000,1.1,107.46078283213176,0.1523224289401536,0.1273224789400369,0.15390481886989146,0.033961176211031695,0.271138927251989,0.4059800424606473,0.1862836051511853,0.7414028070302361,0.5001276941127811
refined,100000,1.1,115.47819846894582,0.1469371291851492,0.1219371791850325,0.14846566314984536,0.0322848631444679,0.257041262083114,0.391632287228622,0.1792219923296171,0.743012572897901,0.4999425599635565
refined,100000,1.1,124.09377607517196,0.14174444725702517,0.11674449725690848,0.14322045523863847,0.03068294194462338,0.24364774916025828,0.3777961400167085,0.17242738920164855,0.7446928263147092,0.49973294682216235
refined,100000,1.1,133.3521432163324,0.1367372551336402,0.1117373051335235,0.1381620603831866,0.029152307057379905,0.2309232451690533,0.3644527803137537,0.1658895621910201,0.7464521673698193,0.49950179426030894
refined,100000,1.1,143.30125702369628,0.13191011496267394,0.10691016496255724,0.13328504562076612,0.02769027882486631,0.2188354567796372,0.35158787670081026,0.15960039378754023,0.7482968658054624,0.499246622010549
refined,100000,1.1,153.9926526059492,0.12725674269977197,0.10225679269965528,0.12858311682187934,0.02629401978893534,0.20735280151152924,0.33918482611775647,0.1535507624887073,0.7502303595701343,0.4989580161025466
refined,100000,1.1,165.48170999431815,0.12277028696887905,0.09777033696876235,0.12404940311904529,0.024960626170257086,0.1964446026169708,0.3272255041478772,0.14773091313913614,0.7522601424274,0.4986333782623665
refined,100000,1.1,177.82794100389228,0.11844469372329038,0.09344474372317367,0.11967783484947862,0.023687423326206353,0.18608211426624743,0.3156938998437998,0.14213211704949674,0.7543967685028783,0.49827510366364974
refined,100000,1.1,191.09529749704404,0.1142753952325922,0.08927544523247549,0.115463837337252,0.022472088516926926,0.17623897769507593,0.3045779458307607,0.13674748374951912,0.7566478049457362,0.49787897213963644
refined,100000,1.1,205.3525026457146,0.11025699566176281,0.0852570456616461,0.11140199672337542,0.02131217260228646,0.1668893411956127,0.2938633610828714,0.13156916826404927,0.7590177023532675,0.4974329848222866
refined,100000,1.1,220.673406908459,0.10638342988061952,0.08138347988050282,0.10748622212044087,0.02020515200638583,0.1580079476411317,0.28353407866508296,0.12658858188700536,0.7615163531776801,0.4969336161148934
refined,100000,1.1,237.13737056616552,0.10264959988044813,0.07764964988033142,0.10371139499097291,0.019148749369591198,0.14957135315588183,0.27357659656961614,0.12179834925003932,0.7641569192111807,0.49638222101741963
refined,100000,1.1,254.82967479793464,0.09905168854360069,0.07405173854348399,0.10007368421929459,0.018140977354860716,0.1415581040026921,0.2639808088328201,0.1171926658984614,0.7654676942930193,0.49611264651688547
refined,100000,1.1,273.8419634264361,0.09558507610483499,0.07058512610471829,0.09656844777220401,0.017179742313598916,0.13394707830245436,0.25473447040057473,0.11276481841843392,0.766821876204226,0.49582854830009104
refined,100000,1.1,294.2727176209282,0.09224437670783567,0.06724442670771896,0.09319027104994561,0.016262864608403444,0.1267174744946209,0.24582329829295246,0.10850724131623911,nan,nan
refined,100000,1.1,316.22776601683796,0.08902534853587094,0.06402539853575423,0.08993488963971079,0.015388426315546346,0.11985023625115447,0.2372360435672248,0.10441377485141728,nan,nan
refined,100000,1.5,17.78279410038923,0.37486700634823494,0.34986705634811827,0.379094543507788,0.06695423888549394,1.0,1.0,0.4418212452337289,nan,nan
refined,100000,1.5,19.109529749704404,0.36154928754083904,0.33654933754072236,0.3656620913870962,0.0633350533638739,0.9392382245950422,0.9645670127657329,0.42488434090471294,nan,nan
refined,100000,1.5,20.53525026457146,0.3487074077135143,0.3237074577133976,0.35270562166028885,0.059902746127559664,0.8822354020337593,0.9303896025426254,0.4086101538410739,0.8684685764131727,0.5013848852356804
refined,100000,1.5,22.0673406908459,0.33632396392931585,0.3113240139291992,0.340208061200711,0.05664856606546744,0.8287567718239479,0.8974227327377027,0.39297252999478327,0.8679229144706296,0.5013853040290998
refined,100000,1.5,23.71373705661655,0.3243814999975241,0.2993815499974074,0.3281522063408012,0.053563913730416635,0.7785830806727516,0.8656210224087801,0.3779454137279407,0.8673775935996293,0.5013872757657429
refined,100000,1.5,25.482967479793466,0.31286548197697944,0.28786553197686277,0.31652388524111885,0.05064096473005123,0.7315041699317858,0.8349470881651355,0.3635064467070307,0.8662914970917355,0.5013905496400839
refined,100000,1.5,27.384196342643612,0.30176063333496195,0.27676068333484527,0.3053080534286078,0.047871851164369976,0.6873255265437287,0.8053612447268992,0.34963248449933193,0.8652133843112922,0.5013889605712895
refined,100000,1.5,29.42727176209282,0.2910518470051516,0.2660518970050349,0.2944897861860902,0.04524894067502814,0.6458653563025936,0.7768241227139696,0.33630078768017974,0.8641510527454297,0.5013813860158371
refined,100000,1.5,31.622776601683793,0.2807240359091565,0.25572408590903983,0.2840541334304904,0.042764843336874456,0.606953827544144,0.7492962858344462,0.323488879246031,0.8631099296492347,0.501370521918196
refined,100000,1.5,33.982083289425596,0.27076482852809014,0.24576487852797343,0.2739889315429138,0.04041277887228773,0.5704287573427514,0.7227456481110894,0.31117760740037786,0.862095037230185,0.5013571255015213
refined,100000,1.5,36.51741272548377,0.261161058733404,0.2361611087332873,0.2642811347409858,0.03818605179285681,0.5361401402455133,0.6971377965390222,0.29934711052626084,0.8611139761618419,0.501337995608673
refined,100000,1.5,39.24189758484536,0.25189958672913193,0.22689963672901525,0.2549176879623042,0.03607820775496053,0.503947928954226,0.672438293633913,0.28797779448409244,0.8601733423310935,0.5013119144527253
refined,100000,1.5,42.169650342858226,0.2429673853430875,0.2179674353429708,0.24588562371241324,0.03408305224902297,0.47372113143653855,0.6486129329037991,0.27705043759211045,0.8592779238307061,0.5012817658752592
refined,100000,1.5,45.31583637600818,0.23435393572016988,0.20935398572005318,0.2371745296719583,0.03219488779305091,0.4453352160473055,0.6256342480621483,0.2665488235132208,0.8584319324691035,0.5012480392232529
refined,100000,1.5,48.69675251658631,0.22604788906117598,0.20104793906105928,0.22877310481242144,0.030408142224477165,0.4186748708729641,0.6034724285281664,0.25645603128565314,0.8576421141324063,0.5012068154880703
refined,100000,1.5,52.32991146814947,0.21803778939671137,0.19303783939659466,0.22066991556136256,0.028717460681081275,0.3936324405641511,0.5820973140881655,0.24675525007779264,0.8569145595860841,0.5011567724694077
refined,100000,1.5,56.23413251903491,0.21031240312025515,0.18531245312013844,0.21285373832219157,0.027117734651869677,0.37010708159435163,0.561479298416277,0.23743013777212482,0.8562541609472354,0.5011009634330098
refined,100000,1.5,60.42963902381328,0.20286279846183247,0.17786284846171577,0.20531568332595193,0.025604269991490694,0.34800340761027776,0.5415949315074592,0.22846706845332315,0.8556650478971798,0.5010394952259665
refined,100000,1.5,64.93816315762113,0.19567919272441422,0.17067924272429752,0.19804597031303944,0.024172496370567165,0.32723287605903745,0.5224184143630938,0.2198516890949814,0.8551535573963985,0.5009675494732051
refined,100000,1.5,69.78305848598663,0.18875157092824832,0.1637516209281316,0.19103456857064302,0.02281802470965403,0.3077127438350611,0.5039232873229642,0.21156959563790234,0.8547258837742202,0.5008836641151432
refined,100000,1.5,74.98942093324558,0.18207026522082836,0.15707031522071166,0.18427178996061425,0.021536688877017377,0.2893654109409511,0.48608399439236094,0.20360695409784574,0.8543876748708992,0.5007910021749986
refined,100000,1.5,80.58421877614818,0.17562770435225405,0.15062775435213735,0.1777500657028152,0.02032467223599216,0.27211787656166736,0.46888057015561757,0.1959523765882462,0.8541435639176433,0.5006891100601226
refined,100000,1.5,86.59643233600653,0.16941545728111648,0.14441550728099978,0.17146094032509404,0.01917826252288214,0.2559021381932096,0.45229071022377193,0.1885937198039986,0.8539998694936521,0.5005720204221928
refined,100000,1.5,93.0572040929699,0.16342474268874652,0.1384247926886298,0.16539559482823424,0.01809388955645214,0.2406545209704707,0.43629115127276,0.18151863224519865,0.8539635023492534,0.5004380570180809
refined,100000,1.5,100.0,0.15764726447739263,0.13264731447727593,0.15954569572458346,0.017068182563462465,0.22631528463638464,0.4208599106921881,0.1747154470408551,0.8540415064069172,0.5002903739099636
refined,100000,1.5,107.46078283213176,0.15207661900198252,0.12707666900186582,0.15390481886989146,0.016098066664969567,0.21282855095312078,0.4059800424606473,0.1681746856669521,0.8542395394012048,0.5001276941127811
refined,100000,1.5,115.47819846894582,0.1467055442586241,0.1217055942585074,0.14846566314984536,0.015180546368480218,0.20014203634099567,0.391632287228622,0.1618860906271043,0.8545642748147565,0.4999425599635565
refined,100000,1.5,124.09377607517196,0.14152631601855575,0.11652636601843905,0.14322045523863847,0.014312730577138607,0.188206629787223,0.3777961400167085,0.15583904659569436,0.8550240108922454,0.49973294682216235
refined,100000,1.5,133.3521432163324,0.13653184529632278,0.1115318952962061,0.1381620603831866,0.013491908060568835,0.17697630022382999,0.3644527803137537,0.1500237533568916,0.8556278719138116,0.49950179426030894
refined,100000,1.5,143.30125702369628,0.1317167318809865,0.1067167818808698,0.13328504562076612,0.012715617650376428,0.16640824401554127,0.35158787670081026,0.14443234953136294,0.8563830599845024,0.499246622010549
refined,100000,1.5,153.9926526059492,0.12707472758026134,0.10207477758014465,0.12858311682187934,0.011981453108529575,0.1564621993437097,0.33918482611775647,0.13905618068879091,0.8572970106333351,0.4989580161025466
refined,100000,1.5,165.48170999431815,0.12259901533742376,0.09759906533730706,0.12404940311904529,0.011287078502151522,0.1471001741349288,0.3272255041478772,0.13388609383957528,0.8583802280159009,0.4986333782623665
refined,100000,1.5,177.82794100389228,0.11828357398123548,0.09328362398111878,0.11967783484947862,0.010630323521765503,0.13828666677253698,0.3156938998437998,0.12891389750300097,0.859644739104962,0.49827510366364974
refined,100000,1.5,191.09529749704404,0.11412386702380542,0.08912391702368871,0.115463837337252,0.010009227819519084,0.12998885512153913,0.3045779458307607,0.1241330948433245,0.8610999036797764,0.49787897213963644
refined,100000,1.5,205.3525026457146,0.11011452839485757,0.08511457839474086,0.11140199672337542,0.009421864676100577,0.12217567697051117,0.2938633610828714,0.11953639307095815,0.8627544420978677,0.4974329848222866
refined,100000,1.5,220.673406908459,0.10624952152176344,0.08124957152164673,0.10748622212044087,0.00886634789310909,0.11481763425646956,0.28353407866508296,0.11511586941487253,0.864622151038707,0.4969336161148934
refined,100000,1.5,237.13737056616552,0.10252377548381818,0.07752382548370147,0.10371139499097291,0.008340947816667511,0.10788732577024708,0.27357659656961614,0.11086472330048569,0.8667190262073223,0.49638222101741963
refined,100000,1.5,254.82967479793464,0.09893349854500862,0.07393354854489191,0.10007368421929459,0.007844109045956324,0.10135955489080367,0.2639808088328201,0.10677760759096494,0.8677518810135538,0.49611264651688547
refined,100000,1.5,273.8419634264361,0.09547409523761778,0.07047414523750108,0.09656844777220401,0.007374292508521628,0.09521030937506272,0.25473447040057473,0.10284838774613941,0.8688540264630645,0.49582854830009104
refined,100000,1.5,294.2727176209282,0.09214020318548989,0.06714025318537319,0.09319027104994561,0.006929974196844405,0.08941658848770007,0.24582329829295246,0.0990701773823343,nan,nan
refined,100000,1.5,316.22776601683796,0.0889276025158455,0.0639276525157288,0.08993488963971079,0.006509781987609036,0.08395723855802464,0.2372360435672248,0.09543738450345454,nan,nan
refined,100000,2.5,17.78279410038923,0.37403808381749676,0.3490381338173801,0.379094543507788,0.03633969675446155,1.0,1.0,0.4103777805719583,nan,nan
refined,100000,2.5,19.109529749704404,0.36077108856863466,0.335771138568518,0.3656620913870962,0.03424613769024828,0.9357072515329856,0.9645670127657329,0.3950172262588829,nan,nan
refined,100000,2.5,20.53525026457146,0.34797689835611867,0.322976948356002,0.35270562166028885,0.03228042595079601,0.8759388405225684,0.9303896025426254,0.38025732430691467,0.9088388971701573,0.5013848852356804
refined,100000,2.5,22.0673406908459,0.3356382575217888,0.3106383075216721,0.340208061200711,0.030433929672195797,0.8203382845768291,0.8974227327377027,0.3660721871939846,0.9061888797776354,0.5013853040290998
refined,100000,2.5,23.71373705661655,0.32373784911032444,0.29873789911020776,0.3281522063408012,0.028698754493428683,0.7685860321848894,0.8656210224087801,0.3524366036037531,0.9036237464092711,0.5013872757657429
refined,100000,2.5,25.482967479793466,0.31226130393000057,0.2872613539298839,0.31652388524111885,0.0270672242590656,0.7203695308386835,0.8349470881651355,0.33932852818906617,0.8984600236225032,0.5013905496400839
refined,100000,2.5,27.384196342643612,0.30119349072135665,0.27619354072123997,0.3053080534286078,0.025532489576618595,0.6754173207188645,0.8053612447268992,0.3267259802979752,0.8936013592103873,0.5013889605712895
refined,100000,2.5,29.42727176209282,0.2905194393132893,0.2655194893131726,0.2944897861860902,0.02408824859470822,0.6334838925912901,0.7768241227139696,0.3146076879079975,0.8890439635673512,0.5013813860158371
refined,100000,2.5,31.622776601683793,0.28022419029460693,0.25522424029449026,0.2840541334304904,0.02272868666105409,0.5943467457656162,0.7492962858344462,0.30295287695566103,0.8847750769140824,0.501370521918196
refined,100000,2.5,33.982083289425596,0.2702955158204754,0.24529556582035872,0.2739889315429138,0.021448236006192282,0.5577904258102585,0.7227456481110894,0.2917437518266677,0.8807779658993782,0.5013571255015213
refined,100000,2.5,36.51741272548377,0.26072037388583724,0.23572042388572056,0.2642811347409858,0.020241863152415863,0.523625549770576,0.6971377965390222,0.2809622370382531,0.8770510295526687,0.501337995608673
refined,100000,2.5,39.24189758484536,0.251485739285844,0.2264857892857273,0.2549176879623042,0.019104914296780826,0.4916800442896434,0.672438293633913,0.27059065358262485,0.8735898141577134,0.5013119144527253
refined,100000,2.5,42.169650342858226,0.2425786917911624,0.2175787417910457,0.24588562371241324,0.018033062655066233,0.461796405062097,0.6486129329037991,0.26061175444622864,0.8703835396744022,0.5012817658752592
refined,100000,2.5,45.31583637600818,0.23398882842064533,0.20898887842052863,0.2371745296719583,0.01702222232031571,0.43382358666342646,0.6256342480621483,0.25101105074096103,0.867418829861268,0.5012480392232529
refined,100000,2.5,48.69675251658631,0.22570490005774949,0.20070495005763278,0.22877310481242144,0.016068648066573113,0.4076271709000552,0.6034724285281664,0.2417735481243226,0.8646939349004568,0.5012068154880703
refined,100000,2.5,52.32991146814947,0.21771554180369995,0.19271559180358325,0.22066991556136256,0.015168855566821559,0.3830843784080553,0.5820973140881655,0.23288439737052152,0.862205248247019,0.5011567724694077
refined,100000,2.5,56.23413251903491,0.21000960552090256,0.18500965552078585,0.21285373832219157,0.014319587439341456,0.36008188413734094,0.561479298416277,0.224329192960244,0.8599449451400895,0.5011009634330098
refined,100000,2.5,60.42963902381328,0.20257824912748829,0.17757829912737158,0.20531568332595193,0.013517805560514037,0.3385120027931619,0.5415949315074592,0.21609605468800233,0.8579034139423286,0.5010394952259665
refined,100000,2.5,64.93816315762113,0.1954117673860468,0.1704118173859301,0.19804597031303944,0.012760686599649818,0.3182777262758259,0.5224184143630938,0.20817245398569661,0.8560796445477068,0.5009675494732051
refined,100000,2.5,69.78305848598663,0.18850021576760836,0.16350026576749166,0.19103456857064302,0.012045584804354484,0.29928993008735616,0.5039232873229642,0.20054580057196286,0.8544717724051084,0.5008836641151432
refined,100000,2.5,74.98942093324558,0.18183399298315078,0.15683404298303408,0.18427178996061425,0.011370019690847617,0.2814658293960307,0.48608399439236094,0.1932040126739984,0.8530754301329703,0.5007910021749986
refined,100000,2.5,80.58421877614818,0.175405595674359,0.1504056456742423,0.1777500657028152,0.01073170298243186,0.2647274312539963,0.46888057015561757,0.18613729865679088,0.8518847942778457,0.5006891100601226
refined,100000,2.5,86.59643233600653,0.16920665195571055,0.14420670195559385,0.17146094032509404,0.01012847986522831,0.24900364420847046,0.45229071022377193,0.17933513182093885,0.8509000751580281,0.5005720204221928
refined,100000,2.5,93.0572040929699,0.16322843430657144,0.13822848430645474,0.16539559482823424,0.009558314440210668,0.2342287397435107,0.43629115127276,0.1727867487467821,0.8501217338563869,0.5004380570180809
refined,100000,2.5,100.0,0.15746269775144967,0.13246274775133296,0.15954569572458346,0.009019298474229383,0.22034142010931224,0.4208599106921881,0.16648199622567905,0.8495491509268234,0.5002903739099636
refined,100000,2.5,107.46078283213176,0.15190308946098807,0.12690313946087137,0.15390481886989146,0.008509688485318797,0.20728439451439157,0.4059800424606473,0.16041277794630687,0.8491801770523276,0.5001276941127811
refined,100000,2.5,115.47819846894582,0.14654239224932658,0.12154244224920988,0.14846566314984536,0.008027821875028143,0.19500485213884983,0.391632287228622,0.15457021412435473,0.8490165165443903,0.4999425599635565
refined,100000,2.5,124.09377607517196,0.14137292279656163,0.11637297279644493,0.14322045523863847,0.007572113166677367,0.1834536243518498,0.3777961400167085,0.148945035963239,0.849061448022332,0.49973294682216235
refined,100000,2.5,133.3521432163324,0.13638763111474286,0.11138768111462616,0.1381620603831866,0.007141081993366067,0.17258479732628285,0.3644527803137537,0.14352871310810894,0.8493183837088445,0.49950179426030894
refined,100000,2.5,143.30125702369628,0.1315811548582657,0.106581204858149,0.13328504562076612,0.006733387070568948,0.16235577332112103,0.35158787670081026,0.13831454192883463,0.8497887919738639,0.499246622010549
refined,100000,2.5,153.9926526059492,0.12694727971829217,0.10194732971817548,0.12858311682187934,0.006347733851937906,0.15272686115414413,0.33918482611775647,0.13329501357023008,0.850476130959622,0.4989580161025466
refined,100000,2.5,165.48170999431815,0.12247921979210812,0.09747926979199141,0.12404940311904529,0.005982874626456817,0.1436608136926652,0.3272255041478772,0.12846209441856493,0.8513871209112532,0.4986333782623665
refined,100000,2.5,177.82794100389228,0.11817098358140782,0.09317103358129111,0.11967783484947862,0.005637653712228777,0.13512291367769924,0.3156938998437998,0.1238086372936366,0.8525296819952192,0.49827510366364974
refined,100000,2.5,191.09529749704404,0.1140180628083698,0.0890181128082531,0.115463837337252,0.005311031350955672,0.12708116515351742,0.3045779458307607,0.11932909415932548,0.8539090602416958,0.49787897213963644
refined,100000,2.5,205.3525026457146,0.1100151170586949,0.0850151670585782,0.11140199672337542,0.005001992237176183,0.11950544235868767,0.2938633610828714,0.11501710929587108,0.855530861042838,0.4974329848222866
refined,100000,2.5,220.673406908459,0.10615613360965676,0.08115618360954005,0.10748622212044087,0.004709545516993314,0.1123672114994432,0.28353407866508296,0.11086567912665007,0.8574061695011929,0.4969336161148934
refined,100000,2.5,237.13737056616552,0.1024360641125755,0.07743611411245879,0.10371139499097291,0.004432785333254352,0.1056400268485426,0.27357659656961614,0.10686884944582985,0.8595482027142867,0.49638222101741963
refined,100000,2.5,254.82967479793464,0.09885113789907535,0.07385118789895864,0.10007368421929459,0.004170901127161038,0.09929965639218105,0.2639808088328201,0.10302203902623638,0.8606025137654424,0.49611264651688547
refined,100000,2.5,273.8419634264361,0.09539677899941454,0.07039682899929783,0.09656844777220401,0.0039230922278392175,0.09332304755450531,0.25473447040057473,0.09931987122725376,0.8617371109842015,0.49582854830009104
refined,100000,2.5,294.2727176209282,0.09206764343610829,0.06706769343599159,0.09319027104994561,0.0036885655496646957,0.08768812078410809,0.24582329829295246,0.09575620898577299,nan,nan
refined,100000,2.5,316.22776601683796,0.08885952851617372,0.06385957851605702,0.08993488963971079,0.003466609878373899,0.08237462494619827,0.2372360435672248,0.09232613839454762,nan,nan
refined,100000,2.0,17.78279410038923,0.37430798427173595,0.34930803427161927,0.379094543507788,0.045185234118240374,1.0,1.0,0.41949321838997633,nan,nan
refined,100000,2.0,19.109529749704404,0.36102357585877304,0.33602362585865636,0.3656620913870962,0.04256482107741673,0.9353280761453314,0.9645670127657329,0.40358839693618975,nan,nan
refined,100000,2.0,20.53525026457146,0.3482131645657968,0.32321321456568014,0.35270562166028885,0.04010141379041669,0.8751428995784505,0.9303896025426254,0.3883145783562135,0.9173885788585361,0.5013848852356804
refined,100000,2.0,22.0673406908459,0.33585941605823155,0.3108594660581149,0.340208061200711,0.03778525258609112,0.8191096441655207,0.8974227327377027,0.37364466864432266,0.9151753934468293,0.5013853040290998
refined,100000,2.0,23.71373705661655,0.32394494255725614,0.29894499255713947,0.3281522063408012,0.03560725259716761,0.7669245957126822,0.8656210224087801,0.35955219515442377,0.9130049942055991,0.5013872757657429
refined,100000,2.0,25.482967479793466,0.3124552921565321,0.28745534215641544,0.31652388524111885,0.03355859683074556,0.7182905781944277,0.8349470881651355,0.3460138889872777,0.90865308344785,0.5013905496400839
refined,100000,2.0,27.384196342643612,0.30137526531383924,0.27637531531372256,0.3053080534286078,0.031631212654361446,0.6729450987565769,0.8053612447268992,0.3330064779682007,0.9044655061394155,0.5013889605712895
refined,100000,2.0,29.42727176209282,0.29068982980848945,0.2656898798083728,0.2944897861860902,0.02981757517124842,0.6306486015661708,0.7768241227139696,0.3205074049797379,0.9004500676427826,0.5013813860158371
refined,100000,2.0,31.622776601683793,0.28038397009473676,0.2553840200946201,0.2840541334304904,0.02811066609773462,0.5911823320274122,0.7492962858344462,0.30849463619247136,0.8966060110788753,0.501370521918196
refined,100000,2.0,33.982083289425596,0.27044539584811245,0.24544544584799574,0.2739889315429138,0.026503748676930845,0.5543340328407234,0.7227456481110894,0.2969491445250433,0.8929299827465953,0.5013571255015213
refined,100000,2.0,36.51741272548377,0.260861013469039,0.2358610634689223,0.2642811347409858,0.02499063699688648,0.5199151027032245,0.6971377965390222,0.2858516504659255,0.8894302726309244,0.501337995608673
refined,100000,2.0,39.24189758484536,0.2516177513644765,0.22661780136435983,0.2549176879623042,0.023565564915548808,0.48775317541106683,0.672438293633913,0.2751833162800253,0.8861117842816537,0.5013119144527253
refined,100000,2.0,42.169650342858226,0.24270264692088042,0.21770269692076372,0.24588562371241324,0.022223139000923146,0.4576897862709872,0.6486129329037991,0.26492578592180355,0.8829728043589636,0.5012817658752592
refined,100000,2.0,45.31583637600818,0.23410525174560515,0.20910530174548844,0.2371745296719583,0.020958239807894144,0.42957249835202127,0.6256342480621483,0.2550634915534993,0.8800096012318528,0.5012480392232529
refined,100000,2.0,48.69675251658631,0.22581427891164962,0.20081432891153292,0.22877310481242144,0.01976613894169127,0.40326487101916425,0.6034724285281664,0.2455804178533409,0.8772281958901424,0.5012068154880703
refined,100000,2.0,52.32991146814947,0.21781832966179251,0.1928183796616758,0.22066991556136256,0.01864241966478768,0.3786418982332946,0.5820973140881655,0.2364607493265802,0.8746320213767906,0.5011567724694077
refined,100000,2.0,56.23413251903491,0.21010622456977618,0.18510627456965947,0.21285373832219157,0.017582940264040173,0.35558794509547487,0.561479298416277,0.22768916483381635,0.8722196498675011,0.5011009634330098
refined,100000,2.0,60.42963902381328,0.20266908909880843,0.17766913909869173,0.20531568332595193,0.01658381259563151,0.33399273525675854,0.5415949315074592,0.21925290169443995,0.869988045356951,0.5010394952259665
refined,100000,2.0,64.93816315762113,0.19549719062937237,0.17049724062925567,0.19804597031303944,0.015641417549234257,0.31375674876386256,0.5224184143630938,0.21113860817860663,0.867941985948905,0.5009675494732051
refined,100000,2.0,69.78305848598663,0.18858056009420665,0.16358061009408995,0.19103456857064302,0.014752361357266212,0.29478848774287336,0.5039232873229642,0.20333292145147286,0.8660845994153107,0.5008836641151432
refined,100000,2.0,74.98942093324558,0.18190957328407048,0.15690962328395378,0.18427178996061425,0.013913457616075715,0.2770028852538928,0.48608399439236094,0.1958230309001462,0.864415732074562,0.5007910021749986
refined,100000,2.0,80.58421877614818,0.17547670373451363,0.15047675373439692,0.1777500657028152,0.013121746622510484,0.26031950553314653,0.46888057015561757,0.1885984503570241,0.862933800678307,0.5006891100601226
refined,100000,2.0,86.59643233600653,0.16927355973971142,0.14427360973959472,0.17146094032509404,0.012374448479037242,0.2446651133196225,0.45229071022377193,0.18164800821874866,0.8616431476308565,0.5005720204221928
refined,100000,2.0,93.0572040929699,0.1632913959343558,0.1382914459342391,0.16539559482823424,0.011668941677625227,0.229972072761507,0.43629115127276,0.17496033761198101,0.8605475837657293,0.5004380570180809
refined,100000,2.0,100.0,0.15752195053229381,0.1325220005321771,0.15954569572458346,0.011002766964859355,0.21617728683420875,0.4208599106921881,0.16852471749715317,0.8596490496884197,0.5002903739099636
refined,100000,2.0,107.46078283213176,0.15195885418319705,0.12695890418308034,0.15390481886989146,0.010373662772593188,0.20322158444102822,0.4059800424606473,0.16233251695579023,0.8589479641630872,0.5001276941127811
refined,100000,2.0,115.47819846894582,0.14659487526051418,0.12159492526039747,0.14846566314984536,0.009779483791657263,0.19105059007883055,0.391632287228622,0.15637435905217145,0.8584488763840097,0.4999425599635565
refined,100000,2.0,124.09377607517196,0.14142231733693425,0.11642236733681756,0.14322045523863847,0.009218191888214254,0.17961380226330126,0.3777961400167085,0.15064050922514852,0.8581571808900971,0.49973294682216235
refined,100000,2.0,133.3521432163324,0.13643411801585317,0.11143416801573647,0.1381620603831866,0.00868788219311408,0.1688640505871696,0.3644527803137537,0.14512200020896726,0.8580776690057735,0.49950179426030894
refined,100000,2.0,143.30125702369628,0.1316249030308512,0.1066249530307345,0.13328504562076612,0.008186818920752452,0.15875744562166763,0.35158787670081026,0.13981172195160366,0.858213236682916,0.499246622010549
refined,100000,2.0,153.9926526059492,0.12698844744089197,0.10198849744077526,0.12858311682187934,0.0077133380803454926,0.149253266986248,0.33918482611775647,0.13470178552123746,0.8585692313307822,0.4989580161025466
refined,100000,2.0,165.48170999431815,0.12251795558201259,0.09751800558189588,0.12404940311904529,0.007265843869487653,0.140313430670893,0.3272255041478772,0.12978379945150023,0.8591536039249978,0.4986333782623665
refined,100000,2.0,177.82794100389228,0.11820742671576524,0.09320747671564854,0.11967783484947862,0.006842855973696697,0.13190242088610862,0.3156938998437998,0.12505028268946194,0.8599748499560922,0.49827510366364974
refined,100000,2.0,191.09529749704404,0.11405234386319035,0.08905239386307365,0.115463837337252,0.006443036279275067,0.123987431067689,0.3045779458307607,0.12049538014246541,0.8610388973910589,0.49787897213963644
refined,100000,2.0,205.3525026457146,0.11004735868577083,0.08504740868565412,0.11140199672337542,0.0060650877713563055,0.11653772149311455,0.2938633610828714,0.11611244645712714,0.8623525547921536,0.4974329848222866
refined,100000,2.0,220.673406908459,0.10618645107817937,0.08118650107806266,0.10748622212044087,0.005707751909248771,0.10952429213869924,0.28353407866508296,0.11189420298742814,0.8639275282545847,0.4969336161148934
refined,100000,2.0,237.13737056616552,0.10246456574819952,0.07746461574808282,0.10371139499097291,0.00536987553636163,0.10292023862475719,0.27357659656961614,0.10783444128456116,0.8657770915872843,0.49638222101741963
refined,100000,2.0,254.82967479793464,0.09887792559926283,0.07387797559914612,0.10007368421929459,0.005050423043019703,0.09670086763918556,0.2639808088328201,0.10392834864228252,0.8666844947517875,0.49611264651688547
refined,100000,2.0,273.8419634264361,0.09542194868289801,0.0704219986827813,0.09656844777220401,0.004748379009535602,0.09084280447318013,0.25473447040057473,0.10017032769243361,0.8676744807931834,0.49582854830009104
refined,100000,2.0,294.2727176209282,0.09209128534989038,0.06709133534977367,0.09319027104994561,0.004462743747304553,0.08532375686249122,0.24582329829295246,0.09655402909719493,nan,nan
refined,100000,2.0,316.22776601683796,0.08888172764854739,0.06388177764843068,0.08993488963971079,0.004192618031231588,0.08012324682934323,0.2372360435672248,0.09307434567977897,nan,nan
