route,effective_width,theta,intrinsic_time,centered_clean,absolute_gap,approximation_floor,floor_centered_total,raw_total
coarse,100000,0.0,0.1,2.810039153807055,0.042091091481726184,0.024999950000116702,2.852130245288781,2.8771301952888977
coarse,100000,0.0,0.10498109808656175,2.7976129024470993,0.044062966674707285,0.024999950000116702,2.8416758691218065,2.866675819121923
coarse,100000,0.0,0.11021030955460301,2.784656526823079,0.04612092381141701,0.024999950000116702,2.830777450634496,2.8557774006346124
coarse,100000,0.0,0.11569999317502112,2.7712267880985326,0.04826895077129674,0.024999950000116702,2.819495738869829,2.8444956888699457
coarse,100000,0.0,0.12146312332121417,2.757315585868349,0.05051049702564491,0.024999950000116702,2.807826082893994,2.8328260328941104
coarse,100000,0.0,0.1275133206328453,2.7427695118866566,0.05284726754204298,0.024999950000116702,2.7956167794286997,2.8206167294288162
coarse,100000,0.0,0.13386488420699932,2.727579446845452,0.05528257199397061,0.024999950000116702,2.7828620188394226,2.807861968839539
coarse,100000,0.0,0.14053282539281228,2.711860019652255,0.05782150632676997,0.024999950000116702,2.769681525979025,2.7946814759791416
coarse,100000,0.0,0.14753290326944482,2.695604335986084,0.06046778921914501,0.024999950000116702,2.7560721252052294,2.781072075205346
coarse,100000,0.0,0.1548816618912481,2.678696297150422,0.06322350475974521,0.024999950000116702,2.7419198019101674,2.766919751910284
coarse,100000,0.0,0.16259646938814815,2.661020878160143,0.06609043484709294,0.024999950000116702,2.727111313007236,2.7521112630073525
coarse,100000,0.0,0.17069555901365815,2.6427654469126725,0.0690752601038839,0.024999950000116702,2.7118407070165564,2.736840657016673
coarse,100000,0.0,0.1791980722375334,2.623925471741758,0.07218187093106068,0.024999950000116702,2.6961073426728186,2.721107292672935
coarse,100000,0.0,0.18812410398491272,2.6044367068262897,0.07541303832172004,0.024999950000116702,2.67984974514801,2.7048496951481265
coarse,100000,0.0,0.19749475012886664,2.5840535763069825,0.07876755760775628,0.024999950000116702,2.662821133914739,2.6878210839148555
coarse,100000,0.0,0.2073321573485955,2.5630513507628687,0.08225440843099324,0.024999950000116702,2.645305759193862,2.6703057091939786
coarse,100000,0.0,0.2176595754711136,2.5414293544669198,0.08587750387675618,0.024999950000116702,2.627306858343676,2.6523068083437926
coarse,100000,0.0,0.2285014124201237,2.519187928132726,0.08964077823402894,0.024999950000116702,2.608828706366755,2.6338286563668714
coarse,100000,0.0,0.23988329190194904,2.4959353355726717,0.09353801233632766,0.024999950000116702,2.5894733479089993,2.614473297909116
coarse,100000,0.0,0.25183211396485844,2.472041979276352,0.0975813783891294,0.024999950000116702,2.5696233576654812,2.594623307665598
coarse,100000,0.0,0.26437611857491,2.447514957780742,0.1017746611270153,0.024999950000116702,2.549289618907757,2.5742895689078735
coarse,100000,0.0,0.277544952358571,2.4223604120181865,0.10612156300332919,0.024999950000116702,2.5284819750215157,2.5534819250216323
coarse,100000,0.0,0.29136973866985255,2.396241450357336,0.11061447110010576,0.024999950000116702,2.5068559214574417,2.5318558714575583
coarse,100000,0.0,0.30588315114755654,2.3694169824290365,0.11526351981825861,0.024999950000116702,2.4846805022472953,2.509680452247412
coarse,100000,0.0,0.3211194909364823,2.341975784748197,0.12007436072865289,0.024999950000116702,2.4620501454768497,2.4870500954769663
coarse,100000,0.0,0.33711476775509625,2.3139315686038366,0.12505020367962805,0.024999950000116702,2.438981772283465,2.4639817222835814
coarse,100000,0.0,0.35390678500126244,2.2850207326251346,0.1301824613738896,0.024999950000116702,2.4152031939990244,2.440203143999141
coarse,100000,0.0,0.37153522909717257,2.2553713920791876,0.1354766810501506,0.024999950000116702,2.3908480731293382,2.415848023129455
coarse,100000,0.0,0.39004176328463463,2.225162600142012,0.1409416526369659,0.024999950000116702,2.366104252778978,2.3911042027790947
coarse,100000,0.0,0.4094701260923973,2.1944170494898247,0.14657981923982674,0.024999950000116702,2.3409968687296514,2.365996818729768
coarse,100000,0.0,0.42986623470822766,2.162958542758365,0.1523825222906205,0.024999950000116702,2.3153410650489854,2.340341015049102
coarse,100000,0.0,0.45127829350005433,2.1307761965180765,0.15834721157138348,0.024999950000116702,2.28912340808946,2.3141233580895766
coarse,100000,0.0,0.473756907942654,2.098139401073845,0.16448765253746075,0.024999950000116702,2.262627053611306,2.2876270036114223
coarse,100000,0.0,0.49735520421913965,2.0650803087758924,0.17080528800624573,0.024999950000116702,2.235885596782138,2.2608855467822546
coarse,100000,0.0,0.5221289547799146,2.0315158479067543,0.17729290265360048,0.024999950000116702,2.2088087505603546,2.233808700560471
coarse,100000,0.0,0.5481367101558418,1.9973044339444113,0.18393544030253015,0.024999950000116702,2.181239874246941,2.206239824247058
coarse,100000,0.0,0.5754399373371569,1.9627934688407005,0.19075408603203664,0.024999950000116702,2.153547554872737,2.1785475048728538
coarse,100000,0.0,0.6041031650451701,1.9280234290606055,0.19774916414452592,0.024999950000116702,2.1257725932051317,2.1507725432052482
coarse,100000,0.0,0.6341941362400942,1.892997910133202,0.20491706234957485,0.024999950000116702,2.097914972482777,2.1229149224828934
coarse,100000,0.0,0.6657839682254364,1.8574729617210748,0.21222526493190197,0.024999950000116702,2.0696982266529766,2.0946981766530937
coarse,100000,0.0,0.6989473207273484,1.8218467299348473,0.21970531352482137,0.024999950000116702,2.0415520434596686,2.0665519934597856
coarse,100000,0.0,0.7337625723461731,1.7861647042326305,0.22735648939792888,0.024999950000116702,2.0135211936305595,2.038521143630676
coarse,100000,0.0,0.7703120057972147,1.7504712073818591,0.23517779758620147,0.024999950000116702,1.9856490049680606,2.010648954968177
coarse,100000,0.0,0.8086820023785352,1.7145437474583058,0.24312541619723563,0.024999950000116702,1.9576691636555414,1.9826691136556582
coarse,100000,0.0,0.8489632461253815,1.6787133291091876,0.25123339089009733,0.024999950000116702,1.9299467199992848,1.9549466699994018
coarse,100000,0.0,0.8912509381337457,1.6430504048727759,0.25950391500693437,0.024999950000116702,1.9025543198797101,1.9275542698798271
coarse,100000,0.0,0.9356450215595893,1.607597773729955,0.2679353185470551,0.024999950000116702,1.87553309227701,1.900533042277127
coarse,100000,0.0,0.9822504178255043,1.572242834136665,0.27648706906596243,0.024999950000116702,1.8487299032026274,1.8737298532027442
coarse,100000,0.0,1.0311772745930554,1.537170016156281,0.2851801584305969,0.024999950000116702,1.8223501745868778,1.8473501245869945
coarse,100000,0.0,1.0825412260868696,1.502477897091225,0.2940262461382967,0.024999950000116702,1.7965041432295217,1.8215040932296385
coarse,100000,0.0,1.1364636663857248,1.468201186650508,0.30302355091739225,0.024999950000116702,1.7712247375679002,1.796224687568017
coarse,100000,0.0,1.1930720363265337,1.4343014958324682,0.3121385960323022,0.024999950000116702,1.7464400918647704,1.7714400418648872
coarse,100000,0.0,1.252500124699298,1.4008613940447434,0.32137562301500733,0.024999950000116702,1.7222370170597507,1.7472369670598675
coarse,100000,0.0,1.314888384444878,1.3679714905433653,0.33075795949365056,0.024999950000116702,1.6987294500370158,1.7237294000371326
coarse,100000,0.0,1.3803842646028852,1.3356528667373426,0.3402843159989844,0.024999950000116702,1.675937182736327,1.7009371327364438
coarse,100000,0.0,1.449142558794219,1.3039018869371364,0.3499312885405981,0.024999950000116702,1.6538331754777345,1.6788331254778512
coarse,100000,0.0,1.5213257710618697,1.2727450049474014,0.3596844075841218,0.024999950000116702,1.6324294125315233,1.6574293625316399
coarse,100000,0.0,1.5971044999346033,1.242238220642536,0.36957942713746306,0.024999950000116702,1.611817647779999,1.6368175977801158
coarse,100000,0.0,1.6766578416212374,1.2123868213507087,0.3796159619701664,0.024999950000116702,1.5920027833208752,1.617002733320992
coarse,100000,0.0,1.7601738132884204,1.1831913911627345,0.389782174853221,0.024999950000116702,1.5729735660159556,1.5979735160160722
coarse,100000,0.0,1.8478497974222907,1.154655747247446,0.4000449424859463,0.024999950000116702,1.5547006897333921,1.579700639733509
coarse,100000,0.0,1.9398930083242285,1.1267938439487741,0.4104514477507958,0.024999950000116702,1.5372452916995698,1.5622452416996868
coarse,100000,0.0,2.036520981843212,1.0995976689769849,0.4210022574873312,0.024999950000116702,1.5205999264643162,1.5455998764644328
coarse,100000,0.0,2.1379620895022327,1.0730585617928166,0.4316968858126707,0.024999950000116702,1.5047554476054872,1.529755397605604
coarse,100000,0.0,2.244456078233844,1.0471730954898772,0.44248506482020583,0.024999950000116702,1.4896581603100831,1.5146581103102
coarse,100000,0.0,2.3562546370004687,1.0219253882185246,0.45342315325129307,0.024999950000116702,1.4753485414698178,1.5003484914699345
coarse,100000,0.0,2.473621991638621,0.997300184909058,0.4645123791261869,0.024999950000116702,1.4618125640352448,1.4868125140353616
coarse,100000,0.0,2.5968355293329033,0.9732823666450986,0.47575409740232466,0.024999950000116702,1.4490364640474231,1.47403641404754
coarse,100000,0.0,2.7261864541956613,0.9498606281693973,0.4871072794975704,0.024999950000116702,1.4369679076669677,1.4619678576670845
coarse,100000,0.0,2.861980475501707,0.9270131229234506,0.49861057804023984,0.024999950000116702,1.4256237009636905,1.450623650963807
coarse,100000,0.0,3.004538530204693,0.9047227361058094,0.5102736809521615,0.024999950000116702,1.414996417057971,1.4399963670580878
coarse,100000,0.0,3.1541975414427297,0.882973854059014,0.5220981888271718,0.024999950000116702,1.4050720428861858,1.4300719928863024
coarse,100000,0.0,3.311311214825911,0.861750894771332,0.534054039829079,0.024999950000116702,1.3958049346004109,1.4208048846005277
coarse,100000,0.0,3.476250874387709,0.8410368247582514,0.5461603799815119,0.024999950000116702,1.3871972047397634,1.41219715473988
coarse,100000,0.0,3.649406340175921,0.8208176210938315,0.5584353045336293,0.024999950000116702,1.3792529256274608,1.4042528756275776
coarse,100000,0.0,3.831186849557289,0.8010801414595995,0.570880451390107,0.024999950000116702,1.3719605928497065,1.3969605428498233
coarse,100000,0.0,4.022022024413192,0.7818100120044409,0.5834752887551865,0.024999950000116702,1.3652853007596275,1.390285250759744
coarse,100000,0.0,4.22236288651233,0.762994301634885,0.5962213268151239,0.024999950000116702,1.3592156284500088,1.3842155784501255
coarse,100000,0.0,4.432682923460089,0.74462342516365,0.6091444064745445,0.024999950000116702,1.3537678316381945,1.3787677816383113
coarse,100000,0.0,4.653479207743908,0.7266866476267297,0.622246222269828,0.024999950000116702,1.3489328698965577,1.3739328198966745
coarse,100000,0.0,4.885273571519389,0.7091723377806792,0.6355149945133741,0.024999950000116702,1.3446873322940534,1.3696872822941701
coarse,100000,0.0,5.1286138399136485,0.6920688966740125,0.6489360953965984,0.024999950000116702,1.3410049920706109,1.3660049420707274
coarse,100000,0.0,5.384075125760731,0.6753694844431031,0.6625427918722366,0.024999950000116702,1.3379122763153397,1.3629122263154563
coarse,100000,0.0,5.652261188829045,0.659064698981741,0.676336919346546,0.024999950000116702,1.335401618328287,1.3604015683284039
coarse,100000,0.0,5.933805862753281,0.6431448859349638,0.6903149819415539,0.024999950000116702,1.3334598678765177,1.3584598178766343
coarse,100000,0.0,6.229374553043173,0.6275982452203811,0.704447326957048,0.024999950000116702,1.3320455721774291,1.357045522177546
coarse,100000,0.0,6.539665809709571,0.6124193310307476,0.7187743182542861,0.024999950000116702,1.3311936492850336,1.3561935992851504
coarse,100000,0.0,6.865412978224548,0.5975995264700616,0.7332979618179305,0.024999950000116702,1.330897488287992,1.3558974382881088
coarse,100000,0.0,7.207385932717452,0.5831304130944821,0.7480203239974111,0.024999950000116702,1.3311507370918934,1.35615068709201
coarse,100000,0.0,7.566392895503165,0.5690001591347542,0.7629044368682141,0.024999950000116702,1.3319045960029683,1.356904546003085
coarse,100000,0.0,7.943282347242818,0.55520400041482,0.7779905288288714,0.024999950000116702,1.3331945292436913,1.358194479243808
coarse,100000,0.0,8.338945032251527,0.5417342611339017,0.793283052636213,0.024999950000116702,1.3350173137701147,1.3600172637702315
coarse,100000,0.0,8.754316063692443,0.5285832490781831,0.8087842327316636,0.024999950000116702,1.3373674818098467,1.3623674318099632
coarse,100000,0.0,9.190377133632595,0.5157404707589249,0.8244654488150946,0.024999950000116702,1.3402059195740197,1.3652058695741363
coarse,100000,0.0,9.648158833183777,0.50320056143951,0.8403515026387057,0.024999950000116702,1.3435520640782157,1.3685520140783325
coarse,100000,0.0,10.128743088211932,0.4909572617956784,0.8564542798068198,0.024999950000116702,1.347411541602498,1.3724114916026149
coarse,100000,0.0,10.633265716371616,0.479003587955453,0.872776155886564,0.024999950000116702,1.351779743842017,1.3767796938421337
coarse,100000,0.0,11.162919111508824,0.4673303917424185,0.8892964152086892,0.024999950000116702,1.3566268069511076,1.3816267569512244
coarse,100000,0.0,11.718955061776631,0.45593161773169455,0.9060252042231066,0.024999950000116702,1.3619568219548013,1.3869567719549178
coarse,100000,0.0,12.30268770812381,0.44480238897587937,0.9229815074862381,0.024999950000116702,1.3677838964621174,1.3927838464622342
coarse,100000,0.0,12.91549665014884,0.43393636660524754,0.9401678495598665,0.024999950000116702,1.374104216165114,1.3991041661652308
coarse,100000,0.0,13.558830206659357,0.42332571243258665,0.9575710489885173,0.024999950000116702,1.3808967614211038,1.4058967114212206
coarse,100000,0.0,14.234208838643415,0.4129635536743444,0.9751872326073476,0.024999950000116702,1.388150786281692,1.4131507362818088
coarse,100000,0.0,14.943228742742294,0.4028463597021632,0.9930422148681769,0.024999950000116702,1.39588857457034,1.4208885245704568
coarse,100000,0.0,15.687565623717566,0.392968375823923,1.0111386656649513,0.024999950000116702,1.4041070414888743,1.429106991488991
coarse,100000,0.0,16.46897865482869,0.38332304268542206,1.0294706299781065,0.024999950000116702,1.4127936726635286,1.4377936226636452
coarse,100000,0.0,17.289314635480615,0.37390255678580026,1.0480207136430293,0.024999950000116702,1.4219232704288296,1.4469232204289462
coarse,100000,0.0,17.78279410038923,0.3685517203939294,1.058884185408782,0.024999950000116702,1.4274359058027115,1.452435855802828
coarse,100000,0.0,18.15051235596819,0.3647047084218098,1.066821355933854,0.024999950000116702,1.4315260643556638,1.4565260143557803
coarse,100000,0.0,19.054607179632484,0.3557242740737322,1.0858753661024534,0.024999950000116702,1.4415996401761855,1.4665995901763023
coarse,100000,0.0,19.109529749704404,0.3551989794489139,1.0870091729506615,0.024999950000116702,1.4422081523995753,1.4672081023996921
coarse,100000,0.0,20.003735853259002,0.34695595019905856,1.105183771156913,0.024999950000116702,1.4521397213559717,1.4771396713560883
coarse,100000,0.0,20.53525026457146,0.34230883581738253,1.115679236674568,0.024999950000116702,1.4579880724919505,1.4829880224920673
coarse,100000,0.0,21.000141557086565,0.338390894542061,1.1247160119163584,0.024999950000116702,1.4631069064584195,1.488106856458536
coarse,100000,0.0,22.04617920636185,0.330028198131662,1.1445110161034815,0.024999950000116702,1.4745392142351434,1.4995391642352602
coarse,100000,0.0,22.0673406908459,0.3298651553781763,1.144904410139858,0.024999950000116702,1.4747695655180344,1.499769515518151
coarse,100000,0.0,23.144321016969926,0.3218631203271469,1.1645717235649717,0.024999950000116702,1.4864348438921187,1.5114347938922355
coarse,100000,0.0,23.71373705661655,0.317852368727179,1.1746948475298458,0.024999950000116702,1.4925472162570248,1.5175471662571414
coarse,100000,0.0,24.29716234829391,0.31389103484634534,1.1849011215882752,0.024999950000116702,1.4987921564346205,1.5237921064347373
coarse,100000,0.0,25.482967479793466,0.30625545159144674,1.205060817561004,0.024999950000116702,1.5113162691524509,1.5363162191525674
coarse,100000,0.0,25.507427837113593,0.3061036378711604,1.2054702205453178,0.024999950000116702,1.5115738584164782,1.536573808416595
coarse,100000,0.0,26.777977837039188,0.2984996240205119,1.2263098397552339,0.024999950000116702,1.5248094637757457,1.5498094137758625
coarse,100000,0.0,27.384196342643612,0.2950599059351143,1.2360126965226539,0.024999950000116702,1.531072602457768,1.556072552457885
coarse,100000,0.0,28.11181517869986,0.2910752520669751,1.247427882912808,0.024999950000116702,1.538503134979783,1.5635030849798999
coarse,100000,0.0,29.42727176209282,0.28425120885944716,1.2675564756612376,0.024999950000116702,1.5518076845206847,1.5768076345208015
coarse,100000,0.0,29.51209226666387,0.28382632435005084,1.2688274525709737,0.024999950000116702,1.5526537769210247,1.5776537269211413
coarse,100000,0.0,30.982118529862987,0.2767456804973148,1.2904863806287954,0.024999950000116702,1.5672320611261101,1.592232011126227
coarse,100000,0.0,31.622776601683793,0.2738146104499024,1.2996922179601151,0.024999950000116702,1.5735068284100175,1.598506778410134
coarse,100000,0.0,32.5253682431303,0.2698309020973629,1.312422167920966,0.024999950000116702,1.5822530700183288,1.6072530200184456
coarse,100000,0.0,33.982083289425596,0.2637388568169621,1.3324454702036548,0.024999950000116702,1.5961843270206169,1.6211842770207334
coarse,100000,0.0,34.145488738336006,0.26307944240057457,1.334649411515057,0.024999950000116702,1.5977288539156316,1.6227288039157481
coarse,100000,0.0,35.84630902452844,0.25648749345680244,1.3571713105058392,0.024999950000116702,1.6136588039626416,1.6386587539627584
coarse,100000,0.0,36.51741272548377,0.2540113794336181,1.3658269128580012,0.024999950000116702,1.6198382922916192,1.644838242291736
coarse,100000,0.0,37.63184883745225,0.2500490301132235,1.37997234443154,0.024999950000116702,1.6300213745447634,1.6550213245448802
coarse,100000,0.0,39.24189758484536,0.24462005115325855,1.399847279391915,0.024999950000116702,1.6444673305451736,1.6694672805452901
coarse,100000,0.0,39.50632813983238,0.2437604254729612,1.4030567947692905,0.024999950000116702,1.6468172202422517,1.6718171702423683
coarse,100000,0.0,41.47417709487639,0.23762031999515587,1.4264459424372136,0.024999950000116702,1.6640662624323694,1.6890662124324862
coarse,100000,0.0,42.169650342858226,0.235553170976474,1.4345173417273922,0.024999950000116702,1.6700705127038662,1.695070462703983
coarse,100000,0.0,43.540046536566486,0.2316252601056115,1.450143057301233,0.024999950000116702,1.6817683174068445,1.7067682674069613
coarse,100000,0.0,45.31583637600818,0.22679944934485777,1.4698478941083288,0.024999950000116702,1.6966473434531866,1.7216472934533034
coarse,100000,0.0,45.708818961487516,0.2257703509868969,1.474139178248144,0.024999950000116702,1.699909529235041,1.7249094792351576
coarse,100000,0.0,47.98562006816812,0.22005066599272288,1.4984252352739837,0.024999950000116702,1.7184759012667066,1.7434758512668234
coarse,100000,0.0,48.69675251658631,0.21834799394053173,1.5058497352784095,0.024999950000116702,1.7241977292189412,1.749197679219058
coarse,100000,0.0,50.37583087120846,0.2144660281690029,1.5230292997287593,0.024999950000116702,1.7374953278977623,1.7624952778978789
coarse,100000,0.0,52.32991146814947,0.21018756453833695,1.5425277500714978,0.024999950000116702,1.7527153146098347,1.7777152646099514
coarse,100000,0.0,52.88510041882383,0.2090133061895849,1.5479546777601045,0.024999950000116702,1.7569679839496894,1.7819679339498062
coarse,100000,0.0,55.5193591438621,0.20368873324560766,1.5731989893202516,0.024999950000116702,1.7768877225658593,1.801887672565976
coarse,100000,0.0,56.23413251903491,0.202307034853205,1.5798845493898894,0.024999950000116702,1.7821915842430944,1.8071915342432112
coarse,100000,0.0,58.28483287984838,0.19848599629520644,1.5987393864711876,0.024999950000116702,1.797225382766394,1.8222253327665108
coarse,100000,0.0,60.42963902381328,0.1946983350983198,1.6179444764449435,0.024999950000116702,1.8126428115432633,1.8376427615433801
coarse,100000,0.0,61.18805757518219,0.19340609827379815,1.624610986256287,0.024999950000116702,1.8180170845300851,1.843017034530202
coarse,100000,0.0,64.23589474026393,0.18844620088041855,1.6508170859646654,0.024999950000116702,1.839263286845084,1.8642632368452006
coarse,100000,0.0,64.93816315762113,0.18735203021558217,1.6567180644633277,0.024999950000116702,1.84407009467891,1.8690700446790265
coarse,100000,0.0,67.435547664057,0.18360353539099625,1.67736100458546,0.024999950000116702,1.860964539976456,1.8859644899765728
coarse,100000,0.0,69.78305848598663,0.18025901844990902,1.696215725362311,0.024999950000116702,1.87647474381222,1.9014746938123366
coarse,100000,0.0,70.79457843841381,0.17887070926483098,1.704208453969547,0.024999950000116702,1.883079163234378,1.9080791132344948
coarse,100000,0.0,74.32092583039913,0.17424951556755633,1.7313989005234247,0.024999950000116702,1.905648416090981,1.9306483660910978
coarse,100000,0.0,74.98942093324558,0.1734105198800254,1.7364477181615503,0.024999950000116702,1.9098582380415756,1.9348581880416924
coarse,100000,0.0,78.02292404485208,0.16973751197604015,1.758936622139475,0.024999950000116702,1.9286741341155151,1.953674084115632
coarse,100000,0.0,80.58421877614818,0.16679806536966016,1.7774241144877252,0.024999950000116702,1.9442221798573853,1.9692221298575021
coarse,100000,0.0,81.90932242152977,0.1653321900055455,1.78682485979693,0.024999950000116702,1.9521570498024756,1.9771569998025922
coarse,100000,0.0,85.98930611338423,0.16102721800349107,1.8150349850559708,0.024999950000116702,1.976062203059462,2.0010621530595785
coarse,100000,0.0,86.59643233600653,0.16041348592834578,1.8191547609377887,0.024999950000116702,1.9795682468661344,2.004568196866251
coarse,100000,0.0,90.27251779484578,0.156822962515056,1.8435931118241327,0.024999950000116702,2.0004160743391886,2.0254160243393056
coarse,100000,0.0,93.0572040929699,0.1542479570183988,1.8616413014873343,0.024999950000116702,2.0158892585057333,2.04088920850585
coarse,100000,0.0,94.76908045141592,0.15271809190368144,1.8725105560823676,0.024999950000116702,2.025228647986049,2.0502285979861656
coarse,100000,0.0,99.4896213044336,0.14871033449505164,1.9017904028268,0.024999950000116702,2.0505007373218516,2.075500687321968
coarse,100000,0.0,100.0,0.14829319535358354,1.9048867215100447,0.024999950000116702,2.053179916863628,2.078179866863745
coarse,100000,0.0,104.44529692755633,0.14479442540634507,1.93140979693837,0.024999950000116702,2.076204222344715,2.101204172344832
coarse,100000,0.0,107.46078283213176,0.1425434992711766,1.9489132372030764,0.024999950000116702,2.091456736474253,2.1164566864743697
coarse,100000,0.0,109.64781961431851,0.14096922933506265,1.9613804680122937,0.024999950000116702,2.1023496973473565,2.127349647347473
coarse,100000,0.0,115.10948505908407,0.13723452856178064,1.9917213578016253,0.024999950000116702,2.128955886363406,2.1539558363635227
coarse,100000,0.0,115.47819846894582,0.13699180306895525,1.993729220191873,0.024999950000116702,2.1307210232608282,2.155720973260945
coarse,100000,0.0,120.84320141681312,0.13358826704672916,2.0224352963406242,0.024999950000116702,2.1560235633873535,2.18102351338747
coarse,100000,0.0,124.09377607517196,0.13163129382262695,2.0393425603173587,0.024999950000116702,2.1709738541399854,2.1959738041401025
coarse,100000,0.0,126.86251981032602,0.1300262531926377,2.05350553782732,0.024999950000116702,2.1835317910199574,2.2085317410200744
coarse,100000,0.0,133.1816663571621,0.12654578111453044,2.0849277636752848,0.024999950000116702,2.2114735447898153,2.236473494789932
coarse,100000,0.0,133.3521432163324,0.12645540294820815,2.085760602678382,0.024999950000116702,2.21221600562659,2.2372159556267066
coarse,100000,0.0,139.81557579172983,0.12314774969522102,2.116729454333516,0.024999950000116702,2.239877204028737,2.264877154028854
coarse,100000,0.0,143.30125702369628,0.12145779808698529,2.1329900795851446,0.024999950000116702,2.25444787767213,2.2794478276722465
coarse,100000,0.0,146.77992676220705,0.11983029939093792,2.1489130606161972,0.024999950000116702,2.268743360007135,2.293743310007252
coarse,100000,0.0,153.9926526059492,0.11663237530289165,2.1810370371094696,0.024999950000116702,2.297669412412361,2.322669362412478
coarse,100000,0.0,154.09117888561602,0.11659031798527503,2.18146858511266,0.024999950000116702,2.298058903097935,2.3230588530980514
coarse,100000,0.0,161.76661164864794,0.11342346872319553,2.2143731658187065,0.024999950000116702,2.327796634541902,2.352796584542019
coarse,100000,0.0,165.48170999431815,0.11197208360383916,2.2298952527953873,0.024999950000116702,2.3418673363992264,2.366867286399343
coarse,100000,0.0,169.82436524617444,0.11033176786660422,2.247664162559052,0.024999950000116702,2.357995930425656,2.382995880425773
coarse,100000,0.0,177.82794100389228,0.10747091397248548,2.2795645218542067,0.024999950000116702,2.387035435826692,2.4120353858268087
coarse,100000,0.0,178.28348345396734,0.10731353507747811,2.2813434926325655,0.024999950000116702,2.388657027710044,2.4136569777101604
coarse,100000,0.0,187.16395863694845,0.1043667417736616,2.3154089551108026,0.024999950000116702,2.4197756968844644,2.444775646884581
coarse,100000,0.0,191.09529749704404,0.10312491884667993,2.330062549407103,0.024999950000116702,2.4331874682537826,2.4581874182538996
coarse,100000,0.0,196.4867789993468,0.10148537125097935,2.349815562885582,0.024999950000116702,2.4513009341365617,2.4763008841366783
coarse,100000,0.0,205.3525026457146,0.0989288384758482,2.381391546242948,0.024999950000116702,2.4803203847187962,2.505320334718913
coarse,100000,0.0,206.27397818843016,0.09867255422257401,2.3846124549534773,0.024999950000116702,2.4832850091760514,2.508284959176168
coarse,100000,0.0,216.54868736904876,0.09592677394486541,2.4198008256310253,0.024999950000116702,2.5157275995758908,2.5407275495760073
coarse,100000,0.0,220.673406908459,0.09487760713966926,2.433552554800212,0.024999950000116702,2.5284301619398812,2.5534301119399982
coarse,100000,0.0,227.33518989206314,0.09324655202842812,2.455381761887988,0.024999950000116702,2.548628313916416,2.573628263916533
coarse,100000,0.0,237.13737056616552,0.09096634704740751,2.4865453346895823,0.024999950000116702,2.57751168173699,2.6025116317371064
coarse,100000,0.0,238.65897868585807,0.09062575966337812,2.491301469146318,0.024999950000116702,2.581927228809696,2.6069271788098125
coarse,100000,0.0,250.5468165065873,0.08806703117785347,2.5276051834192588,0.024999950000116702,2.615672214597112,2.640672164597229
coarse,100000,0.0,254.82967479793464,0.08719036248659184,2.540368240458308,0.024999950000116702,2.6275586029449,2.6525585529450164
coarse,100000,0.0,263.02679918953817,0.08556953326600232,2.564299248693654,0.024999950000116702,2.6498687819596567,2.6748687319597733
coarse,100000,0.0,273.8419634264361,0.08354513421206189,2.595018091314637,0.024999950000116702,2.6785632255266987,2.7035631755268152
coarse,100000,0.0,276.128422051113,0.08313193335954958,2.6013837568420297,0.024999950000116702,2.684515690201579,2.7095156402016958
coarse,100000,0.0,289.88264959835425,0.08074917262954297,2.63880909834001,0.024999950000116702,2.719558270969553,2.7445582209696697
coarse,100000,0.0,294.2727176209282,0.08002493393942796,2.650471598315028,0.024999950000116702,2.730496532254456,2.7554964822545727
coarse,100000,0.0,304.32198871077225,0.07842217514476643,2.6766003752513705,0.024999950000116702,2.755022550396137,2.7800225003962535
coarse,100000,0.0,316.22776601683796,0.07662562111446823,2.7067198236279255,0.024999950000116702,2.7833454447423938,2.8083453947425103
coarse,100000,0.0,319.4805654674313,0.0761511768305807,2.7147754028579847,0.024999950000116702,2.7909265796885654,2.815926529688682
coarse,100000,0.0,335.394205800866,0.07393497838953832,2.7533329951535466,0.024999950000116702,2.827267973543085,2.852267923543202
coarse,100000,0.0,352.1005201684521,0.07176959592875212,2.792229235879382,0.024999950000116702,2.8639988318081344,2.888998781808251
coarse,100000,0.0,369.6389924413366,0.06965422076552706,2.8314632420703982,0.024999950000116702,2.9011174628359253,2.926117412836042
coarse,100000,0.0,388.0510732210183,0.06759014344888968,2.8710675097217244,0.024999950000116702,2.938657653170614,2.9636576031707307
coarse,100000,0.0,407.380277804113,0.06557628650332939,2.9110392439584274,0.024999950000116702,2.976615530461757,3.0016154804618735
coarse,100000,0.0,427.67228902684343,0.06360973686086537,2.9513426072121662,0.024999950000116702,3.0149523440730315,3.0399522940731485
coarse,100000,0.0,448.97506523231453,0.06168795800481488,2.9919426287984408,0.024999950000116702,3.053630586803256,3.0786305368033724
coarse,100000,0.0,471.3389536157405,0.05981326612570998,3.032890894803557,0.024999950000116702,3.092704160929267,3.1177041109293837
coarse,100000,0.0,494.8168092155145,0.05798469501594772,3.074182622979278,0.024999950000116702,3.1321673179952256,3.157167267995342
coarse,100000,0.0,519.4641198313342,0.056200384524886036,3.115793591704528,0.024999950000116702,3.1719939762294143,3.196993926229531
coarse,100000,0.0,545.3391371646278,0.05445611270176983,3.1576438094974058,0.024999950000116702,3.2120999221991755,3.237099872199292
coarse,100000,0.0,572.5030144912078,0.05275517217930494,3.1998098785635603,0.024999950000116702,3.252565050742865,3.2775650007429817
coarse,100000,0.0,601.0199511915373,0.051096698112862375,3.2422846096133604,0.024999950000116702,3.293381307726223,3.3183812577263394
coarse,100000,0.0,630.9573444801937,0.049479845388406954,3.2850604104246863,0.024999950000116702,3.3345402558130934,3.35954020581321
coarse,100000,0.25,0.1,2.810039153807055,0.042091091481726184,0.024999950000116702,2.852130245288781,2.8771301952888977
coarse,100000,0.25,0.10498109808656175,2.7976129024470993,0.044062966674707285,0.024999950000116702,2.8416758691218065,2.866675819121923
coarse,100000,0.25,0.11021030955460301,2.784656526823079,0.04612092381141701,0.024999950000116702,2.830777450634496,2.8557774006346124
coarse,100000,0.25,0.11569999317502112,2.7712267880985326,0.04826895077129674,0.024999950000116702,2.819495738869829,2.8444956888699457
coarse,100000,0.25,0.12146312332121417,2.757315585868349,0.05051049702564491,0.024999950000116702,2.807826082893994,2.8328260328941104
coarse,100000,0.25,0.1275133206328453,2.7427695118866566,0.05284726754204298,0.024999950000116702,2.7956167794286997,2.8206167294288162
coarse,100000,0.25,0.13386488420699932,2.727579446845452,0.05528257199397061,0.024999950000116702,2.7828620188394226,2.807861968839539
coarse,100000,0.25,0.14053282539281228,2.711860019652255,0.05782150632676997,0.024999950000116702,2.769681525979025,2.7946814759791416
coarse,100000,0.25,0.14753290326944482,2.695604335986084,0.06046778921914501,0.024999950000116702,2.7560721252052294,2.781072075205346
coarse,100000,0.25,0.1548816618912481,2.678696297150422,0.06322350475974521,0.024999950000116702,2.7419198019101674,2.766919751910284
coarse,100000,0.25,0.16259646938814815,2.661020878160143,0.06609043484709294,0.024999950000116702,2.727111313007236,2.7521112630073525
coarse,100000,0.25,0.17069555901365815,2.6427654469126725,0.0690752601038839,0.024999950000116702,2.7118407070165564,2.736840657016673
coarse,100000,0.25,0.1791980722375334,2.623925471741758,0.07218187093106068,0.024999950000116702,2.6961073426728186,2.721107292672935
coarse,100000,0.25,0.18812410398491272,2.6044367068262897,0.07541303832172004,0.024999950000116702,2.67984974514801,2.7048496951481265
coarse,100000,0.25,0.19749475012886664,2.5840535763069825,0.07876755760775628,0.024999950000116702,2.662821133914739,2.6878210839148555
coarse,100000,0.25,0.2073321573485955,2.5630513507628687,0.08225440843099324,0.024999950000116702,2.645305759193862,2.6703057091939786
coarse,100000,0.25,0.2176595754711136,2.5414293544669198,0.08587750387675618,0.024999950000116702,2.627306858343676,2.6523068083437926
coarse,100000,0.25,0.2285014124201237,2.519187928132726,0.08964077823402894,0.024999950000116702,2.608828706366755,2.6338286563668714
coarse,100000,0.25,0.23988329190194904,2.4959353355726717,0.09353801233632766,0.024999950000116702,2.5894733479089993,2.614473297909116
coarse,100000,0.25,0.25183211396485844,2.472041979276352,0.0975813783891294,0.024999950000116702,2.5696233576654812,2.594623307665598
coarse,100000,0.25,0.26437611857491,2.447514957780742,0.1017746611270153,0.024999950000116702,2.549289618907757,2.5742895689078735
coarse,100000,0.25,0.277544952358571,2.4223604120181865,0.10612156300332919,0.024999950000116702,2.5284819750215157,2.5534819250216323
coarse,100000,0.25,0.29136973866985255,2.396241450357336,0.11061447110010576,0.024999950000116702,2.5068559214574417,2.5318558714575583
coarse,100000,0.25,0.30588315114755654,2.3694169824290365,0.11526351981825861,0.024999950000116702,2.4846805022472953,2.509680452247412
coarse,100000,0.25,0.3211194909364823,2.341975784748197,0.12007436072865289,0.024999950000116702,2.4620501454768497,2.4870500954769663
coarse,100000,0.25,0.33711476775509625,2.3139315686038366,0.12505020367962805,0.024999950000116702,2.438981772283465,2.4639817222835814
coarse,100000,0.25,0.35390678500126244,2.2850207326251346,0.1301824613738896,0.024999950000116702,2.4152031939990244,2.440203143999141
coarse,100000,0.25,0.37153522909717257,2.2553713920791876,0.1354766810501506,0.024999950000116702,2.3908480731293382,2.415848023129455
coarse,100000,0.25,0.39004176328463463,2.225162600142012,0.1409416526369659,0.024999950000116702,2.366104252778978,2.3911042027790947
coarse,100000,0.25,0.4094701260923973,2.1944170494898247,0.14657981923982674,0.024999950000116702,2.3409968687296514,2.365996818729768
coarse,100000,0.25,0.42986623470822766,2.162958542758365,0.1523825222906205,0.024999950000116702,2.3153410650489854,2.340341015049102
coarse,100000,0.25,0.45127829350005433,2.1307761965180765,0.15834721157138348,0.024999950000116702,2.28912340808946,2.3141233580895766
coarse,100000,0.25,0.473756907942654,2.098139401073845,0.16448765253746075,0.024999950000116702,2.262627053611306,2.2876270036114223
coarse,100000,0.25,0.49735520421913965,2.0650803087758924,0.17080528800624573,0.024999950000116702,2.235885596782138,2.2608855467822546
coarse,100000,0.25,0.5221289547799146,2.0315158479067543,0.17729290265360048,0.024999950000116702,2.2088087505603546,2.233808700560471
coarse,100000,0.25,0.5481367101558418,1.9973044339444113,0.18393544030253015,0.024999950000116702,2.181239874246941,2.206239824247058
coarse,100000,0.25,0.5754399373371569,1.9627934688407005,0.19075408603203664,0.024999950000116702,2.153547554872737,2.1785475048728538
coarse,100000,0.25,0.6041031650451701,1.9280234290606055,0.19774916414452592,0.024999950000116702,2.1257725932051317,2.1507725432052482
coarse,100000,0.25,0.6341941362400942,1.892997910133202,0.20491706234957485,0.024999950000116702,2.097914972482777,2.1229149224828934
coarse,100000,0.25,0.6657839682254364,1.8574729617210748,0.21222526493190197,0.024999950000116702,2.0696982266529766,2.0946981766530937
coarse,100000,0.25,0.6989473207273484,1.8218467299348473,0.21970531352482137,0.024999950000116702,2.0415520434596686,2.0665519934597856
coarse,100000,0.25,0.7337625723461731,1.7861647042326305,0.22735648939792888,0.024999950000116702,2.0135211936305595,2.038521143630676
coarse,100000,0.25,0.7703120057972147,1.7504712073818591,0.23517779758620147,0.024999950000116702,1.9856490049680606,2.010648954968177
coarse,100000,0.25,0.8086820023785352,1.7145437474583058,0.24312541619723563,0.024999950000116702,1.9576691636555414,1.9826691136556582
coarse,100000,0.25,0.8489632461253815,1.6787133291091876,0.25123339089009733,0.024999950000116702,1.9299467199992848,1.9549466699994018
coarse,100000,0.25,0.8912509381337457,1.6430504048727759,0.25950391500693437,0.024999950000116702,1.9025543198797101,1.9275542698798271
coarse,100000,0.25,0.9356450215595893,1.607597773729955,0.2679353185470551,0.024999950000116702,1.87553309227701,1.900533042277127
coarse,100000,0.25,0.9822504178255043,1.572242834136665,0.27648706906596243,0.024999950000116702,1.8487299032026274,1.8737298532027442
coarse,100000,0.25,1.0311772745930554,1.5371632713652361,0.2850743965195081,0.024999950000116702,1.8222376678847443,1.847237617884861
coarse,100000,0.25,1.0825412260868696,1.5024526360991601,0.2936216481539212,0.024999950000116702,1.7960742842530815,1.821074234253198
coarse,100000,0.25,1.1364636663857248,1.4681431721371059,0.3020669267823082,0.024999950000116702,1.770210098919414,1.7952100489195308
coarse,100000,0.25,1.1930720363265337,1.4341928419095824,0.31031327230341066,0.024999950000116702,1.7445061142129932,1.7695060642131097
coarse,100000,0.25,1.252500124699298,1.4006855121903479,0.3183772320201461,0.024999950000116702,1.719062744210494,1.7440626942106108
coarse,100000,0.25,1.314888384444878,1.3677157431022449,0.3263191657346894,0.024999950000116702,1.6940349088369342,1.719034858837051
coarse,100000,0.25,1.3803842646028852,1.335305371055232,0.33413129446546364,0.024999950000116702,1.6694366655206956,1.6944366155208126
coarse,100000,0.25,1.449142558794219,1.3034487038795903,0.34175461234557947,0.024999950000116702,1.6452033162251698,1.6702032662252866
coarse,100000,0.25,1.5213257710618697,1.272171252769074,0.3491593531894485,0.024999950000116702,1.6213306059585226,1.6463305559586394
coarse,100000,0.25,1.5971044999346033,1.2415344541031395,0.35643001624546183,0.024999950000116702,1.5979644703486013,1.6229644203487181
coarse,100000,0.25,1.6766578416212374,1.2115444247720042,0.36356305477402107,0.024999950000116702,1.5751074795460251,1.6001074295461422
coarse,100000,0.25,1.7601738132884204,1.1822011644237387,0.37053177697605394,0.024999950000116702,1.5527329413997926,1.5777328913999094
coarse,100000,0.25,1.8478497974222907,1.1535053562416833,0.37727125348304286,0.024999950000116702,1.5307766097247262,1.555776559724843
coarse,100000,0.25,1.9398930083242285,1.1254773756025174,0.38388159912053105,0.024999950000116702,1.5093589747230485,1.5343589247231653
coarse,100000,0.25,2.036520981843212,1.098109974351731,0.39036248898602555,0.024999950000116702,1.4884724633377566,1.5134724133378734
coarse,100000,0.25,2.1379620895022327,1.0713950801539043,0.39671211768295417,0.024999950000116702,1.4681071978368585,1.4931071478369753
coarse,100000,0.25,2.244456078233844,1.0453242791082227,0.4028419072035154,0.024999950000116702,1.448166186311738,1.473166136311855
coarse,100000,0.25,2.3562546370004687,1.0198885534853848,0.40885791848901915,0.024999950000116702,1.4287464719744039,1.4537464219745206
coarse,100000,0.25,2.473621991638621,0.9950732542835761,0.41476140179729654,0.024999950000116702,1.4098346560808726,1.4348346060809893
coarse,100000,0.25,2.5968355293329033,0.9708638290320457,0.4205540671746222,0.024999950000116702,1.391417896206668,1.4164178462067847
coarse,100000,0.25,2.7261864541956613,0.9472450908845065,0.42617249730745316,0.024999950000116702,1.3734175881919597,1.3984175381920763
coarse,100000,0.25,2.861980475501707,0.9241995807182828,0.43168166618211545,0.024999950000116702,1.3558812469003982,1.380881196900515
coarse,100000,0.25,3.004538530204693,0.9017114661126251,0.4370961020905388,0.024999950000116702,1.338807568203164,1.3638075182032805
coarse,100000,0.25,3.1541975414427297,0.8797655322088569,0.44241747208164023,0.024999950000116702,1.3221830042904972,1.3471829542906137
coarse,100000,0.25,3.311311214825911,0.8583434616666344,0.4476044708862459,0.024999950000116702,1.3059479325528804,1.330947882552997
coarse,100000,0.25,3.476250874387709,0.8374302844682228,0.45268643038196793,0.024999950000116702,1.2901167148501906,1.3151166648503074
coarse,100000,0.25,3.649406340175921,0.8170138839071345,0.45768759925184854,0.024999950000116702,1.274701483158983,1.2997014331590997
coarse,100000,0.25,3.831186849557289,0.7970813811907901,0.4626090711622067,0.024999950000116702,1.2596904523529968,1.2846904023531134
coarse,100000,0.25,4.022022024413192,0.7776165812157223,0.46742502237028505,0.024999950000116702,1.2450416035860075,1.270041553586124
coarse,100000,0.25,4.22236288651233,0.7586067583285732,0.4721388599683922,0.024999950000116702,1.2307456182969654,1.255745568297082
coarse,100000,0.25,4.432682923460089,0.7400447625331804,0.47678150636553057,0.024999950000116702,1.216826268898711,1.2418262188988276
coarse,100000,0.25,4.653479207743908,0.7219200281356233,0.4813536209177791,0.024999950000116702,1.2032736490534024,1.228273599053519
coarse,100000,0.25,4.885273571519389,0.704219879100633,0.4858410465523125,0.024999950000116702,1.1900609256529455,1.2150608756530623
coarse,100000,0.25,5.1286138399136485,0.6869313956009768,0.49022814607469906,0.024999950000116702,1.177159541675676,1.2021594916757925
coarse,100000,0.25,5.384075125760731,0.6700506434597054,0.49455097241784524,0.024999950000116702,1.1646016158775507,1.1896015658776673
coarse,100000,0.25,5.652261188829045,0.6535683245849695,0.49881001352282667,0.024999950000116702,1.152378338107796,1.177378288107913
coarse,100000,0.25,5.933805862753281,0.6374744194976361,0.5030004059007811,0.024999950000116702,1.1404748253984172,1.165474775398534
coarse,100000,0.25,6.229374553043173,0.6217545135458936,0.5070921103622485,0.024999950000116702,1.1288466239081423,1.1538465739082588
coarse,100000,0.25,6.539665809709571,0.6064064861640632,0.5111251336925344,0.024999950000116702,1.1175316198565977,1.1425315698567142
coarse,100000,0.25,6.865412978224548,0.5914217769322133,0.5150998938288224,0.024999950000116702,1.1065216707610357,1.1315216207611525
coarse,100000,0.25,7.207385932717452,0.5767920162638946,0.5190168711502092,0.024999950000116702,1.0958088874141039,1.1208088374142204
coarse,100000,0.25,7.566392895503165,0.5625021993200392,0.5228411848340815,0.024999950000116702,1.0853433841541207,1.1103433341542375
coarse,100000,0.25,7.943282347242818,0.5485507008316262,0.5266094116412112,0.024999950000116702,1.0751601124728374,1.1001600624729542
coarse,100000,0.25,8.338945032251527,0.5349300536101106,0.5303240216220101,0.024999950000116702,1.0652540752321207,1.0902540252322375
coarse,100000,0.25,8.754316063692443,0.5216325812938778,0.5339854156773525,0.024999950000116702,1.0556179969712303,1.0806179469713468
coarse,100000,0.25,9.190377133632595,0.5086453432495054,0.537568086289611,0.024999950000116702,1.0462134295391163,1.0712133795392331
coarse,100000,0.25,9.648158833183777,0.49596474309720506,0.5410925339213267,0.024999950000116702,1.0370572770185318,1.0620572270186486
coarse,100000,0.25,10.128743088211932,0.4835852746065512,0.5445672483539594,0.024999950000116702,1.0281525229605106,1.0531524729606274
coarse,100000,0.25,10.633265716371616,0.47149994553223906,0.5479925589621661,0.024999950000116702,1.0194925044944052,1.044492454494522
coarse,100000,0.25,11.162919111508824,0.459697811634201,0.5513507194997579,0.024999950000116702,1.0110485311339588,1.0360484811340755
coarse,100000,0.25,11.718955061776631,0.44817336990394585,0.5546489893312752,0.024999950000116702,1.002822359235221,1.0278223092353378
coarse,100000,0.25,12.30268770812381,0.43692298698362236,0.5579007717598483,0.024999950000116702,0.9948237587434707,1.0198237087435873
coarse,100000,0.25,12.91549665014884,0.4259402980838448,0.5611063358480938,0.024999950000116702,0.9870466339319386,1.0120465839320554
coarse,100000,0.25,13.558830206659357,0.41521625803733564,0.5642544378623897,0.024999950000116702,0.9794706958997254,1.004470645899842
coarse,100000,0.25,14.234208838643415,0.4047434567360887,0.5673412901326409,0.024999950000116702,0.9720847468687296,0.9970846968688463
coarse,100000,0.25,14.943228742742294,0.3945200531288811,0.5703843642619337,0.024999950000116702,0.9649044173908148,0.9899043673909316
coarse,100000,0.25,15.687565623717566,0.38454025420977295,0.5733838752886743,0.024999950000116702,0.9579241294984473,0.9829240794985639
coarse,100000,0.25,16.46897865482869,0.3747968307944171,0.5763340878135529,0.024999950000116702,0.9511309186079699,0.9761308686080867
coarse,100000,0.25,17.289314635480615,0.3652804565359514,0.579221862793972,0.024999950000116702,0.9445023193299235,0.9695022693300401
coarse,100000,0.25,17.78279410038923,0.3598767512964666,0.5808812008774356,0.024999950000116702,0.9407579521739022,0.9657579021740188
coarse,100000,0.25,18.15051235596819,0.3559910202325184,0.5820680982138622,0.024999950000116702,0.9380591184463806,0.9630590684464972
coarse,100000,0.25,19.054607179632484,0.34692325165847715,0.5848729581946717,0.024999950000116702,0.9317962098531488,0.9567961598532655
coarse,100000,0.25,19.109529749704404,0.3463927488012087,0.5850361635173125,0.024999950000116702,0.9314289123185211,0.9564288623186379
coarse,100000,0.25,20.003735853259002,0.33807167071601235,0.5876354336543225,0.024999950000116702,0.9257071043703349,0.9507070543704514
coarse,100000,0.25,20.53525026457146,0.3333793597997093,0.589090431956525,0.024999950000116702,0.9224697917562343,0.9474697417563509
coarse,100000,0.25,21.000141557086565,0.32942501359740606,0.590334333298758,0.024999950000116702,0.919759346896164,0.9447592968962807
coarse,100000,0.25,22.04617920636185,0.3209848476486037,0.5929935058423007,0.024999950000116702,0.9139783534909044,0.9389783034910211
coarse,100000,0.25,22.0673406908459,0.3208203207202407,0.5930456150759996,0.024999950000116702,0.9138659357962403,0.938865885796357
coarse,100000,0.25,23.144321016969926,0.312746380243326,0.5956130660403496,0.024999950000116702,0.9083594462836756,0.9333593962837923
coarse,100000,0.25,23.71373705661655,0.3086999251600587,0.5969031982732217,0.024999950000116702,0.9056031234332804,0.930603073433397
coarse,100000,0.25,24.29716234829391,0.3047049330040368,0.5981931421189085,0.024999950000116702,0.9028980751229453,0.927898025123062
coarse,100000,0.25,25.482967479793466,0.29700300545631464,0.6006645463000364,0.024999950000116702,0.897667551756351,0.9226675017564677
coarse,100000,0.25,25.507427837113593,0.2968499491225613,0.6007144108342101,0.024999950000116702,0.8975643599567713,0.9225643099568881
coarse,100000,0.25,26.777977837039188,0.28918195658072476,0.6031943876925683,0.024999950000116702,0.892376344273293,0.9173762942734097
coarse,100000,0.25,27.384196342643612,0.28571491484287087,0.604330905921334,0.024999950000116702,0.8900458207642048,0.9150457707643216
coarse,100000,0.25,28.11181517869986,0.2816974907997377,0.6056361218990868,0.024999950000116702,0.8873336126988245,0.9123335626989412
coarse,100000,0.25,29.42727176209282,0.2748206793268499,0.6079007805982984,0.024999950000116702,0.8827214599251483,0.9077214099252651
coarse,100000,0.25,29.51209226666387,0.27439229960662176,0.6080396906876915,0.024999950000116702,0.8824319902943132,0.90743194029443
coarse,100000,0.25,30.982118529862987,0.26725748436203783,0.610390528569001,0.024999950000116702,0.8776480129310389,0.9026479629311555
coarse,100000,0.25,31.622776601683793,0.26430472248788633,0.6113692820467936,0.024999950000116702,0.87567400453468,0.9006739545347966
coarse,100000,0.25,32.5253682431303,0.26029150983024923,0.6126974085514619,0.024999950000116702,0.8729889183817112,0.8979888683818278
coarse,100000,0.25,33.982083289425596,0.25415663880518863,0.614746189043551,0.024999950000116702,0.8689028278487396,0.8939027778488564
coarse,100000,0.25,34.145488738336006,0.2534925313996192,0.6149670471417463,0.024999950000116702,0.8684595785413656,0.8934595285414821
coarse,100000,0.25,35.84630902452844,0.2468566859383278,0.6171994720316121,0.024999950000116702,0.8640561579699398,0.8890561079700565
coarse,100000,0.25,36.51741272548377,0.24436369653977633,0.6180322629057922,0.024999950000116702,0.8623959594455685,0.8873959094456851
coarse,100000,0.25,37.63184883745225,0.24037668904879902,0.6193843454638888,0.024999950000116702,0.8597610345126878,0.8847609845128045
coarse,100000,0.25,39.24189758484536,0.2349136040100871,0.6212281597996703,0.024999950000116702,0.8561417638097574,0.881141713809874
coarse,100000,0.25,39.50632813983238,0.23404891509265108,0.6215225745598125,0.024999950000116702,0.8555714896524635,0.8805714396525803
coarse,100000,0.25,41.47417709487639,0.22787310458472054,0.6236242159371543,0.024999950000116702,0.8514973205218749,0.8764972705219916
coarse,100000,0.25,42.169650342858226,0.2257944949217108,0.6243344322976534,0.024999950000116702,0.8501289272193642,0.875128877219481
coarse,100000,0.25,43.540046536566486,0.22184574943053786,0.6256892487688633,0.024999950000116702,0.8475349981994011,0.8725349481995179
coarse,100000,0.25,45.31583637600818,0.21699491417152406,0.6273515305427194,0.024999950000116702,0.8443464447142435,0.8693463947143601
coarse,100000,0.25,45.708818961487516,0.2159611437589389,0.627711162976877,0.024999950000116702,0.843672306735816,0.8686722567359326
coarse,100000,0.25,47.98562006816812,0.21021353822815902,0.6296836262127421,0.024999950000116702,0.8398971644409011,0.8648971144410178
coarse,100000,0.25,48.69675251658631,0.2085038041118824,0.6302798029285644,0.024999950000116702,0.8387836070404469,0.8637835570405635
coarse,100000,0.25,50.37583087120846,0.2046042304999892,0.6316198213144255,0.024999950000116702,0.8362240518144147,0.8612240018145314
coarse,100000,0.25,52.32991146814947,0.2003094077723912,0.6331164633857247,0.024999950000116702,0.833425871158116,0.8584258211582326
coarse,100000,0.25,52.88510041882383,0.19913003641815638,0.6335196783662131,0.024999950000116702,0.8326497147843696,0.8576496647844862
coarse,100000,0.25,55.5193591438621,0.1937867998669889,0.6353802290284314,0.024999950000116702,0.8291670288954203,0.854166978895537
coarse,100000,0.25,56.23413251903491,0.19239998345623263,0.6358576799406281,0.024999950000116702,0.8282576633968608,0.8532576133969775
coarse,100000,0.25,58.28483287984838,0.18856661001683062,0.6371882993730565,0.024999950000116702,0.8257549093898872,0.8507548593900038
coarse,100000,0.25,60.42963902381328,0.18476813418989377,0.6385106257292295,0.024999950000116702,0.8232787599191232,0.8482787099192399
coarse,100000,0.25,61.18805757518219,0.183472299489972,0.6389600876126335,0.024999950000116702,0.8224323871026055,0.8474323371027221
coarse,100000,0.25,64.23589474026393,0.17850097966184617,0.6406954717601908,0.024999950000116702,0.819196451422037,0.8441964014221537
coarse,100000,0.25,64.93816315762113,0.17740426302817683,0.6410752039171521,0.024999950000116702,0.8184794669453289,0.8434794169454456
coarse,100000,0.25,67.435547664057,0.17364983297149203,0.6423943336662336,0.024999950000116702,0.8160441666377256,0.8410441166378423
coarse,100000,0.25,69.78305848598663,0.17029910841165177,0.6435512107383923,0.024999950000116702,0.813850319150044,0.8388502691501607
coarse,100000,0.25,70.79457843841381,0.1689093112487516,0.6440383699535989,0.024999950000116702,0.8129476812023505,0.8379476312024672
coarse,100000,0.25,74.32092583039913,0.1642831997846163,0.6456452519676951,0.024999950000116702,0.8099284517523113,0.8349284017524281
coarse,100000,0.25,74.98942093324558,0.1634437329658495,0.6459383331143956,0.024999950000116702,0.8093820660802451,0.8343820160803619
coarse,100000,0.25,78.02292404485208,0.15976906795167922,0.6472153118957508,0.024999950000116702,0.80698437984743,0.8319843298475467
coarse,100000,0.25,80.58421877614818,0.15682951269154868,0.648236146105367,0.024999950000116702,0.8050656587969156,0.8300656087970324
coarse,100000,0.25,81.90932242152977,0.15536436174340174,0.6487483737090667,0.024999950000116702,0.8041127354524684,0.8291126854525851
coarse,100000,0.25,85.98930611338423,0.15106102450881623,0.6502294622538224,0.024999950000116702,0.8012904867626386,0.8262904367627553
coarse,100000,0.25,86.59643233600653,0.15044812653552153,0.6504441102682262,0.024999950000116702,0.8008922368037478,0.8258921868038644
coarse,100000,0.25,90.27251779484578,0.14686060950414703,0.6516693221872538,0.024999950000116702,0.7985299316914009,0.8235298816915175
coarse,100000,0.25,93.0572040929699,0.14429019722198475,0.6525579477850325,0.024999950000116702,0.7968481450070173,0.821848095007134
coarse,100000,0.25,94.76908045141592,0.14276217776251515,0.6530715671784231,0.024999950000116702,0.7958337449409383,0.820833694941055
coarse,100000,0.25,99.4896213044336,0.13876341586347637,0.6544359581496247,0.024999950000116702,0.7931993740131011,0.8181993240132178
coarse,100000,0.25,100.0,0.13834702174561617,0.6545742277611376,0.024999950000116702,0.7929212495067538,0.8179211995068705
coarse,100000,0.25,104.44529692755633,0.1348577434482948,0.6557506995847281,0.024999950000116702,0.7906084430330229,0.8156083930331396
coarse,100000,0.25,107.46078283213176,0.13261345751919076,0.6564982332652796,0.024999950000116702,0.7891116907844703,0.814111640784587
coarse,100000,0.25,109.64781961431851,0.13104444386696304,0.6570197036323899,0.024999950000116702,0.7880641474993529,0.8130640974994696
coarse,100000,0.25,115.10948505908407,0.127324057740056,0.65824989952969,0.024999950000116702,0.785573957269746,0.8105739072698628
coarse,100000,0.25,115.47819846894582,0.12708229844032717,0.658328901726941,0.024999950000116702,0.7854112001672682,0.810411150167385
coarse,100000,0.25,120.84320141681312,0.12369449138336543,0.6594409799163559,0.024999950000116702,0.7831354712997213,0.808135421299838
coarse,100000,0.25,124.09377607517196,0.12174659466446867,0.6600650411938404,0.024999950000116702,0.781811635858309,0.8068115858584257
coarse,100000,0.25,126.86251981032602,0.12015062966754221,0.6605842886566846,0.024999950000116702,0.7807349183242268,0.8057348683243435
coarse,100000,0.25,133.1816663571621,0.11668944727090459,0.6616767733603227,0.024999950000116702,0.7783662206312273,0.803366170631344
coarse,100000,0.25,133.3521432163324,0.11659964422482505,0.661705327222186,0.024999950000116702,0.778304971447011,0.8033049214471277
coarse,100000,0.25,139.81557579172983,0.11331295524388324,0.6627288287768422,0.024999950000116702,0.7760417840207254,0.8010417340208422
coarse,100000,0.25,143.30125702369628,0.11163498495532398,0.6632482996782693,0.024999950000116702,0.7748832846335932,0.7998832346337099
coarse,100000,0.25,146.77992676220705,0.11001926072014857,0.6637400738388881,0.024999950000116702,0.7737593345590367,0.7987592845591533
coarse,100000,0.25,153.9926526059492,0.1068463867070408,0.6646923594712734,0.024999950000116702,0.7715387461783142,0.7965386961784309
coarse,100000,0.25,154.09117888561602,0.10680470582468672,0.664705065838597,0.024999950000116702,0.7715097716632837,0.7965097216634004
coarse,100000,0.25,161.76661164864794,0.10366391872497616,0.6656134150660422,0.024999950000116702,0.7692773337910184,0.794277283791135
coarse,100000,0.25,165.48170999431815,0.10222621713755241,0.6660311516289705,0.024999950000116702,0.768257368766523,0.7932573187666396
coarse,100000,0.25,169.82436524617444,0.10060037341369184,0.6664792558336053,0.024999950000116702,0.7670796292472972,0.7920795792474139
coarse,100000,0.25,177.82794100389228,0.09776822652550675,0.6672612123915661,0.024999950000116702,0.7650294389170729,0.7900293889171895
coarse,100000,0.25,178.28348345396734,0.09761236068678121,0.6673021278838827,0.024999950000116702,0.7649144885706639,0.7899144385707806
coarse,100000,0.25,187.16395863694845,0.09469767376799341,0.6680799991002936,0.024999950000116702,0.762777672868287,0.7877776228684037
coarse,100000,0.25,191.09529749704404,0.09346894975964311,0.6683863541382209,0.024999950000116702,0.761855303897864,0.7868552538979807
coarse,100000,0.25,196.4867789993468,0.09184855971847607,0.6687945102320706,0.024999950000116702,0.7606430699505466,0.7856430199506633
coarse,100000,0.25,205.3525026457146,0.08932301394154285,0.6694043435280564,0.024999950000116702,0.7587273574695993,0.783727307469716
coarse,100000,0.25,206.27397818843016,0.08906994816604426,0.6694639443740286,0.024999950000116702,0.7585338925400729,0.7835338425401895
coarse,100000,0.25,216.54868736904876,0.08636029801803817,0.6700877570118229,0.024999950000116702,0.756448055029861,0.7814480050299778
coarse,100000,0.25,220.673406908459,0.08532524359682872,0.6703127907132712,0.024999950000116702,0.7556380343100999,0.7806379843102167
coarse,100000,0.25,227.33518989206314,0.08371810907287076,0.6706654055990388,0.024999950000116702,0.7543835146719096,0.7793834646720262
coarse,100000,0.25,237.13737056616552,0.08147065447610245,0.6711091463871305,0.024999950000116702,0.752579800863233,0.7775797508633496
coarse,100000,0.25,238.65897868585807,0.08113543481885543,0.6711764054473768,0.024999950000116702,0.7523118402662322,0.7773117902663489
coarse,100000,0.25,250.5468165065873,0.07861643563838976,0.6716369877880484,0.024999950000116702,0.7502534234264381,0.7752533734265549
coarse,100000,0.25,254.82967479793464,0.07775444758637101,0.6717906990611685,0.024999950000116702,0.7495451466475396,0.7745450966476563
coarse,100000,0.25,263.02679918953817,0.07616046308818361,0.6720487725751044,0.024999950000116702,0.748209235663288,0.7732091856634047
coarse,100000,0.25,273.8419634264361,0.07417200344367601,0.6723545726347138,0.024999950000116702,0.7465265760783898,0.7715265260785065
coarse,100000,0.25,276.128422051113,0.0737661675236358,0.6724111299254464,0.024999950000116702,0.7461772974490821,0.7711772474491989
coarse,100000,0.25,289.88264959835425,0.07142703590239537,0.6727063980685457,0.024999950000116702,0.7441334339709411,0.7691333839710578
coarse,100000,0.25,294.2727176209282,0.0707169696671934,0.6727914135578487,0.024999950000116702,0.7435083832250421,0.7685083332251588
coarse,100000,0.25,304.32198871077225,0.06914480104373545,0.6729433077287618,0.024999950000116702,0.7420881087724972,0.7670880587726139
coarse,100000,0.25,316.22776601683796,0.06738512741853951,0.6730976668948386,0.024999950000116702,0.7404827943133782,0.7654827443134948
coarse,100000,0.25,319.4805654674313,0.06692024281519214,0.6731276975500514,0.024999950000116702,0.7400479403652436,0.7650478903653603
coarse,100000,0.25,335.394205800866,0.06475214956013328,0.6732588489868541,0.024999950000116702,0.7380109985469874,0.763010948547104
coarse,100000,0.25,352.1005201684521,0.06263544099407198,0.6733222986824712,0.024999950000116702,0.7359577396765431,0.7609576896766599
coarse,100000,0.25,369.6389924413366,0.06056939987455922,0.6733182476695297,0.024999950000116702,0.733887647544089,0.7588875975442056
coarse,100000,0.25,388.0510732210183,0.05855622362848511,0.6732573965094778,0.024999950000116702,0.7318136201379629,0.7568135701380796
coarse,100000,0.25,407.380277804113,0.05659482707730788,0.6731389401723333,0.024999950000116702,0.7297337672496412,0.7547337172497579
coarse,100000,0.25,427.67228902684343,0.054681558379176085,0.6729521514515593,0.024999950000116702,0.7276337098307354,0.7526336598308521
coarse,100000,0.25,448.97506523231453,0.05281324196645673,0.6726873498115189,0.024999950000116702,0.7255005917779757,0.7505005417780923
coarse,100000,0.25,471.3389536157405,0.05099347482270438,0.672360916448811,0.024999950000116702,0.7233543912715154,0.7483543412716321
coarse,100000,0.25,494.8168092155145,0.04922128759647939,0.6719719673291654,0.024999950000116702,0.7211932549256448,0.7461932049257615
coarse,100000,0.25,519.4641198313342,0.04749444580786033,0.6715142246909097,0.024999950000116702,0.71900867049877,0.7440086204988867
coarse,100000,0.25,545.3391371646278,0.045807327924106675,0.6709664370648651,0.024999950000116702,0.7167737649889718,0.7417737149890885
coarse,100000,0.25,572.5030144912078,0.04416490143353824,0.6703516700603677,0.024999950000116702,0.7145165714939059,0.7395165214940226
coarse,100000,0.25,601.0199511915373,0.04256630278344802,0.6696689757738106,0.024999950000116702,0.7122352785572585,0.7372352285573753
coarse,100000,0.25,630.9573444801937,0.041010693045016804,0.6689174233992241,0.024999950000116702,0.7099281164442409,0.7349280664443576
coarse,100000,0.5,0.1,2.810039153807055,0.042091091481726184,0.024999950000116702,2.852130245288781,2.8771301952888977
coarse,100000,0.5,0.10498109808656175,2.7976129024470993,0.044062966674707285,0.024999950000116702,2.8416758691218065,2.866675819121923
coarse,100000,0.5,0.11021030955460301,2.784656526823079,0.04612092381141701,0.024999950000116702,2.830777450634496,2.8557774006346124
coarse,100000,0.5,0.11569999317502112,2.7712267880985326,0.04826895077129674,0.024999950000116702,2.819495738869829,2.8444956888699457
coarse,100000,0.5,0.12146312332121417,2.757315585868349,0.05051049702564491,0.024999950000116702,2.807826082893994,2.8328260328941104
coarse,100000,0.5,0.1275133206328453,2.7427695118866566,0.05284726754204298,0.024999950000116702,2.7956167794286997,2.8206167294288162
coarse,100000,0.5,0.13386488420699932,2.727579446845452,0.05528257199397061,0.024999950000116702,2.7828620188394226,2.807861968839539
coarse,100000,0.5,0.14053282539281228,2.711860019652255,0.05782150632676997,0.024999950000116702,2.769681525979025,2.7946814759791416
coarse,100000,0.5,0.14753290326944482,2.695604335986084,0.06046778921914501,0.024999950000116702,2.7560721252052294,2.781072075205346
coarse,100000,0.5,0.1548816618912481,2.678696297150422,0.06322350475974521,0.024999950000116702,2.7419198019101674,2.766919751910284
coarse,100000,0.5,0.16259646938814815,2.661020878160143,0.06609043484709294,0.024999950000116702,2.727111313007236,2.7521112630073525
coarse,100000,0.5,0.17069555901365815,2.6427654469126725,0.0690752601038839,0.024999950000116702,2.7118407070165564,2.736840657016673
coarse,100000,0.5,0.1791980722375334,2.623925471741758,0.07218187093106068,0.024999950000116702,2.6961073426728186,2.721107292672935
coarse,100000,0.5,0.18812410398491272,2.6044367068262897,0.07541303832172004,0.024999950000116702,2.67984974514801,2.7048496951481265
coarse,100000,0.5,0.19749475012886664,2.5840535763069825,0.07876755760775628,0.024999950000116702,2.662821133914739,2.6878210839148555
coarse,100000,0.5,0.2073321573485955,2.5630513507628687,0.08225440843099324,0.024999950000116702,2.645305759193862,2.6703057091939786
coarse,100000,0.5,0.2176595754711136,2.5414293544669198,0.08587750387675618,0.024999950000116702,2.627306858343676,2.6523068083437926
coarse,100000,0.5,0.2285014124201237,2.519187928132726,0.08964077823402894,0.024999950000116702,2.608828706366755,2.6338286563668714
coarse,100000,0.5,0.23988329190194904,2.4959353355726717,0.09353801233632766,0.024999950000116702,2.5894733479089993,2.614473297909116
coarse,100000,0.5,0.25183211396485844,2.472041979276352,0.0975813783891294,0.024999950000116702,2.5696233576654812,2.594623307665598
coarse,100000,0.5,0.26437611857491,2.447514957780742,0.1017746611270153,0.024999950000116702,2.549289618907757,2.5742895689078735
coarse,100000,0.5,0.277544952358571,2.4223604120181865,0.10612156300332919,0.024999950000116702,2.5284819750215157,2.5534819250216323
coarse,100000,0.5,0.29136973866985255,2.396241450357336,0.11061447110010576,0.024999950000116702,2.5068559214574417,2.5318558714575583
coarse,100000,0.5,0.30588315114755654,2.3694169824290365,0.11526351981825861,0.024999950000116702,2.4846805022472953,2.509680452247412
coarse,100000,0.5,0.3211194909364823,2.341975784748197,0.12007436072865289,0.024999950000116702,2.4620501454768497,2.4870500954769663
coarse,100000,0.5,0.33711476775509625,2.3139315686038366,0.12505020367962805,0.024999950000116702,2.438981772283465,2.4639817222835814
coarse,100000,0.5,0.35390678500126244,2.2850207326251346,0.1301824613738896,0.024999950000116702,2.4152031939990244,2.440203143999141
coarse,100000,0.5,0.37153522909717257,2.2553713920791876,0.1354766810501506,0.024999950000116702,2.3908480731293382,2.415848023129455
coarse,100000,0.5,0.39004176328463463,2.225162600142012,0.1409416526369659,0.024999950000116702,2.366104252778978,2.3911042027790947
coarse,100000,0.5,0.4094701260923973,2.1944170494898247,0.14657981923982674,0.024999950000116702,2.3409968687296514,2.365996818729768
coarse,100000,0.5,0.42986623470822766,2.162958542758365,0.1523825222906205,0.024999950000116702,2.3153410650489854,2.340341015049102
coarse,100000,0.5,0.45127829350005433,2.1307761965180765,0.15834721157138348,0.024999950000116702,2.28912340808946,2.3141233580895766
coarse,100000,0.5,0.473756907942654,2.098139401073845,0.16448765253746075,0.024999950000116702,2.262627053611306,2.2876270036114223
coarse,100000,0.5,0.49735520421913965,2.0650803087758924,0.17080528800624573,0.024999950000116702,2.235885596782138,2.2608855467822546
coarse,100000,0.5,0.5221289547799146,2.0315158479067543,0.17729290265360048,0.024999950000116702,2.2088087505603546,2.233808700560471
coarse,100000,0.5,0.5481367101558418,1.9973044339444113,0.18393544030253015,0.024999950000116702,2.181239874246941,2.206239824247058
coarse,100000,0.5,0.5754399373371569,1.9627934688407005,0.19075408603203664,0.024999950000116702,2.153547554872737,2.1785475048728538
coarse,100000,0.5,0.6041031650451701,1.9280234290606055,0.19774916414452592,0.024999950000116702,2.1257725932051317,2.1507725432052482
coarse,100000,0.5,0.6341941362400942,1.892997910133202,0.20491706234957485,0.024999950000116702,2.097914972482777,2.1229149224828934
coarse,100000,0.5,0.6657839682254364,1.8574729617210748,0.21222526493190197,0.024999950000116702,2.0696982266529766,2.0946981766530937
coarse,100000,0.5,0.6989473207273484,1.8218467299348473,0.21970531352482137,0.024999950000116702,2.0415520434596686,2.0665519934597856
coarse,100000,0.5,0.7337625723461731,1.7861647042326305,0.22735648939792888,0.024999950000116702,2.0135211936305595,2.038521143630676
coarse,100000,0.5,0.7703120057972147,1.7504712073818591,0.23517779758620147,0.024999950000116702,1.9856490049680606,2.010648954968177
coarse,100000,0.5,0.8086820023785352,1.7145437474583058,0.24312541619723563,0.024999950000116702,1.9576691636555414,1.9826691136556582
coarse,100000,0.5,0.8489632461253815,1.6787133291091876,0.25123339089009733,0.024999950000116702,1.9299467199992848,1.9549466699994018
coarse,100000,0.5,0.8912509381337457,1.6430504048727759,0.25950391500693437,0.024999950000116702,1.9025543198797101,1.9275542698798271
coarse,100000,0.5,0.9356450215595893,1.607597773729955,0.2679353185470551,0.024999950000116702,1.87553309227701,1.900533042277127
coarse,100000,0.5,0.9822504178255043,1.572242834136665,0.27648706906596243,0.024999950000116702,1.8487299032026274,1.8737298532027442
coarse,100000,0.5,1.0311772745930554,1.5371565909237555,0.284969616401053,0.024999950000116702,1.8221262073248083,1.8471261573249254
coarse,100000,0.5,1.0825412260868696,1.502427807845864,0.2932236652115539,0.024999950000116702,1.7956514730574178,1.8206514230575346
coarse,100000,0.5,1.1364636663857248,1.4680864718110662,0.30113164273094345,0.024999950000116702,1.7692181145420096,1.7942180645421264
coarse,100000,0.5,1.1930720363265337,1.4340874963672117,0.30854336682276057,0.024999950000116702,1.7426308631899723,1.767630813190089
coarse,100000,0.5,1.252500124699298,1.4005165505401997,0.31549584320387025,0.024999950000116702,1.7160123937440699,1.741012343744187
coarse,100000,0.5,1.314888384444878,1.3674721541409203,0.32209029226957875,0.024999950000116702,1.689562446410499,1.7145623964106158
coarse,100000,0.5,1.3803842646028852,1.334977073660741,0.32831948359330815,0.024999950000116702,1.663296557254049,1.6882965072541658
coarse,100000,0.5,1.449142558794219,1.3030242288345184,0.3341006234109689,0.024999950000116702,1.6371248522454873,1.662124802245604
coarse,100000,0.5,1.5213257710618697,1.2716389581407186,0.3393996867590322,0.024999950000116702,1.6110386448997507,1.6360385948998677
coarse,100000,0.5,1.5971044999346033,1.240887539998503,0.34435096173811824,0.024999950000116702,1.5852385017366213,1.610238451736738
coarse,100000,0.5,1.6766578416212374,1.2107769993848763,0.34895561220681925,0.024999950000116702,1.5597326115916954,1.5847325615918124
coarse,100000,0.5,1.7601738132884204,1.181307203058761,0.35318261344078683,0.024999950000116702,1.5344898164995477,1.5594897664996648
coarse,100000,0.5,1.8478497974222907,1.1524771268391054,0.3569503019420136,0.024999950000116702,1.5094274287811191,1.5344273787812357
coarse,100000,0.5,1.9398930083242285,1.1243121677705765,0.3604095731686142,0.024999950000116702,1.4847217409391908,1.5097216909393074
coarse,100000,0.5,2.036520981843212,1.09680582113442,0.36356698272102433,0.024999950000116702,1.4603728038554444,1.4853727538555612
coarse,100000,0.5,2.1379620895022327,1.0699506227187447,0.36642736414155447,0.024999950000116702,1.4363779868602993,1.461377936860416
coarse,100000,0.5,2.244456078233844,1.0437355440303107,0.36888206332481926,0.024999950000116702,1.41261760735513,1.4376175573552468
coarse,100000,0.5,2.3562546370004687,1.018156151298868,0.3710819747449429,0.024999950000116702,1.389238126043811,1.4142380760439277
coarse,100000,0.5,2.473621991638621,0.9931983006633015,0.37303546920844005,0.024999950000116702,1.3662337698717415,1.3912337198718583
coarse,100000,0.5,2.5968355293329033,0.968847900171677,0.37475151644610794,0.024999950000116702,1.343599416617785,1.3685993666179015
coarse,100000,0.5,2.7261864541956613,0.9450880931631815,0.3761591684425487,0.024999950000116702,1.3212472616057302,1.346247211605847
coarse,100000,0.5,2.861980475501707,0.921903945988493,0.3773481642467423,0.024999950000116702,1.2992521102352352,1.324252060235352
coarse,100000,0.5,3.004538530204693,0.899280336205391,0.37834249497979205,0.024999950000116702,1.2776228311851832,1.3026227811852997
coarse,100000,0.5,3.1541975414427297,0.8772022959708883,0.37914995790224126,0.024999950000116702,1.2563522538731295,1.2813522038732463
coarse,100000,0.5,3.311311214825911,0.8556505354972087,0.379729075650449,0.024999950000116702,1.2353796111476578,1.2603795611477744
coarse,100000,0.5,3.476250874387709,0.8346111357021592,0.38012125907568073,0.024999950000116702,1.21473239477784,1.2397323447779565
coarse,100000,0.5,3.649406340175921,0.8140727577621648,0.3803595811910846,0.024999950000116702,1.1944323389532494,1.219432288953366
coarse,100000,0.5,3.831186849557289,0.7940226154856079,0.38044999751732556,0.024999950000116702,1.1744726130029335,1.19947256300305
coarse,100000,0.5,4.022022024413192,0.774443949641026,0.38036953063705475,0.024999950000116702,1.1548134802780807,1.1798134302781975
coarse,100000,0.5,4.22236288651233,0.7553242188946192,0.3801278128718129,0.024999950000116702,1.135452031766432,1.1604519817665488
coarse,100000,0.5,4.432682923460089,0.7366570291270212,0.37976248103786125,0.024999950000116702,1.1164195101648824,1.1414194601649992
coarse,100000,0.5,4.653479207743908,0.7184318123750043,0.37927810641783943,0.024999950000116702,1.0977099187928436,1.1227098687929604
coarse,100000,0.5,4.885273571519389,0.7006355812806981,0.3786642585869435,0.024999950000116702,1.0792998398676417,1.1042997898677585
coarse,100000,0.5,5.1286138399136485,0.6832551185882397,0.37790990846060424,0.024999950000116702,1.061165027048844,1.0861649770489605
coarse,100000,0.5,5.384075125760731,0.666287185536048,0.3770552659609694,0.024999950000116702,1.0433424514970175,1.068342401497134
coarse,100000,0.5,5.652261188829045,0.6497224260024768,0.3761040835928236,0.024999950000116702,1.0258265095953003,1.050826459595417
coarse,100000,0.5,5.933805862753281,0.6335506658588,0.3750549661423384,0.024999950000116702,1.0086056320011385,1.033605582001255
coarse,100000,0.5,6.229374553043173,0.6177569442516342,0.37388328034228047,0.024999950000116702,0.9916402245939147,1.0166401745940314
coarse,100000,0.5,6.539665809709571,0.6023397520564153,0.3726304091337487,0.024999950000116702,0.974970161190164,0.9999701111902807
coarse,100000,0.5,6.865412978224548,0.5872904375920288,0.37129953512224595,0.024999950000116702,0.9585899727142748,0.9835899227143914
coarse,100000,0.5,7.207385932717452,0.5726005378152572,0.3698938292433703,0.024999950000116702,0.9424943670586274,0.9674943170587442
coarse,100000,0.5,7.566392895503165,0.5582544844601351,0.3683852965335123,0.024999950000116702,0.9266397809936475,0.9516397309937641
coarse,100000,0.5,7.943282347242818,0.5442510801035975,0.36680966248714886,0.024999950000116702,0.9110607425907463,0.936060692590863
coarse,100000,0.5,8.338945032251527,0.5305827772662425,0.36517151448093416,0.024999950000116702,0.8957542917471766,0.9207542417472934
coarse,100000,0.5,8.754316063692443,0.5172417896564034,0.3634735288441951,0.024999950000116702,0.8807153185005985,0.9057152685007153
coarse,100000,0.5,9.190377133632595,0.5042147873668956,0.3616968277674093,0.024999950000116702,0.8659116151343049,0.8909115651344216
coarse,100000,0.5,9.648158833183777,0.4914983151970687,0.3598613647104757,0.024999950000116702,0.8513596799075445,0.8763596299076611
coarse,100000,0.5,10.128743088211932,0.4790868423369954,0.35797632799160206,0.024999950000116702,0.8370631703285975,0.8620631203287141
coarse,100000,0.5,10.633265716371616,0.46697325970900067,0.35604397657650205,0.024999950000116702,0.8230172362855027,0.8480171862856194
coarse,100000,0.5,11.162919111508824,0.45514635098599876,0.35405236243655197,0.024999950000116702,0.8091987134225507,0.8341986634226675
coarse,100000,0.5,11.718955061776631,0.44360058335157576,0.3520096203647627,0.024999950000116702,0.7956102037163384,0.8206101537164552
coarse,100000,0.5,12.30268770812381,0.43233232516372555,0.3499281508126451,0.024999950000116702,0.7822604759763707,0.8072604259764873
coarse,100000,0.5,12.91549665014884,0.4213350943620744,0.3478098649249406,0.024999950000116702,0.769144959287015,0.7941449092871317
coarse,100000,0.5,13.558830206659357,0.41059965176089624,0.3456481145275478,0.024999950000116702,0.756247766288444,0.7812477162885607
coarse,100000,0.5,14.234208838643415,0.4001184634042704,0.3434421431346621,0.024999950000116702,0.7435606065389324,0.7685605565390492
coarse,100000,0.5,14.943228742742294,0.38988969836988974,0.34120656185784887,0.024999950000116702,0.7310962602277387,0.7560962102278552
coarse,100000,0.5,15.687565623717566,0.3799074501971294,0.3389429877210057,0.024999950000116702,0.7188504379181351,0.7438503879182518
coarse,100000,0.5,16.46897865482869,0.37016434713313,0.3366488405343218,0.024999950000116702,0.7068131876674518,0.7318131376675685
coarse,100000,0.5,17.289314635480615,0.3606508951236952,0.33431664965198477,0.024999950000116702,0.69496754477568,0.7199674947757966
coarse,100000,0.5,17.78279410038923,0.35525011276781754,0.3329607373439185,0.024999950000116702,0.6882108501117361,0.7132108001118527
coarse,100000,0.5,18.15051235596819,0.3513669913348749,0.3319625168678022,0.024999950000116702,0.6833295082026771,0.7083294582027938
coarse,100000,0.5,19.054607179632484,0.3423072586073578,0.32958780816240113,0.024999950000116702,0.671895066769759,0.6968950167698755
coarse,100000,0.5,19.109529749704404,0.3417773010046539,0.3294455281205408,0.024999950000116702,0.6712228291251947,0.6962227791253114
coarse,100000,0.5,20.003735853259002,0.33346610787313063,0.32719307974360423,0.024999950000116702,0.6606591876167349,0.6856591376168515
coarse,100000,0.5,20.53525026457146,0.3287803144033032,0.32588172384349223,0.024999950000116702,0.6546620382467954,0.6796619882469122
coarse,100000,0.5,21.000141557086565,0.32483209546688574,0.32476576721713935,0.024999950000116702,0.6495978626840251,0.6745978126841418
coarse,100000,0.5,22.04617920636185,0.3164067901973724,0.32232295401752376,0.024999950000116702,0.6387297442148961,0.6637296942150128
coarse,100000,0.5,22.0673406908459,0.31624257826944663,0.32227460796749424,0.024999950000116702,0.6385171862369409,0.6635171362370575
coarse,100000,0.5,23.144321016969926,0.30818530062109767,0.3198657910432627,0.024999950000116702,0.6280510916643604,0.653051041664477
coarse,100000,0.5,23.71373705661655,0.30414808318930947,0.31862913994430414,0.024999950000116702,0.6227772231336136,0.6477771731337303
coarse,100000,0.5,24.29716234829391,0.30016285236119983,0.3173954074219087,0.024999950000116702,0.6175582597831085,0.6425582097832252
coarse,100000,0.5,25.482967479793466,0.2924813671192088,0.31494997323530854,0.024999950000116702,0.6074313403545173,0.6324312903546341
coarse,100000,0.5,25.507427837113593,0.29232874224551225,0.3149009302909114,0.024999950000116702,0.6072296725364237,0.6322296225365402
coarse,100000,0.5,26.777977837039188,0.28468346426460694,0.3123944882949448,0.024999950000116702,0.5970779525595518,0.6220779025596684
coarse,100000,0.5,27.384196342643612,0.28122749794617324,0.31124147237138416,0.024999950000116702,0.5924689703175574,0.6174689203176741
coarse,100000,0.5,28.11181517869986,0.2772234728033766,0.3098789105769048,0.024999950000116702,0.5871023833802814,0.6121023333803981
coarse,100000,0.5,29.42727176209282,0.2703712200534464,0.30750617517368833,0.024999950000116702,0.5778773952271348,0.6028773452272513
coarse,100000,0.5,29.51209226666387,0.2699444285687738,0.3073551444907079,0.024999950000116702,0.5772995730594817,0.6022995230595984
coarse,100000,0.5,30.982118529862987,0.2628373200698734,0.30481558046517165,0.024999950000116702,0.567652900535045,0.5926528505351618
coarse,100000,0.5,31.622776601683793,0.2598966815964228,0.30374458465684845,0.024999950000116702,0.5636412662532713,0.5886412162533879
coarse,100000,0.5,32.5253682431303,0.2559005530642369,0.30226646746402225,0.024999950000116702,0.5581670205282592,0.5831669705283758
coarse,100000,0.5,33.982083289425596,0.24979324079558304,0.29996562370798197,0.024999950000116702,0.549758864503565,0.5747588145036817
coarse,100000,0.5,34.145488738336006,0.2491322164418838,0.2997125725854211,0.024999950000116702,0.5488447890273049,0.5738447390274216
coarse,100000,0.5,35.84630902452844,0.24252836900075397,0.29715468826009944,0.024999950000116702,0.5396830572608534,0.5646830072609701
coarse,100000,0.5,36.51741272548377,0.24004791794296484,0.29617261383384497,0.024999950000116702,0.5362205317768098,0.5612204817769265
coarse,100000,0.5,37.63184883745225,0.2360816370845183,0.29458786399252085,0.024999950000116702,0.5306695010770391,0.5556694510771558
coarse,100000,0.5,39.24189758484536,0.23064818326267617,0.292368663929032,0.024999950000116702,0.5230168471917082,0.5480167971918248
coarse,100000,0.5,39.50632813983238,0.22978832679849281,0.2920135626070227,0.024999950000116702,0.5218018894055155,0.5468018394056322
coarse,100000,0.5,41.47417709487639,0.22364812169204104,0.28943810319373103,0.024999950000116702,0.513086224885772,0.5380861748858887
coarse,100000,0.5,42.169650342858226,0.22158194218977556,0.28855668224415326,0.024999950000116702,0.5101386244339288,0.5351385744340456
coarse,100000,0.5,43.540046536566486,0.21765744447489785,0.2868621463305554,0.024999950000116702,0.5045195908054533,0.52951954080557
coarse,100000,0.5,45.31583637600818,0.21283752108555992,0.2847393875197982,0.024999950000116702,0.49757690860535814,0.5225768586054749
coarse,100000,0.5,45.708818961487516,0.21181051685474442,0.284282938553569,0.024999950000116702,0.4960934554083134,0.5210934054084302
coarse,100000,0.5,47.98562006816812,0.20610152143945923,0.2816979822873463,0.024999950000116702,0.4877995037268056,0.5127994537269223
coarse,100000,0.5,48.69675251658631,0.20440365338193373,0.28091931927243463,0.024999950000116702,0.48532297265436836,0.5103229226544851
coarse,100000,0.5,50.37583087120846,0.2005317055633466,0.2791148707231417,0.024999950000116702,0.47964657628648827,0.504646526286605
coarse,100000,0.5,52.32991146814947,0.19626838075208092,0.2770973171600042,0.024999950000116702,0.4733656979120851,0.49836564791220184
coarse,100000,0.5,52.88510041882383,0.1950978243643849,0.27653415159192585,0.024999950000116702,0.47163197595631073,0.49663192595642747
coarse,100000,0.5,55.5193591438621,0.18979566168836606,0.27395491817688555,0.024999950000116702,0.4637505798652516,0.4887505298653683
coarse,100000,0.5,56.23413251903491,0.18841977034761773,0.27327370911219606,0.024999950000116702,0.46169347945981376,0.4866934294599305
coarse,100000,0.5,58.28483287984838,0.18461724393346143,0.2713713234025547,0.024999950000116702,0.4559885673360161,0.48098851733613285
coarse,100000,0.5,60.42963902381328,0.1808502491294904,0.2694542081033522,0.024999950000116702,0.4503044572328426,0.4753044072329593
coarse,100000,0.5,61.18805757518219,0.17956535860160425,0.26879204191118006,0.024999950000116702,0.4483574005127843,0.473357350512901
coarse,100000,0.5,64.23589474026393,0.17463706434924317,0.26621752377333524,0.024999950000116702,0.4408545881225784,0.4658545381226951
coarse,100000,0.5,64.93816315762113,0.17355004765182525,0.26564069737829993,0.024999950000116702,0.4391907450301252,0.4641906950302419
coarse,100000,0.5,67.435547664057,0.16982949298261563,0.263648208180176,0.024999950000116702,0.4334777011627916,0.4584776511629083
coarse,100000,0.5,69.78305848598663,0.16650974062202265,0.2618349224435251,0.024999950000116702,0.42834466306554775,0.4533446130656644
coarse,100000,0.5,70.79457843841381,0.16513304144390098,0.2610760559432037,0.024999950000116702,0.42620909738710466,0.4512090473872214
coarse,100000,0.5,74.32092583039913,0.16055145410765462,0.2585099790257701,0.024999950000116702,0.4190614331334247,0.44406138313354143
coarse,100000,0.5,74.98942093324558,0.1597202354693078,0.25803849736205225,0.024999950000116702,0.41775873283136006,0.4427586828314768
coarse,100000,0.5,78.02292404485208,0.1560822552119116,0.25595058342310567,0.024999950000116702,0.4120328386350173,0.43703278863513395
coarse,100000,0.5,80.58421877614818,0.1531727612931982,0.254252910780715,0.024999950000116702,0.4074256720739132,0.4324256220740299
coarse,100000,0.5,81.90932242152977,0.15172284733886662,0.2533982251562966,0.024999950000116702,0.40512107249516327,0.43012102249527995
coarse,100000,0.5,85.98930611338423,0.14746512849263016,0.2508466973032793,0.024999950000116702,0.39831182579590946,0.4233117757960262
coarse,100000,0.5,86.59643233600653,0.14685885818267375,0.2504795317507614,0.024999950000116702,0.3973383899334351,0.42233833993355185
coarse,100000,0.5,90.27251779484578,0.14331061373194323,0.24830135246258997,0.024999950000116702,0.3916119661945332,0.4166119161946499
coarse,100000,0.5,93.0572040929699,0.140769017073465,0.24671804382818102,0.024999950000116702,0.38748706090164603,0.41248701090176276
coarse,100000,0.5,94.76908045141592,0.1392583264373728,0.24576421008405447,0.024999950000116702,0.38502253652142726,0.41002248652154394
coarse,100000,0.5,99.4896213044336,0.1353059163733065,0.24323555425491666,0.024999950000116702,0.3785414706282232,0.40354142062833986
coarse,100000,0.5,100.0,0.13489441128329155,0.24296854716511432,0.024999950000116702,0.3778629584484059,0.40286290844852257
coarse,100000,0.5,104.44529692755633,0.13144676535800418,0.24071078846971147,0.024999950000116702,0.37215755382771565,0.3971575038278323
coarse,100000,0.5,107.46078283213176,0.12922978318795209,0.2392348141791913,0.024999950000116702,0.3684645973671434,0.3934645473672601
coarse,100000,0.5,109.64781961431851,0.127680122471558,0.23819208356686092,0.024999950000116702,0.3658722060384189,0.39087215603853565
coarse,100000,0.5,115.10948505908407,0.12400649725618938,0.23568275626037852,0.024999950000116702,0.3596892535165679,0.38468920351668456
coarse,100000,0.5,115.47819846894582,0.12376781719275463,0.23551777136588423,0.024999950000116702,0.35928558855863885,0.3842855385587556
coarse,100000,0.5,120.84320141681312,0.12042376516706607,0.23318302905237898,0.024999950000116702,0.3536067942194451,0.37860674421956175
coarse,100000,0.5,124.09377607517196,0.11850146068251544,0.23181825302768466,0.024999950000116702,0.3503197137102001,0.3753196637103168
coarse,100000,0.5,126.86251981032602,0.11692677955188562,0.23068976259469476,0.024999950000116702,0.3476165421465804,0.37261649214669706
coarse,100000,0.5,133.1816663571621,0.1135124844896126,0.22820219219604257,0.024999950000116702,0.34171467668565514,0.36671462668577187
coarse,100000,0.5,133.3521432163324,0.11342391536608928,0.22813700597289838,0.024999950000116702,0.34156092133898763,0.36656087133910437
coarse,100000,0.5,139.81557579172983,0.11018286619976236,0.2257248746222565,0.024999950000116702,0.33590774082201885,0.3609076908221356
coarse,100000,0.5,143.30125702369628,0.10852862892606328,0.22447469403806738,0.024999950000116702,0.33300332296413065,0.3580032729642474
coarse,100000,0.5,146.77992676220705,0.10693600627906881,0.22325798020556628,0.024999950000116702,0.3301939864846351,0.3551939364847518
coarse,100000,0.5,153.9926526059492,0.10380928696484354,0.22083190244969159,0.024999950000116702,0.3246411894145351,0.3496411394146518
coarse,100000,0.5,154.09117888561602,0.10376822101181703,0.2207997334860875,0.024999950000116702,0.32456795449790454,0.3495679044980212
coarse,100000,0.5,161.76661164864794,0.10067411029653002,0.21834656491278434,0.024999950000116702,0.3190206752093144,0.34402062520943105
coarse,100000,0.5,165.48170999431815,0.09925817698006807,0.21720740220111812,0.024999950000116702,0.3164655791811862,0.3414655291813029
coarse,100000,0.5,169.82436524617444,0.09765712968723263,0.21590426594837583,0.024999950000116702,0.3135613956356085,0.33856134563572515
coarse,100000,0.5,177.82794100389228,0.0948689753398283,0.21360113803988948,0.024999950000116702,0.30847011337971775,0.3334700633798345
coarse,100000,0.5,178.28348345396734,0.0947155491632374,0.21347296336068905,0.024999950000116702,0.30818851252392643,0.33318846252404316
coarse,100000,0.5,187.16395863694845,0.09184714167922692,0.21105220548461703,0.024999950000116702,0.3028993471638439,0.32789929716396066
coarse,100000,0.5,191.09529749704404,0.0906381506303125,0.2100157300743909,0.024999950000116702,0.3006538807047034,0.3256538307048201
coarse,100000,0.5,196.4867789993468,0.08904412609658134,0.20863564630995182,0.024999950000116702,0.29767977240653315,0.3226797224066499
coarse,100000,0.5,205.3525026457146,0.08656026657135017,0.20645147599502187,0.024999950000116702,0.293011742566372,0.31801169256648876
coarse,100000,0.5,206.27397818843016,0.08631142059041558,0.20623035290896574,0.024999950000116702,0.2925417734993813,0.31754172349949805
coarse,100000,0.5,216.54868736904876,0.08364746740544507,0.20383641653182008,0.024999950000116702,0.28748388393726515,0.3124838339373819
coarse,100000,0.5,220.673406908459,0.08263008891618617,0.20290861556923945,0.024999950000116702,0.2855387044854256,0.3105386544855423
coarse,100000,0.5,227.33518989206314,0.08105075078300955,0.20145392804233525,0.024999950000116702,0.2825046788253448,0.3075046288254615
coarse,100000,0.5,237.13737056616552,0.07884257900706852,0.1993873344061051,0.024999950000116702,0.2782299134131736,0.30322986341329033
coarse,100000,0.5,238.65897868585807,0.07851329660997401,0.199076068946604,0.024999950000116702,0.27758936555657804,0.3025893155566947
coarse,100000,0.5,250.5468165065873,0.07603925816757635,0.19670889783806667,0.024999950000116702,0.272748156005643,0.29774810600575974
coarse,100000,0.5,254.82967479793464,0.07519288756712128,0.19588776768431287,0.024999950000116702,0.27108065525143415,0.2960806052515509
coarse,100000,0.5,263.02679918953817,0.07362797522719138,0.194353267005764,0.024999950000116702,0.2679812422329554,0.29298119223307206
coarse,100000,0.5,273.8419634264361,0.07167634871940176,0.19241000385960705,0.024999950000116702,0.2640863525790088,0.2890863025791255
coarse,100000,0.5,276.128422051113,0.07127808612791697,0.19200924105445313,0.024999950000116702,0.26328732718237013,0.2882872771824868
coarse,100000,0.5,289.88264959835425,0.0689830528531911,0.1896712432935255,0.024999950000116702,0.2586542961467166,0.2836542461468333
coarse,100000,0.5,294.2727176209282,0.06828656252914575,0.18895200627912942,0.024999950000116702,0.25723856880827517,0.2822385188083919
coarse,100000,0.5,304.32198871077225,0.06674460084027277,0.18734258590665182,0.024999950000116702,0.2540871867469246,0.2790871367470413
coarse,100000,0.5,316.22776601683796,0.06501926998742402,0.18551377362465427,0.024999950000116702,0.2505330436120783,0.27553299361219497
coarse,100000,0.5,319.4805654674313,0.0645635047041546,0.18502550895987596,0.024999950000116702,0.24958901366403058,0.27458896366414726
coarse,100000,0.5,335.394205800866,0.06243854386405295,0.18272005842014533,0.024999950000116702,0.24515860228419828,0.27015855228431496
coarse,100000,0.5,352.1005201684521,0.06036461621742648,0.18042192833475107,0.024999950000116702,0.24078654455217754,0.26578649455229425
coarse,100000,0.5,369.6389924413366,0.05834099307247855,0.1781315942306978,0.024999950000116702,0.23647258730317636,0.26147253730329306
coarse,100000,0.5,388.0510732210183,0.05636987485694792,0.1758527723452382,0.024999950000116702,0.2322226472021861,0.2572225972023028
coarse,100000,0.5,407.380277804113,0.05445017016762225,0.17358549779664625,0.024999950000116702,0.2280356679642685,0.25303561796438523
coarse,100000,0.5,427.67228902684343,0.05257820972157925,0.17132680375191006,0.024999950000116702,0.22390501347348932,0.24890496347360602
coarse,100000,0.5,448.97506523231453,0.05075079704461567,0.16907416818349327,0.024999950000116702,0.21982496522810896,0.24482491522822564
coarse,100000,0.5,471.3389536157405,0.048971543090560246,0.1668329046872338,0.024999950000116702,0.21580444777779406,0.24080439777791074
coarse,100000,0.5,494.8168092155145,0.047239474651130764,0.16460304573600834,0.024999950000116702,0.2118425203871391,0.2368424703872558
coarse,100000,0.5,519.4641198313342,0.0455523463773444,0.16238306605359365,0.024999950000116702,0.20793541243093805,0.23293536243105475
coarse,100000,0.5,545.3391371646278,0.04390449872535175,0.16016722767737918,0.024999950000116702,0.2040717264027309,0.22907167640284765
coarse,100000,0.5,572.5030144912078,0.04230092820672194,0.1579625889531522,0.024999950000116702,0.20026351715987414,0.22526346715999085
coarse,100000,0.5,601.0199511915373,0.040740769515817225,0.15576918856584357,0.024999950000116702,0.1965099580816608,0.2215099080817775
coarse,100000,0.5,630.9573444801937,0.03922318300265717,0.15358707235712998,0.024999950000116702,0.19281025535978716,0.21781020535990386
coarse,100000,1.5,0.1,2.810039153807055,0.042091091481726184,0.024999950000116702,2.852130245288781,2.8771301952888977
coarse,100000,1.5,0.10498109808656175,2.7976129024470993,0.044062966674707285,0.024999950000116702,2.8416758691218065,2.866675819121923
coarse,100000,1.5,0.11021030955460301,2.784656526823079,0.04612092381141701,0.024999950000116702,2.830777450634496,2.8557774006346124
coarse,100000,1.5,0.11569999317502112,2.7712267880985326,0.04826895077129674,0.024999950000116702,2.819495738869829,2.8444956888699457
coarse,100000,1.5,0.12146312332121417,2.757315585868349,0.05051049702564491,0.024999950000116702,2.807826082893994,2.8328260328941104
coarse,100000,1.5,0.1275133206328453,2.7427695118866566,0.05284726754204298,0.024999950000116702,2.7956167794286997,2.8206167294288162
coarse,100000,1.5,0.13386488420699932,2.727579446845452,0.05528257199397061,0.024999950000116702,2.7828620188394226,2.807861968839539
coarse,100000,1.5,0.14053282539281228,2.711860019652255,0.05782150632676997,0.024999950000116702,2.769681525979025,2.7946814759791416
coarse,100000,1.5,0.14753290326944482,2.695604335986084,0.06046778921914501,0.024999950000116702,2.7560721252052294,2.781072075205346
coarse,100000,1.5,0.1548816618912481,2.678696297150422,0.06322350475974521,0.024999950000116702,2.7419198019101674,2.766919751910284
coarse,100000,1.5,0.16259646938814815,2.661020878160143,0.06609043484709294,0.024999950000116702,2.727111313007236,2.7521112630073525
coarse,100000,1.5,0.17069555901365815,2.6427654469126725,0.0690752601038839,0.024999950000116702,2.7118407070165564,2.736840657016673
coarse,100000,1.5,0.1791980722375334,2.623925471741758,0.07218187093106068,0.024999950000116702,2.6961073426728186,2.721107292672935
coarse,100000,1.5,0.18812410398491272,2.6044367068262897,0.07541303832172004,0.024999950000116702,2.67984974514801,2.7048496951481265
coarse,100000,1.5,0.19749475012886664,2.5840535763069825,0.07876755760775628,0.024999950000116702,2.662821133914739,2.6878210839148555
coarse,100000,1.5,0.2073321573485955,2.5630513507628687,0.08225440843099324,0.024999950000116702,2.645305759193862,2.6703057091939786
coarse,100000,1.5,0.2176595754711136,2.5414293544669198,0.08587750387675618,0.024999950000116702,2.627306858343676,2.6523068083437926
coarse,100000,1.5,0.2285014124201237,2.519187928132726,0.08964077823402894,0.024999950000116702,2.608828706366755,2.6338286563668714
coarse,100000,1.5,0.23988329190194904,2.4959353355726717,0.09353801233632766,0.024999950000116702,2.5894733479089993,2.614473297909116
coarse,100000,1.5,0.25183211396485844,2.472041979276352,0.0975813783891294,0.024999950000116702,2.5696233576654812,2.594623307665598
coarse,100000,1.5,0.26437611857491,2.447514957780742,0.1017746611270153,0.024999950000116702,2.549289618907757,2.5742895689078735
coarse,100000,1.5,0.277544952358571,2.4223604120181865,0.10612156300332919,0.024999950000116702,2.5284819750215157,2.5534819250216323
coarse,100000,1.5,0.29136973866985255,2.396241450357336,0.11061447110010576,0.024999950000116702,2.5068559214574417,2.5318558714575583
coarse,100000,1.5,0.30588315114755654,2.3694169824290365,0.11526351981825861,0.024999950000116702,2.4846805022472953,2.509680452247412
coarse,100000,1.5,0.3211194909364823,2.341975784748197,0.12007436072865289,0.024999950000116702,2.4620501454768497,2.4870500954769663
coarse,100000,1.5,0.33711476775509625,2.3139315686038366,0.12505020367962805,0.024999950000116702,2.438981772283465,2.4639817222835814
coarse,100000,1.5,0.35390678500126244,2.2850207326251346,0.1301824613738896,0.024999950000116702,2.4152031939990244,2.440203143999141
coarse,100000,1.5,0.37153522909717257,2.2553713920791876,0.1354766810501506,0.024999950000116702,2.3908480731293382,2.415848023129455
coarse,100000,1.5,0.39004176328463463,2.225162600142012,0.1409416526369659,0.024999950000116702,2.366104252778978,2.3911042027790947
coarse,100000,1.5,0.4094701260923973,2.1944170494898247,0.14657981923982674,0.024999950000116702,2.3409968687296514,2.365996818729768
coarse,100000,1.5,0.42986623470822766,2.162958542758365,0.1523825222906205,0.024999950000116702,2.3153410650489854,2.340341015049102
coarse,100000,1.5,0.45127829350005433,2.1307761965180765,0.15834721157138348,0.024999950000116702,2.28912340808946,2.3141233580895766
coarse,100000,1.5,0.473756907942654,2.098139401073845,0.16448765253746075,0.024999950000116702,2.262627053611306,2.2876270036114223
coarse,100000,1.5,0.49735520421913965,2.0650803087758924,0.17080528800624573,0.024999950000116702,2.235885596782138,2.2608855467822546
coarse,100000,1.5,0.5221289547799146,2.0315158479067543,0.17729290265360048,0.024999950000116702,2.2088087505603546,2.233808700560471
coarse,100000,1.5,0.5481367101558418,1.9973044339444113,0.18393544030253015,0.024999950000116702,2.181239874246941,2.206239824247058
coarse,100000,1.5,0.5754399373371569,1.9627934688407005,0.19075408603203664,0.024999950000116702,2.153547554872737,2.1785475048728538
coarse,100000,1.5,0.6041031650451701,1.9280234290606055,0.19774916414452592,0.024999950000116702,2.1257725932051317,2.1507725432052482
coarse,100000,1.5,0.6341941362400942,1.892997910133202,0.20491706234957485,0.024999950000116702,2.097914972482777,2.1229149224828934
coarse,100000,1.5,0.6657839682254364,1.8574729617210748,0.21222526493190197,0.024999950000116702,2.0696982266529766,2.0946981766530937
coarse,100000,1.5,0.6989473207273484,1.8218467299348473,0.21970531352482137,0.024999950000116702,2.0415520434596686,2.0665519934597856
coarse,100000,1.5,0.7337625723461731,1.7861647042326305,0.22735648939792888,0.024999950000116702,2.0135211936305595,2.038521143630676
coarse,100000,1.5,0.7703120057972147,1.7504712073818591,0.23517779758620147,0.024999950000116702,1.9856490049680606,2.010648954968177
coarse,100000,1.5,0.8086820023785352,1.7145437474583058,0.24312541619723563,0.024999950000116702,1.9576691636555414,1.9826691136556582
coarse,100000,1.5,0.8489632461253815,1.6787133291091876,0.25123339089009733,0.024999950000116702,1.9299467199992848,1.9549466699994018
coarse,100000,1.5,0.8912509381337457,1.6430504048727759,0.25950391500693437,0.024999950000116702,1.9025543198797101,1.9275542698798271
coarse,100000,1.5,0.9356450215595893,1.607597773729955,0.2679353185470551,0.024999950000116702,1.87553309227701,1.900533042277127
coarse,100000,1.5,0.9822504178255043,1.572242834136665,0.27648706906596243,0.024999950000116702,1.8487299032026274,1.8737298532027442
coarse,100000,1.5,1.0311772745930554,1.5371304989861638,0.28456011434120276,0.024999950000116702,1.8216906133273665,1.8466905633274835
coarse,100000,1.5,1.0825412260868696,1.5023326461897315,0.29169544571305955,0.024999950000116702,1.7940280919027911,1.819028041902908
coarse,100000,1.5,1.1364636663857248,1.46787213733787,0.29759345488176264,0.024999950000116702,1.7654655922196327,1.7904655422197495
coarse,100000,1.5,1.1930720363265337,1.433696999586422,0.3019815813869206,0.024999950000116702,1.7356785809733426,1.7606785309734594
coarse,100000,1.5,1.252500124699298,1.39990399141059,0.30504295430517964,0.024999950000116702,1.7049469457157695,1.7299468957158863
coarse,100000,1.5,1.314888384444878,1.3666069607318587,0.3070645326005362,0.024999950000116702,1.6736714933323948,1.6986714433325116
coarse,100000,1.5,1.3803842646028852,1.333833411283578,0.3080883486539642,0.024999950000116702,1.6419217599375422,1.6669217099376588
coarse,100000,1.5,1.449142558794219,1.3015754132693333,0.3080185797039048,0.024999950000116702,1.6095939929732381,1.634593942973355
coarse,100000,1.5,1.5213257710618697,1.2698622602119658,0.30687372759887444,0.024999950000116702,1.5767359878108402,1.601735937810957
coarse,100000,1.5,1.5971044999346033,1.2387741043246279,0.30496978123509166,0.024999950000116702,1.5437438855597194,1.5687438355598364
coarse,100000,1.5,1.6766578416212374,1.2083214609385962,0.3023622745967499,0.024999950000116702,1.5106837355353462,1.5356836855354628
coarse,100000,1.5,1.7601738132884204,1.1785059327209422,0.2990548659032663,0.024999950000116702,1.4775607986242085,1.5025607486243253
coarse,100000,1.5,1.8478497974222907,1.1493273151612742,0.29498247810385375,0.024999950000116702,1.4443097932651279,1.4693097432652447
coarse,100000,1.5,1.9398930083242285,1.1208207235606906,0.2904431024321454,0.024999950000116702,1.411263825992836,1.4362637759929529
coarse,100000,1.5,2.036520981843212,1.0929816554551233,0.28549003601307366,0.024999950000116702,1.378471691468197,1.4034716414683137
coarse,100000,1.5,2.1379620895022327,1.065804377033564,0.2801720433233893,0.024999950000116702,1.345976420356953,1.37097637035707
coarse,100000,1.5,2.244456078233844,1.039278609337087,0.2743918595777377,0.024999950000116702,1.3136704689148246,1.3386704189149414
coarse,100000,1.5,2.3562546370004687,1.0134043342338206,0.2683953925093376,0.024999950000116702,1.2817997267431582,1.306799676743275
coarse,100000,1.5,2.473621991638621,0.9881680684154942,0.2622232315070438,0.024999950000116702,1.250391299922538,1.2753912499226547
coarse,100000,1.5,2.5968355293329033,0.9635562505219063,0.2559139118389055,0.024999950000116702,1.2194701623608117,1.2444701123609285
coarse,100000,1.5,2.7261864541956613,0.9395537890948665,0.24942204263406148,0.024999950000116702,1.188975831728928,1.2139757817290446
coarse,100000,1.5,2.861980475501707,0.9161458794944731,0.24287400494749367,0.024999950000116702,1.1590198844419668,1.1840198344420836
coarse,100000,1.5,3.004538530204693,0.8933170012881372,0.2363125861016541,0.024999950000116702,1.1296295873897912,1.154629537389908
coarse,100000,1.5,3.1541975414427297,0.8710518932143546,0.22976071839660572,0.024999950000116702,1.1008126116109604,1.125812561611077
coarse,100000,1.5,3.311311214825911,0.8493326957477246,0.22320013938533106,0.024999950000116702,1.0725328351330556,1.0975327851331724
coarse,100000,1.5,3.476250874387709,0.8281444828776916,0.21668249512553622,0.024999950000116702,1.0448269780032278,1.0698269280033446
coarse,100000,1.5,3.649406340175921,0.8074744192566681,0.21024334157089833,0.024999950000116702,1.0177177608275665,1.042717710827683
coarse,100000,1.5,3.831186849557289,0.7873090485499469,0.20389375855677158,0.024999950000116702,0.9912028071067185,1.016202757106835
coarse,100000,1.5,4.022022024413192,0.7676323341018066,0.19762546931859482,0.024999950000116702,0.9652578034204015,0.9902577534205181
coarse,100000,1.5,4.22236288651233,0.7484311417890596,0.19145247129134862,0.024999950000116702,0.9398836130804082,0.9648835630805248
coarse,100000,1.5,4.432682923460089,0.7296968306954931,0.18540168846892444,0.024999950000116702,0.9150985191644175,0.9400984691645342
coarse,100000,1.5,4.653479207743908,0.7114180859405235,0.1794772879166313,0.024999950000116702,0.8908953738571548,0.9158953238572715
coarse,100000,1.5,4.885273571519389,0.6935820214021189,0.1736752329141845,0.024999950000116702,0.8672572543163034,0.8922572043164201
coarse,100000,1.5,5.1286138399136485,0.6761756862422177,0.16799231160533123,0.024999950000116702,0.8441679978475489,0.8691679478476656
coarse,100000,1.5,5.384075125760731,0.6591931916210146,0.16244886326597627,0.024999950000116702,0.8216420548869909,0.8466420048871076
coarse,100000,1.5,5.652261188829045,0.642624490399458,0.15704547536010524,0.024999950000116702,0.7996699657595633,0.82466991575968
coarse,100000,1.5,5.933805862753281,0.6264590473641021,0.15178029071139545,0.024999950000116702,0.7782393380754975,0.8032392880756142
coarse,100000,1.5,6.229374553043173,0.6106829752598175,0.1466428703867867,0.024999950000116702,0.7573258456466042,0.7823257956467209
coarse,100000,1.5,6.539665809709571,0.5952919495373435,0.14164835624500668,0.024999950000116702,0.7369403057823503,0.7619402557824669
coarse,100000,1.5,6.865412978224548,0.5802767236969572,0.13679536455472707,0.024999950000116702,0.7170720882516842,0.7420720382518009
coarse,100000,1.5,7.207385932717452,0.5656282674969563,0.13208231135121348,0.024999950000116702,0.6977105788481698,0.7227105288482865
coarse,100000,1.5,7.566392895503165,0.5513323490233724,0.12749809123738065,0.024999950000116702,0.678830440260753,0.7038303902608697
coarse,100000,1.5,7.943282347242818,0.5373852988768029,0.12305169291848701,0.024999950000116702,0.6604369917952899,0.6854369417954066
coarse,100000,1.5,8.338945032251527,0.5237789659787907,0.11874121923951088,0.024999950000116702,0.6425201852183016,0.6675201352184182
coarse,100000,1.5,8.754316063692443,0.510505098723058,0.11456408621589294,0.024999950000116702,0.625069184938951,0.6500691349390677
coarse,100000,1.5,9.190377133632595,0.497551199394217,0.11051249314793685,0.024999950000116702,0.6080636925421539,0.6330636425422705
coarse,100000,1.5,9.648158833183777,0.48491235345792494,0.10658856620906544,0.024999950000116702,0.5915009196669904,0.616500869667107
coarse,100000,1.5,10.128743088211932,0.47258223011837425,0.1027910235881642,0.024999950000116702,0.5753732537065385,0.6003732037066551
coarse,100000,1.5,10.633265716371616,0.46055335136804976,0.09911681749910897,0.024999950000116702,0.5596701688671587,0.5846701188672754
coarse,100000,1.5,11.162919111508824,0.4488149589560571,0.0955601920265038,0.024999950000116702,0.544375150982561,0.5693751009826776
coarse,100000,1.5,11.718955061776631,0.43736083048965557,0.09211966460891803,0.024999950000116702,0.5294804950985736,0.5544804450986903
coarse,100000,1.5,12.30268770812381,0.4261864317229062,0.0887941544213539,0.024999950000116702,0.5149805861442601,0.5399805361443768
coarse,100000,1.5,12.91549665014884,0.41528499636030425,0.08558048993967692,0.024999950000116702,0.5008654862999812,0.5258654363000979
coarse,100000,1.5,13.558830206659357,0.4046474771549735,0.08247423242193308,0.024999950000116702,0.4871217095769066,0.5121216595770233
coarse,100000,1.5,14.234208838643415,0.3942662060195243,0.07947214956906909,0.024999950000116702,0.47373835558859334,0.49873830558871
coarse,100000,1.5,14.943228742742294,0.3841384165308653,0.07657319678232781,0.024999950000116702,0.4607116133131931,0.4857115633133098
coarse,100000,1.5,15.687565623717566,0.3742579891421642,0.07377427731522629,0.024999950000116702,0.44803226645739047,0.47303221645750715
coarse,100000,1.5,16.46897865482869,0.36461756238756493,0.07107183926793054,0.024999950000116702,0.43568940165549547,0.46068935165561214
coarse,100000,1.5,17.289314635480615,0.35520788987321306,0.06846193711202565,0.024999950000116702,0.4236698269852387,0.4486697769853554
coarse,100000,1.5,17.78279410038923,0.34986706786084154,0.06699345786211586,0.024999950000116702,0.4168605257229574,0.4418604757230741
coarse,100000,1.5,18.15051235596819,0.34602794846688384,0.06594352359096527,0.024999950000116702,0.4119714720578491,0.4369714220579658
coarse,100000,1.5,19.054607179632484,0.3370722059595328,0.0635136879823724,0.024999950000116702,0.4005858939419052,0.42558584394202187
coarse,100000,1.5,19.109529749704404,0.336548453573866,0.06337241922217556,0.024999950000116702,0.39992087279604155,0.4249208227961582
coarse,100000,1.5,20.003735853259002,0.32833496531067435,0.06116951270659693,0.024999950000116702,0.3895044780172713,0.41450442801738796
coarse,100000,1.5,20.53525026457146,0.3237056817712522,0.05993833716867256,0.024999950000116702,0.3836440189399248,0.40864396894004146
coarse,100000,1.5,21.000141557086565,0.3198052789721195,0.05890689291139867,0.024999950000116702,0.3787121718835182,0.40371212188363487
coarse,100000,1.5,22.04617920636185,0.3114838411158438,0.05672479824107252,0.024999950000116702,0.36820863935691633,0.393208589357033
coarse,100000,1.5,22.0673406908459,0.3113216731645981,0.056682524006558606,0.024999950000116702,0.3680041971711567,0.39300414717127335
coarse,100000,1.5,23.144321016969926,0.30336565153209955,0.05462056025469007,0.024999950000116702,0.35798621178678963,0.3829861617869063
coarse,100000,1.5,23.71373705661655,0.299379971556102,0.05359655507168974,0.024999950000116702,0.3529765266277918,0.37797647662790845
coarse,100000,1.5,24.29716234829391,0.2954458351443379,0.05259158679353569,0.024999950000116702,0.3480374219378736,0.3730373719379903
coarse,100000,1.5,25.482967479793466,0.2878647211787508,0.05067228284987765,0.024999950000116702,0.3385370040286284,0.3635369540287451
coarse,100000,1.5,25.507427837113593,0.2877140960529054,0.050634367218004135,0.024999950000116702,0.3383484632709095,0.3633484132710262
coarse,100000,1.5,26.777977837039188,0.2801703554184118,0.0487474468387142,0.024999950000116702,0.32891780225712597,0.35391775225724265
coarse,100000,1.5,27.384196342643612,0.27676064478838924,0.04790184659177828,0.024999950000116702,0.3246624913801675,0.3496624413802842
coarse,100000,1.5,28.11181517869986,0.2728109153769698,0.046928581938187115,0.024999950000116702,0.3197394973151569,0.34473944731527356
coarse,100000,1.5,29.42727176209282,0.2660522467261493,0.04527756132394778,0.024999950000116702,0.3113298080500971,0.33632975805021376
coarse,100000,1.5,29.51209226666387,0.26563137019782856,0.045175442437734074,0.024999950000116702,0.31080681263556265,0.3358067626356793
coarse,100000,1.5,30.982118529862987,0.25862297214200186,0.043485148112851264,0.024999950000116702,0.3021081202548531,0.3271080702549698
coarse,100000,1.5,31.622776601683793,0.25572353436010115,0.04279192909897258,0.024999950000116702,0.2985154634590737,0.3235154134591904
coarse,100000,1.5,32.5253682431303,0.2517838483785156,0.04185593723039757,0.024999950000116702,0.29363978560891313,0.3186397356090298
coarse,100000,1.5,33.982083289425596,0.24576342935260784,0.040438380011261696,0.024999950000116702,0.2862018093638695,0.31120175936398625
coarse,100000,1.5,34.145488738336006,0.24511188870040965,0.04028596688177594,0.024999950000116702,0.2853978555821856,0.3103978055823023
coarse,100000,1.5,35.84630902452844,0.23860311175343923,0.038773166993953244,0.024999950000116702,0.27737627874739246,0.30237622874750913
coarse,100000,1.5,36.51741272548377,0.23615876574900357,0.03821021653157756,0.024999950000116702,0.27436898228058115,0.29936893228069783
coarse,100000,1.5,37.63184883745225,0.2322503049759423,0.03731515412141163,0.024999950000116702,0.2695654590973539,0.2945654090974706
coarse,100000,1.5,39.24189758484536,0.22689685749959826,0.03610103292436651,0.024999950000116702,0.26299789042396476,0.28799784042408144
coarse,100000,1.5,39.50632813983238,0.22604970261521576,0.035910051901930216,0.024999950000116702,0.261959754517146,0.28695970451726266
coarse,100000,1.5,41.47417709487639,0.22000076496595525,0.034556354917040295,0.024999950000116702,0.25455711988299556,0.27955706988311224
coarse,100000,1.5,42.169650342858226,0.21796548086746403,0.034104709604438864,0.024999950000116702,0.2520701904719029,0.2770701404720196
coarse,100000,1.5,43.540046536566486,0.2140998944144254,0.03325223990204461,0.024999950000116702,0.24735213431647002,0.2723520843165867
coarse,100000,1.5,45.31583637600818,0.2093528574995338,0.03221540641380479,0.024999950000116702,0.2415682639133386,0.2665682139134553
coarse,100000,1.5,45.708818961487516,0.20834140090343542,0.031995731217287306,0.024999950000116702,0.24033713212072272,0.26533708212083945
coarse,100000,1.5,47.98562006816812,0.20271953788832991,0.030784930912785342,0.024999950000116702,0.23350446880111525,0.258504418801232
coarse,100000,1.5,48.69675251658631,0.20104763814072313,0.03042755505946283,0.024999950000116702,0.23147519320018595,0.2564751432003027
coarse,100000,1.5,50.37583087120846,0.19723532016421388,0.029618631130646604,0.024999950000116702,0.2268539512948605,0.2518539012949772
coarse,100000,1.5,52.32991146814947,0.1930378457166139,0.02873575647332427,0.024999950000116702,0.22177360218993816,0.24677355219005487
coarse,100000,1.5,52.88510041882383,0.19188549724391363,0.028495236309252686,0.024999950000116702,0.2203807335531663,0.24538068355328302
coarse,100000,1.5,55.5193591438621,0.18666588977248436,0.027413117660469086,0.024999950000116702,0.21407900743295344,0.23907895743307014
coarse,100000,1.5,56.23413251903491,0.1853115495090993,0.027134848336801576,0.024999950000116702,0.2124463978459009,0.2374463478460176
coarse,100000,1.5,58.28483287984838,0.18156869170155743,0.026370390803863556,0.024999950000116702,0.20793908250542098,0.23293903250553769
coarse,100000,1.5,60.42963902381328,0.17786103895422437,0.025620252486484266,0.024999950000116702,0.20348129144070864,0.22848124144082532
coarse,100000,1.5,61.18805757518219,0.17659645792170622,0.02536611874063789,0.024999950000116702,0.20196257666234413,0.2269625266624608
coarse,100000,1.5,64.23589474026393,0.1717462521381571,0.02439891197683706,0.024999950000116702,0.19614516411499416,0.22114511411511087
coarse,100000,1.5,64.93816315762113,0.17067653147518586,0.024187398411637775,0.024999950000116702,0.19486392988682363,0.21986387988694034
coarse,100000,1.5,67.435547664057,0.16701521270459702,0.023467430513001302,0.024999950000116702,0.1904826432175983,0.215482593217715
coarse,100000,1.5,69.78305848598663,0.16374860106356384,0.022831944020535865,0.024999950000116702,0.1865805450840997,0.21158049508421642
coarse,100000,1.5,70.79457843841381,0.1623939503262081,0.022569851027614354,0.024999950000116702,0.18496380135382245,0.20996375135393916
coarse,100000,1.5,74.32092583039913,0.15788599996566527,0.021705443468260952,0.024999950000116702,0.17959144343392622,0.20459139343404292
coarse,100000,1.5,74.98942093324558,0.1570681654330253,0.021549766312472185,0.024999950000116702,0.17861793174549748,0.20361788174561418
coarse,100000,1.5,78.02292404485208,0.15348889241052482,0.02087301725105669,0.024999950000116702,0.17436190966158152,0.19936185966169823
coarse,100000,1.5,80.58421877614818,0.15062647367478052,0.02033695213854551,0.024999950000116702,0.17096342581332602,0.19596337581344273
coarse,100000,1.5,81.90932242152977,0.14920004378427196,0.02007141050674072,0.024999950000116702,0.16927145429101267,0.19427140429112938
coarse,100000,1.5,85.98930611338423,0.14501150948608368,0.019299083783488904,0.024999950000116702,0.1643105932695726,0.1893105432696893
coarse,100000,1.5,86.59643233600653,0.14441509439606937,0.01918978910126232,0.024999950000116702,0.16360488349733168,0.1886048334974484
coarse,100000,1.5,90.27251779484578,0.14092470101110566,0.018555262075213963,0.024999950000116702,0.15947996308631962,0.18447991308643633
coarse,100000,1.5,93.0572040929699,0.1384245873974045,0.018104656045809554,0.024999950000116702,0.15652924344321406,0.18152919344333077
coarse,100000,1.5,94.76908045141592,0.13693862058274378,0.0178390113841896,0.024999950000116702,0.1547776319669334,0.17977758196705007
coarse,100000,1.5,99.4896213044336,0.1330509362013795,0.017149327148442504,0.024999950000116702,0.150200263349822,0.1752002133499387
coarse,100000,1.5,100.0,0.13264618577854687,0.017078147063365627,0.024999950000116702,0.1497243328419125,0.1747242828420292
coarse,100000,1.5,104.44529692755633,0.12925514388587064,0.016484921803157644,0.024999950000116702,0.14574006568902828,0.17074001568914499
coarse,100000,1.5,107.46078283213176,0.1270746212231568,0.016107273420777366,0.024999950000116702,0.14318189464393416,0.16818184464405087
coarse,100000,1.5,109.64781961431851,0.12555046742696604,0.015844972974985938,0.024999950000116702,0.14139544040195198,0.1663953904020687
coarse,100000,1.5,115.10948505908407,0.12193737496966946,0.015228779895318848,0.024999950000116702,0.13716615486498832,0.162166104865105
coarse,100000,1.5,115.47819846894582,0.12170263190480297,0.015189037789820104,0.024999950000116702,0.13689166969462307,0.16189161969473978
coarse,100000,1.5,120.84320141681312,0.11841376314010411,0.014635475959240897,0.024999950000116702,0.13304923909934502,0.1580491890994617
coarse,100000,1.5,124.09377607517196,0.11652322290751012,0.01432060150208808,0.024999950000116702,0.1308438244095982,0.1558437744097149
coarse,100000,1.5,126.86251981032602,0.11497456579292413,0.01406400140797203,0.024999950000116702,0.12903856720089615,0.15403851720101286
coarse,100000,1.5,133.1816663571621,0.11161676024707375,0.013513475252233825,0.024999950000116702,0.12513023549930757,0.15013018549942425
coarse,100000,1.5,133.3521432163324,0.11152965691744889,0.01349927681833658,0.024999950000116702,0.12502893373578547,0.15002888373590215
coarse,100000,1.5,139.81557579172983,0.10834227600389039,0.0129834115902146,0.024999950000116702,0.12132568759410499,0.14632563759422168
coarse,100000,1.5,143.30125702369628,0.10671544528361093,0.012722519484462055,0.024999950000116702,0.11943796476807299,0.14443791476818968
coarse,100000,1.5,146.77992676220705,0.10514921743920475,0.012473064155609396,0.024999950000116702,0.11762228159481414,0.14262223159493084
coarse,100000,1.5,153.9926526059492,0.10207433943336199,0.011987921577174043,0.024999950000116702,0.11406226101053603,0.13906221101065272
coarse,100000,1.5,154.09117888561602,0.10203395443896444,0.011981582147899584,0.024999950000116702,0.11401553658686403,0.1390154865869807
coarse,100000,1.5,161.76661164864794,0.0989911647175598,0.011508011099504105,0.024999950000116702,0.1104991758170639,0.1354991258171806
coarse,100000,1.5,165.48170999431815,0.09759872098839882,0.011293086191372112,0.024999950000116702,0.10889180717977093,0.13389175717988763
coarse,100000,1.5,169.82436524617444,0.09602423491936184,0.011052064792155581,0.024999950000116702,0.10707629971151741,0.13207624971163412
coarse,100000,1.5,177.82794100389228,0.093282339498364,0.010635824893667328,0.024999950000116702,0.10391816439203132,0.12891811439214804
coarse,100000,1.5,178.28348345396734,0.0931314584261461,0.010613101498615746,0.024999950000116702,0.10374455992476185,0.12874450992487857
coarse,100000,1.5,187.16395863694845,0.09031063970293537,0.010190464017353637,0.024999950000116702,0.10050110372028902,0.1255010537204057
coarse,100000,1.5,191.09529749704404,0.08912169781556377,0.010014252729718173,0.024999950000116702,0.09913595054528195,0.12413590054539865
coarse,100000,1.5,196.4867789993468,0.08755411025665784,0.009783109071840698,0.024999950000116702,0.09733721932849854,0.12233716932861524
coarse,100000,1.5,205.3525026457146,0.08511143028363277,0.009426441331038513,0.024999950000116702,0.09453787161467128,0.11953782161478799
coarse,100000,1.5,206.27397818843016,0.08486670907339806,0.009390936976564533,0.024999950000116702,0.09425764604996259,0.1192575960500793
coarse,100000,1.5,216.54868736904876,0.0822469017059576,0.009013396535071756,0.024999950000116702,0.09126029824102935,0.11626024824114606
coarse,100000,1.5,220.673406908459,0.08124637344592772,0.008870567250487947,0.024999950000116702,0.09011694069641567,0.11511689069653237
coarse,100000,1.5,227.33518989206314,0.07969319544922446,0.008649957297238654,0.024999950000116702,0.08834315274646311,0.11334310274657981
coarse,100000,1.5,237.13737056616552,0.07752155933461259,0.00834490648274687,0.024999950000116702,0.08586646581735946,0.11086641581747617
coarse,100000,1.5,238.65897868585807,0.0771977262189157,0.008299634661150435,0.024999950000116702,0.08549736088006614,0.11049731088018284
coarse,100000,1.5,250.5468165065873,0.07476458963917376,0.007962342159426062,0.024999950000116702,0.08272693179859983,0.10772688179871653
coarse,100000,1.5,254.82967479793464,0.07393220902652148,0.007847829246137469,0.024999950000116702,0.08178003827265895,0.10677998827277566
coarse,100000,1.5,263.02679918953817,0.07239313795732083,0.0076376606270242295,0.024999950000116702,0.08003079858434506,0.10503074858446176
coarse,100000,1.5,273.8419634264361,0.07047372645396299,0.007377795017293172,0.024999950000116702,0.07785152147125617,0.10285147147137287
coarse,100000,1.5,276.128422051113,0.07008203189785421,0.007325134955937668,0.024999950000116702,0.07740716685379188,0.10240711685390859
coarse,100000,1.5,289.88264959835425,0.06782482007896175,0.007023947382389704,0.024999950000116702,0.07484876746135145,0.09984871746146816
coarse,100000,1.5,294.2727176209282,0.06713980444255034,0.006933208930926788,0.024999950000116702,0.07407301337347713,0.09907296337359384
coarse,100000,1.5,304.32198871077225,0.0656232085359434,0.00673389383969772,0.024999950000116702,0.07235710237564112,0.09735705237575783
coarse,100000,1.5,316.22776601683796,0.06392624977214924,0.006512700005968951,0.024999950000116702,0.07043894977811818,0.09543889977823489
coarse,100000,1.5,319.4805654674313,0.06347796782957785,0.006454716342141658,0.024999950000116702,0.06993268417171951,0.09493263417183621
coarse,100000,1.5,335.394205800866,0.061387898775002295,0.006186024739803256,0.024999950000116702,0.06757392351480555,0.09257387351492226
coarse,100000,1.5,352.1005201684521,0.05934796548486728,0.005927159043403462,0.024999950000116702,0.06527512452827074,0.09027507452838744
coarse,100000,1.5,369.6389924413366,0.05735745218522108,0.005677787376513809,0.024999950000116702,0.06303523956173489,0.08803518956185159
coarse,100000,1.5,388.0510732210183,0.055418540634597446,0.005437803408749038,0.024999950000116702,0.060856344043346486,0.08585629404346319
coarse,100000,1.5,407.380277804113,0.053530159631775,0.0052068729223345815,0.024999950000116702,0.058737032554109586,0.08373698255422629
coarse,100000,1.5,427.67228902684343,0.05168868797036615,0.00498448541228154,0.024999950000116702,0.05667317338264769,0.08167312338276439
coarse,100000,1.5,448.97506523231453,0.049890969875417995,0.00477017361876933,0.024999950000116702,0.054661143494187325,0.07966109349430403
coarse,100000,1.5,471.3389536157405,0.0481405845684062,0.00456397372665448,0.024999950000116702,0.052704558295060676,0.07770450829517739
coarse,100000,1.5,494.8168092155145,0.046436577734603926,0.00436559962674418,0.024999950000116702,0.05080217736134811,0.07580212736146481
coarse,100000,1.5,519.4641198313342,0.04477673582971282,0.004174682345930103,0.024999950000116702,0.04895141817564292,0.07395136817575962
coarse,100000,1.5,545.3391371646278,0.043155464049550285,0.003990614695339703,0.024999950000116702,0.04714607874488999,0.0721460287450067
coarse,100000,1.5,572.5030144912078,0.04157771553733121,0.0038135662286555507,0.024999950000116702,0.04539128176598676,0.07039123176610347
coarse,100000,1.5,601.0199511915373,0.040042642527684996,0.003643292172684661,0.024999950000116702,0.04368593470036966,0.06868588470048637
coarse,100000,1.5,630.9573444801937,0.038549422595732304,0.0034795570867327953,0.024999950000116702,0.0420289796824651,0.0670289296825818
coarse,100000,2.5,0.1,2.810039153807055,0.042091091481726184,0.024999950000116702,2.852130245288781,2.8771301952888977
coarse,100000,2.5,0.10498109808656175,2.7976129024470993,0.044062966674707285,0.024999950000116702,2.8416758691218065,2.866675819121923
coarse,100000,2.5,0.11021030955460301,2.784656526823079,0.04612092381141701,0.024999950000116702,2.830777450634496,2.8557774006346124
coarse,100000,2.5,0.11569999317502112,2.7712267880985326,0.04826895077129674,0.024999950000116702,2.819495738869829,2.8444956888699457
coarse,100000,2.5,0.12146312332121417,2.757315585868349,0.05051049702564491,0.024999950000116702,2.807826082893994,2.8328260328941104
coarse,100000,2.5,0.1275133206328453,2.7427695118866566,0.05284726754204298,0.024999950000116702,2.7956167794286997,2.8206167294288162
coarse,100000,2.5,0.13386488420699932,2.727579446845452,0.05528257199397061,0.024999950000116702,2.7828620188394226,2.807861968839539
coarse,100000,2.5,0.14053282539281228,2.711860019652255,0.05782150632676997,0.024999950000116702,2.769681525979025,2.7946814759791416
coarse,100000,2.5,0.14753290326944482,2.695604335986084,0.06046778921914501,0.024999950000116702,2.7560721252052294,2.781072075205346
coarse,100000,2.5,0.1548816618912481,2.678696297150422,0.06322350475974521,0.024999950000116702,2.7419198019101674,2.766919751910284
coarse,100000,2.5,0.16259646938814815,2.661020878160143,0.06609043484709294,0.024999950000116702,2.727111313007236,2.7521112630073525
coarse,100000,2.5,0.17069555901365815,2.6427654469126725,0.0690752601038839,0.024999950000116702,2.7118407070165564,2.736840657016673
coarse,100000,2.5,0.1791980722375334,2.623925471741758,0.07218187093106068,0.024999950000116702,2.6961073426728186,2.721107292672935
coarse,100000,2.5,0.18812410398491272,2.6044367068262897,0.07541303832172004,0.024999950000116702,2.67984974514801,2.7048496951481265
coarse,100000,2.5,0.19749475012886664,2.5840535763069825,0.07876755760775628,0.024999950000116702,2.662821133914739,2.6878210839148555
coarse,100000,2.5,0.2073321573485955,2.5630513507628687,0.08225440843099324,0.024999950000116702,2.645305759193862,2.6703057091939786
coarse,100000,2.5,0.2176595754711136,2.5414293544669198,0.08587750387675618,0.024999950000116702,2.627306858343676,2.6523068083437926
coarse,100000,2.5,0.2285014124201237,2.519187928132726,0.08964077823402894,0.024999950000116702,2.608828706366755,2.6338286563668714
coarse,100000,2.5,0.23988329190194904,2.4959353355726717,0.09353801233632766,0.024999950000116702,2.5894733479089993,2.614473297909116
coarse,100000,2.5,0.25183211396485844,2.472041979276352,0.0975813783891294,0.024999950000116702,2.5696233576654812,2.594623307665598
coarse,100000,2.5,0.26437611857491,2.447514957780742,0.1017746611270153,0.024999950000116702,2.549289618907757,2.5742895689078735
coarse,100000,2.5,0.277544952358571,2.4223604120181865,0.10612156300332919,0.024999950000116702,2.5284819750215157,2.5534819250216323
coarse,100000,2.5,0.29136973866985255,2.396241450357336,0.11061447110010576,0.024999950000116702,2.5068559214574417,2.5318558714575583
coarse,100000,2.5,0.30588315114755654,2.3694169824290365,0.11526351981825861,0.024999950000116702,2.4846805022472953,2.509680452247412
coarse,100000,2.5,0.3211194909364823,2.341975784748197,0.12007436072865289,0.024999950000116702,2.4620501454768497,2.4870500954769663
coarse,100000,2.5,0.33711476775509625,2.3139315686038366,0.12505020367962805,0.024999950000116702,2.438981772283465,2.4639817222835814
coarse,100000,2.5,0.35390678500126244,2.2850207326251346,0.1301824613738896,0.024999950000116702,2.4152031939990244,2.440203143999141
coarse,100000,2.5,0.37153522909717257,2.2553713920791876,0.1354766810501506,0.024999950000116702,2.3908480731293382,2.415848023129455
coarse,100000,2.5,0.39004176328463463,2.225162600142012,0.1409416526369659,0.024999950000116702,2.366104252778978,2.3911042027790947
coarse,100000,2.5,0.4094701260923973,2.1944170494898247,0.14657981923982674,0.024999950000116702,2.3409968687296514,2.365996818729768
coarse,100000,2.5,0.42986623470822766,2.162958542758365,0.1523825222906205,0.024999950000116702,2.3153410650489854,2.340341015049102
coarse,100000,2.5,0.45127829350005433,2.1307761965180765,0.15834721157138348,0.024999950000116702,2.28912340808946,2.3141233580895766
coarse,100000,2.5,0.473756907942654,2.098139401073845,0.16448765253746075,0.024999950000116702,2.262627053611306,2.2876270036114223
coarse,100000,2.5,0.49735520421913965,2.0650803087758924,0.17080528800624573,0.024999950000116702,2.235885596782138,2.2608855467822546
coarse,100000,2.5,0.5221289547799146,2.0315158479067543,0.17729290265360048,0.024999950000116702,2.2088087505603546,2.233808700560471
coarse,100000,2.5,0.5481367101558418,1.9973044339444113,0.18393544030253015,0.024999950000116702,2.181239874246941,2.206239824247058
coarse,100000,2.5,0.5754399373371569,1.9627934688407005,0.19075408603203664,0.024999950000116702,2.153547554872737,2.1785475048728538
coarse,100000,2.5,0.6041031650451701,1.9280234290606055,0.19774916414452592,0.024999950000116702,2.1257725932051317,2.1507725432052482
coarse,100000,2.5,0.6341941362400942,1.892997910133202,0.20491706234957485,0.024999950000116702,2.097914972482777,2.1229149224828934
coarse,100000,2.5,0.6657839682254364,1.8574729617210748,0.21222526493190197,0.024999950000116702,2.0696982266529766,2.0946981766530937
coarse,100000,2.5,0.6989473207273484,1.8218467299348473,0.21970531352482137,0.024999950000116702,2.0415520434596686,2.0665519934597856
coarse,100000,2.5,0.7337625723461731,1.7861647042326305,0.22735648939792888,0.024999950000116702,2.0135211936305595,2.038521143630676
coarse,100000,2.5,0.7703120057972147,1.7504712073818591,0.23517779758620147,0.024999950000116702,1.9856490049680606,2.010648954968177
coarse,100000,2.5,0.8086820023785352,1.7145437474583058,0.24312541619723563,0.024999950000116702,1.9576691636555414,1.9826691136556582
coarse,100000,2.5,0.8489632461253815,1.6787133291091876,0.25123339089009733,0.024999950000116702,1.9299467199992848,1.9549466699994018
coarse,100000,2.5,0.8912509381337457,1.6430504048727759,0.25950391500693437,0.024999950000116702,1.9025543198797101,1.9275542698798271
coarse,100000,2.5,0.9356450215595893,1.607597773729955,0.2679353185470551,0.024999950000116702,1.87553309227701,1.900533042277127
coarse,100000,2.5,0.9822504178255043,1.572242834136665,0.27648706906596243,0.024999950000116702,1.8487299032026274,1.8737298532027442
coarse,100000,2.5,1.0311772745930554,1.537105382896683,0.2841655354344896,0.024999950000116702,1.8212709183311726,1.8462708683312894
coarse,100000,2.5,1.0825412260868696,1.5022437278853964,0.2902635858269039,0.024999950000116702,1.7925073137123002,1.8175072637124172
coarse,100000,2.5,1.1364636663857248,1.4676762435455335,0.2943564790047601,0.024999950000116702,1.7620327225502936,1.7870326725504104
coarse,100000,2.5,1.1930720363265337,1.4333511049310224,0.29616854296443995,0.024999950000116702,1.7295196478954624,1.754519597895579
coarse,100000,2.5,1.252500124699298,1.399380095752602,0.296097675105336,0.024999950000116702,1.6954777708579378,1.7204777208580548
coarse,100000,2.5,1.314888384444878,1.3658906113078857,0.29462394530946195,0.024999950000116702,1.6605145566173476,1.6855145066174644
coarse,100000,2.5,1.3803842646028852,1.3329153008912358,0.2918743524912523,0.024999950000116702,1.6247896533824882,1.649789603382605
coarse,100000,2.5,1.449142558794219,1.3004495175476645,0.2878107503860638,0.024999950000116702,1.5882602679337283,1.613260217933845
coarse,100000,2.5,1.5213257710618697,1.2685292266487815,0.2825500591015002,0.024999950000116702,1.5510792857502818,1.5760792357503985
coarse,100000,2.5,1.5971044999346033,1.2372412061048212,0.27653088736812526,0.024999950000116702,1.5137720934729466,1.5387720434730632
coarse,100000,2.5,1.6766578416212374,1.2065982479635515,0.26986499699592725,0.024999950000116702,1.4764632449594788,1.5014631949595956
coarse,100000,2.5,1.7601738132884204,1.176604387169803,0.262606589842457,0.024999950000116702,1.43921097701226,1.4642109270123769
coarse,100000,2.5,1.8478497974222907,1.1472639035546324,0.25475082241470987,0.024999950000116702,1.4020147259693423,1.427014675969459
coarse,100000,2.5,1.9398930083242285,1.1186117603491066,0.24664040314256597,0.024999950000116702,1.3652521634916726,1.3902521134917893
coarse,100000,2.5,2.036520981843212,1.0906437230502217,0.2383534692086146,0.024999950000116702,1.3289971922588364,1.3539971422589532
coarse,100000,2.5,2.1379620895022327,1.0633542973249943,0.22995900376953363,0.024999950000116702,1.293313301094528,1.3183132510946447
coarse,100000,2.5,2.244456078233844,1.0367380396835395,0.22141350458294345,0.024999950000116702,1.258151544266483,1.2831514942665998
coarse,100000,2.5,2.3562546370004687,1.0107899978600423,0.212941157446287,0.024999950000116702,1.2237311553063293,1.248731105306446
coarse,100000,2.5,2.473621991638621,0.9854958747519225,0.20458287808772468,0.024999950000116702,1.1900787528396473,1.2150787028397638
coarse,100000,2.5,2.5968355293329033,0.96084128984588,0.19637427621712628,0.024999950000116702,1.1572155660630064,1.182215516063123
coarse,100000,2.5,2.7261864541956613,0.9368142239795354,0.18830570153015558,0.024999950000116702,1.1251199255096909,1.1501198755098077
coarse,100000,2.5,2.861980475501707,0.9133952239055461,0.18046164720884178,0.024999950000116702,1.093856871114388,1.1188568211145045
coarse,100000,2.5,3.004538530204693,0.890566889402641,0.17286432201893664,0.024999950000116702,1.0634312114215776,1.0884311614216942
coarse,100000,2.5,3.1541975414427297,0.8683129068510219,0.165522717599337,0.024999950000116702,1.0338356244503588,1.0588355744504756
coarse,100000,2.5,3.311311214825911,0.8466167087944533,0.15843416001539656,0.024999950000116702,1.0050508688098498,1.0300508188099666
coarse,100000,2.5,3.476250874387709,0.8254605956797957,0.15161671007537247,0.024999950000116702,0.9770773057551682,1.0020772557552848
coarse,100000,2.5,3.649406340175921,0.8048294886775801,0.1450736323872982,0.024999950000116702,0.9499031210648783,0.974903071064995
coarse,100000,2.5,3.831186849557289,0.7847090596978934,0.13880007800337432,0.024999950000116702,0.9235091377012677,0.9485090877013844
coarse,100000,2.5,4.022022024413192,0.7650835689812215,0.13279035204041834,0.024999950000116702,0.8978739210216399,0.9228738710217566
coarse,100000,2.5,4.22236288651233,0.7459387209779216,0.12704096725027972,0.024999950000116702,0.8729796882282013,0.897979638228318
coarse,100000,2.5,4.432682923460089,0.7272638778324346,0.12154400928008881,0.024999950000116702,0.8488078871125234,0.8738078371126401
coarse,100000,2.5,4.653479207743908,0.7090471465524605,0.1162902005473666,0.024999950000116702,0.8253373470998271,0.8503372970999438
coarse,100000,2.5,4.885273571519389,0.6912755388712669,0.11127166091951607,0.024999950000116702,0.8025471997907829,0.8275471497908997
coarse,100000,2.5,5.1286138399136485,0.6739358836562881,0.10648179955712668,0.024999950000116702,0.7804176832134148,0.8054176332135314
coarse,100000,2.5,5.384075125760731,0.6570207700509614,0.10190842484618765,0.024999950000116702,0.758929194897149,0.7839291448972657
coarse,100000,2.5,5.652261188829045,0.6405198167399071,0.09754211865489985,0.024999950000116702,0.7380619353948069,0.7630618853949236
coarse,100000,2.5,5.933805862753281,0.6244222862885789,0.09337448781296204,0.024999950000116702,0.717796774101541,0.7427967241016575
coarse,100000,2.5,6.229374553043173,0.6087144664266733,0.0894010580544562,0.024999950000116702,0.6981155244811295,0.7231154744812461
coarse,100000,2.5,6.539665809709571,0.5933909876710176,0.08560845019235068,0.024999950000116702,0.6789994378633682,0.7039993878634849
coarse,100000,2.5,6.865412978224548,0.5784424334096636,0.08198828023730619,0.024999950000116702,0.6604307136469698,0.6854306636470865
coarse,100000,2.5,7.207385932717452,0.5638596214138071,0.07853253606943064,0.024999950000116702,0.6423921574832377,0.6673921074833544
coarse,100000,2.5,7.566392895503165,0.5496285039781205,0.07523850414343462,0.024999950000116702,0.624867008121555,0.6498669581216717
coarse,100000,2.5,7.943282347242818,0.5357448431565482,0.07209383517870438,0.024999950000116702,0.6078386783352526,0.6328386283353693
coarse,100000,2.5,8.338945032251527,0.5222003979365654,0.06909110752080296,0.024999950000116702,0.5912915054573683,0.616291455457485
coarse,100000,2.5,8.754316063692443,0.5089868600588492,0.0662235404041787,0.024999950000116702,0.5752104004630278,0.6002103504631445
coarse,100000,2.5,9.190377133632595,0.4960917880305986,0.06348803654346447,0.024999950000116702,0.5595798245740631,0.5845797745741798
coarse,100000,2.5,9.648158833183777,0.48351007814162206,0.06087566583982542,0.024999950000116702,0.5443857439814475,0.5693856939815641
coarse,100000,2.5,10.128743088211932,0.4712353505365549,0.05837946678697234,0.024999950000116702,0.5296148173235272,0.5546147673236439
coarse,100000,2.5,10.633265716371616,0.4592601270008242,0.055993859471537975,0.024999950000116702,0.5152539864723622,0.5402539364724789
coarse,100000,2.5,11.162919111508824,0.44757366519187586,0.05371557293582068,0.024999950000116702,0.5012892381276965,0.5262891881278132
coarse,100000,2.5,11.718955061776631,0.43616970923121545,0.05153857693483012,0.024999950000116702,0.48770828616604556,0.5127082361661622
coarse,100000,2.5,12.30268770812381,0.4250437328630333,0.049456572711095916,0.024999950000116702,0.47450030557412926,0.49950025557424593
coarse,100000,2.5,12.91549665014884,0.4141889998678827,0.047465039689450456,0.024999950000116702,0.4616540395573332,0.4866539895574499
coarse,100000,2.5,13.558830206659357,0.4035964781689393,0.04556075335555699,0.024999950000116702,0.44915723152449627,0.47415718152461295
coarse,100000,2.5,14.234208838643415,0.3932585085560766,0.04373981778969231,0.024999950000116702,0.4369983263457689,0.4619982763458856
coarse,100000,2.5,14.943228742742294,0.3831723836497682,0.04199671346594602,0.024999950000116702,0.4251690971157142,0.4501690471158309
coarse,100000,2.5,15.687565623717566,0.37333202779796576,0.04032780062353931,0.024999950000116702,0.41365982842150506,0.43865977842162174
coarse,100000,2.5,16.46897865482869,0.3637301079877668,0.03873006029338337,0.024999950000116702,0.40246016828115017,0.42746011828126684
coarse,100000,2.5,17.289314635480615,0.3543573793944605,0.03720102957429505,0.024999950000116702,0.39155840896875554,0.4165583589688722
coarse,100000,2.5,17.78279410038923,0.3490372899679673,0.03634481798080876,0.024999950000116702,0.38538210794877603,0.4103820579488927
coarse,100000,2.5,18.15051235596819,0.3452129148463462,0.03573600567927134,0.024999950000116702,0.3809489205256175,0.4059488705257342
coarse,100000,2.5,19.054607179632484,0.3362912300992476,0.034332061133203216,0.024999950000116702,0.3706232912324508,0.3956232412325675
coarse,100000,2.5,19.109529749704404,0.33576944610624204,0.0342508814116378,0.024999950000116702,0.37002032751787983,0.3950202775179965
coarse,100000,2.5,20.003735853259002,0.32758667143860265,0.03298648096323692,0.024999950000116702,0.36057315240183957,0.38557310240195625
coarse,100000,2.5,20.53525026457146,0.32297440814286427,0.0322848051540421,0.024999950000116702,0.35525921329690635,0.38025916329702303
coarse,100000,2.5,21.000141557086565,0.31908826961048026,0.031697689103814146,0.024999950000116702,0.3507859587142944,0.3757859087144111
coarse,100000,2.5,22.04617920636185,0.3107968365212524,0.030461777955622736,0.024999950000116702,0.3412586144768751,0.3662585644769918
coarse,100000,2.5,22.0673406908459,0.31063524830881023,0.03043790015430594,0.024999950000116702,0.34107314846311615,0.3660730984632328
coarse,100000,2.5,23.144321016969926,0.30270741859436723,0.029276387828575973,0.024999950000116702,0.33198380642294323,0.3569837564230599
coarse,100000,2.5,23.71373705661655,0.2987356612551298,0.028702139853164735,0.024999950000116702,0.3274378011082945,0.3524377511084112
coarse,100000,2.5,24.29716234829391,0.2948151860028988,0.028139274676534074,0.024999950000116702,0.3229544606794329,0.3479544106795496
coarse,100000,2.5,25.482967479793466,0.2872599398013083,0.02707010634192002,0.024999950000116702,0.31433004614322835,0.339329996143345
coarse,100000,2.5,25.507427837113593,0.28710982603575136,0.02704900193722661,0.024999950000116702,0.31415882797297795,0.3391587779730946
coarse,100000,2.5,26.777977837039188,0.27959135836183224,0.026002755307787135,0.024999950000116702,0.30559411366961936,0.33059406366973604
coarse,100000,2.5,27.384196342643612,0.2761929517992346,0.025534940587701914,0.024999950000116702,0.3017278923869365,0.32672784238705316
coarse,100000,2.5,28.11181517869986,0.2722561370769012,0.024998505619033228,0.024999950000116702,0.29725464269593443,0.3222545926960511
coarse,100000,2.5,29.42727176209282,0.26551933451457443,0.024090367754981464,0.024999950000116702,0.2896097022695559,0.3146096522696726
coarse,100000,2.5,29.51209226666387,0.26509979758109936,0.02403443397079691,0.024999950000116702,0.28913423155189627,0.31413418155201295
coarse,100000,2.5,30.982118529862987,0.2581135897821977,0.023109153540881194,0.024999950000116702,0.28122274332307895,0.3062226933231956
coarse,100000,2.5,31.622776601683793,0.2552232149993342,0.022730618548934194,0.024999950000116702,0.2779538335482684,0.3029537835483851
coarse,100000,2.5,32.5253682431303,0.25129570730585504,0.02222069346502772,0.024999950000116702,0.27351640077088274,0.2985163507709994
coarse,100000,2.5,33.982083289425596,0.24529367227171447,0.021449986131624247,0.024999950000116702,0.26674365840333875,0.2917436084034554
coarse,100000,2.5,34.145488738336006,0.24464409718584232,0.021367318195109387,0.024999950000116702,0.2660114153809517,0.2910113653810684
coarse,100000,2.5,35.84630902452844,0.23815481416143552,0.020547545332568234,0.024999950000116702,0.2587023594940038,0.28370230949412045
coarse,100000,2.5,36.51741272548377,0.23571766457894053,0.020243437676630602,0.024999950000116702,0.2559611022555711,0.28096105225568785
coarse,100000,2.5,37.63184883745225,0.2318206543932415,0.019760102525169874,0.024999950000116702,0.25158075691841136,0.27658070691852804
coarse,100000,2.5,39.24189758484536,0.22648262394142166,0.01910630290173148,0.024999950000116702,0.24558892684315314,0.2705888768432698
coarse,100000,2.5,39.50632813983238,0.22563789118400499,0.01900354789384759,0.024999950000116702,0.24464143907785257,0.2696413890779693
coarse,100000,2.5,41.47417709487639,0.21960604344287848,0.018276442419249448,0.024999950000116702,0.23788248586212793,0.26288243586224463
coarse,100000,2.5,42.169650342858226,0.2175764385315685,0.018034244579517744,0.024999950000116702,0.23561068311108624,0.2606106331112029
coarse,100000,2.5,43.540046536566486,0.21372154452376727,0.01757757069513839,0.024999950000116702,0.23129911521890564,0.25629906521902235
coarse,100000,2.5,45.31583637600818,0.2089874357962723,0.017023231611321365,0.024999950000116702,0.22601066740759365,0.25101061740771036
coarse,100000,2.5,45.708818961487516,0.2079787204634282,0.016905809443402812,0.024999950000116702,0.224884529906831,0.2498844799069477
coarse,100000,2.5,47.98562006816812,0.2023718431033231,0.0162600305994344,0.024999950000116702,0.2186318737027575,0.2436318237028742
coarse,100000,2.5,48.69675251658631,0.20070436628475477,0.01606951445198251,0.024999950000116702,0.21677388073673728,0.241773830736854
coarse,100000,2.5,50.37583087120846,0.19690198397864522,0.015639078602510483,0.024999950000116702,0.2125410625811557,0.23754101258127241
coarse,100000,2.5,52.32991146814947,0.19271534135102775,0.015169607312390003,0.024999950000116702,0.20788494866341775,0.23288489866353446
coarse,100000,2.5,52.88510041882383,0.1915659187845291,0.01504195087715164,0.024999950000116702,0.20660786966168074,0.23160781966179744
coarse,100000,2.5,55.5193591438621,0.186359488359286,0.014467687816364273,0.024999950000116702,0.20082717617565027,0.22582712617576697
coarse,100000,2.5,56.23413251903491,0.18500851315181757,0.014320240500088706,0.024999950000116702,0.19932875365190628,0.22432870365202298
coarse,100000,2.5,58.28483287984838,0.18127489100960614,0.013915331178574752,0.024999950000116702,0.19519022218818088,0.2201901721882976
coarse,100000,2.5,60.42963902381328,0.17757626790171038,0.013518363258869672,0.024999950000116702,0.19109463116058006,0.21609458116069677
coarse,100000,2.5,61.18805757518219,0.17631473415301321,0.01338398723246617,0.024999950000116702,0.18969872138547939,0.2146986713855961
coarse,100000,2.5,64.23589474026393,0.17147610342160274,0.01287282409562024,0.024999950000116702,0.18434892751722298,0.2093488775173397
coarse,100000,2.5,64.93816315762113,0.17040890051020804,0.012761152426110397,0.024999950000116702,0.18317005293631844,0.20817000293643514
coarse,100000,2.5,67.435547664057,0.16675615819846817,0.01238104538742945,0.024999950000116702,0.17913720358589763,0.20413715358601434
coarse,100000,2.5,69.78305848598663,0.16349705752605115,0.012045971457236484,0.024999950000116702,0.17554302898328764,0.20054297898340434
coarse,100000,2.5,70.79457843841381,0.1621455071787257,0.011907775662506486,0.024999950000116702,0.17405328284123217,0.19905323284134888
coarse,100000,2.5,74.32092583039913,0.15764773013370767,0.011452350368280535,0.024999950000116702,0.16910008050198821,0.19410003050210492
coarse,100000,2.5,74.98942093324558,0.15683172454778976,0.01137035631227151,0.024999950000116702,0.16820208086006128,0.19320203086017798
coarse,100000,2.5,78.02292404485208,0.1532603767826092,0.011014077969201775,0.024999950000116702,0.164274454751811,0.1892744047519277
coarse,100000,2.5,80.58421877614818,0.1504042141354105,0.010732002555764248,0.024999950000116702,0.16113621669117476,0.18613616669129146
coarse,100000,2.5,81.90932242152977,0.1489808807496269,0.010592293373258324,0.024999950000116702,0.15957317412288521,0.18457312412300192
coarse,100000,2.5,85.98930611338423,0.1448013008690226,0.010186222924286245,0.024999950000116702,0.15498752379330885,0.17998747379342556
coarse,100000,2.5,86.59643233600653,0.1442061542012949,0.010128753557954614,0.024999950000116702,0.15433490775924952,0.17933485775936622
coarse,100000,2.5,90.27251779484578,0.14072307752997987,0.009795325755495552,0.024999950000116702,0.15051840328547542,0.17551835328559212
coarse,100000,2.5,93.0572040929699,0.13822815703140234,0.009558554006351421,0.024999950000116702,0.14778671103775376,0.17278666103787046
coarse,100000,2.5,94.76908045141592,0.136745231933428,0.009419051618719842,0.024999950000116702,0.14616428355214783,0.17116423355226454
coarse,100000,2.5,99.4896213044336,0.13286544659868119,0.00905684238307472,0.024999950000116702,0.1419222889817559,0.1669222389818726
coarse,100000,2.5,100.0,0.13246150653073216,0.0090194771619522,0.024999950000116702,0.14148098369268436,0.16648093369280106
coarse,100000,2.5,104.44529692755633,0.12907722412666175,0.008708033033765394,0.024999950000116702,0.13778525716042714,0.16278520716054384
coarse,100000,2.5,107.46078283213176,0.12690098803502065,0.008509807984177392,0.024999950000116702,0.13541079601919803,0.16041074601931474
coarse,100000,2.5,109.64781961431851,0.12537980653526135,0.008372136768779265,0.024999950000116702,0.1337519433040406,0.15875189330415732
coarse,100000,2.5,115.10948505908407,0.12177367967560856,0.008048739543767617,0.024999950000116702,0.12982241921937618,0.15482236921949288
coarse,100000,2.5,115.47819846894582,0.12153938456808769,0.008027883889004774,0.024999950000116702,0.12956726845709246,0.15456721845720917
coarse,100000,2.5,120.84320141681312,0.11825675220337563,0.007737370993547506,0.024999950000116702,0.12599412319692313,0.15099407319703984
coarse,100000,2.5,124.09377607517196,0.1163697430598343,0.007572144060614294,0.024999950000116702,0.1239418871204486,0.1489418371205653
coarse,100000,2.5,126.86251981032602,0.11482396601168711,0.007437475782587929,0.024999950000116702,0.12226144179427503,0.14726139179439174
coarse,100000,2.5,133.1816663571621,0.11147230997957018,0.007148574269081461,0.024999950000116702,0.11862088424865164,0.14362083424876834
coarse,100000,2.5,133.3521432163324,0.11138536523653216,0.007141122467260185,0.024999950000116702,0.11852648770379234,0.14352643770390902
coarse,100000,2.5,139.81557579172983,0.10820372919700295,0.006870380910449792,0.024999950000116702,0.11507411010745275,0.14007406010756943
coarse,100000,2.5,143.30125702369628,0.1065797988691304,0.006733441432857153,0.024999950000116702,0.11331324030198756,0.13831319030210423
coarse,100000,2.5,146.77992676220705,0.10501633800715868,0.0066024978510198324,0.024999950000116702,0.11161883585817851,0.1366187858582952
coarse,100000,2.5,153.9926526059492,0.10194682936558012,0.0063478057142174514,0.024999950000116702,0.10829463507979757,0.13329458507991426
coarse,100000,2.5,154.09117888561602,0.10190651459292013,0.006344477049472029,0.024999950000116702,0.10825099164239216,0.13325094164250886
coarse,100000,2.5,161.76661164864794,0.09886894451238054,0.006095814589095784,0.024999950000116702,0.10496475910147632,0.12996470910159302
coarse,100000,2.5,165.48170999431815,0.09747886912258856,0.005982936962930445,0.024999950000116702,0.103461806085519,0.1284617560856357
coarse,100000,2.5,169.82436524617444,0.095907027393996,0.005856344659147467,0.024999950000116702,0.10176337205314347,0.12676332205326016
coarse,100000,2.5,177.82794100389228,0.09316969761413531,0.00563766909817793,0.024999950000116702,0.09880736671231324,0.12380731671242995
coarse,100000,2.5,178.28348345396734,0.09301906488643237,0.005625729693124178,0.024999950000116702,0.09864479457955655,0.12364474457967325
coarse,100000,2.5,187.16395863694845,0.09020286919378469,0.005403624678672099,0.024999950000116702,0.09560649387245679,0.1206064438725735
coarse,100000,2.5,191.09529749704404,0.089015846660001,0.005311000741417853,0.024999950000116702,0.09432684740141885,0.11932679740153555
coarse,100000,2.5,196.4867789993468,0.08745077806356097,0.00518948050590596,0.024999950000116702,0.09264025856946694,0.11764020856958364
coarse,100000,2.5,205.3525026457146,0.08501197627807018,0.005001916605024118,0.024999950000116702,0.0900138928830943,0.11501384288321101
coarse,100000,2.5,206.27397818843016,0.08476764063394622,0.00498324216148256,0.024999950000116702,0.08975088279542878,0.11475083279554549
coarse,100000,2.5,216.54868736904876,0.08215192932565579,0.0047846225006028175,0.024999950000116702,0.0869365518262586,0.11193650182637531
coarse,100000,2.5,220.673406908459,0.08115294698578122,0.004709460255331249,0.024999950000116702,0.08586240724111248,0.11086235724122918
coarse,100000,2.5,227.33518989206314,0.07960215802294301,0.0045933454729770486,0.024999950000116702,0.08419550349592006,0.10919545349603677
coarse,100000,2.5,237.13737056616552,0.07743381320697434,0.004432730429528328,0.024999950000116702,0.08186654363650267,0.10686649363661938
coarse,100000,2.5,238.65897868585807,0.0771104689315036,0.0044088896777196825,0.024999950000116702,0.08151935860922328,0.10651930860933999
coarse,100000,2.5,250.5468165065873,0.0746809647631666,0.004231215644812602,0.024999950000116702,0.0789121804079792,0.10391213040809591
coarse,100000,2.5,254.82967479793464,0.07384981693738582,0.004170877617541016,0.024999950000116702,0.07802069455492684,0.10302064455504355
coarse,100000,2.5,263.02679918953817,0.07231300354426688,0.00406010749522838,0.024999950000116702,0.07637311103949526,0.10137306103961197
coarse,100000,2.5,273.8419634264361,0.07039638165742794,0.003923100886785081,0.024999950000116702,0.07431948254421301,0.09931943254432972
coarse,100000,2.5,276.128422051113,0.07000525148698677,0.003895329859545348,0.024999950000116702,0.07390058134653213,0.09890053134664883
coarse,100000,2.5,289.88264959835425,0.06775126342375146,0.0037364484839672693,0.024999950000116702,0.07148771190771873,0.09648766190783543
coarse,100000,2.5,294.2727176209282,0.06706721880597137,0.003688568908573198,0.024999950000116702,0.07075578771454456,0.09575573771466127
coarse,100000,2.5,304.32198871077225,0.06555275059226667,0.003583363162460082,0.024999950000116702,0.06913611375472675,0.09413606375484346
coarse,100000,2.5,316.22776601683796,0.06385815252198913,0.003466571275113073,0.024999950000116702,0.0673247237971022,0.09232467379721891
coarse,100000,2.5,319.4805654674313,0.06341048807754279,0.003435945410000674,0.024999950000116702,0.06684643348754346,0.09184638348766017
coarse,100000,2.5,335.394205800866,0.06132328127545569,0.00329399424174925,0.024999950000116702,0.06461727551720495,0.08961722551732165
coarse,100000,2.5,352.1005201684521,0.05928609996285805,0.0031571593880877795,0.024999950000116702,0.06244325935094583,0.08744320935106253
coarse,100000,2.5,369.6389924413366,0.057298232928133644,0.0030252703644533833,0.024999950000116702,0.060323503292587025,0.08532345329270373
coarse,100000,2.5,388.0510732210183,0.05536186499883712,0.002898281274791234,0.024999950000116702,0.058260146273628355,0.08326009627374506
coarse,100000,2.5,407.380277804113,0.05347592880646133,0.002776020307711632,0.024999950000116702,0.05625194911417296,0.08125189911428966
coarse,100000,2.5,427.67228902684343,0.05163680794753505,0.0026582175810243415,0.024999950000116702,0.054295025528559394,0.07929497552867609
coarse,100000,2.5,448.97506523231453,0.04984135143473459,0.0025446264224649653,0.024999950000116702,0.052385977857199555,0.07738592785731625
coarse,100000,2.5,471.3389536157405,0.04809314001373397,0.0024352785550772146,0.024999950000116702,0.050528418568811184,0.07552836856892789
coarse,100000,2.5,494.8168092155145,0.04639122258406533,0.002330026996723518,0.024999950000116702,0.04872124958078884,0.07372119958090555
coarse,100000,2.5,519.4641198313342,0.04473338935206153,0.0022286783623834306,0.024999950000116702,0.046962067714444965,0.07196201771456166
coarse,100000,2.5,545.3391371646278,0.04311405110600561,0.0021309067524502836,0.024999950000116702,0.04524495785845589,0.0702449078585726
coarse,100000,2.5,572.5030144912078,0.0415381609577284,0.00203681638968571,0.024999950000116702,0.04357497734741411,0.06857492734753082
coarse,100000,2.5,601.0199511915373,0.04000487384342057,0.0019462814732398353,0.024999950000116702,0.04195115531666041,0.0669511053167771
coarse,100000,2.5,630.9573444801937,0.03851336993469043,0.0018591809494761205,0.024999950000116702,0.040372550884166546,0.06537250088428326
refined,100000,0.0,0.1,2.8100559209520544,0.042091255993290645,0.024999950000116702,2.852147176945345,2.8771471269454616
refined,100000,0.0,0.10498109808656175,2.7976541351154047,0.04406338987151023,0.024999950000116702,2.841717524986915,2.8667174749870314
refined,100000,0.0,0.11021030955460301,2.78476073385797,0.0461220486605352,0.024999950000116702,2.830882782518505,2.8558827325186216
refined,100000,0.0,0.11569999317502112,2.7713205736832824,0.04827001871848376,0.024999950000116702,2.819590592401766,2.8445905424018827
refined,100000,0.0,0.12146312332121417,2.757346912028772,0.05051087516848645,0.024999950000116702,2.8078577871972588,2.8328577371973753
refined,100000,0.0,0.1275133206328453,2.74280499419961,0.052847717938418984,0.024999950000116702,2.795652712138029,2.8206526621381456
refined,100000,0.0,0.13386488420699932,2.727686444128129,0.05528399896584788,0.024999950000116702,2.7829704430939772,2.807970393094094
refined,100000,0.0,0.14053282539281228,2.7119803221458985,0.057823199948908804,0.024999950000116702,2.7698035220948074,2.794803472094924
refined,100000,0.0,0.14753290326944482,2.6956536958226187,0.06046852604542855,0.024999950000116702,2.7561222218680475,2.781122171868164
refined,100000,0.0,0.1548816618912481,2.678723050520371,0.06322392770642038,0.024999950000116702,2.7419469782267916,2.766946928226908
refined,100000,0.0,0.16259646938814815,2.6611279300895943,0.06609220641899013,0.024999950000116702,2.7272201365085844,2.752220086508701
refined,100000,0.0,0.17069555901365815,2.6429159816066683,0.06907789161789514,0.024999950000116702,2.7119938732245634,2.73699382322468
refined,100000,0.0,0.1791980722375334,2.6239962864085493,0.07218318504363128,0.024999950000116702,2.6961794714521807,2.7211794214522973
refined,100000,0.0,0.18812410398491272,2.6044514384197837,0.07541333378813374,0.024999950000116702,2.6798647722079174,2.704864722208034
refined,100000,0.0,0.19749475012886664,2.584157238034242,0.07876969827965194,0.024999950000116702,2.6629269363138937,2.68792688631401
refined,100000,0.0,0.2073321573485955,2.5632349570739,0.08225841630494302,0.024999950000116702,2.645493373378843,2.6704933233789596
refined,100000,0.0,0.2176595754711136,2.541524528816645,0.08587971339516902,0.024999950000116702,2.627404242211814,2.6524041922119306
refined,100000,0.0,0.2285014124201237,2.519188375963056,0.08964080584021492,0.024999950000116702,2.6088291818032707,2.6338291318033873
refined,100000,0.0,0.23988329190194904,2.4960315662601977,0.09354051076178047,0.024999950000116702,2.589572077021978,2.6145720270220947
refined,100000,0.0,0.25183211396485844,2.4722407948312193,0.09758683886389029,0.024999950000116702,2.5698276336951094,2.594827583695226
refined,100000,0.0,0.26437611857491,2.4476362146383916,0.10177821133109342,0.024999950000116702,2.549414425969485,2.5744143759696017
refined,100000,0.0,0.277544952358571,2.42237965711638,0.10612218713185127,0.024999950000116702,2.528501844248231,2.553501794248348
refined,100000,0.0,0.29136973866985255,2.3963258902499187,0.11061725584230894,0.024999950000116702,2.506943146092228,2.5319430960923444
refined,100000,0.0,0.30588315114755654,2.369609217256352,0.11527023024407079,0.024999950000116702,2.4848794475004228,2.5098793975005393
refined,100000,0.0,0.3211194909364823,2.3421228101622287,0.12007984703388874,0.024999950000116702,2.4622026571961175,2.487202607196234
refined,100000,0.0,0.33711476775509625,2.313971197053865,0.12505182060823927,0.024999950000116702,2.439023017662104,2.4640229676622205
refined,100000,0.0,0.35390678500126244,2.2850891868352705,0.13018537187944992,0.024999950000116702,2.4152745587147204,2.440274508714837
refined,100000,0.0,0.37153522909717257,2.2555498592430396,0.1354847044421673,0.024999950000116702,2.391034563685207,2.4160345136853234
refined,100000,0.0,0.39004176328463463,2.2253320960450247,0.14094982737231493,0.024999950000116702,2.36628192341734,2.3912818734174563
refined,100000,0.0,0.4094701260923973,2.194476590341632,0.1465829609022863,0.024999950000116702,2.341059551243918,2.3660595012440346
refined,100000,0.0,0.42986623470822766,2.1630076786065104,0.15238528029964005,0.024999950000116702,2.3153929589061506,2.340392908906267
refined,100000,0.0,0.45127829350005433,2.1309336198482844,0.15835649326392842,0.024999950000116702,2.2892901131122128,2.3142900631123293
refined,100000,0.0,0.473756907942654,2.0983242739516927,0.16449939820447954,0.024999950000116702,2.262823672156172,2.2878236221562886
refined,100000,0.0,0.49735520421913965,2.0651564457972595,0.17081061244644274,0.024999950000116702,2.2359670582437023,2.260967008243819
refined,100000,0.0,0.5221289547799146,2.0315440347579115,0.17729509449692424,0.024999950000116702,2.2088391292548355,2.233839079254952
refined,100000,0.0,0.5481367101558418,1.997434498966036,0.18394575801428287,0.024999950000116702,2.1813802569803187,2.2063802069804357
refined,100000,0.0,0.5754399373371569,1.9629825483835757,0.19077033433226273,0.024999950000116702,2.1537528827158385,2.178752832715955
refined,100000,0.0,0.6041031650451701,1.9281095727918633,0.19775740385169596,0.024999950000116702,2.125866976643559,2.150866926643676
refined,100000,0.0,0.6341941362400942,1.8930060069355052,0.20491814807433642,0.024999950000116702,2.0979241550098418,2.1229241050099583
refined,100000,0.0,0.6657839682254364,1.8575715881800785,0.21223619356769904,0.024999950000116702,2.0698077817477776,2.094807731747894
refined,100000,0.0,0.6989473207273484,1.8220255384474677,0.21972689442563886,0.024999950000116702,2.0417524328731065,2.0667523828732235
refined,100000,0.0,0.7337625723461731,1.786251366746864,0.2273683428675915,0.024999950000116702,2.0136197096144555,2.0386196596145725
refined,100000,0.0,0.7703120057972147,1.7504756994445376,0.23517898417234065,0.024999950000116702,1.9856546836168782,2.010654633616995
refined,100000,0.0,0.8086820023785352,1.714610264595244,0.2431363313843621,0.024999950000116702,1.957746595979606,1.9827465459797229
refined,100000,0.0,0.8489632461253815,1.67884285075193,0.25125671140397,0.024999950000116702,1.9300995621558998,1.9550995121560168
refined,100000,0.0,0.8912509381337457,1.6431267764937003,0.2595198841625366,0.024999950000116702,1.9026466606562369,1.9276466106563537
refined,100000,0.0,0.9356450215595893,1.6076099164897535,0.2679390445401591,0.024999950000116702,1.8755489610299125,1.9005489110300293
refined,100000,0.0,0.9822504178255043,1.572280550486962,0.27649721356679335,0.024999950000116702,1.8487777640537553,1.873777714053872
refined,100000,0.0,1.0311772745930554,1.5372507623072933,0.2852039850382311,0.024999950000116702,1.8224547473455244,1.8474546973456412
refined,100000,0.0,1.0825412260868696,1.5025346319000261,0.2940464578410909,0.024999950000116702,1.796581089741117,1.8215810397412338
refined,100000,0.0,1.1364636663857248,1.468213336757867,0.3030302335097241,0.024999950000116702,1.771243570267591,1.7962435202677078
refined,100000,0.0,1.1930720363265337,1.434317139426893,0.3121472167786682,0.024999950000116702,1.746464356205561,1.771464306205678
refined,100000,0.0,1.252500124699298,1.4009016009491815,0.3213987253554681,0.024999950000116702,1.7223003263046497,1.7473002763047663
refined,100000,0.0,1.314888384444878,1.3680039000686253,0.3307820538456996,0.024999950000116702,1.6987859539143249,1.7237859039144416
refined,100000,0.0,1.3803842646028852,1.33565928151142,0.3402940578490002,0.024999950000116702,1.6759533393604202,1.700953289360537
refined,100000,0.0,1.449142558794219,1.3039037547801817,0.34993781496183746,0.024999950000116702,1.6538415697420192,1.678841519742136
refined,100000,0.0,1.5213257710618697,1.2727571775111983,0.3597056562999513,0.024999950000116702,1.6324628338111498,1.6574627838112663
refined,100000,0.0,1.5971044999346033,1.2422482118308589,0.3696066145546798,0.024999950000116702,1.6118548263855388,1.6368547763856554
refined,100000,0.0,1.6766578416212374,1.2123855771776992,0.3796285398583031,0.024999950000116702,1.5920141170360023,1.617014067036119
refined,100000,0.0,1.7601738132884204,1.1831868084771389,0.3897863653238105,0.024999950000116702,1.5729731738009494,1.5979731238010662
refined,100000,0.0,1.8478497974222907,1.1546528671503806,0.40006358737853326,0.024999950000116702,1.5547164545289138,1.5797164045290306
refined,100000,0.0,1.9398930083242285,1.1267889273772942,0.4104807810459662,0.024999950000116702,1.5372697084232603,1.5622696584233773
refined,100000,0.0,2.036520981843212,1.099590663079387,0.4210172691115588,0.024999950000116702,1.5206079321909458,1.5456078821910626
refined,100000,0.0,2.1379620895022327,1.0730519556294473,0.43169885693372223,0.024999950000116702,1.5047508125631697,1.5297507625632862
refined,100000,0.0,2.244456078233844,1.0471648518981165,0.44250089214173893,0.024999950000116702,1.4896657440398555,1.514665694039972
refined,100000,0.0,2.3562546370004687,1.0219149340109608,0.4534520978152238,0.024999950000116702,1.4753670318261847,1.5003669818263012
refined,100000,0.0,2.473621991638621,0.9972909878576095,0.46452949046363234,0.024999950000116702,1.4618204783212418,1.4868204283213586
refined,100000,0.0,2.5968355293329033,0.9732746240955731,0.4757583032677114,0.024999950000116702,1.4490329273632845,1.4740328773634013
refined,100000,0.0,2.7261864541956613,0.9498517517294226,0.4871205538542443,0.024999950000116702,1.436972305583667,1.4619722555837835
refined,100000,0.0,2.861980475501707,0.9270034117734417,0.4986363276253844,0.024999950000116702,1.425639739398826,1.4506396893989428
refined,100000,0.0,3.004538530204693,0.9047138815469915,0.5102928137535448,0.024999950000116702,1.4150066953005362,1.440006645300653
refined,100000,0.0,3.1541975414427297,0.8829654352664051,0.5221051375648741,0.024999950000116702,1.4050705728312791,1.430070522831396
refined,100000,0.0,3.311311214825911,0.8617422424459581,0.5340652781243673,0.024999950000116702,1.3958075205703255,1.420807470570442
refined,100000,0.0,3.476250874387709,0.8410285090577204,0.5461836210260064,0.024999950000116702,1.3872121300837268,1.4122120800838434
refined,100000,0.0,3.649406340175921,0.8208094948007426,0.5584566343167033,0.024999950000116702,1.379266129117446,1.4042660791175625
refined,100000,0.0,3.831186849557289,0.8010713159462541,0.570890192519861,0.024999950000116702,1.3719615084661152,1.3969614584662318
refined,100000,0.0,4.022022024413192,0.7818009373521854,0.5834850393465866,0.024999950000116702,1.365285976698772,1.3902859266988887
refined,100000,0.0,4.22236288651233,0.762985992049763,0.5962427572750759,0.024999950000116702,1.359228749324839,1.3842286993249555
refined,100000,0.0,4.432682923460089,0.7446152111346679,0.609168221923453,0.024999950000116702,1.3537834330581209,1.3787833830582374
refined,100000,0.0,4.653479207743908,0.7266772451718105,0.6222589218875482,0.024999950000116702,1.3489361670593587,1.3739361170594755
refined,100000,0.0,4.885273571519389,0.7091623091128947,0.6355237607439044,0.024999950000116702,1.344686069856799,1.3696860198569158
refined,100000,0.0,5.1286138399136485,0.69205963249757,0.6489563054239854,0.024999950000116702,1.3410159379215554,1.3660158879216722
refined,100000,0.0,5.384075125760731,0.6753605392139699,0.6625693958877115,0.024999950000116702,1.3379299351016813,1.362929885101798
refined,100000,0.0,5.652261188829045,0.6590545322258758,0.6763528235701692,0.024999950000116702,1.335407355796045,1.3604073057961616
refined,100000,0.0,5.933805862753281,0.6431337556365792,0.6903232696547931,0.024999950000116702,1.3334570252913722,1.3584569752914888
refined,100000,0.0,6.229374553043173,0.6275878152443201,0.7044668735170638,0.024999950000116702,1.3320546887613838,1.3570546387615006
refined,100000,0.0,6.539665809709571,0.612409535369276,0.7188040558815031,0.024999950000116702,1.331213591250779,1.3562135412508958
refined,100000,0.0,6.865412978224548,0.5975885521225208,0.7333174097278107,0.024999950000116702,1.3309059618503314,1.3559059118504482
refined,100000,0.0,7.207385932717452,0.5831182461320897,0.7480298498883406,0.024999950000116702,1.3311480960204305,1.356148046020547
refined,100000,0.0,7.566392895503165,0.5689885708461728,0.7629239437144529,0.024999950000116702,1.3319125145606256,1.3569124645607424
refined,100000,0.0,7.943282347242818,0.5551931183603117,0.7780208759216574,0.024999950000116702,1.333213994281969,1.3582139442820858
refined,100000,0.0,8.338945032251527,0.5417224628579063,0.793306513007357,0.024999950000116702,1.3350289758652631,1.36002892586538
refined,100000,0.0,8.754316063692443,0.5285702298116228,0.8087981704923994,0.024999950000116702,1.3373684003040223,1.362368350304139
refined,100000,0.0,9.190377133632595,0.5157276864862049,0.8244856521114026,0.024999950000116702,1.3402133385976076,1.3652132885977242
refined,100000,0.0,9.648158833183777,0.5031884872984017,0.8403825079762098,0.024999950000116702,1.3435709952746115,1.3685709452747283
refined,100000,0.0,10.128743088211932,0.4909445915487287,0.856482377579319,0.024999950000116702,1.3474269691280476,1.3724269191281644
refined,100000,0.0,10.633265716371616,0.4789896623958083,0.8727951420003902,0.024999950000116702,1.3517848043961984,1.3767847543963152
refined,100000,0.0,11.162919111508824,0.4673163431059502,0.8893181842877519,0.024999950000116702,1.3566345273937022,1.3816344773938187
refined,100000,0.0,11.718955061776631,0.4559182804545172,0.906057804472332,0.024999950000116702,1.3619760849268492,1.386976034926966
refined,100000,0.0,12.30268770812381,0.4447887914457121,0.9230150452402704,0.024999950000116702,1.3678038366859826,1.3928037866860992
refined,100000,0.0,12.91549665014884,0.4339214821198825,0.9401927048287213,0.024999950000116702,1.3741141869486038,1.3991141369487206
refined,100000,0.0,13.558830206659357,0.42331033407624813,0.9575954094224032,0.024999950000116702,1.3809057434986514,1.405905693498768
refined,100000,0.0,14.234208838643415,0.41294889023134523,0.9752225260126977,0.024999950000116702,1.3881714162440428,1.4131713662441596
refined,100000,0.0,14.943228742742294,0.40283178930843544,0.9930821958878868,0.024999950000116702,1.3959139851963223,1.420913935196439
refined,100000,0.0,15.687565623717566,0.3929524900659966,1.011170416648231,0.024999950000116702,1.4041229067142276,1.4291228567143441
refined,100000,0.0,16.46897865482869,0.3833062820047186,1.0294987842243826,0.024999950000116702,1.4128050662291012,1.437805016229218
refined,100000,0.0,17.289314635480615,0.3738865194252197,1.0480599798103742,0.024999950000116702,1.421946499235594,1.4469464492357107
refined,100000,0.0,17.78279410038923,0.36853488828492986,1.0589184379634502,0.024999950000116702,1.4274533262483802,1.4524532762484967
refined,100000,0.0,18.15051235596819,0.3646891369263166,1.0668690017279816,0.024999950000116702,1.4315581386542982,1.456558088654415
refined,100000,0.0,19.054607179632484,0.3557073645760983,1.085915258495286,0.024999950000116702,1.4416226230713844,1.466622573071501
refined,100000,0.0,19.109529749704404,0.35518224917165453,1.0870509425127564,0.024999950000116702,1.4422331916844109,1.4672331416845275
refined,100000,0.0,20.003735853259002,0.34693777692807104,1.1052171071499424,0.024999950000116702,1.4521548840780134,1.4771548340781302
refined,100000,0.0,20.53525026457146,0.34229221128303344,1.1157287129864606,0.024999950000116702,1.4580209242694941,1.4830208742696107
refined,100000,0.0,21.000141557086565,0.3383734605744063,1.1247607174482435,0.024999950000116702,1.4631341780226497,1.4881341280227665
refined,100000,0.0,22.04617920636185,0.33001153836314295,1.1445670093930285,0.024999950000116702,1.4745785477561715,1.499578497756288
refined,100000,0.0,22.0673406908459,0.3298484216527849,1.1449598665376064,0.024999950000116702,1.4748082881903912,1.499808238190508
refined,100000,0.0,23.144321016969926,0.32184519587897537,1.1646212208103965,0.024999950000116702,1.486466416689372,1.5114663666894885
refined,100000,0.0,23.71373705661655,0.31783462809729257,1.1747486167177774,0.024999950000116702,1.49258324481507,1.5175831948151868
refined,100000,0.0,24.29716234829391,0.31387173228761145,1.1849436269272515,0.024999950000116702,1.498815359214863,1.5238153092149798
refined,100000,0.0,25.482967479793466,0.30623670837276556,1.2051131364186694,0.024999950000116702,1.5113498447914349,1.5363497947915516
refined,100000,0.0,25.507427837113593,0.3060848213103807,1.2055220050048199,0.024999950000116702,1.5116068263152005,1.5366067763153173
refined,100000,0.0,26.777977837039188,0.2984816110303091,1.2263732835669396,0.024999950000116702,1.5248548945972487,1.5498548445973654
refined,100000,0.0,27.384196342643612,0.2950401668666632,1.236063802929503,0.024999950000116702,1.5311039697961661,1.556103919796283
refined,100000,0.0,28.11181517869986,0.29105636323905887,1.2474886462532033,0.024999950000116702,1.5385450094922621,1.563544959492379
refined,100000,0.0,29.42727176209282,0.2842307490773104,1.2676088505607395,0.024999950000116702,1.5518395996380498,1.5768395496381666
refined,100000,0.0,29.51209226666387,0.28380605745732307,1.268881708825665,0.024999950000116702,1.552687766282988,1.5776877162831047
refined,100000,0.0,30.982118529862987,0.2767255408186688,1.29054702205402,0.024999950000116702,1.567272562872689,1.5922725128728055
refined,100000,0.0,31.622776601683793,0.2737943316742189,1.2997535946228418,0.024999950000116702,1.5735479262970606,1.5985478762971774
refined,100000,0.0,32.5253682431303,0.2698116072985348,1.3124949114801192,0.024999950000116702,1.582306518778654,1.6073064687787708
refined,100000,0.0,33.982083289425596,0.2637187787468843,1.3325161253324858,0.024999950000116702,1.59623490407937,1.6212348540794868
refined,100000,0.0,34.145488738336006,0.26305968708836175,1.3347232658733466,0.024999950000116702,1.5977829529617082,1.622782902961825
refined,100000,0.0,35.84630902452844,0.2564663721232324,1.3572391305044125,0.024999950000116702,1.6137055026276448,1.6387054526277616
refined,100000,0.0,36.51741272548377,0.25399152367461075,1.3659071366578084,0.024999950000116702,1.619898660332419,1.6448986103325358
refined,100000,0.0,37.63184883745225,0.25002767378298374,1.380043714210024,0.024999950000116702,1.6300713879930075,1.6550713379931243
refined,100000,0.0,39.24189758484536,0.24460012550584895,1.3999348029448215,0.024999950000116702,1.6445349284506705,1.6695348784507873
refined,100000,0.0,39.50632813983238,0.24373996594692715,1.4031407779164629,0.024999950000116702,1.64688074386339,1.6718806938635067
refined,100000,0.0,41.47417709487639,0.23759983969894932,1.42653484509703,0.024999950000116702,1.6641346847959795,1.689134634796096
refined,100000,0.0,42.169650342858226,0.2355323218079588,1.4346052893160761,0.024999950000116702,1.670137611124035,1.6951375611241515
refined,100000,0.0,43.540046536566486,0.23160343532053468,1.4502263725429436,0.024999950000116702,1.6818298078634784,1.706829757863595
refined,100000,0.0,45.31583637600818,0.22677769740437323,1.4699364951036924,0.024999950000116702,1.6967141925080655,1.7217141425081823
refined,100000,0.0,45.708818961487516,0.2257479224702433,1.474223206989294,0.024999950000116702,1.6999711294595372,1.724971079459654
refined,100000,0.0,47.98562006816812,0.22002919275961558,1.4985224635917453,0.024999950000116702,1.718551656351361,1.7435516063514775
refined,100000,0.0,48.69675251658631,0.2183253607586965,1.5059392127782243,0.024999950000116702,1.7242645735369209,1.7492645235370374
refined,100000,0.0,50.37583087120846,0.21444499361526662,1.5231353368655252,0.024999950000116702,1.7375803304807917,1.7625802804809085
refined,100000,0.0,52.32991146814947,0.2101644373634069,1.5426212708461151,0.024999950000116702,1.752785708209522,1.7777856582096387
refined,100000,0.0,52.88510041882383,0.20899095337707832,1.548055542793798,0.024999950000116702,1.7570464961708765,1.782046446170993
refined,100000,0.0,55.5193591438621,0.20366539672022715,1.5732976662413023,0.024999950000116702,1.7769630629615294,1.8019630129616462
refined,100000,0.0,56.23413251903491,0.20228429438031992,1.5799893425363143,0.024999950000116702,1.782273636916634,1.8072735869167509
refined,100000,0.0,58.28483287984838,0.19846367458682965,1.5988519437439255,0.024999950000116702,1.797315618330755,1.8223155683308718
refined,100000,0.0,60.42963902381328,0.19467600706676555,1.6180609338467518,0.024999950000116702,1.8127369409135172,1.837736890913634
refined,100000,0.0,61.18805757518219,0.19338468862791253,1.6247364136582005,0.024999950000116702,1.818121102286113,1.8431210522862298
refined,100000,0.0,64.23589474026393,0.1884234987479682,1.6509377269396868,0.024999950000116702,1.839361225687655,1.8643611756877716
refined,100000,0.0,64.93816315762113,0.18733013941060292,1.656846604434173,0.024999950000116702,1.8441767438447758,1.8691766938448926
refined,100000,0.0,67.435547664057,0.18357951869849118,1.677476938335876,0.024999950000116702,1.8610564570343673,1.8860564070344839
refined,100000,0.0,69.78305848598663,0.18023716969404846,1.696353397371667,0.024999950000116702,1.8765905670657155,1.901590517065832
refined,100000,0.0,70.79457843841381,0.17884769861956248,1.7043385488947986,0.024999950000116702,1.883186247514361,1.9081861975144778
refined,100000,0.0,74.32092583039913,0.174227619194163,1.7315439348085921,0.024999950000116702,1.905771554002755,1.930771504002872
refined,100000,0.0,74.98942093324558,0.17338789572562485,1.736588026354498,0.024999950000116702,1.9099759220801227,1.9349758720802395
refined,100000,0.0,78.02292404485208,0.16971462549592453,1.7590795135939397,0.024999950000116702,1.9287941390898642,1.953794089089981
refined,100000,0.0,80.58421877614818,0.16677468390727712,1.7775672716964017,0.024999950000116702,1.944341955603679,1.9693419056037955
refined,100000,0.0,81.90932242152977,0.16530800955259492,1.786963348595383,0.024999950000116702,1.952271358147978,1.9772713081480946
refined,100000,0.0,85.98930611338423,0.16100365989351062,1.8151850044555988,0.024999950000116702,1.9761886643491096,2.001188614349226
refined,100000,0.0,86.59643233600653,0.1603893643758871,1.81930097188548,0.024999950000116702,1.9796903362613671,2.004690286261484
refined,100000,0.0,90.27251779484578,0.15680056721697128,1.8437591259722066,0.024999950000116702,2.000559693189178,2.0255596431892946
refined,100000,0.0,93.0572040929699,0.15422358404262584,1.8617947305748095,0.024999950000116702,2.0160183146174355,2.041018264617552
refined,100000,0.0,94.76908045141592,0.1526951646653085,1.87267849486775,0.024999950000116702,2.0253736595330585,2.050373609533175
refined,100000,0.0,99.4896213044336,0.1486861294096956,1.9019541986625788,0.024999950000116702,2.0506403280722743,2.0756402780723913
refined,100000,0.0,100.0,0.14826940069334626,1.9050546643627833,0.024999950000116702,2.0533240650561293,2.0783240150562463
refined,100000,0.0,104.44529692755633,0.14477044042825496,1.9315823352388373,0.024999950000116702,2.0763527756670923,2.101352725667209
refined,100000,0.0,107.46078283213176,0.14252029946332248,1.9490963197233746,0.024999950000116702,2.091616619186697,2.1166165691868137
refined,100000,0.0,109.64781961431851,0.14094644967945594,1.961570258166157,0.024999950000116702,2.102516707845613,2.1275166578457294
refined,100000,0.0,115.10948505908407,0.13721168320341873,1.9919175143470842,0.024999950000116702,2.129129197550503,2.1541291475506195
refined,100000,0.0,115.47819846894582,0.13696921348770882,1.9939281140717462,0.024999950000116702,2.130897327559455,2.1558972775595717
refined,100000,0.0,120.84320141681312,0.13356415661730886,2.022627503187205,0.024999950000116702,2.156191659804514,2.181191609804631
refined,100000,0.0,124.09377607517196,0.1316087999929237,2.039553266165764,0.024999950000116702,2.1711620661586877,2.1961620161588042
refined,100000,0.0,126.86251981032602,0.1300019441847496,2.0537033925706583,0.024999950000116702,2.183705336755408,2.2087052867555244
refined,100000,0.0,133.1816663571621,0.12652271466524284,2.085144357631871,0.024999950000116702,2.211667072297114,2.2366670222972305
refined,100000,0.0,133.3521432163324,0.12643223053918146,2.0859764387219966,0.024999950000116702,2.212408669261178,2.2374086192612945
refined,100000,0.0,139.81557579172983,0.12312509156605561,2.1169574043564454,0.024999950000116702,2.240082495922501,2.2650824459226175
refined,100000,0.0,143.30125702369628,0.12143395984242879,2.1332112038208075,0.024999950000116702,2.2546451636632363,2.279645113663353
refined,100000,0.0,146.77992676220705,0.11980638695194572,2.149137156418636,0.024999950000116702,2.2689435433705816,2.293943493370698
refined,100000,0.0,153.9926526059492,0.11660788382678214,2.1812635800178777,0.024999950000116702,2.29787146384466,2.3228714138447764
refined,100000,0.0,154.09117888561602,0.11656577436400697,2.181694727070424,0.024999950000116702,2.2982605014344313,2.323260451434548
refined,100000,0.0,161.76661164864794,0.11340020009505875,2.214619796152106,0.024999950000116702,2.3280199962471646,2.353019946247281
refined,100000,0.0,165.48170999431815,0.11194753486670177,2.2301330662720162,0.024999950000116702,2.342080601138718,2.3670805511388346
refined,100000,0.0,169.82436524617444,0.1103093881762538,2.2479279132063987,0.024999950000116702,2.3582373013826525,2.383237251382769
refined,100000,0.0,177.82794100389228,0.10744707367093317,2.2798217389914583,0.024999950000116702,2.3872688126623913,2.4122687626625083
refined,100000,0.0,178.28348345396734,0.10728991090753932,2.281603347580089,0.024999950000116702,2.3888932584876286,2.413893208487745
refined,100000,0.0,187.16395863694845,0.10434204281007296,2.3156664828369795,0.024999950000116702,2.4200085256470523,2.4450084756471693
refined,100000,0.0,191.09529749704404,0.10310179604791674,2.3303401504105663,0.024999950000116702,2.433441946458483,2.4584418964586
refined,100000,0.0,196.4867789993468,0.10146197494094203,2.3500956267012834,0.024999950000116702,2.4515576016422256,2.476557551642342
refined,100000,0.0,205.3525026457146,0.09890644113719445,2.3816905818325766,0.024999950000116702,2.480597022969771,2.505596972969888
refined,100000,0.0,206.27397818843016,0.09865049660374375,2.384916092414689,0.024999950000116702,2.4835665890184324,2.5085665390185494
refined,100000,0.0,216.54868736904876,0.09590351679418521,2.4201007214113326,0.024999950000116702,2.5160042382055177,2.5410041882056347
refined,100000,0.0,220.673406908459,0.09485530278561233,2.4338669633591397,0.024999950000116702,2.528722266144752,2.5537222161448687
refined,100000,0.0,227.33518989206314,0.0932220358994514,2.4556768916235887,0.024999950000116702,2.54889892752304,2.5738988775231566
refined,100000,0.0,237.13737056616552,0.0909434254615957,2.4868673153527396,0.024999950000116702,2.577810740814335,2.602810690814452
refined,100000,0.0,238.65897868585807,0.09060230211504017,2.4916184706573983,0.024999950000116702,2.5822207727724384,2.607220722772555
refined,100000,0.0,250.5468165065873,0.08804493253570601,2.5279483856110536,0.024999950000116702,2.6159933181467596,2.640993268146876
refined,100000,0.0,254.82967479793464,0.0871668359755204,2.5406977335189893,0.024999950000116702,2.6278645694945095,2.6528645194946265
refined,100000,0.0,263.02679918953817,0.0855467112231148,2.5646438932174624,0.024999950000116702,2.6501906044405774,2.675190554440694
refined,100000,0.0,273.8419634264361,0.08352101561027538,2.5953549699040783,0.024999950000116702,2.678875985514354,2.7038759355144704
refined,100000,0.0,276.128422051113,0.08310786500686622,2.601722928612488,0.024999950000116702,2.684830793619354,2.7098307436194706
refined,100000,0.0,289.88264959835425,0.08072571428573076,2.6391665634531623,0.024999950000116702,2.719892277738893,2.7448922277390095
refined,100000,0.0,294.2727176209282,0.08000092612800597,2.6508248783015627,0.024999950000116702,2.7308258044295686,2.755825754429685
refined,100000,0.0,304.32198871077225,0.07840008985422468,2.6769870942968046,0.024999950000116702,2.7553871841510293,2.780387134151146
refined,100000,0.0,316.22776601683796,0.07660240693106714,2.707099566682689,0.024999950000116702,2.7837019736137565,2.808701923613873
refined,100000,0.0,319.4805654674313,0.07612884797969612,2.715169931745472,0.024999950000116702,2.791298779725168,2.816298729725285
refined,100000,0.0,335.394205800866,0.07391141905344986,2.7537209674872574,0.024999950000116702,2.8276323865407074,2.852632336540824
refined,100000,0.0,352.1005201684521,0.07174619357125404,2.792630587860617,0.024999950000116702,2.8643767814318712,2.889376731431988
refined,100000,0.0,369.6389924413366,0.06963219878617388,2.8318973781992125,0.024999950000116702,2.9015295769853866,2.926529526985503
refined,100000,0.0,388.0510732210183,0.06756835634315125,2.8715174662580663,0.024999950000116702,2.9390858226012173,2.9640857726013343
refined,100000,0.0,407.380277804113,0.0655532895221349,2.911481077498271,0.024999950000116702,2.977034367020406,3.002034317020523
refined,100000,0.0,427.67228902684343,0.06358644629208138,2.9517909933913193,0.024999950000116702,3.0153774396834008,3.0403773896835173
refined,100000,0.0,448.97506523231453,0.0616660473314866,2.9924278558806496,0.024999950000116702,3.054093903212136,3.079093853212253
refined,100000,0.0,471.3389536157405,0.05979206001191017,3.0334021784170004,0.024999950000116702,3.0931942384289104,3.1181941884290274
refined,100000,0.0,494.8168092155145,0.05796230633789142,3.0746836064313623,0.024999950000116702,3.1326459127692536,3.15764586276937
refined,100000,0.0,519.4641198313342,0.05617726366793744,3.1162916504777547,0.024999950000116702,3.1724689141456923,3.197468864145809
refined,100000,0.0,545.3391371646278,0.054434362211530696,3.158183336989715,0.024999950000116702,3.2126176992012456,3.237617649201362
refined,100000,0.0,572.5030144912078,0.05273457695460011,3.200388647930316,0.024999950000116702,3.253123224884916,3.2781231748850326
refined,100000,0.0,601.0199511915373,0.051074956586708256,3.242850138019924,0.024999950000116702,3.2939250946066325,3.318925044606749
refined,100000,0.0,630.9573444801937,0.049456957912983726,3.2856099676281256,0.024999950000116702,3.3350669255411094,3.360066875541226
refined,100000,0.25,0.1,2.8100559209520544,0.042091255993290645,0.024999950000116702,2.852147176945345,2.8771471269454616
refined,100000,0.25,0.10498109808656175,2.7976541351154047,0.04406338987151023,0.024999950000116702,2.841717524986915,2.8667174749870314
refined,100000,0.25,0.11021030955460301,2.78476073385797,0.0461220486605352,0.024999950000116702,2.830882782518505,2.8558827325186216
refined,100000,0.25,0.11569999317502112,2.7713205736832824,0.04827001871848376,0.024999950000116702,2.819590592401766,2.8445905424018827
refined,100000,0.25,0.12146312332121417,2.757346912028772,0.05051087516848645,0.024999950000116702,2.8078577871972588,2.8328577371973753
refined,100000,0.25,0.1275133206328453,2.74280499419961,0.052847717938418984,0.024999950000116702,2.795652712138029,2.8206526621381456
refined,100000,0.25,0.13386488420699932,2.727686444128129,0.05528399896584788,0.024999950000116702,2.7829704430939772,2.807970393094094
refined,100000,0.25,0.14053282539281228,2.7119803221458985,0.057823199948908804,0.024999950000116702,2.7698035220948074,2.794803472094924
refined,100000,0.25,0.14753290326944482,2.6956536958226187,0.06046852604542855,0.024999950000116702,2.7561222218680475,2.781122171868164
refined,100000,0.25,0.1548816618912481,2.678723050520371,0.06322392770642038,0.024999950000116702,2.7419469782267916,2.766946928226908
refined,100000,0.25,0.16259646938814815,2.6611279300895943,0.06609220641899013,0.024999950000116702,2.7272201365085844,2.752220086508701
refined,100000,0.25,0.17069555901365815,2.6429159816066683,0.06907789161789514,0.024999950000116702,2.7119938732245634,2.73699382322468
refined,100000,0.25,0.1791980722375334,2.6239962864085493,0.07218318504363128,0.024999950000116702,2.6961794714521807,2.7211794214522973
refined,100000,0.25,0.18812410398491272,2.6044514384197837,0.07541333378813374,0.024999950000116702,2.6798647722079174,2.704864722208034
refined,100000,0.25,0.19749475012886664,2.584157238034242,0.07876969827965194,0.024999950000116702,2.6629269363138937,2.68792688631401
refined,100000,0.25,0.2073321573485955,2.5632349570739,0.08225841630494302,0.024999950000116702,2.645493373378843,2.6704933233789596
refined,100000,0.25,0.2176595754711136,2.541524528816645,0.08587971339516902,0.024999950000116702,2.627404242211814,2.6524041922119306
refined,100000,0.25,0.2285014124201237,2.519188375963056,0.08964080584021492,0.024999950000116702,2.6088291818032707,2.6338291318033873
refined,100000,0.25,0.23988329190194904,2.4960315662601977,0.09354051076178047,0.024999950000116702,2.589572077021978,2.6145720270220947
refined,100000,0.25,0.25183211396485844,2.4722407948312193,0.09758683886389029,0.024999950000116702,2.5698276336951094,2.594827583695226
refined,100000,0.25,0.26437611857491,2.4476362146383916,0.10177821133109342,0.024999950000116702,2.549414425969485,2.5744143759696017
refined,100000,0.25,0.277544952358571,2.42237965711638,0.10612218713185127,0.024999950000116702,2.528501844248231,2.553501794248348
refined,100000,0.25,0.29136973866985255,2.3963258902499187,0.11061725584230894,0.024999950000116702,2.506943146092228,2.5319430960923444
refined,100000,0.25,0.30588315114755654,2.369609217256352,0.11527023024407079,0.024999950000116702,2.4848794475004228,2.5098793975005393
refined,100000,0.25,0.3211194909364823,2.3421228101622287,0.12007984703388874,0.024999950000116702,2.4622026571961175,2.487202607196234
refined,100000,0.25,0.33711476775509625,2.313971197053865,0.12505182060823927,0.024999950000116702,2.439023017662104,2.4640229676622205
refined,100000,0.25,0.35390678500126244,2.2850891868352705,0.13018537187944992,0.024999950000116702,2.4152745587147204,2.440274508714837
refined,100000,0.25,0.37153522909717257,2.2555498592430396,0.1354847044421673,0.024999950000116702,2.391034563685207,2.4160345136853234
refined,100000,0.25,0.39004176328463463,2.2253320960450247,0.14094982737231493,0.024999950000116702,2.36628192341734,2.3912818734174563
refined,100000,0.25,0.4094701260923973,2.194476590341632,0.1465829609022863,0.024999950000116702,2.341059551243918,2.3660595012440346
refined,100000,0.25,0.42986623470822766,2.1630076786065104,0.15238528029964005,0.024999950000116702,2.3153929589061506,2.340392908906267
refined,100000,0.25,0.45127829350005433,2.1309336198482844,0.15835649326392842,0.024999950000116702,2.2892901131122128,2.3142900631123293
refined,100000,0.25,0.473756907942654,2.0983242739516927,0.16449939820447954,0.024999950000116702,2.262823672156172,2.2878236221562886
refined,100000,0.25,0.49735520421913965,2.0651564457972595,0.17081061244644274,0.024999950000116702,2.2359670582437023,2.260967008243819
refined,100000,0.25,0.5221289547799146,2.0315440347579115,0.17729509449692424,0.024999950000116702,2.2088391292548355,2.233839079254952
refined,100000,0.25,0.5481367101558418,1.997434498966036,0.18394575801428287,0.024999950000116702,2.1813802569803187,2.2063802069804357
refined,100000,0.25,0.5754399373371569,1.9629825483835757,0.19077033433226273,0.024999950000116702,2.1537528827158385,2.178752832715955
refined,100000,0.25,0.6041031650451701,1.9281095727918633,0.19775740385169596,0.024999950000116702,2.125866976643559,2.150866926643676
refined,100000,0.25,0.6341941362400942,1.8930060069355052,0.20491814807433642,0.024999950000116702,2.0979241550098418,2.1229241050099583
refined,100000,0.25,0.6657839682254364,1.8575715881800785,0.21223619356769904,0.024999950000116702,2.0698077817477776,2.094807731747894
refined,100000,0.25,0.6989473207273484,1.8220255384474677,0.21972689442563886,0.024999950000116702,2.0417524328731065,2.0667523828732235
refined,100000,0.25,0.7337625723461731,1.786251366746864,0.2273683428675915,0.024999950000116702,2.0136197096144555,2.0386196596145725
refined,100000,0.25,0.7703120057972147,1.7504756994445376,0.23517898417234065,0.024999950000116702,1.9856546836168782,2.010654633616995
refined,100000,0.25,0.8086820023785352,1.714610264595244,0.2431363313843621,0.024999950000116702,1.957746595979606,1.9827465459797229
refined,100000,0.25,0.8489632461253815,1.67884285075193,0.25125671140397,0.024999950000116702,1.9300995621558998,1.9550995121560168
refined,100000,0.25,0.8912509381337457,1.6431267764937003,0.2595198841625366,0.024999950000116702,1.9026466606562369,1.9276466106563537
refined,100000,0.25,0.9356450215595893,1.6076099164897535,0.2679390445401591,0.024999950000116702,1.8755489610299125,1.9005489110300293
refined,100000,0.25,0.9822504178255043,1.572280550486962,0.27649721356679335,0.024999950000116702,1.8487777640537553,1.873777714053872
refined,100000,0.25,1.0311772745930554,1.537246942829707,0.2851431270486626,0.024999950000116702,1.8223900698783697,1.8473900198784865
refined,100000,0.25,1.0825412260868696,1.5025118724914703,0.2936759157035144,0.024999950000116702,1.7961877881949848,1.8211877381951016
refined,100000,0.25,1.1364636663857248,1.4681559844258942,0.3020796790588298,0.024999950000116702,1.770235663484724,1.7952356134848408
refined,100000,0.25,1.1930720363265337,1.4342092986525206,0.3103294998567811,0.024999950000116702,1.7445387985093017,1.7695387485094185
refined,100000,0.25,1.252500124699298,1.4007283578031804,0.3184286752384914,0.024999950000116702,1.7191570330416717,1.7441569830417887
refined,100000,0.25,1.314888384444878,1.3677508989944818,0.3263688431362993,0.024999950000116702,1.694119742130781,1.719119692130898
refined,100000,0.25,1.3803842646028852,1.3353126435585065,0.33414216268930225,0.024999950000116702,1.6694548062478087,1.6944547562479255
refined,100000,0.25,1.449142558794219,1.3034509452585246,0.3417557901866587,0.024999950000116702,1.6452067354451834,1.6702066854453
refined,100000,0.25,1.5213257710618697,1.2721855963847382,0.34919204829747125,0.024999950000116702,1.6213776446822095,1.6463775946823263
refined,100000,0.25,1.5971044999346033,1.2415473311918026,0.3564721488231885,0.024999950000116702,1.5980194800149912,1.623019430015108
refined,100000,0.25,1.6766578416212374,1.2115442507718754,0.36356992166552776,0.024999950000116702,1.5751141724374031,1.60011412243752
refined,100000,0.25,1.7601738132884204,1.182196598713083,0.3705187741659593,0.024999950000116702,1.5527153728790422,1.577715322879159
refined,100000,0.25,1.8478497974222907,1.153504176651298,0.37728538406392387,0.024999950000116702,1.5307895607152218,1.5557895107153386
refined,100000,0.25,1.9398930083242285,1.125475393158929,0.3839132007963946,0.024999950000116702,1.5093885939553235,1.5343885439554403
refined,100000,0.25,2.036520981843212,1.0981042496461455,0.3903630263603373,0.024999950000116702,1.4884672760064828,1.5134672260065996
refined,100000,0.25,2.1379620895022327,1.0713882729525448,0.3966860710381576,0.024999950000116702,1.4680743439907025,1.4930742939908193
refined,100000,0.25,2.244456078233844,1.045317364052511,0.4028384103031839,0.024999950000116702,1.448155774355695,1.4731557243558118
refined,100000,0.25,2.3562546370004687,1.0198808612776014,0.408873687640298,0.024999950000116702,1.4287545489178994,1.4537544989180162
refined,100000,0.25,2.473621991638621,0.9950655637245412,0.4147535791150431,0.024999950000116702,1.4098191428395843,1.434819092839701
refined,100000,0.25,2.5968355293329033,0.9708562428637285,0.4205225338086725,0.024999950000116702,1.391378776672401,1.4163787266725176
refined,100000,0.25,2.7261864541956613,0.94723732227028,0.42615270669422817,0.024999950000116702,1.3733900289645082,1.3983899789646248
refined,100000,0.25,2.861980475501707,0.9241922759154092,0.4316774772543936,0.024999950000116702,1.3558697531698027,1.3808697031699195
refined,100000,0.25,3.004538530204693,0.9017043876549246,0.43707845583642957,0.024999950000116702,1.3387828434913542,1.3637827934914708
refined,100000,0.25,3.1541975414427297,0.8797577096472905,0.44237934443753374,0.024999950000116702,1.3221370540848243,1.3471370040849409
refined,100000,0.25,3.311311214825911,0.8583358496712956,0.44756945121762637,0.024999950000116702,1.3059053008889219,1.3309052508890387
refined,100000,0.25,3.476250874387709,0.8374242075606512,0.4526641262922836,0.024999950000116702,1.2900883338529348,1.3150882838530515
refined,100000,0.25,3.649406340175921,0.8170078680461053,0.4576590181151108,0.024999950000116702,1.274666886161216,1.2996668361613328
refined,100000,0.25,3.831186849557289,0.7970736211774614,0.46256233104766403,0.024999950000116702,1.2596359522251255,1.284635902225242
refined,100000,0.25,4.022022024413192,0.7776086106624621,0.4673750625067772,0.024999950000116702,1.2449836731692394,1.269983623169356
refined,100000,0.25,4.22236288651233,0.7586006780860334,0.472099325365585,0.024999950000116702,1.2307000034516185,1.255699953451735
refined,100000,0.25,4.432682923460089,0.7400390620805053,0.47674075387151155,0.024999950000116702,1.216779815952017,1.2417797659521335
refined,100000,0.25,4.653479207743908,0.7219122022309714,0.4812962603912276,0.024999950000116702,1.203208462622199,1.2282084126223156
refined,100000,0.25,4.885273571519389,0.7042111288869991,0.4857755806919122,0.024999950000116702,1.1899867095789114,1.214986659579028
refined,100000,0.25,5.1286138399136485,0.6869244788491019,0.49017116084627343,0.024999950000116702,1.1770956396953753,1.202095589695492
refined,100000,0.25,5.384075125760731,0.670044680644599,0.4944963954667291,0.024999950000116702,1.1645410761113282,1.1895410261114447
refined,100000,0.25,5.652261188829045,0.653560294282755,0.4987398609860198,0.024999950000116702,1.1523001552687748,1.1773001052688914
refined,100000,0.25,5.933805862753281,0.6374648405317769,0.502918212156397,0.024999950000116702,1.1403830526881737,1.1653830026882905
refined,100000,0.25,6.229374553043173,0.6217466588795133,0.5070166405342039,0.024999950000116702,1.1287632994137171,1.153763249413834
refined,100000,0.25,6.539665809709571,0.6064002064605054,0.5110546912907904,0.024999950000116702,1.117454897751296,1.1424548477514125
refined,100000,0.25,6.865412978224548,0.5914135530436149,0.5150145701002816,0.024999950000116702,1.1064281231438966,1.1314280731440132
refined,100000,0.25,7.207385932717452,0.5767818602821962,0.5189173165591854,0.024999950000116702,1.0956991768413817,1.1206991268414983
refined,100000,0.25,7.566392895503165,0.5624935163423959,0.5227456645126174,0.024999950000116702,1.0852391808550133,1.1102391308551298
refined,100000,0.25,7.943282347242818,0.5485436960104602,0.5265181319958068,0.024999950000116702,1.075061828006267,1.1000617780063835
refined,100000,0.25,8.338945032251527,0.5349216800947681,0.5302209536099177,0.024999950000116702,1.0651426337046859,1.0901425837048024
refined,100000,0.25,8.754316063692443,0.521622316164625,0.5338684067888377,0.024999950000116702,1.0554907229534627,1.0804906729535793
refined,100000,0.25,9.190377133632595,0.5086358938810139,0.5374505415476125,0.024999950000116702,1.0460864354286263,1.0710863854287431
refined,100000,0.25,9.648158833183777,0.4959569517167226,0.5409777960826821,0.024999950000116702,1.0369347477994046,1.0619346977995214
refined,100000,0.25,10.128743088211932,0.4835767703152503,0.5444436782975969,0.024999950000116702,1.0280204486128472,1.053020398612964
refined,100000,0.25,10.633265716371616,0.4714895791074587,0.5478551414660899,0.024999950000116702,1.0193447205735486,1.0443446705736652
refined,100000,0.25,11.162919111508824,0.4596876263856711,0.551208837893843,0.024999950000116702,1.0108964642795142,1.0358964142796308
refined,100000,0.25,11.718955061776631,0.44816482566681354,0.5545085477249115,0.024999950000116702,1.002673373391725,1.0276733233918418
refined,100000,0.25,12.30268770812381,0.4369143687727337,0.5577537914032323,0.024999950000116702,0.994668160175966,1.0196681101760827
refined,100000,0.25,12.91549665014884,0.4259298454564751,0.560945450070083,0.024999950000116702,0.9868752955265581,1.0118752455266748
refined,100000,0.25,13.558830206659357,0.41520536925122015,0.5640856682251395,0.024999950000116702,0.9792910374763597,1.0042909874764763
refined,100000,0.25,14.234208838643415,0.4047341987178214,0.5671726691537744,0.024999950000116702,0.9719068678715959,0.9969068178717124
refined,100000,0.25,14.943228742742294,0.39451135003877,0.5702110058122088,0.024999950000116702,0.9647223558509789,0.9897223058510956
refined,100000,0.25,15.687565623717566,0.384529743142035,0.5731964558165078,0.024999950000116702,0.9577261989585428,0.9827261489586594
refined,100000,0.25,16.46897865482869,0.374785279894268,0.5761357904929136,0.024999950000116702,0.9509210703871817,0.9759210203872983
refined,100000,0.25,17.289314635480615,0.3652705336644801,0.5790225282542345,0.024999950000116702,0.9442930619187146,0.9692930119188312
refined,100000,0.25,17.78279410038923,0.35986575079805233,0.5806733755471268,0.024999950000116702,0.9405391263451792,0.9655390763452958
refined,100000,0.25,18.15051235596819,0.3559822765833891,0.581865491676103,0.024999950000116702,0.9378477682594921,0.9628477182596088
refined,100000,0.25,19.054607179632484,0.3469127269659617,0.5846561033122942,0.024999950000116702,0.9315688302782559,0.9565687802783727
refined,100000,0.25,19.109529749704404,0.3463825425968811,0.5848200021417415,0.024999950000116702,0.9312025447386225,0.9562024947387393
refined,100000,0.25,20.003735853259002,0.3380595131194838,0.58740509065647,0.024999950000116702,0.9254646037759537,0.9504645537760704
refined,100000,0.25,20.53525026457146,0.33336994789733937,0.5888654680812768,0.024999950000116702,0.9222354159786161,0.9472353659787329
refined,100000,0.25,21.000141557086565,0.32941448935488193,0.5901019227522837,0.024999950000116702,0.9195164121071656,0.9445163621072823
refined,100000,0.25,22.04617920636185,0.320975987543933,0.5927586229354032,0.024999950000116702,0.9137346104793361,0.9387345604794528
refined,100000,0.25,22.0673406908459,0.3208113503251044,0.5928101995011321,0.024999950000116702,0.9136215498262366,0.9386214998263531
refined,100000,0.25,23.144321016969926,0.3127359080658328,0.5953642750217438,0.024999950000116702,0.9081001830875766,0.9331001330876934
refined,100000,0.25,23.71373705661655,0.3086899615450103,0.5966521036845791,0.024999950000116702,0.9053420652295894,0.9303420152297062
refined,100000,0.25,24.29716234829391,0.30469268886204537,0.5979301144528686,0.024999950000116702,0.902622803314914,0.9276227533150306
refined,100000,0.25,25.482967479793466,0.2969920703215667,0.6003976733137382,0.024999950000116702,0.8973897436353049,0.9223896936354216
refined,100000,0.25,25.507427837113593,0.296838906134105,0.600447012999832,0.024999950000116702,0.8972859191339371,0.9222858691340537
refined,100000,0.25,26.777977837039188,0.2891725945154971,0.6029237965830289,0.024999950000116702,0.892096391098526,0.9170963410986426
refined,100000,0.25,27.384196342643612,0.2857030304484161,0.6040481858429964,0.024999950000116702,0.8897512162914125,0.9147511662915291
refined,100000,0.25,28.11181517869986,0.2816871608218357,0.6053535681567815,0.024999950000116702,0.8870407289786173,0.9120406789787339
refined,100000,0.25,29.42727176209282,0.27480828384734607,0.6076034939870844,0.024999950000116702,0.8824117778344305,0.907411727834547
refined,100000,0.25,29.51209226666387,0.27438022918151495,0.6077428898719952,0.024999950000116702,0.8821231190535102,0.9071230690536268
refined,100000,0.25,30.982118529862987,0.26724602548918625,0.6100869615124033,0.024999950000116702,0.8773329870015896,0.9023329370017061
refined,100000,0.25,31.622776601683793,0.26429321465777844,0.611061704383958,0.024999950000116702,0.8753549190417365,0.9003548690418531
refined,100000,0.25,32.5253682431303,0.26028175584611735,0.6123902090829421,0.024999950000116702,0.8726719649290594,0.8976719149291761
refined,100000,0.25,33.982083289425596,0.25414602783815127,0.6144281985322446,0.024999950000116702,0.8685742263703959,0.8935741763705125
refined,100000,0.25,34.145488738336006,0.2534824548007051,0.6146498117369638,0.024999950000116702,0.8681322665376688,0.8931322165377855
refined,100000,0.25,35.84630902452844,0.2468449026370085,0.6168681699359888,0.024999950000116702,0.8637130725729973,0.888713022573114
refined,100000,0.25,36.51741272548377,0.24435399243557163,0.6177037954231175,0.024999950000116702,0.8620577878586891,0.8870577378588058
refined,100000,0.25,37.63184883745225,0.24036493316270435,0.6190443407174785,0.024999950000116702,0.8594092738801828,0.8844092238802995
refined,100000,0.25,39.24189758484536,0.2349043395074967,0.6208878002484494,0.024999950000116702,0.855792139755946,0.8807920897560628
refined,100000,0.25,39.50632813983238,0.23403889283608736,0.6211787934800225,0.024999950000116702,0.8552176863161098,0.8802176363162265
refined,100000,0.25,41.47417709487639,0.22786340628769602,0.6232723769081543,0.024999950000116702,0.8511357831958504,0.8761357331959669
refined,100000,0.25,42.169650342858226,0.225784363720761,0.6239784035499881,0.024999950000116702,0.8497627672707491,0.8747627172708659
refined,100000,0.25,43.540046536566486,0.22183437796715438,0.6253237084155306,0.024999950000116702,0.8471580863826851,0.8721580363828018
refined,100000,0.25,45.31583637600818,0.21698393987449688,0.6269800360962727,0.024999950000116702,0.8439639759707696,0.8689639259708863
refined,100000,0.25,45.708818961487516,0.2159492157812966,0.6273353567857588,0.024999950000116702,0.8432845725670555,0.8682845225671721
refined,100000,0.25,47.98562006816812,0.21020337385416424,0.629304151688441,0.024999950000116702,0.8395075255426052,0.864507475542722
refined,100000,0.25,48.69675251658631,0.20849200953292724,0.6298930680747387,0.024999950000116702,0.8383850776076659,0.8633850276077826
refined,100000,0.25,50.37583087120846,0.20459503664710338,0.6312343247269828,0.024999950000116702,0.8358293613740861,0.8608293113742029
refined,100000,0.25,52.32991146814947,0.20029735658986686,0.6327162497743907,0.024999950000116702,0.8330136063642575,0.8580135563643743
refined,100000,0.25,52.88510041882383,0.19911919954561685,0.6331209676624346,0.024999950000116702,0.8322401672080515,0.8572401172081682
refined,100000,0.25,55.5193591438621,0.19377481760528936,0.6349699315999019,0.024999950000116702,0.8287447492051913,0.8537446992053079
refined,100000,0.25,56.23413251903491,0.19238895811774537,0.635447752622245,0.024999950000116702,0.8278367107399903,0.852836660740107
refined,100000,0.25,58.28483287984838,0.1885564190008328,0.6367746061348146,0.024999950000116702,0.8253310251356474,0.8503309751357642
refined,100000,0.25,60.42963902381328,0.18475814251047898,0.6380911742571835,0.024999950000116702,0.8228493167676625,0.8478492667677793
refined,100000,0.25,61.18805757518219,0.18346372412070955,0.6385424322992929,0.024999950000116702,0.8220061564200024,0.8470061064201191
refined,100000,0.25,64.23589474026393,0.178490785433815,0.6402651193746962,0.024999950000116702,0.8187559048085112,0.8437558548086279
refined,100000,0.25,64.93816315762113,0.17739531177116874,0.6406464301309742,0.024999950000116702,0.818041741902143,0.8430416919022596
refined,100000,0.25,67.435547664057,0.17363798987922496,0.6419514276245905,0.024999950000116702,0.8155894175038154,0.8405893675039321
refined,100000,0.25,69.78305848598663,0.17029059601869848,0.6431116833813488,0.024999950000116702,0.8134022794000473,0.8384022294001641
refined,100000,0.25,70.79457843841381,0.16889918821041536,0.6435921582286904,0.024999950000116702,0.8124913464391058,0.8374912964392225
refined,100000,0.25,74.32092583039913,0.16427493074957283,0.6451960443117246,0.024999950000116702,0.8094709750612974,0.8344709250614142
refined,100000,0.25,74.98942093324558,0.1634344568722016,0.6454849986420109,0.024999950000116702,0.8089194555142125,0.8339194055143292
refined,100000,0.25,78.02292404485208,0.15975960219522692,0.6467549671748265,0.024999950000116702,0.8065145693700534,0.8315145193701701
refined,100000,0.25,80.58421877614818,0.1568194871610366,0.6477692285274969,0.024999950000116702,0.8045887156885334,0.8295886656886502
refined,100000,0.25,81.90932242152977,0.15535326170571828,0.6482759063946212,0.024999950000116702,0.8036291681003395,0.8286291181004561
refined,100000,0.25,85.98930611338423,0.15105103944683645,0.6497523780507957,0.024999950000116702,0.8008034174976322,0.8258033674977489
refined,100000,0.25,86.59643233600653,0.1504373646411415,0.6499638173744199,0.024999950000116702,0.8004011820155614,0.8254011320156781
refined,100000,0.25,90.27251779484578,0.14685249592578928,0.6511896331123951,0.024999950000116702,0.7980421290381844,0.8230420790383011
refined,100000,0.25,93.0572040929699,0.14427938561043463,0.6520662862087627,0.024999950000116702,0.7963456718191974,0.821345621819314
refined,100000,0.25,94.76908045141592,0.14275350316450855,0.6525828020954771,0.024999950000116702,0.7953363052599857,0.8203362552601023
refined,100000,0.25,99.4896213044336,0.13875311553098568,0.6539354183533852,0.024999950000116702,0.7926885338843709,0.8176884838844876
refined,100000,0.25,100.0,0.13833732517810354,0.6540745179326274,0.024999950000116702,0.792411843110731,0.8174117931108477
refined,100000,0.25,104.44529692755633,0.13484794379612322,0.6552442199756013,0.024999950000116702,0.7900921637717245,0.8150921137718412
refined,100000,0.25,107.46078283213176,0.13260487547864547,0.6559906806146195,0.024999950000116702,0.7885955560932649,0.8135955060933817
refined,100000,0.25,109.64781961431851,0.13103652874357183,0.6565110195656794,0.024999950000116702,0.7875475483092512,0.8125474983093679
refined,100000,0.25,115.10948505908407,0.12731621722536465,0.657734169639262,0.024999950000116702,0.7850503868646267,0.8100503368647434
refined,100000,0.25,115.47819846894582,0.12707482958151228,0.6578137160030417,0.024999950000116702,0.784888545584554,0.8098884955846707
refined,100000,0.25,120.84320141681312,0.12368502908649338,0.6589137445124589,0.024999950000116702,0.7825987735989522,0.8075987235990689
refined,100000,0.25,124.09377607517196,0.12173949357924778,0.6595404169974937,0.024999950000116702,0.7812799105767414,0.8062798605768582
refined,100000,0.25,126.86251981032602,0.1201410449640555,0.6600497321049422,0.024999950000116702,0.7801907770689978,0.8051907270691144
refined,100000,0.25,133.1816663571621,0.11668175655380712,0.6611404361276731,0.024999950000116702,0.7778221926814802,0.8028221426815969
refined,100000,0.25,133.3521432163324,0.1165918086429761,0.6611684134977919,0.024999950000116702,0.777760222140768,0.8027601721408847
refined,100000,0.25,139.81557579172983,0.11330597628121739,0.6621875155694776,0.024999950000116702,0.775493491850695,0.8004934418508117
refined,100000,0.25,143.30125702369628,0.11162642236660955,0.6626992191254796,0.024999950000116702,0.7743256414920892,0.7993255914922058
refined,100000,0.25,146.77992676220705,0.11001066068514581,0.6631874559664575,0.024999950000116702,0.7731981166516033,0.79819806665172
refined,100000,0.25,153.9926526059492,0.10683710424719396,0.6641312222926953,0.024999950000116702,0.7709683265398892,0.7959682765400059
refined,100000,0.25,154.09117888561602,0.10679535220276182,0.6641436384024447,0.024999950000116702,0.7709389906052065,0.7959389406053232
refined,100000,0.25,161.76661164864794,0.10365646547802465,0.6650506668562124,0.024999950000116702,0.768707132334237,0.7937070823343537
refined,100000,0.25,165.48170999431815,0.10221703512905969,0.6654603665961437,0.024999950000116702,0.7676774017252034,0.7926773517253201
refined,100000,0.25,169.82436524617444,0.10059427131489532,0.6659137116331906,0.024999950000116702,0.7665079829480859,0.7915079329482027
refined,100000,0.25,177.82794100389228,0.09776019583009384,0.6666839648052183,0.024999950000116702,0.7644441606353122,0.7894441106354289
refined,100000,0.25,178.28348345396734,0.09760463606987337,0.6667254153210296,0.024999950000116702,0.7643300513909029,0.7893300013910196
refined,100000,0.25,187.16395863694845,0.09468855730180349,0.6674928214496135,0.024999950000116702,0.762181378751417,0.7871813287515337
refined,100000,0.25,191.09529749704404,0.09346206457921744,0.6678028862868922,0.024999950000116702,0.7612649508661097,0.7862649008662264
refined,100000,0.25,196.4867789993468,0.09184134711901766,0.6682065142296638,0.024999950000116702,0.7600478613486815,0.7850478113487982
refined,100000,0.25,205.3525026457146,0.08931726774185977,0.6688149069240373,0.024999950000116702,0.7581321746658971,0.7831321246660138
refined,100000,0.25,206.27397818843016,0.0890646795546605,0.6688753679561278,0.024999950000116702,0.7579400475107883,0.782939997510905
refined,100000,0.25,216.54868736904876,0.08635345281200367,0.6694882259983458,0.024999950000116702,0.7558416788103495,0.7808416288104661
refined,100000,0.25,220.673406908459,0.08531974538075247,0.6697149747547698,0.024999950000116702,0.7550347201355223,0.780034670135639
refined,100000,0.25,227.33518989206314,0.08370959763786724,0.6700546448347983,0.024999950000116702,0.7537642424726655,0.7787641924727822
refined,100000,0.25,237.13737056616552,0.08146441014157255,0.6705000460868474,0.024999950000116702,0.75196445622842,0.7769644062285367
refined,100000,0.25,238.65897868585807,0.0811284584242449,0.6705642466399366,0.024999950000116702,0.7516927050641815,0.7766926550642983
refined,100000,0.25,250.5468165065873,0.07861140331061663,0.6710248402103399,0.024999950000116702,0.7496362435209566,0.7746361935210733
refined,100000,0.25,254.82967479793464,0.07774746287376172,0.6711703519826365,0.024999950000116702,0.7489178148563982,0.773917764856515
refined,100000,0.25,263.02679918953817,0.07615449336143118,0.6714276910127085,0.024999950000116702,0.7475821843741397,0.7725821343742564
refined,100000,0.25,273.8419634264361,0.07416428436616296,0.6717230018866232,0.024999950000116702,0.7458872862527861,0.7708872362529028
refined,100000,0.25,276.128422051113,0.07375852847121109,0.6717787687385831,0.024999950000116702,0.7455372972097942,0.7705372472099109
refined,100000,0.25,289.88264959835425,0.07142028560938837,0.6720710797575417,0.024999950000116702,0.7434913653669301,0.7684913153670467
refined,100000,0.25,294.2727176209282,0.07070947614830865,0.6721517868863641,0.024999950000116702,0.7428612630346728,0.7678612130347895
refined,100000,0.25,304.32198871077225,0.06913999136295,0.6723086449526566,0.024999950000116702,0.7414486363156066,0.7664485863157233
refined,100000,0.25,316.22776601683796,0.06737879083242641,0.6724533085885794,0.024999950000116702,0.7398320994210058,0.7648320494211226
refined,100000,0.25,319.4805654674313,0.06691513751911024,0.6724863285750217,0.024999950000116702,0.7394014660941319,0.7644014160942486
refined,100000,0.25,335.394205800866,0.06474537300302584,0.6726060740100839,0.024999950000116702,0.7373514470131097,0.7623513970132264
refined,100000,0.25,352.1005201684521,0.0626289028510196,0.6726647406513528,0.024999950000116702,0.7352936435023725,0.7602935935024892
refined,100000,0.25,369.6389924413366,0.060564794831583925,0.6726620460572141,0.024999950000116702,0.7332268408887981,0.7582267908889148
refined,100000,0.25,388.0510732210183,0.058551964998069674,0.6725970031882392,0.024999950000116702,0.7311489681863089,0.7561489181864256
refined,100000,0.25,407.380277804113,0.05658889749769907,0.6724669352405319,0.024999950000116702,0.7290558327382309,0.7540557827383477
refined,100000,0.25,427.67228902684343,0.05467521630117713,0.6722731891389431,0.024999950000116702,0.7269484054401202,0.7519483554402369
refined,100000,0.25,448.97506523231453,0.052808820692058264,0.6720105045477579,0.024999950000116702,0.7248193252398162,0.7498192752399329
refined,100000,0.25,471.3389536157405,0.05099003836267355,0.6716827654145726,0.024999950000116702,0.7226728037772462,0.7476727537773629
refined,100000,0.25,494.8168092155145,0.04921618392742792,0.6712819178340543,0.024999950000116702,0.7204981017614822,0.745498051761599
refined,100000,0.25,519.4641198313342,0.04748828325383396,0.6708146090070695,0.024999950000116702,0.7183028922609034,0.7433028422610202
refined,100000,0.25,545.3391371646278,0.045803068157341725,0.6702697605815285,0.024999950000116702,0.7160728287388702,0.741072778738987
refined,100000,0.25,572.5030144912078,0.04416225550086265,0.6696570326766058,0.024999950000116702,0.7138192881774684,0.7388192381775851
refined,100000,0.25,601.0199511915373,0.04256199811062315,0.6689620711490135,0.024999950000116702,0.7115240692596366,0.7365240192597534
refined,100000,0.25,630.9573444801937,0.04100469471977009,0.6681978220650804,0.024999950000116702,0.7092025167848505,0.7342024667849671
refined,100000,0.5,0.1,2.8100559209520544,0.042091255993290645,0.024999950000116702,2.852147176945345,2.8771471269454616
refined,100000,0.5,0.10498109808656175,2.7976541351154047,0.04406338987151023,0.024999950000116702,2.841717524986915,2.8667174749870314
refined,100000,0.5,0.11021030955460301,2.78476073385797,0.0461220486605352,0.024999950000116702,2.830882782518505,2.8558827325186216
refined,100000,0.5,0.11569999317502112,2.7713205736832824,0.04827001871848376,0.024999950000116702,2.819590592401766,2.8445905424018827
refined,100000,0.5,0.12146312332121417,2.757346912028772,0.05051087516848645,0.024999950000116702,2.8078577871972588,2.8328577371973753
refined,100000,0.5,0.1275133206328453,2.74280499419961,0.052847717938418984,0.024999950000116702,2.795652712138029,2.8206526621381456
refined,100000,0.5,0.13386488420699932,2.727686444128129,0.05528399896584788,0.024999950000116702,2.7829704430939772,2.807970393094094
refined,100000,0.5,0.14053282539281228,2.7119803221458985,0.057823199948908804,0.024999950000116702,2.7698035220948074,2.794803472094924
refined,100000,0.5,0.14753290326944482,2.6956536958226187,0.06046852604542855,0.024999950000116702,2.7561222218680475,2.781122171868164
refined,100000,0.5,0.1548816618912481,2.678723050520371,0.06322392770642038,0.024999950000116702,2.7419469782267916,2.766946928226908
refined,100000,0.5,0.16259646938814815,2.6611279300895943,0.06609220641899013,0.024999950000116702,2.7272201365085844,2.752220086508701
refined,100000,0.5,0.17069555901365815,2.6429159816066683,0.06907789161789514,0.024999950000116702,2.7119938732245634,2.73699382322468
refined,100000,0.5,0.1791980722375334,2.6239962864085493,0.07218318504363128,0.024999950000116702,2.6961794714521807,2.7211794214522973
refined,100000,0.5,0.18812410398491272,2.6044514384197837,0.07541333378813374,0.024999950000116702,2.6798647722079174,2.704864722208034
refined,100000,0.5,0.19749475012886664,2.584157238034242,0.07876969827965194,0.024999950000116702,2.6629269363138937,2.68792688631401
refined,100000,0.5,0.2073321573485955,2.5632349570739,0.08225841630494302,0.024999950000116702,2.645493373378843,2.6704933233789596
refined,100000,0.5,0.2176595754711136,2.541524528816645,0.08587971339516902,0.024999950000116702,2.627404242211814,2.6524041922119306
refined,100000,0.5,0.2285014124201237,2.519188375963056,0.08964080584021492,0.024999950000116702,2.6088291818032707,2.6338291318033873
refined,100000,0.5,0.23988329190194904,2.4960315662601977,0.09354051076178047,0.024999950000116702,2.589572077021978,2.6145720270220947
refined,100000,0.5,0.25183211396485844,2.4722407948312193,0.09758683886389029,0.024999950000116702,2.5698276336951094,2.594827583695226
refined,100000,0.5,0.26437611857491,2.4476362146383916,0.10177821133109342,0.024999950000116702,2.549414425969485,2.5744143759696017
refined,100000,0.5,0.277544952358571,2.42237965711638,0.10612218713185127,0.024999950000116702,2.528501844248231,2.553501794248348
refined,100000,0.5,0.29136973866985255,2.3963258902499187,0.11061725584230894,0.024999950000116702,2.506943146092228,2.5319430960923444
refined,100000,0.5,0.30588315114755654,2.369609217256352,0.11527023024407079,0.024999950000116702,2.4848794475004228,2.5098793975005393
refined,100000,0.5,0.3211194909364823,2.3421228101622287,0.12007984703388874,0.024999950000116702,2.4622026571961175,2.487202607196234
refined,100000,0.5,0.33711476775509625,2.313971197053865,0.12505182060823927,0.024999950000116702,2.439023017662104,2.4640229676622205
refined,100000,0.5,0.35390678500126244,2.2850891868352705,0.13018537187944992,0.024999950000116702,2.4152745587147204,2.440274508714837
refined,100000,0.5,0.37153522909717257,2.2555498592430396,0.1354847044421673,0.024999950000116702,2.391034563685207,2.4160345136853234
refined,100000,0.5,0.39004176328463463,2.2253320960450247,0.14094982737231493,0.024999950000116702,2.36628192341734,2.3912818734174563
refined,100000,0.5,0.4094701260923973,2.194476590341632,0.1465829609022863,0.024999950000116702,2.341059551243918,2.3660595012440346
refined,100000,0.5,0.42986623470822766,2.1630076786065104,0.15238528029964005,0.024999950000116702,2.3153929589061506,2.340392908906267
refined,100000,0.5,0.45127829350005433,2.1309336198482844,0.15835649326392842,0.024999950000116702,2.2892901131122128,2.3142900631123293
refined,100000,0.5,0.473756907942654,2.0983242739516927,0.16449939820447954,0.024999950000116702,2.262823672156172,2.2878236221562886
refined,100000,0.5,0.49735520421913965,2.0651564457972595,0.17081061244644274,0.024999950000116702,2.2359670582437023,2.260967008243819
refined,100000,0.5,0.5221289547799146,2.0315440347579115,0.17729509449692424,0.024999950000116702,2.2088391292548355,2.233839079254952
refined,100000,0.5,0.5481367101558418,1.997434498966036,0.18394575801428287,0.024999950000116702,2.1813802569803187,2.2063802069804357
refined,100000,0.5,0.5754399373371569,1.9629825483835757,0.19077033433226273,0.024999950000116702,2.1537528827158385,2.178752832715955
refined,100000,0.5,0.6041031650451701,1.9281095727918633,0.19775740385169596,0.024999950000116702,2.125866976643559,2.150866926643676
refined,100000,0.5,0.6341941362400942,1.8930060069355052,0.20491814807433642,0.024999950000116702,2.0979241550098418,2.1229241050099583
refined,100000,0.5,0.6657839682254364,1.8575715881800785,0.21223619356769904,0.024999950000116702,2.0698077817477776,2.094807731747894
refined,100000,0.5,0.6989473207273484,1.8220255384474677,0.21972689442563886,0.024999950000116702,2.0417524328731065,2.0667523828732235
refined,100000,0.5,0.7337625723461731,1.786251366746864,0.2273683428675915,0.024999950000116702,2.0136197096144555,2.0386196596145725
refined,100000,0.5,0.7703120057972147,1.7504756994445376,0.23517898417234065,0.024999950000116702,1.9856546836168782,2.010654633616995
refined,100000,0.5,0.8086820023785352,1.714610264595244,0.2431363313843621,0.024999950000116702,1.957746595979606,1.9827465459797229
refined,100000,0.5,0.8489632461253815,1.67884285075193,0.25125671140397,0.024999950000116702,1.9300995621558998,1.9550995121560168
refined,100000,0.5,0.8912509381337457,1.6431267764937003,0.2595198841625366,0.024999950000116702,1.9026466606562369,1.9276466106563537
refined,100000,0.5,0.9356450215595893,1.6076099164897535,0.2679390445401591,0.024999950000116702,1.8755489610299125,1.9005489110300293
refined,100000,0.5,0.9822504178255043,1.572280550486962,0.27649721356679335,0.024999950000116702,1.8487777640537553,1.873777714053872
refined,100000,0.5,1.0311772745930554,1.5372431499057677,0.2850826804567866,0.024999950000116702,1.8223258303625542,1.847325780362671
refined,100000,0.5,1.0825412260868696,1.5024894339916668,0.2933105577430967,0.024999950000116702,1.7957999917347636,1.8207999417348804
refined,100000,0.5,1.1364636663857248,1.4680998907402478,0.3011499325639272,0.024999950000116702,1.769249823304175,1.794249773304292
refined,100000,0.5,1.1930720363265337,1.4341047007805146,0.3085665353061556,0.024999950000116702,1.74267123608667,1.7676711860867869
refined,100000,0.5,1.252500124699298,1.4005617484997146,0.3155728113090735,0.024999950000116702,1.716134559808788,1.7411345098089048
refined,100000,0.5,1.314888384444878,1.3675096699905427,0.32216241267605855,0.024999950000116702,1.6896720826666012,1.714672032666718
refined,100000,0.5,1.3803842646028852,1.334985043492748,0.3283309443706382,0.024999950000116702,1.663315987863386,1.6883159378635029
refined,100000,0.5,1.449142558794219,1.3030267710542611,0.334096822412953,0.024999950000116702,1.6371235934672141,1.662123543467331
refined,100000,0.5,1.5213257710618697,1.2716550292197863,0.3394416744247734,0.024999950000116702,1.6110967036445598,1.6360966536446766
refined,100000,0.5,1.5971044999346033,1.240902623501856,0.3444051152660712,0.024999950000116702,1.5853077387679273,1.610307688768044
refined,100000,0.5,1.6766578416212374,1.2107776033230258,0.34895743154234754,0.024999950000116702,1.5597350348653733,1.5847349848654901
refined,100000,0.5,1.7601738132884204,1.181302657021766,0.35315548046114403,0.024999950000116702,1.53445813748291,1.5594580874830268
refined,100000,0.5,1.8478497974222907,1.1524771538999836,0.3569606205433023,0.024999950000116702,1.5094377744432859,1.5344377244434027
refined,100000,0.5,1.9398930083242285,1.1243121651504828,0.3604427583368077,0.024999950000116702,1.4847549234872905,1.5097548734874073
refined,100000,0.5,2.036520981843212,1.096800945459304,0.3635564797531896,0.024999950000116702,1.4603574252124936,1.4853573752126104
refined,100000,0.5,2.1379620895022327,1.0699437574483464,0.36638057137816793,0.024999950000116702,1.4363243288265144,1.461324278826631
refined,100000,0.5,2.244456078233844,1.0437295105619149,0.3688646973520338,0.024999950000116702,1.4125942079139486,1.4375941579140654
refined,100000,0.5,2.3562546370004687,1.0181501226031462,0.3710886533245064,0.024999950000116702,1.3892387759276525,1.4142387259277693
refined,100000,0.5,2.473621991638621,0.9931915517940068,0.3730107972902516,0.024999950000116702,1.3662023490842583,1.391202299084375
refined,100000,0.5,2.5968355293329033,0.9688405803833126,0.374696470207967,0.024999950000116702,1.3435370505912796,1.3685370005913962
refined,100000,0.5,2.7261864541956613,0.9450811007956123,0.376118356596816,0.024999950000116702,1.3211994573924282,1.346199407392545
refined,100000,0.5,2.861980475501707,0.9218980221826114,0.3773255885071445,0.024999950000116702,1.299223610689756,1.3242235606898727
refined,100000,0.5,3.004538530204693,0.8992743476472443,0.37830295186401397,0.024999950000116702,1.2775772995112584,1.302577249511375
refined,100000,0.5,3.1541975414427297,0.8771950997928407,0.37908589881940036,0.024999950000116702,1.2562809986122412,1.2812809486123578
refined,100000,0.5,3.311311214825911,0.8556437811481814,0.3796683735676063,0.024999950000116702,1.2353121547157877,1.2603121047159043
refined,100000,0.5,3.476250874387709,0.8346063966727086,0.3800744942592319,0.024999950000116702,1.2146808909319406,1.2396808409320572
refined,100000,0.5,3.649406340175921,0.814068048651086,0.3803051752128607,0.024999950000116702,1.1943732238639466,1.2193731738640634
refined,100000,0.5,3.831186849557289,0.7940158511685618,0.38037528381125785,0.024999950000116702,1.1743911349798197,1.1993910849799363
refined,100000,0.5,4.022022024413192,0.7744370522335298,0.3802911683055989,0.024999950000116702,1.1547282205391287,1.1797281705392453
refined,100000,0.5,4.22236288651233,0.7553196046802457,0.3800602210942301,0.024999950000116702,1.1353798257744758,1.1603797757745924
refined,100000,0.5,4.432682923460089,0.7366529128991203,0.3796931652463892,0.024999950000116702,1.1163460781455095,1.1413460281456262
refined,100000,0.5,4.653479207743908,0.7184253686868761,0.37919137837918854,0.024999950000116702,1.0976167470660647,1.1226166970661813
refined,100000,0.5,4.885273571519389,0.7006282105473369,0.3785691928148553,0.024999950000116702,1.0791974033621923,1.1041973533623088
refined,100000,0.5,5.1286138399136485,0.6832499101027665,0.37782313906251835,0.024999950000116702,1.0610730491652849,1.0860729991654015
refined,100000,0.5,5.384075125760731,0.6662831309831054,0.3769705454574433,0.024999950000116702,1.0432536764405487,1.0682536264406655
refined,100000,0.5,5.652261188829045,0.6497161828502095,0.3760040144254084,0.024999950000116702,1.0257201972756178,1.0507201472757346
refined,100000,0.5,5.933805862753281,0.6335428356674803,0.3749433319733502,0.024999950000116702,1.0084861676408305,1.033486117640947
refined,100000,0.5,6.229374553043173,0.6177511185320688,0.37377789530211675,0.024999950000116702,0.9915290138341855,1.0165289638343022
refined,100000,0.5,6.539665809709571,0.6023357414116431,0.37252946193277514,0.024999950000116702,0.9748652033444183,0.999865153344535
refined,100000,0.5,6.865412978224548,0.5872844234358996,0.3711848005440803,0.024999950000116702,0.9584692239799799,0.9834691739800966
refined,100000,0.5,7.207385932717452,0.5725925599753673,0.36976626521628353,0.024999950000116702,0.9423588251916508,0.9673587751917675
refined,100000,0.5,7.566392895503165,0.5582482079793868,0.3682613069997775,0.024999950000116702,0.9265095149791642,0.951509464979281
refined,100000,0.5,7.943282347242818,0.5442467029224116,0.3666892595727897,0.024999950000116702,0.9109359624952014,0.9359359124953179
refined,100000,0.5,8.338945032251527,0.5305770528487533,0.3650408416811144,0.024999950000116702,0.8956178945298677,0.9206178445299844
refined,100000,0.5,8.754316063692443,0.5172341825116078,0.36333103808877465,0.024999950000116702,0.8805652206003824,0.9055651706004991
refined,100000,0.5,9.190377133632595,0.5042081640074353,0.3615539434587267,0.024999950000116702,0.865762107466162,0.8907620574662787
refined,100000,0.5,9.648158833183777,0.49149354815612684,0.359720773954932,0.024999950000116702,0.8512143221110589,0.8762142721111756
refined,100000,0.5,10.128743088211932,0.47908144157450266,0.3578285257320764,0.024999950000116702,0.8369099673065791,0.8619099173066957
refined,100000,0.5,10.633265716371616,0.46696603651688495,0.3558851471341961,0.024999950000116702,0.822851183651081,0.8478511336511978
refined,100000,0.5,11.162919111508824,0.4551394412879293,0.3538901304241552,0.024999950000116702,0.8090295717120846,0.8340295217122011
refined,100000,0.5,11.718955061776631,0.4435954952122685,0.35184858725968865,0.024999950000116702,0.7954440824719571,0.8204440324720739
refined,100000,0.5,12.30268770812381,0.4323272764557119,0.3497621576063319,0.024999950000116702,0.7820894340620438,0.8070893840621605
refined,100000,0.5,12.91549665014884,0.42132827373801607,0.3476334877344908,0.024999950000116702,0.7689617614725068,0.7939617114726236
refined,100000,0.5,13.558830206659357,0.4105925070521048,0.34546606495823134,0.024999950000116702,0.7560585720103361,0.7810585220104529
refined,100000,0.5,14.234208838643415,0.40011311531895255,0.34326039058964664,0.024999950000116702,0.7433735059085992,0.7683734559087159
refined,100000,0.5,14.943228742742294,0.38988503632201144,0.34102154025189513,0.024999950000116702,0.7309065765739066,0.7559065265740232
refined,100000,0.5,15.687565623717566,0.3799010583606573,0.33874814737880027,0.024999950000116702,0.7186492057394576,0.7436491557395742
refined,100000,0.5,16.46897865482869,0.37015701609869356,0.3364466526575931,0.024999950000116702,0.7066036687562867,0.7316036187564033
refined,100000,0.5,17.289314635480615,0.36064534455843167,0.3341140614555813,0.024999950000116702,0.694759406014013,0.7197593560141297
refined,100000,0.5,17.78279410038923,0.35524353257829827,0.3327525119419943,0.024999950000116702,0.6879960445202926,0.7129959945204092
refined,100000,0.5,18.15051235596819,0.3513627567698968,0.3317579873351127,0.024999950000116702,0.6831207441050096,0.7081206941051261
refined,100000,0.5,19.054607179632484,0.3423013301327296,0.3293740150972211,0.024999950000116702,0.6716753452299506,0.6966752952300674
refined,100000,0.5,19.109529749704404,0.3417717028837894,0.3292322224884741,0.024999950000116702,0.6710039253722635,0.6960038753723802
refined,100000,0.5,20.003735853259002,0.3334586395628307,0.3269707659949858,0.024999950000116702,0.6604294055578166,0.6854293555579332
refined,100000,0.5,20.53525026457146,0.3287756920704093,0.32566319196471927,0.024999950000116702,0.6544388840351285,0.6794388340352453
refined,100000,0.5,21.000141557086565,0.324826399106246,0.324542583585832,0.024999950000116702,0.649368982692078,0.6743689326921947
refined,100000,0.5,22.04617920636185,0.3164028895254819,0.32209864589201836,0.024999950000116702,0.6385015354175003,0.6635014854176169
refined,100000,0.5,22.0673406908459,0.3162385682501915,0.32204996756403953,0.024999950000116702,0.638288535814231,0.6632884858143477
refined,100000,0.5,23.144321016969926,0.30817987886407905,0.3196331378472133,0.024999950000116702,0.6278130167112923,0.6528129667114091
refined,100000,0.5,23.71373705661655,0.3041432301962593,0.31839532757327327,0.024999950000116702,0.6225385577695326,0.6475385077696492
refined,100000,0.5,24.29716234829391,0.30015574902196107,0.3171544323187642,0.024999950000116702,0.6173101813407254,0.6423101313408419
refined,100000,0.5,25.482967479793466,0.29247568998439116,0.3147072894982803,0.024999950000116702,0.6071829794826715,0.6321829294827881
refined,100000,0.5,25.507427837113593,0.29232295833141986,0.31465793706649337,0.024999950000116702,0.6069808953979132,0.6319808453980299
refined,100000,0.5,26.777977837039188,0.2846794773694784,0.31215024764942356,0.024999950000116702,0.596829725018902,0.6218296750190186
refined,100000,0.5,27.384196342643612,0.28122101479321304,0.31099024102299533,0.024999950000116702,0.5922112558162084,0.617211205816325
refined,100000,0.5,28.11181517869986,0.2772186088927867,0.3096282125367689,0.024999950000116702,0.5868468214295557,0.6118467714296723
refined,100000,0.5,29.42727176209282,0.27036436664452707,0.30724752209524125,0.024999950000116702,0.5776118887397683,0.602611838739885
refined,100000,0.5,29.51209226666387,0.2699379080504634,0.30709683268481575,0.024999950000116702,0.5770347407352792,0.6020346907353958
refined,100000,0.5,30.982118529862987,0.2628315080721081,0.30455424382294743,0.024999950000116702,0.5673857518950556,0.5923857018951721
refined,100000,0.5,31.622776601683793,0.25989085783055094,0.30348132972684144,0.024999950000116702,0.5633721875573924,0.5883721375575091
refined,100000,0.5,32.5253682431303,0.25589654360439357,0.302004012592462,0.024999950000116702,0.5579005561968555,0.5829005061969723
refined,100000,0.5,33.982083289425596,0.24978844528021257,0.2996979433714871,0.024999950000116702,0.5494863886516996,0.5744863386518164
refined,100000,0.5,34.145488738336006,0.2491279659709149,0.2994454281762831,0.024999950000116702,0.548573394147198,0.5735733441473148
refined,100000,0.5,35.84630902452844,0.24252248343536298,0.2968807631790841,0.024999950000116702,0.539403246614447,0.5644031966145637
refined,100000,0.5,36.51741272548377,0.24004414961987738,0.29590072597388956,0.024999950000116702,0.5359448755937669,0.5609448255938836
refined,100000,0.5,37.63184883745225,0.23607585445164164,0.2943103440227793,0.024999950000116702,0.5303861984744209,0.5553861484745376
refined,100000,0.5,39.24189758484536,0.23064496182120753,0.292092056151552,0.024999950000116702,0.5227370179727595,0.5477369679728762
refined,100000,0.5,39.50632813983238,0.22978435435421896,0.2917352716275625,0.024999950000116702,0.5215196259817815,0.5465195759818982
refined,100000,0.5,41.47417709487639,0.22364453903967438,0.28915680925952825,0.024999950000116702,0.5128013482992027,0.5378012982993193
refined,100000,0.5,42.169650342858226,0.2215779463856988,0.288273627588262,0.024999950000116702,0.5098515739739609,0.5348515239740775
refined,100000,0.5,43.540046536566486,0.2176522438223819,0.2865749923910373,0.024999950000116702,0.5042272362134192,0.5292271862135359
refined,100000,0.5,45.31583637600818,0.21283276439839807,0.28445036249131983,0.024999950000116702,0.4972831268897179,0.5222830768898346
refined,100000,0.5,45.708818961487516,0.21180481350569813,0.283991935015683,0.024999950000116702,0.4957967485213811,0.5207966985214978
refined,100000,0.5,47.98562006816812,0.20609763585376809,0.2814066988616274,0.024999950000116702,0.48750433471539545,0.5125042847155121
refined,100000,0.5,48.69675251658631,0.2043981481857854,0.2806248002342474,0.024999950000116702,0.4850229484200328,0.5100228984201495
refined,100000,0.5,50.37583087120846,0.20052883708045846,0.2788221754586843,0.024999950000116702,0.4793510125391428,0.5043509625392595
refined,100000,0.5,52.32991146814947,0.1962626811445164,0.2767985432743877,0.024999950000116702,0.4730612244189041,0.49806117441902076
refined,100000,0.5,52.88510041882383,0.19509334952289137,0.27623653135185267,0.024999950000116702,0.47132988087474403,0.4963298308748607
refined,100000,0.5,55.5193591438621,0.18979007424657607,0.2736533741412366,0.024999950000116702,0.46344344838781265,0.4884433983879294
refined,100000,0.5,56.23413251903491,0.18841514975323093,0.2729728534382166,0.024999950000116702,0.4613880031914475,0.48638795319156425
refined,100000,0.5,58.28483287984838,0.18461348002053696,0.27107004183365924,0.024999950000116702,0.4556835218541962,0.4806834718543129
refined,100000,0.5,60.42963902381328,0.1808467038734358,0.2691515901856686,0.024999950000116702,0.4499982940591044,0.4749982440592211
refined,100000,0.5,61.18805757518219,0.1795632370460738,0.2684908072823183,0.024999950000116702,0.4480540443283921,0.4730539943285088
refined,100000,0.5,64.23589474026393,0.1746333421931122,0.2659122357678585,0.024999950000116702,0.4405455779609707,0.4655455279610874
refined,100000,0.5,64.93816315762113,0.17354757347931668,0.26533662997096,0.024999950000116702,0.4388842034502767,0.4638841534503934
refined,100000,0.5,67.435547664057,0.1698241355993375,0.26333910432676866,0.024999950000116702,0.43316323992610617,0.45816318992622285
refined,100000,0.5,69.78305848598663,0.16650772501252178,0.26152894264767435,0.024999950000116702,0.4280366676601961,0.45303661766031283
refined,100000,0.5,70.79457843841381,0.16512941649783952,0.26076761122999903,0.024999950000116702,0.42589702772783855,0.45089697772795523
refined,100000,0.5,74.32092583039913,0.16054969120207693,0.2582023854220684,0.024999950000116702,0.4187520766241454,0.44375202662426205
refined,100000,0.5,74.98942093324558,0.1597174654073024,0.2577294276576802,0.024999950000116702,0.4174468930649826,0.4424468430650993
refined,100000,0.5,78.02292404485208,0.1560792973034413,0.25564019541428135,0.024999950000116702,0.4117194927177227,0.43671944271783936
refined,100000,0.5,80.58421877614818,0.15316924222637837,0.25394111446378165,0.024999950000116702,0.40711035669016005,0.4321103066902767
refined,100000,0.5,81.90932242152977,0.15171825232835254,0.25308473690679556,0.024999950000116702,0.4048029892351481,0.4298029392352648
refined,100000,0.5,85.98930611338423,0.14746164346500812,0.25053357850410995,0.024999950000116702,0.3979952219691181,0.42299517196923475
refined,100000,0.5,86.59643233600653,0.14685459482703195,0.25016534778511607,0.024999950000116702,0.397019942612148,0.4220198926122647
refined,100000,0.5,90.27251779484578,0.14330899213444226,0.24798954002746298,0.024999950000116702,0.39129853216190524,0.4162984821620219
refined,100000,0.5,93.0572040929699,0.14076468857822627,0.24640257668115284,0.024999950000116702,0.3871672652593791,0.41216721525949584
refined,100000,0.5,94.76908045141592,0.1392561311023271,0.24545094486846622,0.024999950000116702,0.38470707597079334,0.40970702597091
refined,100000,0.5,99.4896213044336,0.13530207825279147,0.24291978499002406,0.024999950000116702,0.37822186324281554,0.40322181324293227
refined,100000,0.5,100.0,0.134891175450797,0.24265340418179157,0.024999950000116702,0.3775445796325886,0.40254452963270526
refined,100000,0.5,104.44529692755633,0.13144340851277528,0.24039510159693592,0.024999950000116702,0.3718385101097112,0.39683846010982793
refined,100000,0.5,107.46078283213176,0.12922763227030856,0.23892021243163042,0.024999950000116702,0.36814784470193895,0.3931477947020557
refined,100000,0.5,109.64781961431851,0.1276786287469659,0.23787809818012273,0.024999950000116702,0.3655567269270886,0.3905566769272053
refined,100000,0.5,115.10948505908407,0.12400505315227994,0.23536850451357735,0.024999950000116702,0.3593735576658573,0.384373507665974
refined,100000,0.5,115.47819846894582,0.12376674311311457,0.2352039186455829,0.024999950000116702,0.35897066175869746,0.3839706117588142
refined,100000,0.5,120.84320141681312,0.12042067010267715,0.23286676699483963,0.024999950000116702,0.35328743709751675,0.3782873870976335
refined,100000,0.5,124.09377607517196,0.11850071137246318,0.2315045331199564,0.024999950000116702,0.35000524449241954,0.3750051944925363
refined,100000,0.5,126.86251981032602,0.11692353061995579,0.23037328196770926,0.024999950000116702,0.34729681258766504,0.37229676258778177
refined,100000,0.5,133.1816663571621,0.1135110971911964,0.22788776265686578,0.024999950000116702,0.3413988598480622,0.36639880984817885
refined,100000,0.5,133.3521432163324,0.11342238217596602,0.2278224203218234,0.024999950000116702,0.34124480249778943,0.3662447524979061
refined,100000,0.5,139.81557579172983,0.11018215558309916,0.22541125682555407,0.024999950000116702,0.33559341240865326,0.36059336240876994
refined,100000,0.5,143.30125702369628,0.10852631395007331,0.2241594556331679,0.024999950000116702,0.3326857695832412,0.35768571958335793
refined,100000,0.5,146.77992676220705,0.10693363514187806,0.22294276146929545,0.024999950000116702,0.3298763966111735,0.3548763466112902
refined,100000,0.5,153.9926526059492,0.10380619229077144,0.22051620969650107,0.024999950000116702,0.3243224019872725,0.3493223519873892
refined,100000,0.5,154.09117888561602,0.10376505457899217,0.22048396712850454,0.024999950000116702,0.3242490217074967,0.3492489717076134
refined,100000,0.5,161.76661164864794,0.10067280305970369,0.21803316495954933,0.024999950000116702,0.318705968019253,0.3437059180193697
refined,100000,0.5,165.48170999431815,0.09925511903481539,0.21689231188188118,0.024999950000116702,0.31614743091669656,0.3411473809168133
refined,100000,0.5,169.82436524617444,0.09765713062875347,0.21559268582848903,0.024999950000116702,0.3132498164572425,0.3382497664573592
refined,100000,0.5,177.82794100389228,0.09486700175835089,0.2132879418896244,0.024999950000116702,0.3081549436479753,0.33315489364809203
refined,100000,0.5,178.28348345396734,0.09471387952230005,0.2131601192660209,0.024999950000116702,0.30787399878832095,0.3328739487884377
refined,100000,0.5,187.16395863694845,0.09184402959696081,0.21073843989129804,0.024999950000116702,0.30258246948825884,0.3275824194883755
refined,100000,0.5,191.09529749704404,0.09063725172894388,0.20970458097871889,0.024999950000116702,0.3003418327076628,0.32534178270777947
refined,100000,0.5,196.4867789993468,0.0890428697894871,0.20832453399093795,0.024999950000116702,0.29736740378042503,0.32236735378054177
refined,100000,0.5,205.3525026457146,0.08656043228590958,0.2061425216764069,0.024999950000116702,0.2927029539623165,0.31770290396243317
refined,100000,0.5,206.27397818843016,0.08631205957084083,0.20592197734207415,0.024999950000116702,0.292234036912915,0.3172339869130317
refined,100000,0.5,216.54868736904876,0.08364647465750852,0.20352710063607082,0.024999950000116702,0.28717357529357934,0.312173525293696
refined,100000,0.5,220.673406908459,0.0826304237166945,0.2026010574097198,0.024999950000116702,0.2852314811264143,0.310231431126531
refined,100000,0.5,227.33518989206314,0.08104803392044616,0.2011436499043469,0.024999950000116702,0.2821916838247931,0.30719163382490977
refined,100000,0.5,237.13737056616552,0.07884208415236643,0.1990802414070875,0.024999950000116702,0.27792232555945395,0.30292227555957063
refined,100000,0.5,238.65897868585807,0.07851206088964963,0.19876831068938555,0.024999950000116702,0.2772803715790352,0.30228032157915186
refined,100000,0.5,250.5468165065873,0.07603991322303663,0.19640414186741453,0.024999950000116702,0.27244405509045116,0.2974440050905679
refined,100000,0.5,254.82967479793464,0.07519156584167735,0.1955812573552386,0.024999950000116702,0.270772823196916,0.29577277319703266
refined,100000,0.5,263.02679918953817,0.07362763315448577,0.194048473439407,0.024999950000116702,0.2676761065938928,0.29267605659400947
refined,100000,0.5,273.8419634264361,0.07167420341414643,0.19210418318970246,0.024999950000116702,0.2637783866038489,0.28877833660396557
refined,100000,0.5,276.128422051113,0.07127601110659872,0.19170367670919675,0.024999950000116702,0.26297968781579545,0.2879796378159122
refined,100000,0.5,289.88264959835425,0.06898180740196354,0.1893677336333172,0.024999950000116702,0.25834954103528074,0.2833494910353974
refined,100000,0.5,294.2727176209282,0.0682845535284752,0.18864801505314127,0.024999950000116702,0.2569325685816165,0.2819325185817332
refined,100000,0.5,304.32198871077225,0.06674523971751171,0.1870423222615325,0.024999950000116702,0.25378756197904423,0.2787875119791609
refined,100000,0.5,316.22776601683796,0.06501832926747449,0.18521274549576652,0.024999950000116702,0.250231074763241,0.2752310247633577
refined,100000,0.5,319.4805654674313,0.06456378560543369,0.1847260891348257,0.024999950000116702,0.24928987474025938,0.2742898247403761
refined,100000,0.5,335.394205800866,0.062437085121389936,0.18242000843755732,0.024999950000116702,0.24485709355894725,0.2698570435590639
refined,100000,0.5,352.1005201684521,0.06036333179440299,0.1801234087622934,0.024999950000116702,0.2404867405566964,0.26548669055681307
refined,100000,0.5,369.6389924413366,0.058341583955761854,0.17783654523626177,0.024999950000116702,0.23617812919202363,0.2611780791921403
refined,100000,0.5,388.0510732210183,0.05637074929805435,0.1755594504962527,0.024999950000116702,0.23193019979430707,0.25693014979442375
refined,100000,0.5,407.380277804113,0.054449301251728616,0.17329164121442925,0.024999950000116702,0.22774094246615786,0.25274089246627457
refined,100000,0.5,427.67228902684343,0.052576859113434266,0.17103388024633084,0.024999950000116702,0.2236107393597651,0.24861068935988181
refined,100000,0.5,448.97506523231453,0.050751309334820936,0.1687849226160474,0.024999950000116702,0.21953623195086835,0.24453618195098503
refined,100000,0.5,471.3389536157405,0.048972979304494665,0.16654629136766902,0.024999950000116702,0.2155192706721637,0.24051922067228038
refined,100000,0.5,494.8168092155145,0.04723916770669358,0.16431595335008548,0.024999950000116702,0.21155512105677904,0.23655507105689577
refined,100000,0.5,519.4641198313342,0.045550905328716924,0.1620962251182313,0.024999950000116702,0.2076471304469482,0.23264708044706492
refined,100000,0.5,545.3391371646278,0.04390490379886873,0.15988425600898462,0.024999950000116702,0.20378915980785334,0.22878910980797007
refined,100000,0.5,572.5030144912078,0.0423028911766429,0.15768319224923036,0.024999950000116702,0.19998608342587326,0.22498603342598994
refined,100000,0.5,601.0199511915373,0.040740994477258055,0.155489334119703,0.024999950000116702,0.19623032859696105,0.22123027859707778
refined,100000,0.5,630.9573444801937,0.03922163119610181,0.153306695918407,0.024999950000116702,0.19252832711450882,0.21752827711462552
refined,100000,1.5,0.1,2.8100559209520544,0.042091255993290645,0.024999950000116702,2.852147176945345,2.8771471269454616
refined,100000,1.5,0.10498109808656175,2.7976541351154047,0.04406338987151023,0.024999950000116702,2.841717524986915,2.8667174749870314
refined,100000,1.5,0.11021030955460301,2.78476073385797,0.0461220486605352,0.024999950000116702,2.830882782518505,2.8558827325186216
refined,100000,1.5,0.11569999317502112,2.7713205736832824,0.04827001871848376,0.024999950000116702,2.819590592401766,2.8445905424018827
refined,100000,1.5,0.12146312332121417,2.757346912028772,0.05051087516848645,0.024999950000116702,2.8078577871972588,2.8328577371973753
refined,100000,1.5,0.1275133206328453,2.74280499419961,0.052847717938418984,0.024999950000116702,2.795652712138029,2.8206526621381456
refined,100000,1.5,0.13386488420699932,2.727686444128129,0.05528399896584788,0.024999950000116702,2.7829704430939772,2.807970393094094
refined,100000,1.5,0.14053282539281228,2.7119803221458985,0.057823199948908804,0.024999950000116702,2.7698035220948074,2.794803472094924
refined,100000,1.5,0.14753290326944482,2.6956536958226187,0.06046852604542855,0.024999950000116702,2.7561222218680475,2.781122171868164
refined,100000,1.5,0.1548816618912481,2.678723050520371,0.06322392770642038,0.024999950000116702,2.7419469782267916,2.766946928226908
refined,100000,1.5,0.16259646938814815,2.6611279300895943,0.06609220641899013,0.024999950000116702,2.7272201365085844,2.752220086508701
refined,100000,1.5,0.17069555901365815,2.6429159816066683,0.06907789161789514,0.024999950000116702,2.7119938732245634,2.73699382322468
refined,100000,1.5,0.1791980722375334,2.6239962864085493,0.07218318504363128,0.024999950000116702,2.6961794714521807,2.7211794214522973
refined,100000,1.5,0.18812410398491272,2.6044514384197837,0.07541333378813374,0.024999950000116702,2.6798647722079174,2.704864722208034
refined,100000,1.5,0.19749475012886664,2.584157238034242,0.07876969827965194,0.024999950000116702,2.6629269363138937,2.68792688631401
refined,100000,1.5,0.2073321573485955,2.5632349570739,0.08225841630494302,0.024999950000116702,2.645493373378843,2.6704933233789596
refined,100000,1.5,0.2176595754711136,2.541524528816645,0.08587971339516902,0.024999950000116702,2.627404242211814,2.6524041922119306
refined,100000,1.5,0.2285014124201237,2.519188375963056,0.08964080584021492,0.024999950000116702,2.6088291818032707,2.6338291318033873
refined,100000,1.5,0.23988329190194904,2.4960315662601977,0.09354051076178047,0.024999950000116702,2.589572077021978,2.6145720270220947
refined,100000,1.5,0.25183211396485844,2.4722407948312193,0.09758683886389029,0.024999950000116702,2.5698276336951094,2.594827583695226
refined,100000,1.5,0.26437611857491,2.4476362146383916,0.10177821133109342,0.024999950000116702,2.549414425969485,2.5744143759696017
refined,100000,1.5,0.277544952358571,2.42237965711638,0.10612218713185127,0.024999950000116702,2.528501844248231,2.553501794248348
refined,100000,1.5,0.29136973866985255,2.3963258902499187,0.11061725584230894,0.024999950000116702,2.506943146092228,2.5319430960923444
refined,100000,1.5,0.30588315114755654,2.369609217256352,0.11527023024407079,0.024999950000116702,2.4848794475004228,2.5098793975005393
refined,100000,1.5,0.3211194909364823,2.3421228101622287,0.12007984703388874,0.024999950000116702,2.4622026571961175,2.487202607196234
refined,100000,1.5,0.33711476775509625,2.313971197053865,0.12505182060823927,0.024999950000116702,2.439023017662104,2.4640229676622205
refined,100000,1.5,0.35390678500126244,2.2850891868352705,0.13018537187944992,0.024999950000116702,2.4152745587147204,2.440274508714837
refined,100000,1.5,0.37153522909717257,2.2555498592430396,0.1354847044421673,0.024999950000116702,2.391034563685207,2.4160345136853234
refined,100000,1.5,0.39004176328463463,2.2253320960450247,0.14094982737231493,0.024999950000116702,2.36628192341734,2.3912818734174563
refined,100000,1.5,0.4094701260923973,2.194476590341632,0.1465829609022863,0.024999950000116702,2.341059551243918,2.3660595012440346
refined,100000,1.5,0.42986623470822766,2.1630076786065104,0.15238528029964005,0.024999950000116702,2.3153929589061506,2.340392908906267
refined,100000,1.5,0.45127829350005433,2.1309336198482844,0.15835649326392842,0.024999950000116702,2.2892901131122128,2.3142900631123293
refined,100000,1.5,0.473756907942654,2.0983242739516927,0.16449939820447954,0.024999950000116702,2.262823672156172,2.2878236221562886
refined,100000,1.5,0.49735520421913965,2.0651564457972595,0.17081061244644274,0.024999950000116702,2.2359670582437023,2.260967008243819
refined,100000,1.5,0.5221289547799146,2.0315440347579115,0.17729509449692424,0.024999950000116702,2.2088391292548355,2.233839079254952
refined,100000,1.5,0.5481367101558418,1.997434498966036,0.18394575801428287,0.024999950000116702,2.1813802569803187,2.2063802069804357
refined,100000,1.5,0.5754399373371569,1.9629825483835757,0.19077033433226273,0.024999950000116702,2.1537528827158385,2.178752832715955
refined,100000,1.5,0.6041031650451701,1.9281095727918633,0.19775740385169596,0.024999950000116702,2.125866976643559,2.150866926643676
refined,100000,1.5,0.6341941362400942,1.8930060069355052,0.20491814807433642,0.024999950000116702,2.0979241550098418,2.1229241050099583
refined,100000,1.5,0.6657839682254364,1.8575715881800785,0.21223619356769904,0.024999950000116702,2.0698077817477776,2.094807731747894
refined,100000,1.5,0.6989473207273484,1.8220255384474677,0.21972689442563886,0.024999950000116702,2.0417524328731065,2.0667523828732235
refined,100000,1.5,0.7337625723461731,1.786251366746864,0.2273683428675915,0.024999950000116702,2.0136197096144555,2.0386196596145725
refined,100000,1.5,0.7703120057972147,1.7504756994445376,0.23517898417234065,0.024999950000116702,1.9856546836168782,2.010654633616995
refined,100000,1.5,0.8086820023785352,1.714610264595244,0.2431363313843621,0.024999950000116702,1.957746595979606,1.9827465459797229
refined,100000,1.5,0.8489632461253815,1.67884285075193,0.25125671140397,0.024999950000116702,1.9300995621558998,1.9550995121560168
refined,100000,1.5,0.8912509381337457,1.6431267764937003,0.2595198841625366,0.024999950000116702,1.9026466606562369,1.9276466106563537
refined,100000,1.5,0.9356450215595893,1.6076099164897535,0.2679390445401591,0.024999950000116702,1.8755489610299125,1.9005489110300293
refined,100000,1.5,0.9822504178255043,1.572280550486962,0.27649721356679335,0.024999950000116702,1.8487777640537553,1.873777714053872
refined,100000,1.5,1.0311772745930554,1.5372282390325702,0.28484493971041025,0.024999950000116702,1.8220731787429805,1.8470731287430973
refined,100000,1.5,1.0825412260868696,1.502402787201383,0.29189935543491285,0.024999950000116702,1.7943021426362957,1.8193020926364127
refined,100000,1.5,1.1364636663857248,1.4678874902844465,0.29762905120766187,0.024999950000116702,1.7655165414921083,1.7905164914922251
refined,100000,1.5,1.1930720363265337,1.4337166132025194,0.3020265336537282,0.024999950000116702,1.7357431468562476,1.7607430968563644
refined,100000,1.5,1.252500124699298,1.3999561726164098,0.30519729502952203,0.024999950000116702,1.705153467645932,1.7301534176460487
refined,100000,1.5,1.314888384444878,1.3666508021426733,0.30719932573253206,0.024999950000116702,1.6738501278752054,1.6988500778753222
refined,100000,1.5,1.3803842646028852,1.3338429546416692,0.30809749713334295,0.024999950000116702,1.6419404517750122,1.666940401775129
refined,100000,1.5,1.449142558794219,1.3015786124316362,0.30799773667079383,0.024999950000116702,1.60957634910243,1.6345762991025468
refined,100000,1.5,1.5213257710618697,1.2698820167337181,0.3069347466180671,0.024999950000116702,1.5768167633517853,1.601816713351902
refined,100000,1.5,1.5971044999346033,1.2387933231818735,0.3050471995909391,0.024999950000116702,1.5438405227728127,1.5688404727729295
refined,100000,1.5,1.6766578416212374,1.2083232922061473,0.3023473035934372,0.024999950000116702,1.5106705957995845,1.5356705457997013
refined,100000,1.5,1.7601738132884204,1.178501503090642,0.29899287370808497,0.024999950000116702,1.477494376798727,1.5024943267988438
refined,100000,1.5,1.8478497974222907,1.1493291159825783,0.29497950800129846,0.024999950000116702,1.4443086239838767,1.4693085739839935
refined,100000,1.5,1.9398930083242285,1.1208230487147082,0.29047210111527516,0.024999950000116702,1.4112951498299833,1.4362950998301
refined,100000,1.5,2.036520981843212,1.0929778089892732,0.28545428544977763,0.024999950000116702,1.378432094439051,1.4034320444391677
refined,100000,1.5,2.1379620895022327,1.0657980632054167,0.2800878513329513,0.024999950000116702,1.345885914538368,1.3708858645384847
refined,100000,1.5,2.244456078233844,1.0392737466749529,0.2743481639191584,0.024999950000116702,1.3136219105941112,1.3386218605942282
refined,100000,1.5,2.3562546370004687,1.0133995297441676,0.2683811524401988,0.024999950000116702,1.2817806821843662,1.3067806321844833
refined,100000,1.5,2.473621991638621,0.9881624383469633,0.26217153980573626,0.024999950000116702,1.2503339781526996,1.2753339281528162
refined,100000,1.5,2.5968355293329033,0.9635504136129442,0.255830367498798,0.024999950000116702,1.2193807811117423,1.2443807311118589
refined,100000,1.5,2.7261864541956613,0.9395483170373132,0.24935621654030848,0.024999950000116702,1.1889045335776216,1.2139044835777384
refined,100000,1.5,2.861980475501707,0.9161411424901246,0.24282742087937026,0.024999950000116702,1.1589685633694948,1.1839685133696114
refined,100000,1.5,3.004538530204693,0.8933125427151667,0.23625107630110295,0.024999950000116702,1.1295636190162697,1.1545635690163862
refined,100000,1.5,3.1541975414427297,0.8710470215320423,0.22968013286703146,0.024999950000116702,1.1007271543990738,1.1257271043991903
refined,100000,1.5,3.311311214825911,0.8493283061083658,0.22312537516298847,0.024999950000116702,1.0724536812713543,1.0974536312714709
refined,100000,1.5,3.476250874387709,0.8281416273724288,0.21662073258372302,0.024999950000116702,1.0447623599561517,1.0697623099562685
refined,100000,1.5,3.649406340175921,0.8074718774961598,0.21017791301552552,0.024999950000116702,1.0176497905116852,1.042649740511802
refined,100000,1.5,3.831186849557289,0.787305378241027,0.20381707534487994,0.024999950000116702,0.9911224535859069,1.0161224035860237
refined,100000,1.5,4.022022024413192,0.7676287762150904,0.19754955495481763,0.024999950000116702,0.965178331169908,0.9901782811700247
refined,100000,1.5,4.22236288651233,0.7484293587766039,0.19138584565465194,0.024999950000116702,0.9398152044312558,0.9648151544313726
refined,100000,1.5,4.432682923460089,0.729695601208187,0.1853364724329762,0.024999950000116702,0.9150320736411632,0.9400320236412799
refined,100000,1.5,4.653479207743908,0.7114154327555866,0.17940531217150316,0.024999950000116702,0.8908207449270897,0.9158206949272064
refined,100000,1.5,4.885273571519389,0.6935788989854275,0.17360200956905572,0.024999950000116702,0.8671809085544832,0.8921808585545998
refined,100000,1.5,5.1286138399136485,0.6761742406645078,0.16792598835832168,0.024999950000116702,0.8441002290228294,0.8691001790229462
refined,100000,1.5,5.384075125760731,0.659192720915999,0.16238601775827508,0.024999950000116702,0.8215787386742741,0.8465786886743908
refined,100000,1.5,5.652261188829045,0.6426226497078842,0.15697855768908967,0.024999950000116702,0.7996012073969738,0.8246011573970905
refined,100000,1.5,5.933805862753281,0.626456237067456,0.15171147437497043,0.024999950000116702,0.7781677114424265,0.8031676614425431
refined,100000,1.5,6.229374553043173,0.6106817268468103,0.14657927981879498,0.024999950000116702,0.7572610066656054,0.7822609566657219
refined,100000,1.5,6.539665809709571,0.5952921517752802,0.14158888680639742,0.024999950000116702,0.7368810385816775,0.7618809885817943
refined,100000,1.5,6.865412978224548,0.5802756357751014,0.13673356312461424,0.024999950000116702,0.7170091988997157,0.7420091488998324
refined,100000,1.5,7.207385932717452,0.5656258741242588,0.13201893694786732,0.024999950000116702,0.6976448110721261,0.7226447610722428
refined,100000,1.5,7.566392895503165,0.5513313212959124,0.1274384413155771,0.024999950000116702,0.6787697626114896,0.7037697126116063
refined,100000,1.5,7.943282347242818,0.537385818233186,0.12299547934036635,0.024999950000116702,0.6603812975735524,0.685381247573669
refined,100000,1.5,8.338945032251527,0.5237786052034358,0.1186844785622081,0.024999950000116702,0.6424630837656439,0.6674630337657605
refined,100000,1.5,8.754316063692443,0.5105034067508963,0.11450665725696611,0.024999950000116702,0.6250100640078624,0.6500100140079791
refined,100000,1.5,9.190377133632595,0.497550353991308,0.11045735726968953,0.024999950000116702,0.6080077112609975,0.6330076612611142
refined,100000,1.5,9.648158833183777,0.4849130599785801,0.10653620205984107,0.024999950000116702,0.5914492620384212,0.6164492120385379
refined,100000,1.5,10.128743088211932,0.47258254672596184,0.1027392188487464,0.024999950000116702,0.5753217655747083,0.6003217155748249
refined,100000,1.5,10.633265716371616,0.4605522993063106,0.09906489004622673,0.024999950000116702,0.5596171893525373,0.584617139352654
refined,100000,1.5,11.162919111508824,0.44881422454192954,0.09550976221587659,0.024999950000116702,0.5443239867578061,0.5693239367579228
refined,100000,1.5,11.718955061776631,0.4373616545527982,0.0920715212873465,0.024999950000116702,0.5294331758401447,0.5544331258402614
refined,100000,1.5,12.30268770812381,0.42618737284891967,0.08874711165223914,0.024999950000116702,0.5149344845011588,0.5399344345012755
refined,100000,1.5,12.91549665014884,0.4152845323674136,0.08553368253480717,0.024999950000116702,0.5008182149022208,0.5258181649023375
refined,100000,1.5,13.558830206659357,0.40464678597542647,0.0824284875215556,0.024999950000116702,0.4870752734969821,0.5120752234970988
refined,100000,1.5,14.234208838643415,0.39426708216203404,0.07942833408250302,0.024999950000116702,0.47369541624453704,0.4986953662446537
refined,100000,1.5,14.943228742742294,0.3841399369577427,0.07653072127068784,0.024999950000116702,0.4606706582284305,0.4856706082285472
refined,100000,1.5,15.687565623717566,0.37425807015820106,0.07373226014885037,0.024999950000116702,0.44799033030705143,0.4729902803071681
refined,100000,1.5,16.46897865482869,0.36461685522363957,0.0710306502419767,0.024999950000116702,0.43564750546561626,0.46064745546573294
refined,100000,1.5,17.289314635480615,0.3552087598271532,0.0684224133427085,0.024999950000116702,0.4236311731698617,0.4486311231699784
refined,100000,1.5,17.78279410038923,0.34986705634811827,0.06695423888549394,0.024999950000116702,0.4168212952336122,0.4418212452337289
refined,100000,1.5,18.15051235596819,0.34603000908484144,0.06590541826840764,0.024999950000116702,0.41193542735324906,0.43693537735336574
refined,100000,1.5,19.054607179632484,0.3370727959793829,0.06347617516685455,0.024999950000116702,0.40054897114623744,0.4255489211463541
refined,100000,1.5,19.109529749704404,0.33654933754072236,0.0633350533638739,0.024999950000116702,0.39988439090459627,0.42488434090471294
refined,100000,1.5,20.003735853259002,0.3283341913560527,0.06113270100107439,0.024999950000116702,0.38946689235712706,0.41446684235724374
refined,100000,1.5,20.53525026457146,0.3237074577133976,0.059902746127559664,0.024999950000116702,0.38361020384095723,0.4086101538410739
refined,100000,1.5,21.000141557086565,0.3198060919494083,0.05887154916988617,0.024999950000116702,0.3786776411192945,0.40367759111941115
refined,100000,1.5,22.04617920636185,0.311486280718119,0.056690842047087596,0.024999950000116702,0.3681771227652066,0.39317707276532327
refined,100000,1.5,22.0673406908459,0.3113240139291992,0.05664856606546744,0.024999950000116702,0.3679725799946666,0.39297252999478327
refined,100000,1.5,23.144321016969926,0.303366720467346,0.05458730018142367,0.024999950000116702,0.35795402064876963,0.3829539706488863
refined,100000,1.5,23.71373705661655,0.2993815499974074,0.053563913730416635,0.024999950000116702,0.35294546372782404,0.3779454137279407
refined,100000,1.5,24.29716234829391,0.2954453620959191,0.052559033846432034,0.024999950000116702,0.3480043959423511,0.3730043459424678
refined,100000,1.5,25.482967479793466,0.28786553197686277,0.05064096473005123,0.024999950000116702,0.338506496706914,0.3635064467070307
refined,100000,1.5,25.507427837113593,0.2877148087607963,0.05060305067655378,0.024999950000116702,0.3383178594373501,0.3633178094374668
refined,100000,1.5,26.777977837039188,0.2801727036996979,0.04871738955767738,0.024999950000116702,0.3288900932573753,0.35389004325749196
refined,100000,1.5,27.384196342643612,0.27676068333484527,0.047871851164369976,0.024999950000116702,0.32463253449921525,0.34963248449933193
refined,100000,1.5,28.11181517869986,0.2728124381133116,0.04689934325134425,0.024999950000116702,0.31971178136465583,0.3447117313647725
refined,100000,1.5,29.42727176209282,0.2660518970050349,0.04524894067502814,0.024999950000116702,0.31130083768006306,0.33630078768017974
refined,100000,1.5,29.51209226666387,0.2656313277230132,0.04514692401796151,0.024999950000116702,0.3107782517409747,0.33577820174109135
refined,100000,1.5,30.982118529862987,0.2586235479249588,0.04345767645518092,0.024999950000116702,0.30208122438013973,0.3270811743802564
refined,100000,1.5,31.622776601683793,0.25572408590903983,0.042764843336874456,0.024999950000116702,0.2984889292459143,0.323488879246031
refined,100000,1.5,32.5253682431303,0.2517860681772173,0.041829618408416716,0.024999950000116702,0.29361568658563403,0.3186156365857507
refined,100000,1.5,33.982083289425596,0.24576487852797343,0.04041277887228773,0.024999950000116702,0.2861776574002612,0.31117760740037786
refined,100000,1.5,34.145488738336006,0.24511384424599789,0.040260519822980345,0.024999950000116702,0.2853743640689782,0.31037431406909494
refined,100000,1.5,35.84630902452844,0.23860348163382097,0.03874842659144327,0.024999950000116702,0.27735190822526423,0.30235185822538097
refined,100000,1.5,36.51741272548377,0.2361611087332873,0.03818605179285681,0.024999950000116702,0.2743471605261441,0.29934711052626084
refined,100000,1.5,37.63184883745225,0.23225071270898,0.03729131282271091,0.024999950000116702,0.26954202553169093,0.2945419755318076
refined,100000,1.5,39.24189758484536,0.22689963672901525,0.03607820775496053,0.024999950000116702,0.26297784448397576,0.28797779448409244
refined,100000,1.5,39.50632813983238,0.22605176231515714,0.03588726739284951,0.024999950000116702,0.26193902970800664,0.2869389797081234
refined,100000,1.5,41.47417709487639,0.22000313574826372,0.03453445151988367,0.024999950000116702,0.2545375872681474,0.2795375372682641
refined,100000,1.5,42.169650342858226,0.2179674353429708,0.03408305224902297,0.024999950000116702,0.2520504875919938,0.27705043759211045
refined,100000,1.5,43.540046536566486,0.21410066140769454,0.033231006234222794,0.024999950000116702,0.24733166764191733,0.27233161764203406
refined,100000,1.5,45.31583637600818,0.20935398572005318,0.03219488779305091,0.024999950000116702,0.24154887351310408,0.2665488235132208
refined,100000,1.5,45.708818961487516,0.20834161397021825,0.031975266017360365,0.024999950000116702,0.2403168799875786,0.26531682998769535
refined,100000,1.5,47.98562006816812,0.2027214104518321,0.030765428851514228,0.024999950000116702,0.23348683930334632,0.258486789303463
refined,100000,1.5,48.69675251658631,0.20104793906105928,0.030408142224477165,0.024999950000116702,0.23145608128553644,0.25645603128565314
refined,100000,1.5,50.37583087120846,0.19723809152120825,0.02959999112383221,0.024999950000116702,0.22683808264504046,0.25183803264515714
refined,100000,1.5,52.32991146814947,0.19303783939659466,0.028717460681081275,0.024999950000116702,0.22175530007767594,0.24675525007779264
refined,100000,1.5,52.88510041882383,0.19188664864972302,0.02847720929088497,0.024999950000116702,0.22036385794060798,0.24536380794072468
refined,100000,1.5,55.5193591438621,0.18666588529128664,0.027395732211804778,0.024999950000116702,0.2140616175030914,0.23906156750320812
refined,100000,1.5,56.23413251903491,0.18531245312013844,0.027117734651869677,0.024999950000116702,0.21243018777200812,0.23743013777212482
refined,100000,1.5,58.28483287984838,0.18157035392630866,0.026353873929238415,0.024999950000116702,0.20792422785554707,0.23292417785566377
refined,100000,1.5,60.42963902381328,0.17786284846171577,0.025604269991490694,0.024999950000116702,0.20346711845320647,0.22846706845332315
refined,100000,1.5,61.18805757518219,0.17659961778741948,0.025350427825146047,0.024999950000116702,0.20195004561256552,0.22694999561268223
refined,100000,1.5,64.23589474026393,0.17174777757669343,0.024383762906114975,0.024999950000116702,0.1961315404828084,0.2211314904829251
refined,100000,1.5,64.93816315762113,0.17067924272429752,0.024172496370567165,0.024999950000116702,0.1948517390948647,0.2198516890949814
refined,100000,1.5,67.435547664057,0.1670150622753963,0.023452802860889285,0.024999950000116702,0.1904678651362856,0.21546781513640229
refined,100000,1.5,69.78305848598663,0.1637516209281316,0.02281802470965403,0.024999950000116702,0.18656964563778564,0.21156959563790234
refined,100000,1.5,70.79457843841381,0.16239538233408862,0.02255599006108952,0.024999950000116702,0.18495137239517814,0.20995132239529485
refined,100000,1.5,74.32092583039913,0.15788914529753667,0.021692334018912966,0.024999950000116702,0.17958147931644963,0.20458142931656634
refined,100000,1.5,74.98942093324558,0.15707031522071166,0.021536688877017377,0.024999950000116702,0.17860700409772903,0.20360695409784574
refined,100000,1.5,78.02292404485208,0.15349078369586974,0.020860402234657488,0.024999950000116702,0.17435118593052723,0.19935113593064394
refined,100000,1.5,80.58421877614818,0.15062775435213735,0.02032467223599216,0.024999950000116702,0.1709524265881295,0.1959523765882462
refined,100000,1.5,81.90932242152977,0.14920024618226507,0.02005923652142,0.024999950000116702,0.16925948270368507,0.19425943270380178
refined,100000,1.5,85.98930611338423,0.14501269435014044,0.019287538600951816,0.024999950000116702,0.16430023295109225,0.18930018295120896
refined,100000,1.5,86.59643233600653,0.14441550728099978,0.01917826252288214,0.024999950000116702,0.1635937698038819,0.1885937198039986
refined,100000,1.5,90.27251779484578,0.14092760634629464,0.01854438036779961,0.024999950000116702,0.15947198671409424,0.18447193671421097
refined,100000,1.5,93.0572040929699,0.1384247926886298,0.01809388955645214,0.024999950000116702,0.15651868224508195,0.18151863224519865
refined,100000,1.5,94.76908045141592,0.13694087155101675,0.017828590548842754,0.024999950000116702,0.1547694620998595,0.1797694120999762
refined,100000,1.5,99.4896213044336,0.13305148651760876,0.017139268108753297,0.024999950000116702,0.15019075462636206,0.17519070462647876
refined,100000,1.5,100.0,0.13264731447727593,0.017068182563462465,0.024999950000116702,0.1497154970407384,0.1747154470408551
refined,100000,1.5,104.44529692755633,0.12925606729724506,0.016475362506163767,0.024999950000116702,0.14573142980340884,0.17073137980352554
refined,100000,1.5,107.46078283213176,0.12707666900186582,0.016098066664969567,0.024999950000116702,0.1431747356668354,0.1681746856669521
refined,100000,1.5,109.64781961431851,0.12555311826568777,0.015835996244773037,0.024999950000116702,0.1413891145104608,0.1663890645105775
refined,100000,1.5,115.10948505908407,0.12193998117538916,0.015220234002917263,0.024999950000116702,0.13716021517830643,0.16216016517842313
refined,100000,1.5,115.47819846894582,0.1217055942585074,0.015180546368480218,0.024999950000116702,0.13688614062698762,0.1618860906271043
refined,100000,1.5,120.84320141681312,0.11841465812953626,0.014627217982869985,0.024999950000116702,0.13304187611240625,0.15804182611252293
refined,100000,1.5,124.09377607517196,0.11652636601843905,0.014312730577138607,0.024999950000116702,0.13083909659557766,0.15583904659569436
refined,100000,1.5,126.86251981032602,0.1149752157354657,0.014056123187570022,0.024999950000116702,0.12903133892303573,0.1540312889231524
refined,100000,1.5,133.1816663571621,0.11161914421465702,0.013506107529374306,0.024999950000116702,0.12512525174403133,0.15012520174414803
refined,100000,1.5,133.3521432163324,0.1115318952962061,0.013491908060568835,0.024999950000116702,0.12502380335677493,0.1500237533568916
refined,100000,1.5,139.81557579172983,0.1083452342733549,0.012976451942010974,0.024999950000116702,0.12132168621536588,0.14632163621548258
refined,100000,1.5,143.30125702369628,0.1067167818808698,0.012715617650376428,0.024999950000116702,0.11943239953124624,0.14443234953136294
refined,100000,1.5,146.77992676220705,0.10515045513644088,0.012466326033902578,0.024999950000116702,0.11761678117034345,0.14261673117046014
refined,100000,1.5,153.9926526059492,0.10207477758014465,0.011981453108529575,0.024999950000116702,0.11405623068867422,0.13905618068879091
refined,100000,1.5,154.09117888561602,0.10203432090046428,0.011975112683459486,0.024999950000116702,0.11400943358392376,0.13900938358404047
refined,100000,1.5,161.76661164864794,0.09899327119339069,0.011501989247749589,0.024999950000116702,0.11049526044114028,0.13549521044125698
refined,100000,1.5,165.48170999431815,0.09759906533730706,0.011287078502151522,0.024999950000116702,0.10888614383945858,0.13388609383957528
refined,100000,1.5,169.82436524617444,0.09602754278683781,0.011046436895060052,0.024999950000116702,0.10707397968189786,0.13207392968201456
refined,100000,1.5,177.82794100389228,0.09328362398111878,0.010630323521765503,0.024999950000116702,0.10391394750288428,0.12891389750300097
refined,100000,1.5,178.28348345396734,0.09313303765906789,0.010607636918820272,0.024999950000116702,0.10374067457788816,0.12874062457800486
refined,100000,1.5,187.16395863694845,0.09031071446910503,0.0101851653909287,0.024999950000116702,0.10049587986003373,0.12549582986015043
refined,100000,1.5,191.09529749704404,0.08912391702368871,0.010009227819519084,0.024999950000116702,0.0991331448432078,0.1241330948433245
refined,100000,1.5,196.4867789993468,0.08755593008655665,0.00977820391440771,0.024999950000116702,0.09733413400096437,0.12233408400108108
refined,100000,1.5,205.3525026457146,0.08511457839474086,0.009421864676100577,0.024999950000116702,0.09453644307084144,0.11953639307095815
refined,100000,1.5,206.27397818843016,0.08487031616331261,0.0093864167561884,0.024999950000116702,0.09425673291950101,0.11925668291961772
refined,100000,1.5,216.54868736904876,0.08224882152344663,0.009008993041391916,0.024999950000116702,0.09125781456483854,0.11625776456495525
refined,100000,1.5,220.673406908459,0.08124957152164673,0.00886634789310909,0.024999950000116702,0.09011591941475583,0.11511586941487253
refined,100000,1.5,227.33518989206314,0.07969333689295625,0.008645651801088672,0.024999950000116702,0.08833898869404493,0.11333893869416163
refined,100000,1.5,237.13737056616552,0.07752382548370147,0.008340947816667511,0.024999950000116702,0.08586477330036899,0.11086472330048569
refined,100000,1.5,238.65897868585807,0.07719925153875966,0.00829564951872611,0.024999950000116702,0.08549490105748576,0.11049485105760247
refined,100000,1.5,250.5468165065873,0.07476790578055216,0.007958697622352783,0.024999950000116702,0.08272660340290494,0.10772655340302165
refined,100000,1.5,254.82967479793464,0.07393354854489191,0.007844109045956324,0.024999950000116702,0.08177765759084824,0.10677760759096494
refined,100000,1.5,263.02679918953817,0.07239539696574764,0.00763413704712642,0.024999950000116702,0.08002953401287405,0.10502948401299075
refined,100000,1.5,273.8419634264361,0.07047414523750108,0.007374292508521628,0.024999950000116702,0.07784843774602271,0.10284838774613941
refined,100000,1.5,276.128422051113,0.07008250794301284,0.007321668676821226,0.024999950000116702,0.07740417661983406,0.10240412661995077
refined,100000,1.5,289.88264959835425,0.06782604426596561,0.007020715413890839,0.024999950000116702,0.07484675967985645,0.09984670967997315
refined,100000,1.5,294.2727176209282,0.06714025318537319,0.006929974196844405,0.024999950000116702,0.0740702273822176,0.0990701773823343
refined,100000,1.5,304.32198871077225,0.06562622491217078,0.0067309648717338326,0.024999950000116702,0.07235718978390461,0.09735713978402132
refined,100000,1.5,316.22776601683796,0.0639276525157288,0.006509781987609036,0.024999950000116702,0.07043743450333784,0.09543738450345454
refined,100000,1.5,319.4805654674313,0.06348056342034097,0.006451919565691733,0.024999950000116702,0.0699324829860327,0.09493243298614941
refined,100000,1.5,335.394205800866,0.06138870925816296,0.006183251343995695,0.024999950000116702,0.06757196060215866,0.09257191060227536
refined,100000,1.5,352.1005201684521,0.05934888325198936,0.005924540078592497,0.024999950000116702,0.06527342333058185,0.09027337333069856
refined,100000,1.5,369.6389924413366,0.057360160596445546,0.005675439600699394,0.024999950000116702,0.06303560019714494,0.08803555019726164
refined,100000,1.5,388.0510732210183,0.055421468083115225,0.005435604952289641,0.024999950000116702,0.060857073035404864,0.08585702303552158
refined,100000,1.5,407.380277804113,0.05353130287897283,0.00520466994718593,0.024999950000116702,0.05873597282615876,0.08373592282627547
refined,100000,1.5,427.67228902684343,0.05168929562432406,0.004982362654556892,0.024999950000116702,0.05667165827888095,0.08167160827899766
refined,100000,1.5,448.97506523231453,0.04989336286518697,0.004768295128450164,0.024999950000116702,0.05466165799363713,0.07966160799375382
refined,100000,1.5,471.3389536157405,0.04814383598888645,0.00456226634185535,0.024999950000116702,0.0527061023307418,0.07770605233085849
refined,100000,1.5,494.8168092155145,0.04643804966170415,0.004363865110103536,0.024999950000116702,0.05080191477180769,0.07580186477192438
refined,100000,1.5,519.4641198313342,0.04477703171675946,0.004172959182816675,0.024999950000116702,0.048949990899576135,0.07394994089969284
refined,100000,1.5,545.3391371646278,0.043157535210788626,0.003989112926139747,0.024999950000116702,0.04714664813692837,0.07214659813704508
refined,100000,1.5,572.5030144912078,0.041581278683322696,0.0038122607125612743,0.024999950000116702,0.04539353939588397,0.07039348939600067
refined,100000,1.5,601.0199511915373,0.040044435596708707,0.003641941522189444,0.024999950000116702,0.043686377118898154,0.06868632711901484
refined,100000,1.5,630.9573444801937,0.03854940775567164,0.0034781541473902482,0.024999950000116702,0.04202756190306189,0.06702751190317859
refined,100000,2.5,0.1,2.8100559209520544,0.042091255993290645,0.024999950000116702,2.852147176945345,2.8771471269454616
refined,100000,2.5,0.10498109808656175,2.7976541351154047,0.04406338987151023,0.024999950000116702,2.841717524986915,2.8667174749870314
refined,100000,2.5,0.11021030955460301,2.78476073385797,0.0461220486605352,0.024999950000116702,2.830882782518505,2.8558827325186216
refined,100000,2.5,0.11569999317502112,2.7713205736832824,0.04827001871848376,0.024999950000116702,2.819590592401766,2.8445905424018827
refined,100000,2.5,0.12146312332121417,2.757346912028772,0.05051087516848645,0.024999950000116702,2.8078577871972588,2.8328577371973753
refined,100000,2.5,0.1275133206328453,2.74280499419961,0.052847717938418984,0.024999950000116702,2.795652712138029,2.8206526621381456
refined,100000,2.5,0.13386488420699932,2.727686444128129,0.05528399896584788,0.024999950000116702,2.7829704430939772,2.807970393094094
refined,100000,2.5,0.14053282539281228,2.7119803221458985,0.057823199948908804,0.024999950000116702,2.7698035220948074,2.794803472094924
refined,100000,2.5,0.14753290326944482,2.6956536958226187,0.06046852604542855,0.024999950000116702,2.7561222218680475,2.781122171868164
refined,100000,2.5,0.1548816618912481,2.678723050520371,0.06322392770642038,0.024999950000116702,2.7419469782267916,2.766946928226908
refined,100000,2.5,0.16259646938814815,2.6611279300895943,0.06609220641899013,0.024999950000116702,2.7272201365085844,2.752220086508701
refined,100000,2.5,0.17069555901365815,2.6429159816066683,0.06907789161789514,0.024999950000116702,2.7119938732245634,2.73699382322468
refined,100000,2.5,0.1791980722375334,2.6239962864085493,0.07218318504363128,0.024999950000116702,2.6961794714521807,2.7211794214522973
refined,100000,2.5,0.18812410398491272,2.6044514384197837,0.07541333378813374,0.024999950000116702,2.6798647722079174,2.704864722208034
refined,100000,2.5,0.19749475012886664,2.584157238034242,0.07876969827965194,0.024999950000116702,2.6629269363138937,2.68792688631401
refined,100000,2.5,0.2073321573485955,2.5632349570739,0.08225841630494302,0.024999950000116702,2.645493373378843,2.6704933233789596
refined,100000,2.5,0.2176595754711136,2.541524528816645,0.08587971339516902,0.024999950000116702,2.627404242211814,2.6524041922119306
refined,100000,2.5,0.2285014124201237,2.519188375963056,0.08964080584021492,0.024999950000116702,2.6088291818032707,2.6338291318033873
refined,100000,2.5,0.23988329190194904,2.4960315662601977,0.09354051076178047,0.024999950000116702,2.589572077021978,2.6145720270220947
refined,100000,2.5,0.25183211396485844,2.4722407948312193,0.09758683886389029,0.024999950000116702,2.5698276336951094,2.594827583695226
refined,100000,2.5,0.26437611857491,2.4476362146383916,0.10177821133109342,0.024999950000116702,2.549414425969485,2.5744143759696017
refined,100000,2.5,0.277544952358571,2.42237965711638,0.10612218713185127,0.024999950000116702,2.528501844248231,2.553501794248348
refined,100000,2.5,0.29136973866985255,2.3963258902499187,0.11061725584230894,0.024999950000116702,2.506943146092228,2.5319430960923444
refined,100000,2.5,0.30588315114755654,2.369609217256352,0.11527023024407079,0.024999950000116702,2.4848794475004228,2.5098793975005393
refined,100000,2.5,0.3211194909364823,2.3421228101622287,0.12007984703388874,0.024999950000116702,2.4622026571961175,2.487202607196234
refined,100000,2.5,0.33711476775509625,2.313971197053865,0.12505182060823927,0.024999950000116702,2.439023017662104,2.4640229676622205
refined,100000,2.5,0.35390678500126244,2.2850891868352705,0.13018537187944992,0.024999950000116702,2.4152745587147204,2.440274508714837
refined,100000,2.5,0.37153522909717257,2.2555498592430396,0.1354847044421673,0.024999950000116702,2.391034563685207,2.4160345136853234
refined,100000,2.5,0.39004176328463463,2.2253320960450247,0.14094982737231493,0.024999950000116702,2.36628192341734,2.3912818734174563
refined,100000,2.5,0.4094701260923973,2.194476590341632,0.1465829609022863,0.024999950000116702,2.341059551243918,2.3660595012440346
refined,100000,2.5,0.42986623470822766,2.1630076786065104,0.15238528029964005,0.024999950000116702,2.3153929589061506,2.340392908906267
refined,100000,2.5,0.45127829350005433,2.1309336198482844,0.15835649326392842,0.024999950000116702,2.2892901131122128,2.3142900631123293
refined,100000,2.5,0.473756907942654,2.0983242739516927,0.16449939820447954,0.024999950000116702,2.262823672156172,2.2878236221562886
refined,100000,2.5,0.49735520421913965,2.0651564457972595,0.17081061244644274,0.024999950000116702,2.2359670582437023,2.260967008243819
refined,100000,2.5,0.5221289547799146,2.0315440347579115,0.17729509449692424,0.024999950000116702,2.2088391292548355,2.233839079254952
refined,100000,2.5,0.5481367101558418,1.997434498966036,0.18394575801428287,0.024999950000116702,2.1813802569803187,2.2063802069804357
refined,100000,2.5,0.5754399373371569,1.9629825483835757,0.19077033433226273,0.024999950000116702,2.1537528827158385,2.178752832715955
refined,100000,2.5,0.6041031650451701,1.9281095727918633,0.19775740385169596,0.024999950000116702,2.125866976643559,2.150866926643676
refined,100000,2.5,0.6341941362400942,1.8930060069355052,0.20491814807433642,0.024999950000116702,2.0979241550098418,2.1229241050099583
refined,100000,2.5,0.6657839682254364,1.8575715881800785,0.21223619356769904,0.024999950000116702,2.0698077817477776,2.094807731747894
refined,100000,2.5,0.6989473207273484,1.8220255384474677,0.21972689442563886,0.024999950000116702,2.0417524328731065,2.0667523828732235
refined,100000,2.5,0.7337625723461731,1.786251366746864,0.2273683428675915,0.024999950000116702,2.0136197096144555,2.0386196596145725
refined,100000,2.5,0.7703120057972147,1.7504756994445376,0.23517898417234065,0.024999950000116702,1.9856546836168782,2.010654633616995
refined,100000,2.5,0.8086820023785352,1.714610264595244,0.2431363313843621,0.024999950000116702,1.957746595979606,1.9827465459797229
refined,100000,2.5,0.8489632461253815,1.67884285075193,0.25125671140397,0.024999950000116702,1.9300995621558998,1.9550995121560168
refined,100000,2.5,0.8912509381337457,1.6431267764937003,0.2595198841625366,0.024999950000116702,1.9026466606562369,1.9276466106563537
refined,100000,2.5,0.9356450215595893,1.6076099164897535,0.2679390445401591,0.024999950000116702,1.8755489610299125,1.9005489110300293
refined,100000,2.5,0.9822504178255043,1.572280550486962,0.27649721356679335,0.024999950000116702,1.8487777640537553,1.873777714053872
refined,100000,2.5,1.0311772745930554,1.5372137344529446,0.28461351159688575,0.024999950000116702,1.8218272460498304,1.8468271960499472
refined,100000,2.5,1.0825412260868696,1.5023208778325257,0.2905648088469455,0.024999950000116702,1.7928856866794711,1.817885636679588
refined,100000,2.5,1.1364636663857248,1.4676928747302396,0.2944026969581195,0.024999950000116702,1.762095571688359,1.7870955216884759
refined,100000,2.5,1.1930720363265337,1.433372351711989,0.2962271754664717,0.024999950000116702,1.7295995271784608,1.7545994771785773
refined,100000,2.5,1.252500124699298,1.3994362523862618,0.29629715785614147,0.024999950000116702,1.6957334102424033,1.72073336024252
refined,100000,2.5,1.314888384444878,1.36593721457836,0.29478734235691095,0.024999950000116702,1.6607245569352709,1.6857245069353877
refined,100000,2.5,1.3803842646028852,1.332925163498444,0.29187548745774056,0.024999950000116702,1.6248006509561845,1.6498006009563013
refined,100000,2.5,1.449142558794219,1.300452818953408,0.2877761881167163,0.024999950000116702,1.5882290070701242,1.613228957070241
refined,100000,2.5,1.5213257710618697,1.2685495610793556,0.2826089934546239,0.024999950000116702,1.5511585545339794,1.5761585045340962
refined,100000,2.5,1.5971044999346033,1.2372604276252583,0.27660306311491956,0.024999950000116702,1.513863490740178,1.5388634407402946
refined,100000,2.5,1.6766578416212374,1.2065998449799877,0.2698353343032935,0.024999950000116702,1.4764351792832813,1.501435129283398
refined,100000,2.5,1.7601738132884204,1.1766001353336817,0.2625302821462627,0.024999950000116702,1.4391304174799444,1.4641303674800612
refined,100000,2.5,1.8478497974222907,1.1472652782943724,0.2547336279212532,0.024999950000116702,1.4019989062156255,1.4269988562157425
refined,100000,2.5,1.9398930083242285,1.1186127871493814,0.24665072787821185,0.024999950000116702,1.3652635150275931,1.3902634650277101
refined,100000,2.5,2.036520981843212,1.0906395649388023,0.23830488776259354,0.024999950000116702,1.3289444527013958,1.3539444027015126
refined,100000,2.5,2.1379620895022327,1.0633489460713468,0.22987241343086878,0.024999950000116702,1.2932213595022155,1.3182213095023323
refined,100000,2.5,2.244456078233844,1.036733090530511,0.22136117666748797,0.024999950000116702,1.2580942671979989,1.2830942171981157
refined,100000,2.5,2.3562546370004687,1.010783964003453,0.2129095413884161,0.024999950000116702,1.2236935053918692,1.248693455391986
refined,100000,2.5,2.473621991638621,0.9854902563804996,0.20452570537236864,0.024999950000116702,1.1900159617528683,1.2150159117529848
refined,100000,2.5,2.5968355293329033,0.9608368586120047,0.1963003081403988,0.024999950000116702,1.1571371667524035,1.1821371167525203
refined,100000,2.5,2.7261864541956613,0.9368094724117593,0.1882443911377623,0.024999950000116702,1.1250538635495215,1.1500538135496383
refined,100000,2.5,2.861980475501707,0.9133902562069793,0.18041035632320762,0.024999950000116702,1.093800612530187,1.1188005625303037
refined,100000,2.5,3.004538530204693,0.8905629649364271,0.17280746044445905,0.024999950000116702,1.063370425380886,1.0883703753810028
refined,100000,2.5,3.1541975414427297,0.8683097017393633,0.1654617846789702,0.024999950000116702,1.0337714864183334,1.0587714364184502
refined,100000,2.5,3.311311214825911,0.8466137566042732,0.15837797997073244,0.024999950000116702,1.0049917365750056,1.0299916865751224
refined,100000,2.5,3.476250874387709,0.8254584756578628,0.1515652488898194,0.024999950000116702,0.9770237245476822,1.0020236745477988
refined,100000,2.5,3.649406340175921,0.8048279779350953,0.14502318220397808,0.024999950000116702,0.9498511601390733,0.9748511101391901
refined,100000,2.5,3.831186849557289,0.7847072041614617,0.13875110479038533,0.024999950000116702,0.923458308951847,0.9484582589519637
refined,100000,2.5,4.022022024413192,0.7650818638274665,0.1327444029220532,0.024999950000116702,0.8978262667495196,0.9228262167496364
refined,100000,2.5,4.22236288651233,0.745938301421025,0.12699733207871033,0.024999950000116702,0.8729356334997354,0.897935583499852
refined,100000,2.5,4.432682923460089,0.7272640165877043,0.12150236101032619,0.024999950000116702,0.8487663775980305,0.8737663275981472
refined,100000,2.5,4.653479207743908,0.7090463456749065,0.11625170047577567,0.024999950000116702,0.8252980461506823,0.8502979961507989
refined,100000,2.5,4.885273571519389,0.6912744003577991,0.11123606093249427,0.024999950000116702,0.8025104612902934,0.82751041129041
refined,100000,2.5,5.1286138399136485,0.6739360887778458,0.10644732451660303,0.024999950000116702,0.7803834132944488,0.8053833632945655
refined,100000,2.5,5.384075125760731,0.657021827181875,0.10187525329300853,0.024999950000116702,0.7588970804748835,0.7838970304750001
refined,100000,2.5,5.652261188829045,0.6405197740289605,0.09751225625102782,0.024999950000116702,0.7380320302799883,0.763031980280105
refined,100000,2.5,5.933805862753281,0.6244214017319639,0.09334763016178306,0.024999950000116702,0.717769031893747,0.7427689818938636
refined,100000,2.5,6.229374553043173,0.608714920076213,0.08937466298360533,0.024999950000116702,0.6980895830598183,0.723089533059935
refined,100000,2.5,6.539665809709571,0.5933927420150752,0.08558246934588593,0.024999950000116702,0.6789752113609611,0.7039751613610779
refined,100000,2.5,6.865412978224548,0.5784430269098348,0.08196530808895022,0.024999950000116702,0.660408334998785,0.6854082849989017
refined,100000,2.5,7.207385932717452,0.5638589801665194,0.07851245814270169,0.024999950000116702,0.642371438309221,0.6673713883093377
refined,100000,2.5,7.566392895503165,0.5496290920833337,0.07521868330036798,0.024999950000116702,0.6248477753837016,0.6498477253838183
refined,100000,2.5,7.943282347242818,0.535746871388913,0.07207411149221013,0.024999950000116702,0.6078209828811231,0.6328209328812398
refined,100000,2.5,8.338945032251527,0.5222015658616018,0.0690735737434323,0.024999950000116702,0.5912751396050341,0.6162750896051508
refined,100000,2.5,8.754316063692443,0.508986701844831,0.06620837826437564,0.024999950000116702,0.5751950801092066,0.6001950301093233
refined,100000,2.5,9.190377133632595,0.49609240175838903,0.06347336896859958,0.024999950000116702,0.5595657707269887,0.5845657207271053
refined,100000,2.5,9.648158833183777,0.4835121725207634,0.0608610008677993,0.024999950000116702,0.5443731733885627,0.5693731233886794
refined,100000,2.5,10.128743088211932,0.4712370261238092,0.058366188919431045,0.024999950000116702,0.5296032150432403,0.5546031650433569
refined,100000,2.5,10.633265716371616,0.45926040220239434,0.055982452653726665,0.024999950000116702,0.515242854856121,0.5402428048562377
refined,100000,2.5,11.162919111508824,0.4475742053236388,0.05370483458068226,0.024999950000116702,0.501279039904321,0.5262789899044378
refined,100000,2.5,11.718955061776631,0.4361717599220942,0.05152780898214304,0.024999950000116702,0.48769956890423727,0.512699518904354
refined,100000,2.5,12.30268770812381,0.4250458599650031,0.049446593910564544,0.024999950000116702,0.47449245387556765,0.49949240387568433
refined,100000,2.5,12.91549665014884,0.4141896721049342,0.04745649856213745,0.024999950000116702,0.46164617066707164,0.4866461206671883
refined,100000,2.5,13.558830206659357,0.4035968744577504,0.04555295476450346,0.024999950000116702,0.4491498292222538,0.4741497792223705
refined,100000,2.5,14.234208838643415,0.39326043932316923,0.04373198829751955,0.024999950000116702,0.4369924276206888,0.46199237762080547
refined,100000,2.5,14.943228742742294,0.383174922929589,0.041989273755387066,0.024999950000116702,0.42516419668497607,0.45016414668509275
refined,100000,2.5,15.687565623717566,0.373333071452051,0.040321443028386306,0.024999950000116702,0.41365451448043733,0.438654464480554
refined,100000,2.5,16.46897865482869,0.3637303124254413,0.038724433926946016,0.024999950000116702,0.4024547463523873,0.427454696352504
refined,100000,2.5,17.289314635480615,0.35435913772118216,0.03719538476104555,0.024999950000116702,0.3915545224822277,0.4165544724823444
refined,100000,2.5,17.78279410038923,0.3490381338173801,0.03633969675446155,0.024999950000116702,0.3853778305718416,0.4103777805719583
refined,100000,2.5,18.15051235596819,0.34521583860845023,0.035730509251504644,0.024999950000116702,0.38094634785995485,0.4059462978600715
refined,100000,2.5,19.054607179632484,0.336292627338126,0.034327364250718154,0.024999950000116702,0.3706199915888441,0.3956199415889608
refined,100000,2.5,19.109529749704404,0.335771138568518,0.03424613769024828,0.024999950000116702,0.37001727625876624,0.3950172262588829
refined,100000,2.5,20.003735853259002,0.32758665082456806,0.032982445324900654,0.024999950000116702,0.3605690961494687,0.38556904614958537
refined,100000,2.5,20.53525026457146,0.322976948356002,0.03228042595079601,0.024999950000116702,0.355257374306798,0.38025732430691467
refined,100000,2.5,21.000141557086565,0.31908981879965576,0.031693651801367385,0.024999950000116702,0.35078347060102316,0.37578342060113984
refined,100000,2.5,22.04617920636185,0.3107999964184867,0.03045778412946047,0.024999950000116702,0.3412577805479472,0.3662577305480639
refined,100000,2.5,22.0673406908459,0.3106383075216721,0.030433929672195797,0.024999950000116702,0.3410722371938679,0.3660721871939846
refined,100000,2.5,23.144321016969926,0.30270915737341875,0.029272951060770585,0.024999950000116702,0.33198210843418935,0.356982058434306
refined,100000,2.5,23.71373705661655,0.29873789911020776,0.028698754493428683,0.024999950000116702,0.32743665360363644,0.3524366036037531
refined,100000,2.5,24.29716234829391,0.294815332473469,0.02813633590955966,0.024999950000116702,0.3229516683830287,0.34795161838314537
refined,100000,2.5,25.482967479793466,0.2872613539298839,0.0270672242590656,0.024999950000116702,0.3143285781889495,0.33932852818906617
refined,100000,2.5,25.507427837113593,0.2871111403716353,0.027046137531035828,0.024999950000116702,0.3141572779026712,0.33915722790278785
refined,100000,2.5,26.777977837039188,0.279594295260127,0.025999941187390022,0.024999950000116702,0.30559423644751704,0.3305941864476337
refined,100000,2.5,27.384196342643612,0.27619354072123997,0.025532489576618595,0.024999950000116702,0.30172603029785855,0.3267259802979752
refined,100000,2.5,28.11181517869986,0.2722582096829572,0.02499602199793072,0.024999950000116702,0.29725423168088794,0.3222541816810046
refined,100000,2.5,29.42727176209282,0.2655194893131726,0.02408824859470822,0.024999950000116702,0.2896077379078808,0.3146076879079975
refined,100000,2.5,29.51209226666387,0.26510026100729456,0.024032299182192195,0.024999950000116702,0.28913256018948674,0.3141325101896034
refined,100000,2.5,30.982118529862987,0.25811465098805303,0.023107138067922948,0.024999950000116702,0.281221789055976,0.3062217390560927
refined,100000,2.5,31.622776601683793,0.25522424029449026,0.02272868666105409,0.024999950000116702,0.27795292695554435,0.30295287695566103
refined,100000,2.5,32.5253682431303,0.25129840162987843,0.022218734060914243,0.024999950000116702,0.27351713569079267,0.29851708569090935
refined,100000,2.5,33.982083289425596,0.24529556582035872,0.021448236006192282,0.024999950000116702,0.266743801826551,0.2917437518266677
refined,100000,2.5,34.145488738336006,0.24464649912916467,0.021365552401827793,0.024999950000116702,0.26601205153099244,0.2910120015311092
refined,100000,2.5,35.84630902452844,0.23815559300378633,0.020546015897206473,0.024999950000116702,0.2587016089009928,0.2837015589011095
refined,100000,2.5,36.51741272548377,0.23572042388572056,0.020241863152415863,0.024999950000116702,0.25596228703813645,0.2809622370382531
refined,100000,2.5,37.63184883745225,0.23182144915763425,0.019758695917298674,0.024999950000116702,0.2515801450749329,0.2765800950750496
refined,100000,2.5,39.24189758484536,0.2264857892857273,0.019104914296780826,0.024999950000116702,0.24559070358250812,0.27059065358262485
refined,100000,2.5,39.50632813983238,0.2256403286968263,0.01900220168384562,0.024999950000116702,0.2446425303806719,0.26964248038078864
refined,100000,2.5,41.47417709487639,0.21960877262923095,0.01827521409876626,0.024999950000116702,0.2378839867279972,0.26288393672811394
refined,100000,2.5,42.169650342858226,0.2175787417910457,0.018033062655066233,0.024999950000116702,0.23561180444611193,0.26061175444622864
refined,100000,2.5,43.540046536566486,0.2137226387467588,0.01757649451426805,0.024999950000116702,0.23129913326102683,0.25629908326114353
refined,100000,2.5,45.31583637600818,0.20898887842052863,0.01702222232031571,0.024999950000116702,0.22601110074084435,0.25101105074096103
refined,100000,2.5,45.708818961487516,0.20797923875864016,0.016904834539010146,0.024999950000116702,0.2248840732976503,0.24988402329776702
refined,100000,2.5,47.98562006816812,0.20237401311773356,0.016259119078377737,0.024999950000116702,0.2186331321961113,0.243633082196228
refined,100000,2.5,48.69675251658631,0.20070495005763278,0.016068648066573113,0.024999950000116702,0.21677359812420588,0.2417735481243226
refined,100000,2.5,50.37583087120846,0.19690504008297088,0.015638249898267065,0.024999950000116702,0.21254328998123795,0.23754323998135465
refined,100000,2.5,52.32991146814947,0.19271559180358325,0.015168855566821559,0.024999950000116702,0.20788444737040482,0.23288439737052152
refined,100000,2.5,52.88510041882383,0.1915673295030963,0.015041211706478192,0.024999950000116702,0.20660854120957448,0.23160849120969118
refined,100000,2.5,55.5193591438621,0.18635972231906558,0.014467014574234972,0.024999950000116702,0.20082673689330055,0.22582668689341726
refined,100000,2.5,56.23413251903491,0.18500965552078585,0.014319587439341456,0.024999950000116702,0.1993292429601273,0.224329192960244
refined,100000,2.5,58.28483287984838,0.18127678517560475,0.013914723317780828,0.024999950000116702,0.19519150849338557,0.22019145849350227
refined,100000,2.5,60.42963902381328,0.17757829912737158,0.013517805560514037,0.024999950000116702,0.19109610468788563,0.21609605468800233
refined,100000,2.5,61.18805757518219,0.17631811813064627,0.013383453508491646,0.024999950000116702,0.18970157163913792,0.21470152163925463
refined,100000,2.5,64.23589474026393,0.17147783261553823,0.012872333769233307,0.024999950000116702,0.18435016638477153,0.20935011638488824
refined,100000,2.5,64.93816315762113,0.1704118173859301,0.012760686599649818,0.024999950000116702,0.1831725039855799,0.20817245398569661
refined,100000,2.5,67.435547664057,0.16675619297703972,0.012380580441415859,0.024999950000116702,0.17913677341845557,0.20413672341857228
refined,100000,2.5,69.78305848598663,0.16350026576749166,0.012045584804354484,0.024999950000116702,0.17554585057184613,0.20054580057196286
refined,100000,2.5,70.79457843841381,0.16214711867326487,0.011907376244898632,0.024999950000116702,0.1740544949181635,0.1990544449182802
refined,100000,2.5,74.32092583039913,0.1576510491908275,0.011452025784013201,0.024999950000116702,0.1691030749748407,0.1941030249749574
refined,100000,2.5,74.98942093324558,0.15683404298303408,0.011370019690847617,0.024999950000116702,0.1682040626738817,0.1932040126739984
refined,100000,2.5,78.02292404485208,0.15326242704583992,0.011013770468348234,0.024999950000116702,0.16427619751418815,0.18927614751430485
refined,100000,2.5,80.58421877614818,0.1504056456742423,0.01073170298243186,0.024999950000116702,0.16113734865667417,0.18613729865679088
refined,100000,2.5,81.90932242152977,0.14898122764455854,0.010591982071667436,0.024999950000116702,0.15957320971622596,0.1845731597163427
refined,100000,2.5,85.98930611338423,0.14480262386747536,0.010185963655886915,0.024999950000116702,0.15498858752336228,0.179988537523479
refined,100000,2.5,86.59643233600653,0.14420670195559385,0.01012847986522831,0.024999950000116702,0.15433518182082215,0.17933513182093885
refined,100000,2.5,90.27251779484578,0.14072611623508172,0.009795140667765864,0.024999950000116702,0.15052125690284757,0.1755212069029643
refined,100000,2.5,93.0572040929699,0.13822848430645474,0.009558314440210668,0.024999950000116702,0.1477867987466654,0.1727867487467821
refined,100000,2.5,94.76908045141592,0.13674760623152957,0.009418878254238192,0.024999950000116702,0.14616648448576774,0.17116643448588448
refined,100000,2.5,99.4896213044336,0.13286610912483238,0.00905664424029201,0.024999950000116702,0.1419227533651244,0.1669227033652411
refined,100000,2.5,100.0,0.13246274775133296,0.009019298474229383,0.024999950000116702,0.14148204622556235,0.16648199622567905
refined,100000,2.5,104.44529692755633,0.12907825347732216,0.008707865621273597,0.024999950000116702,0.13778611909859576,0.16278606909871246
refined,100000,2.5,107.46078283213176,0.12690313946087137,0.008509688485318797,0.024999950000116702,0.13541282794619017,0.16041277794630687
refined,100000,2.5,109.64781961431851,0.12538255935563178,0.008372043143637726,0.024999950000116702,0.13375460249926951,0.15875455249938622
refined,100000,2.5,115.10948505908407,0.12177638108880837,0.008048664912060953,0.024999950000116702,0.12982504600086933,0.15482499600098604
refined,100000,2.5,115.47819846894582,0.12154244224920988,0.008027821875028143,0.024999950000116702,0.12957026412423803,0.15457021412435473
refined,100000,2.5,120.84320141681312,0.11825773400242123,0.0077372566704606936,0.024999950000116702,0.12599499067288192,0.15099494067299862
refined,100000,2.5,124.09377607517196,0.11637297279644493,0.007572113166677367,0.024999950000116702,0.1239450859631223,0.148945035963239
refined,100000,2.5,126.86251981032602,0.1148246970641897,0.007437366525134023,0.024999950000116702,0.12226206358932372,0.1472620135894404
refined,100000,2.5,133.1816663571621,0.11147477173150885,0.007148538571033729,0.024999950000116702,0.11862331030254258,0.1436232603026593
refined,100000,2.5,133.3521432163324,0.11138768111462616,0.007141081993366067,0.024999950000116702,0.11852876310799222,0.14352871310810894
refined,100000,2.5,139.81557579172983,0.10820676062605221,0.006870379546017763,0.024999950000116702,0.11507714017206998,0.14007709017218667
refined,100000,2.5,143.30125702369628,0.106581204858149,0.006733387070568948,0.024999950000116702,0.11331459192871794,0.13831454192883463
refined,100000,2.5,146.77992676220705,0.10501764263771803,0.006602446314694457,0.024999950000116702,0.11162008895241249,0.13662003895252917
refined,100000,2.5,153.9926526059492,0.10194732971817548,0.006347733851937906,0.024999950000116702,0.10829506357011338,0.13329501357023008
refined,100000,2.5,154.09117888561602,0.10190694315077185,0.00634440269745686,0.024999950000116702,0.10825134584822871,0.1332512958483454
refined,100000,2.5,161.76661164864794,0.09887111024332258,0.00609581363586525,0.024999950000116702,0.10496692387918784,0.12996687387930453
refined,100000,2.5,165.48170999431815,0.09747926979199141,0.005982874626456817,0.024999950000116702,0.10346214441844823,0.12846209441856493
refined,100000,2.5,169.82436524617444,0.09591039120380868,0.005856398369349008,0.024999950000116702,0.10176678957315768,0.1267667395732744
refined,100000,2.5,177.82794100389228,0.09317103358129111,0.005637653712228777,0.024999950000116702,0.0988086872935199,0.1238086372936366
refined,100000,2.5,178.28348345396734,0.0930206955489284,0.005625725966549362,0.024999950000116702,0.09864642151547777,0.12364637151559447
refined,100000,2.5,187.16395863694845,0.09020299157421048,0.00540356935694953,0.024999950000116702,0.09560656093116002,0.12060651093127672
refined,100000,2.5,191.09529749704404,0.0890181128082531,0.005311031350955672,0.024999950000116702,0.09432914415920877,0.11932909415932548
refined,100000,2.5,196.4867789993468,0.08745264303258936,0.005189498409076981,0.024999950000116702,0.09264214144166634,0.11764209144178304
refined,100000,2.5,205.3525026457146,0.0850151670585782,0.005001992237176183,0.024999950000116702,0.09001715929575438,0.11501710929587108
refined,100000,2.5,206.27397818843016,0.0847712902413246,0.0049833361072085,0.024999950000116702,0.0897546263485331,0.1147545763486498
refined,100000,2.5,216.54868736904876,0.0821538884984395,0.004784655947988816,0.024999950000116702,0.08693854444642832,0.11193849444654502
refined,100000,2.5,220.673406908459,0.08115618360954005,0.004709545516993314,0.024999950000116702,0.08586572912653337,0.11086567912665007
refined,100000,2.5,227.33518989206314,0.0796023361275129,0.004593312893926292,0.024999950000116702,0.0841956490214392,0.1091955990215559
refined,100000,2.5,237.13737056616552,0.07743611411245879,0.004432785333254352,0.024999950000116702,0.08186889944571314,0.10686884944582985
refined,100000,2.5,238.65897868585807,0.0771120286800083,0.004408915639074518,0.024999950000116702,0.08152094431908281,0.10652089431919952
refined,100000,2.5,250.5468165065873,0.07468431300803244,0.004231317069232519,0.024999950000116702,0.07891563007726496,0.10391558007738166
refined,100000,2.5,254.82967479793464,0.07385118789895864,0.004170901127161038,0.024999950000116702,0.07802208902611968,0.10302203902623638
refined,100000,2.5,263.02679918953817,0.07231529250612176,0.004060170547443146,0.024999950000116702,0.07637546305356491,0.10137541305368161
refined,100000,2.5,273.8419634264361,0.07039682899929783,0.0039230922278392175,0.024999950000116702,0.07431992122713706,0.09931987122725376
refined,100000,2.5,276.128422051113,0.07000575573364523,0.0038953242334772605,0.024999950000116702,0.07390107996712249,0.09890102996723919
refined,100000,2.5,289.88264959835425,0.0677525139388393,0.0037364752357562157,0.024999950000116702,0.07148898917459551,0.09648893917471221
refined,100000,2.5,294.2727176209282,0.06706769343599159,0.0036885655496646957,0.024999950000116702,0.07075625898565628,0.09575620898577299
refined,100000,2.5,304.32198871077225,0.0655557911957424,0.0035834647447155975,0.024999950000116702,0.069139255940458,0.0941392059405747
refined,100000,2.5,316.22776601683796,0.06385957851605702,0.003466609878373899,0.024999950000116702,0.06732618839443091,0.09232613839454762
refined,100000,2.5,319.4805654674313,0.06341310629314949,0.0034360326289985085,0.024999950000116702,0.066849138922148,0.0918490889222647
refined,100000,2.5,335.394205800866,0.061324113357073114,0.0032940112157764058,0.024999950000116702,0.06461812457284952,0.08961807457296622
refined,100000,2.5,352.1005201684521,0.0592870379470556,0.0031571821039311936,0.024999950000116702,0.06244422005098679,0.0874441700511035
refined,100000,2.5,369.6389924413366,0.05730095962663092,0.003025367166930772,0.024999950000116702,0.06032632679356169,0.0853262767936784
refined,100000,2.5,388.0510732210183,0.05536480934809046,0.002898388670130299,0.024999950000116702,0.05826319801822076,0.08326314801833747
refined,100000,2.5,407.380277804113,0.05347708848283322,0.0027760567095035686,0.024999950000116702,0.05625314519233678,0.08125309519245348
refined,100000,2.5,427.67228902684343,0.05163743121807793,0.0026582331256659007,0.024999950000116702,0.05429566434374383,0.07929561434386054
refined,100000,2.5,448.97506523231453,0.049843758244016115,0.002544715150744324,0.024999950000116702,0.05238847339476044,0.07738842339487714
refined,100000,2.5,471.3389536157405,0.04809640385193999,0.0024354030843715085,0.024999950000116702,0.05053180693631149,0.0755317569364282
refined,100000,2.5,494.8168092155145,0.04639270687826953,0.0023300804231452675,0.024999950000116702,0.0487227873014148,0.0737227373015315
refined,100000,2.5,519.4641198313342,0.04473369739837579,0.002228684783591108,0.024999950000116702,0.0469623821819669,0.07196233218208359
refined,100000,2.5,545.3391371646278,0.04311613273560605,0.002130985252446402,0.024999950000116702,0.04524711798805245,0.07024706798816915
refined,100000,2.5,572.5030144912078,0.04154173300015348,0.0020369555915333956,0.024999950000116702,0.04357868859168688,0.06857863859180358
refined,100000,2.5,601.0199511915373,0.04000667607422436,0.0019463499880406426,0.024999950000116702,0.041953026062265,0.06695297606238171
refined,100000,2.5,630.9573444801937,0.03851336465941241,0.001859177142134175,0.024999950000116702,0.040372541801546584,0.06537249180166328
