route,effective_width,sigma2,theta,intrinsic_time,floor_centered_total,noise_clean_gap,normalized_component_envelope
coarse,100000,25.0,0.0,0.1,2.852130245288781,0.042091091481726184,1.0
coarse,100000,25.0,0.0,0.10498109808656175,2.8416758691218065,0.044062966674707285,1.0
coarse,100000,25.0,0.0,0.11021030955460301,2.830777450634496,0.04612092381141701,1.0
coarse,100000,25.0,0.0,0.11569999317502112,2.819495738869829,0.04826895077129674,1.0
coarse,100000,25.0,0.0,0.12146312332121417,2.807826082893994,0.05051049702564491,1.0
coarse,100000,25.0,0.0,0.1275133206328453,2.7956167794286997,0.05284726754204298,1.0
coarse,100000,25.0,0.0,0.13386488420699932,2.7828620188394226,0.05528257199397061,1.0
coarse,100000,25.0,0.0,0.14053282539281228,2.769681525979025,0.05782150632676997,1.0
coarse,100000,25.0,0.0,0.14753290326944482,2.7560721252052294,0.06046778921914501,1.0
coarse,100000,25.0,0.0,0.1548816618912481,2.7419198019101674,0.06322350475974521,1.0
coarse,100000,25.0,0.0,0.16259646938814815,2.727111313007236,0.06609043484709294,1.0
coarse,100000,25.0,0.0,0.17069555901365815,2.7118407070165564,0.0690752601038839,1.0
coarse,100000,25.0,0.0,0.1791980722375334,2.6961073426728186,0.07218187093106068,1.0
coarse,100000,25.0,0.0,0.18812410398491272,2.67984974514801,0.07541303832172004,1.0
coarse,100000,25.0,0.0,0.19749475012886664,2.662821133914739,0.07876755760775628,1.0
coarse,100000,25.0,0.0,0.2073321573485955,2.645305759193862,0.08225440843099324,1.0
coarse,100000,25.0,0.0,0.2176595754711136,2.627306858343676,0.08587750387675618,1.0
coarse,100000,25.0,0.0,0.2285014124201237,2.608828706366755,0.08964077823402894,1.0
coarse,100000,25.0,0.0,0.23988329190194904,2.5894733479089993,0.09353801233632766,1.0
coarse,100000,25.0,0.0,0.25183211396485844,2.5696233576654812,0.0975813783891294,1.0
coarse,100000,25.0,0.0,0.26437611857491,2.549289618907757,0.1017746611270153,1.0
coarse,100000,25.0,0.0,0.277544952358571,2.5284819750215157,0.10612156300332919,1.0
coarse,100000,25.0,0.0,0.29136973866985255,2.5068559214574417,0.11061447110010576,1.0
coarse,100000,25.0,0.0,0.30588315114755654,2.4846805022472953,0.11526351981825861,1.0
coarse,100000,25.0,0.0,0.3211194909364823,2.4620501454768497,0.12007436072865289,1.0
coarse,100000,25.0,0.0,0.33711476775509625,2.438981772283465,0.12505020367962805,1.0
coarse,100000,25.0,0.0,0.35390678500126244,2.4152031939990244,0.1301824613738896,1.0
coarse,100000,25.0,0.0,0.37153522909717257,2.3908480731293382,0.1354766810501506,1.0
coarse,100000,25.0,0.0,0.39004176328463463,2.366104252778978,0.1409416526369659,1.0
coarse,100000,25.0,0.0,0.4094701260923973,2.3409968687296514,0.14657981923982674,1.0
coarse,100000,25.0,0.0,0.42986623470822766,2.3153410650489854,0.1523825222906205,1.0
coarse,100000,25.0,0.0,0.45127829350005433,2.28912340808946,0.15834721157138348,1.0
coarse,100000,25.0,0.0,0.473756907942654,2.262627053611306,0.16448765253746075,1.0
coarse,100000,25.0,0.0,0.49735520421913965,2.235885596782138,0.17080528800624573,1.0
coarse,100000,25.0,0.0,0.5221289547799146,2.2088087505603546,0.17729290265360048,1.0
coarse,100000,25.0,0.0,0.5481367101558418,2.181239874246941,0.18393544030253015,1.0
coarse,100000,25.0,0.0,0.5754399373371569,2.153547554872737,0.19075408603203664,1.0
coarse,100000,25.0,0.0,0.6041031650451701,2.1257725932051317,0.19774916414452592,1.0
coarse,100000,25.0,0.0,0.6341941362400942,2.097914972482777,0.20491706234957485,1.0
coarse,100000,25.0,0.0,0.6657839682254364,2.0696982266529766,0.21222526493190197,1.0
coarse,100000,25.0,0.0,0.6989473207273484,2.0415520434596686,0.21970531352482137,1.0
coarse,100000,25.0,0.0,0.7337625723461731,2.0135211936305595,0.22735648939792888,1.0
coarse,100000,25.0,0.0,0.7703120057972147,1.9856490049680606,0.23517779758620147,1.0
coarse,100000,25.0,0.0,0.8086820023785352,1.9576691636555414,0.24312541619723563,1.0
coarse,100000,25.0,0.0,0.8489632461253815,1.9299467199992848,0.25123339089009733,1.0
coarse,100000,25.0,0.0,0.8912509381337457,1.9025543198797101,0.25950391500693437,1.0
coarse,100000,25.0,0.0,0.9356450215595893,1.87553309227701,0.2679353185470551,1.0
coarse,100000,25.0,0.0,0.9822504178255043,1.8487299032026274,0.27648706906596243,1.0
coarse,100000,25.0,0.0,1.0311772745930554,1.8223501745868778,0.2851801584305969,1.0003709975795092
coarse,100000,25.0,0.0,1.0825412260868696,1.7965041432295217,0.2940262461382967,1.0013779569283099
coarse,100000,25.0,0.0,1.1364636663857248,1.7712247375679002,0.30302355091739225,1.003166927757614
coarse,100000,25.0,0.0,1.1930720363265337,1.7464400918647704,0.3121385960323022,1.0058821967727722
coarse,100000,25.0,0.0,1.252500124699298,1.7222370170597507,0.32137562301500733,1.0094177305827934
coarse,100000,25.0,0.0,1.314888384444878,1.6987294500370158,0.33075795949365056,1.013602614326889
coarse,100000,25.0,0.0,1.3803842646028852,1.675937182736327,0.3402843159989844,1.0184149812826249
coarse,100000,25.0,0.0,1.449142558794219,1.6538331754777345,0.3499312885405981,1.0239255767139448
coarse,100000,25.0,0.0,1.5213257710618697,1.6324294125315233,0.3596844075841218,1.0301439852563896
coarse,100000,25.0,0.0,1.5971044999346033,1.611817647779999,0.36957942713746306,1.03689198522199
coarse,100000,25.0,0.0,1.6766578416212374,1.5920027833208752,0.3796159619701664,1.0441543962879376
coarse,100000,25.0,0.0,1.7601738132884204,1.5729735660159556,0.389782174853221,1.0519534330746783
coarse,100000,25.0,0.0,1.8478497974222907,1.5547006897333921,0.4000449424859463,1.0603642307561263
coarse,100000,25.0,0.0,1.9398930083242285,1.5372452916995698,0.4104514477507958,1.069213655176846
coarse,100000,25.0,0.0,2.036520981843212,1.5205999264643162,0.4210022574873312,1.0784905552295587
coarse,100000,25.0,0.0,2.1379620895022327,1.5047554476054872,0.4316968858126707,1.08818678979117
coarse,100000,25.0,0.0,2.244456078233844,1.4896581603100831,0.44248506482020583,1.0984087228955122
coarse,100000,25.0,0.0,2.3562546370004687,1.4753485414698178,0.45342315325129307,1.1089993191937428
coarse,100000,25.0,0.0,2.473621991638621,1.4618125640352448,0.4645123791261869,1.1199508370675362
coarse,100000,25.0,0.0,2.5968355293329033,1.4490364640474231,0.47575409740232466,1.1312554901645555
coarse,100000,25.0,0.0,2.7261864541956613,1.4369679076669677,0.4871072794975704,1.1429814982785178
coarse,100000,25.0,0.0,2.861980475501707,1.4256237009636905,0.49861057804023984,1.155042284862496
coarse,100000,25.0,0.0,3.004538530204693,1.414996417057971,0.5102736809521615,1.167417596523121
coarse,100000,25.0,0.0,3.1541975414427297,1.4050720428861858,0.5220981888271718,1.180103006263794
coarse,100000,25.0,0.0,3.311311214825911,1.3958049346004109,0.534054039829079,1.193138305280251
coarse,100000,25.0,0.0,3.476250874387709,1.3871972047397634,0.5461603799815119,1.2064871914112214
coarse,100000,25.0,0.0,3.649406340175921,1.3792529256274608,0.5584353045336293,1.2201233012353105
coarse,100000,25.0,0.0,3.831186849557289,1.3719605928497065,0.570880451390107,1.2340450868286945
coarse,100000,25.0,0.0,4.022022024413192,1.3652853007596275,0.5834752887551865,1.2482756823680883
coarse,100000,25.0,0.0,4.22236288651233,1.3592156284500088,0.5962213268151239,1.2628092651705018
coarse,100000,25.0,0.0,4.432682923460089,1.3537678316381945,0.6091444064745445,1.277617521530997
coarse,100000,25.0,0.0,4.653479207743908,1.3489328698965577,0.622246222269828,1.292700823738303
coarse,100000,25.0,0.0,4.885273571519389,1.3446873322940534,0.6355149945133741,1.3080718457676581
coarse,100000,25.0,0.0,5.1286138399136485,1.3410049920706109,0.6489360953965984,1.3237430379970798
coarse,100000,25.0,0.0,5.384075125760731,1.3379122763153397,0.6625427918722366,1.3396855507796988
coarse,100000,25.0,0.0,5.652261188829045,1.335401618328287,0.676336919346546,1.3559008460354323
coarse,100000,25.0,0.0,5.933805862753281,1.3334598678765177,0.6903149819415539,1.3723944828738794
coarse,100000,25.0,0.0,6.229374553043173,1.3320455721774291,0.704447326957048,1.3891900752583508
coarse,100000,25.0,0.0,6.539665809709571,1.3311936492850336,0.7187743182542861,1.4062589977949749
coarse,100000,25.0,0.0,6.865412978224548,1.330897488287992,0.7332979618179305,1.423603403151971
coarse,100000,25.0,0.0,7.207385932717452,1.3311507370918934,0.7480203239974111,1.4412254506095348
coarse,100000,25.0,0.0,7.566392895503165,1.3319045960029683,0.7629044368682141,1.4591513809500571
coarse,100000,25.0,0.0,7.943282347242818,1.3331945292436913,0.7779905288288714,1.4773578132685006
coarse,100000,25.0,0.0,8.338945032251527,1.3350173137701147,0.793283052636213,1.4958459739574606
coarse,100000,25.0,0.0,8.754316063692443,1.3373674818098467,0.8087842327316636,1.5146185813066315
coarse,100000,25.0,0.0,9.190377133632595,1.3402059195740197,0.8244654488150946,1.5336949306379022
coarse,100000,25.0,0.0,9.648158833183777,1.3435520640782157,0.8403515026387057,1.5530643096267345
coarse,100000,25.0,0.0,10.128743088211932,1.347411541602498,0.8564542798068198,1.5727245485210288
coarse,100000,25.0,0.0,10.633265716371616,1.351779743842017,0.872776155886564,1.5926788450184433
coarse,100000,25.0,0.0,11.162919111508824,1.3566268069511076,0.8892964152086892,1.612941425043483
coarse,100000,25.0,0.0,11.718955061776631,1.3619568219548013,0.9060252042231066,1.6335109621591053
coarse,100000,25.0,0.0,12.30268770812381,1.3677838964621174,0.9229815074862381,1.654382919340253
coarse,100000,25.0,0.0,12.91549665014884,1.374104216165114,0.9401678495598665,1.6755609222249002
coarse,100000,25.0,0.0,13.558830206659357,1.3808967614211038,0.9575710489885173,1.6970554146036678
coarse,100000,25.0,0.0,14.234208838643415,1.388150786281692,0.9751872326073476,1.7188723076710226
coarse,100000,25.0,0.0,14.943228742742294,1.39588857457034,0.9930422148681769,1.7410053239330188
coarse,100000,25.0,0.0,15.687565623717566,1.4041070414888743,1.0111386656649513,1.7634584948101062
coarse,100000,25.0,0.0,16.46897865482869,1.4127936726635286,1.0294706299781065,1.786239356210257
coarse,100000,25.0,0.0,17.289314635480615,1.4219232704288296,1.0480207136430293,1.8093597306353886
coarse,100000,25.0,0.0,17.78279410038923,1.4274359058027115,1.058884185408782,1.8228928459198044
coarse,100000,25.0,0.0,18.15051235596819,1.4315260643556638,1.066821355933854,1.8328119324998375
coarse,100000,25.0,0.0,19.054607179632484,1.4415996401761855,1.0858753661024534,1.856600396527524
coarse,100000,25.0,0.0,19.109529749704404,1.4422081523995753,1.0870091729506615,1.8580204793075061
coarse,100000,25.0,0.0,20.003735853259002,1.4521397213559717,1.105183771156913,1.8807303097502444
coarse,100000,25.0,0.0,20.53525026457146,1.4579880724919505,1.115679236674568,1.8939014727655692
coarse,100000,25.0,0.0,21.000141557086565,1.4631069064584195,1.1247160119163584,1.9052187014627848
coarse,100000,25.0,0.0,22.04617920636185,1.4745392142351434,1.1445110161034815,1.9300565770577764
coarse,100000,25.0,0.0,22.0673406908459,1.4747695655180344,1.144904410139858,1.9305503337936947
coarse,100000,25.0,0.0,23.144321016969926,1.4864348438921187,1.1645717235649717,1.9552487847640305
coarse,100000,25.0,0.0,23.71373705661655,1.4925472162570248,1.1746948475298458,1.967982163486667
coarse,100000,25.0,0.0,24.29716234829391,1.4987921564346205,1.1849011215882752,1.980800243531948
coarse,100000,25.0,0.0,25.482967479793466,1.5113162691524509,1.205060817561004,2.0062126606005264
coarse,100000,25.0,0.0,25.507427837113593,1.5115738584164782,1.2054702205453178,2.0067276542796524
coarse,100000,25.0,0.0,26.777977837039188,1.5248094637757457,1.2263098397552339,2.03302594449909
coarse,100000,25.0,0.0,27.384196342643612,1.531072602457768,1.2360126965226539,2.045258126652133
coarse,100000,25.0,0.0,28.11181517869986,1.538503134979783,1.247427882912808,2.059698617383094
coarse,100000,25.0,0.0,29.42727176209282,1.5518076845206847,1.2675564756612376,2.085137108088105
coarse,100000,25.0,0.0,29.51209226666387,1.5526537769210247,1.2688274525709737,2.086751032874076
coarse,100000,25.0,0.0,30.982118529862987,1.5672320611261101,1.2904863806287954,2.1141979113834064
coarse,100000,25.0,0.0,31.622776601683793,1.5735068284100175,1.2996922179601151,2.1258709852233593
coarse,100000,25.0,0.0,32.5253682431303,1.5822530700183288,1.312422167920966,2.1420396913768447
coarse,100000,25.0,0.0,33.982083289425596,1.5961843270206169,1.3324454702036548,2.1674725178479455
coarse,100000,25.0,0.0,34.145488738336006,1.5977288539156316,1.334649411515057,2.170277932318913
coarse,100000,25.0,0.0,35.84630902452844,1.6136588039626416,1.3571713105058392,2.1989184566838493
coarse,100000,25.0,0.0,36.51741272548377,1.6198382922916192,1.3658269128580012,2.2099605390118553
coarse,100000,25.0,0.0,37.63184883745225,1.6300213745447634,1.37997234443154,2.227974204607977
coarse,100000,25.0,0.0,39.24189758484536,1.6444673305451736,1.399847279391915,2.253354516065931
coarse,100000,25.0,0.0,39.50632813983238,1.6468172202422517,1.4030567947692905,2.2574510600246374
coarse,100000,25.0,0.0,41.47417709487639,1.6640662624323694,1.4264459424372136,2.2873485441767443
coarse,100000,25.0,0.0,42.169650342858226,1.6700705127038662,1.4345173417273922,2.2976745595275476
coarse,100000,25.0,0.0,43.540046536566486,1.6817683174068445,1.450143057301233,2.317672966499912
coarse,100000,25.0,0.0,45.31583637600818,1.6966473434531866,1.4698478941083288,2.3429414332292597
coarse,100000,25.0,0.0,45.708818961487516,1.699909529235041,1.474139178248144,2.3484354989915115
coarse,100000,25.0,0.0,47.98562006816812,1.7184759012667066,1.4984252352739837,2.3796477673817304
coarse,100000,25.0,0.0,48.69675251658631,1.7241977292189412,1.5058497352784095,2.3891765661560975
coarse,100000,25.0,0.0,50.37583087120846,1.7374953278977623,1.5230292997287593,2.4113070051526817
coarse,100000,25.0,0.0,52.32991146814947,1.7527153146098347,1.5425277500714978,2.4364044204797697
coarse,100000,25.0,0.0,52.88510041882383,1.7569679839496894,1.5479546777601045,2.44342003985122
coarse,100000,25.0,0.0,55.5193591438621,1.7768877225658593,1.5731989893202516,2.4759961318372334
coarse,100000,25.0,0.0,56.23413251903491,1.7821915842430944,1.5798845493898894,2.484651202982101
coarse,100000,25.0,0.0,58.28483287984838,1.797225382766394,1.5987393864711876,2.50905327050767
coarse,100000,25.0,0.0,60.42963902381328,1.8126428115432633,1.6179444764449435,2.5339350846309308
coarse,100000,25.0,0.0,61.18805757518219,1.8180170845300851,1.624610986256287,2.5425860202416897
coarse,100000,25.0,0.0,64.23589474026393,1.839263286845084,1.6508170859646654,2.576601769057856
coarse,100000,25.0,0.0,64.93816315762113,1.84407009467891,1.6567180644633277,2.5842803688870015
coarse,100000,25.0,0.0,67.435547664057,1.860964539976456,1.67736100458546,2.6111080323709084
coarse,100000,25.0,0.0,69.78305848598663,1.87647474381222,1.696215725362311,2.635712119034197
coarse,100000,25.0,0.0,70.79457843841381,1.883079163234378,1.704208453969547,2.646128761074174
coarse,100000,25.0,0.0,74.32092583039913,1.905648416090981,1.7313989005234247,2.6816566763973593
coarse,100000,25.0,0.0,74.98942093324558,1.9098582380415756,1.7364477181615503,2.6882561835109815
coarse,100000,25.0,0.0,78.02292404485208,1.9286741341155151,1.758936622139475,2.7176993340707507
coarse,100000,25.0,0.0,80.58421877614818,1.9442221798573853,1.7774241144877252,2.7419392225604393
coarse,100000,25.0,0.0,81.90932242152977,1.9521570498024756,1.78682485979693,2.7542648771220466
coarse,100000,25.0,0.0,85.98930611338423,1.976062203059462,1.8150349850559708,2.791376107081806
coarse,100000,25.0,0.0,86.59643233600653,1.9795682468661344,1.8191547609377887,2.7967887359109405
coarse,100000,25.0,0.0,90.27251779484578,2.0004160743391886,1.8435931118241327,2.8290316101367523
coarse,100000,25.0,0.0,93.0572040929699,2.0158892585057333,1.8616413014873343,2.8528367600245694
coarse,100000,25.0,0.0,94.76908045141592,2.025228647986049,1.8725105560823676,2.8672363798848197
coarse,100000,25.0,0.0,99.4896213044336,2.0505007373218516,1.9017904028268,2.905999248886001
coarse,100000,25.0,0.0,100.0,2.053179916863628,1.9048867215100447,2.910115676300598
coarse,100000,25.0,0.0,104.44529692755633,2.076204222344715,1.93140979693837,2.9453415728896477
coarse,100000,25.0,0.0,107.46078283213176,2.091456736474253,1.9489132372030764,2.9686496298849208
coarse,100000,25.0,0.0,109.64781961431851,2.1023496973473565,1.9613804680122937,2.9852688696680376
coarse,100000,25.0,0.0,115.10948505908407,2.128955886363406,1.9917213578016253,3.0257830031188475
coarse,100000,25.0,0.0,115.47819846894582,2.1307210232608282,1.993729220191873,3.0284698347009895
coarse,100000,25.0,0.0,120.84320141681312,2.1560235633873535,2.0224352963406242,3.066893562782756
coarse,100000,25.0,0.0,124.09377607517196,2.1709738541399854,2.0393425603173587,3.089608497715406
coarse,100000,25.0,0.0,126.86251981032602,2.1835317910199574,2.05350553782732,3.108620009723781
coarse,100000,25.0,0.0,133.1816663571621,2.2114735447898153,2.0849277636752848,3.150976198071738
coarse,100000,25.0,0.0,133.3521432163324,2.21221600562659,2.085760602678382,3.1520988525728306
coarse,100000,25.0,0.0,139.81557579172983,2.239877204028737,2.116729454333516,3.193960127312151
coarse,100000,25.0,0.0,143.30125702369628,2.25444787767213,2.1329900795851446,3.21597519453849
coarse,100000,25.0,0.0,146.77992676220705,2.268743360007135,2.1489130606161972,3.237582218273309
coarse,100000,25.0,0.0,153.9926526059492,2.297669412412361,2.1810370371094696,3.281272916758613
coarse,100000,25.0,0.0,154.09117888561602,2.298058903097935,2.18146858511266,3.2818594249172786
coarse,100000,25.0,0.0,161.76661164864794,2.327796634541902,2.2143731658187065,3.326815709684872
coarse,100000,25.0,0.0,165.48170999431815,2.3418673363992264,2.2298952527953873,3.348034468570333
coarse,100000,25.0,0.0,169.82436524617444,2.357995930425656,2.247664162559052,3.372444292730108
coarse,100000,25.0,0.0,177.82794100389228,2.387035435826692,2.2795645218542067,3.416300062885267
coarse,100000,25.0,0.0,178.28348345396734,2.388657027710044,2.2813434926325655,3.4187565081907585
coarse,100000,25.0,0.0,187.16395863694845,2.4197756968844644,2.3154089551108026,3.465766013395064
coarse,100000,25.0,0.0,191.09529749704404,2.4331874682537826,2.330062549407103,3.486101316971607
coarse,100000,25.0,0.0,196.4867789993468,2.4513009341365617,2.349815562885582,3.5135090478990327
coarse,100000,25.0,0.0,205.3525026457146,2.4803203847187962,2.381391546242948,3.557478479586737
coarse,100000,25.0,0.0,206.27397818843016,2.4832850091760514,2.3846124549534773,3.5619729411763474
coarse,100000,25.0,0.0,216.54868736904876,2.5157275995758908,2.4198008256310253,3.611170030059706
coarse,100000,25.0,0.0,220.673406908459,2.5284301619398812,2.433552554800212,3.6304730992984635
coarse,100000,25.0,0.0,227.33518989206314,2.548628313916416,2.455381761887988,3.661112890853285
coarse,100000,25.0,0.0,237.13737056616552,2.57751168173699,2.4865453346895823,3.7051280675814455
coarse,100000,25.0,0.0,238.65897868585807,2.581927228809696,2.491301469146318,3.7118430399616407
coarse,100000,25.0,0.0,250.5468165065873,2.615672214597112,2.5276051834192588,3.7633501867483616
coarse,100000,25.0,0.0,254.82967479793464,2.6275586029449,2.540368240458308,3.781487662762357
coarse,100000,25.0,0.0,263.02679918953817,2.6498687819596567,2.564299248693654,3.8156445682773454
coarse,100000,25.0,0.0,273.8419634264361,2.6785632255266987,2.595018091314637,3.859597594682374
coarse,100000,25.0,0.0,276.128422051113,2.684515690201579,2.6013837568420297,3.8687398840802327
coarse,100000,25.0,0.0,289.88264959835425,2.719558270969553,2.63880909834001,3.9226757853299437
coarse,100000,25.0,0.0,294.2727176209282,2.730496532254456,2.650471598315028,3.9395146027486163
coarse,100000,25.0,0.0,304.32198871077225,2.755022550396137,2.6766003752513705,3.977452995684159
coarse,100000,25.0,0.0,316.22776601683796,2.7833454447423938,2.7067198236279255,4.021288375748909
coarse,100000,25.0,0.0,319.4805654674313,2.7909265796885654,2.7147754028579847,4.0330763579315105
coarse,100000,25.0,0.0,335.394205800866,2.827267973543085,2.7533329951535466,4.089560797153826
coarse,100000,25.0,0.0,352.1005201684521,2.8639988318081344,2.792229235879382,4.146943063289451
coarse,100000,25.0,0.0,369.6389924413366,2.9011174628359253,2.8314632420703982,4.205237644858994
coarse,100000,25.0,0.0,388.0510732210183,2.938657653170614,2.8710675097217244,4.26444258110918
coarse,100000,25.0,0.0,407.380277804113,2.976615530461757,2.9110392439584274,4.324574126127898
coarse,100000,25.0,0.0,427.67228902684343,3.0149523440730315,2.9513426072121662,4.385664866136639
coarse,100000,25.0,0.0,448.97506523231453,3.053630586803256,2.9919426287984408,4.447746236995176
coarse,100000,25.0,0.0,471.3389536157405,3.092704160929267,3.032890894803557,4.510807842344984
coarse,100000,25.0,0.0,494.8168092155145,3.1321673179952256,3.074182622979278,4.57486736418186
coarse,100000,25.0,0.0,519.4641198313342,3.1719939762294143,3.115793591704528,4.6399517346616035
coarse,100000,25.0,0.0,545.3391371646278,3.2120999221991755,3.1576438094974058,4.706112906795282
coarse,100000,25.0,0.0,572.5030144912078,3.252565050742865,3.1998098785635603,4.773330210806225
coarse,100000,25.0,0.0,601.0199511915373,3.293381307726223,3.2422846096133604,4.841622841892685
coarse,100000,25.0,0.0,630.9573444801937,3.3345402558130934,3.2850604104246863,4.911010381118587
coarse,100000,25.0,0.25,0.1,2.852130245288781,0.042091091481726184,1.0
coarse,100000,25.0,0.25,0.10498109808656175,2.8416758691218065,0.044062966674707285,1.0
coarse,100000,25.0,0.25,0.11021030955460301,2.830777450634496,0.04612092381141701,1.0
coarse,100000,25.0,0.25,0.11569999317502112,2.819495738869829,0.04826895077129674,1.0
coarse,100000,25.0,0.25,0.12146312332121417,2.807826082893994,0.05051049702564491,1.0
coarse,100000,25.0,0.25,0.1275133206328453,2.7956167794286997,0.05284726754204298,1.0
coarse,100000,25.0,0.25,0.13386488420699932,2.7828620188394226,0.05528257199397061,1.0
coarse,100000,25.0,0.25,0.14053282539281228,2.769681525979025,0.05782150632676997,1.0
coarse,100000,25.0,0.25,0.14753290326944482,2.7560721252052294,0.06046778921914501,1.0
coarse,100000,25.0,0.25,0.1548816618912481,2.7419198019101674,0.06322350475974521,1.0
coarse,100000,25.0,0.25,0.16259646938814815,2.727111313007236,0.06609043484709294,1.0
coarse,100000,25.0,0.25,0.17069555901365815,2.7118407070165564,0.0690752601038839,1.0
coarse,100000,25.0,0.25,0.1791980722375334,2.6961073426728186,0.07218187093106068,1.0
coarse,100000,25.0,0.25,0.18812410398491272,2.67984974514801,0.07541303832172004,1.0
coarse,100000,25.0,0.25,0.19749475012886664,2.662821133914739,0.07876755760775628,1.0
coarse,100000,25.0,0.25,0.2073321573485955,2.645305759193862,0.08225440843099324,1.0
coarse,100000,25.0,0.25,0.2176595754711136,2.627306858343676,0.08587750387675618,1.0
coarse,100000,25.0,0.25,0.2285014124201237,2.608828706366755,0.08964077823402894,1.0
coarse,100000,25.0,0.25,0.23988329190194904,2.5894733479089993,0.09353801233632766,1.0
coarse,100000,25.0,0.25,0.25183211396485844,2.5696233576654812,0.0975813783891294,1.0
coarse,100000,25.0,0.25,0.26437611857491,2.549289618907757,0.1017746611270153,1.0
coarse,100000,25.0,0.25,0.277544952358571,2.5284819750215157,0.10612156300332919,1.0
coarse,100000,25.0,0.25,0.29136973866985255,2.5068559214574417,0.11061447110010576,1.0
coarse,100000,25.0,0.25,0.30588315114755654,2.4846805022472953,0.11526351981825861,1.0
coarse,100000,25.0,0.25,0.3211194909364823,2.4620501454768497,0.12007436072865289,1.0
coarse,100000,25.0,0.25,0.33711476775509625,2.438981772283465,0.12505020367962805,1.0
coarse,100000,25.0,0.25,0.35390678500126244,2.4152031939990244,0.1301824613738896,1.0
coarse,100000,25.0,0.25,0.37153522909717257,2.3908480731293382,0.1354766810501506,1.0
coarse,100000,25.0,0.25,0.39004176328463463,2.366104252778978,0.1409416526369659,1.0
coarse,100000,25.0,0.25,0.4094701260923973,2.3409968687296514,0.14657981923982674,1.0
coarse,100000,25.0,0.25,0.42986623470822766,2.3153410650489854,0.1523825222906205,1.0
coarse,100000,25.0,0.25,0.45127829350005433,2.28912340808946,0.15834721157138348,1.0
coarse,100000,25.0,0.25,0.473756907942654,2.262627053611306,0.16448765253746075,1.0
coarse,100000,25.0,0.25,0.49735520421913965,2.235885596782138,0.17080528800624573,1.0
coarse,100000,25.0,0.25,0.5221289547799146,2.2088087505603546,0.17729290265360048,1.0
coarse,100000,25.0,0.25,0.5481367101558418,2.181239874246941,0.18393544030253015,1.0
coarse,100000,25.0,0.25,0.5754399373371569,2.153547554872737,0.19075408603203664,1.0
coarse,100000,25.0,0.25,0.6041031650451701,2.1257725932051317,0.19774916414452592,1.0
coarse,100000,25.0,0.25,0.6341941362400942,2.097914972482777,0.20491706234957485,1.0
coarse,100000,25.0,0.25,0.6657839682254364,2.0696982266529766,0.21222526493190197,1.0
coarse,100000,25.0,0.25,0.6989473207273484,2.0415520434596686,0.21970531352482137,1.0
coarse,100000,25.0,0.25,0.7337625723461731,2.0135211936305595,0.22735648939792888,1.0
coarse,100000,25.0,0.25,0.7703120057972147,1.9856490049680606,0.23517779758620147,1.0
coarse,100000,25.0,0.25,0.8086820023785352,1.9576691636555414,0.24312541619723563,1.0
coarse,100000,25.0,0.25,0.8489632461253815,1.9299467199992848,0.25123339089009733,1.0
coarse,100000,25.0,0.25,0.8912509381337457,1.9025543198797101,0.25950391500693437,1.0
coarse,100000,25.0,0.25,0.9356450215595893,1.87553309227701,0.2679353185470551,1.0
coarse,100000,25.0,0.25,0.9822504178255043,1.8487299032026274,0.27648706906596243,1.0
coarse,100000,25.0,0.25,1.0311772745930554,1.8222376678847443,0.2850743965195081,1.0
coarse,100000,25.0,0.25,1.0825412260868696,1.7960742842530815,0.2936216481539212,1.0
coarse,100000,25.0,0.25,1.1364636663857248,1.770210098919414,0.3020669267823082,1.0
coarse,100000,25.0,0.25,1.1930720363265337,1.7445061142129932,0.31031327230341066,1.0
coarse,100000,25.0,0.25,1.252500124699298,1.719062744210494,0.3183772320201461,1.0
coarse,100000,25.0,0.25,1.314888384444878,1.6940349088369342,0.3263191657346894,1.0
coarse,100000,25.0,0.25,1.3803842646028852,1.6694366655206956,0.33413129446546364,1.0
coarse,100000,25.0,0.25,1.449142558794219,1.6452033162251698,0.34175461234557947,1.0
coarse,100000,25.0,0.25,1.5213257710618697,1.6213306059585226,0.3491593531894485,1.0
coarse,100000,25.0,0.25,1.5971044999346033,1.5979644703486013,0.35643001624546183,1.0
coarse,100000,25.0,0.25,1.6766578416212374,1.5751074795460251,0.36356305477402107,1.0
coarse,100000,25.0,0.25,1.7601738132884204,1.5527329413997926,0.37053177697605394,1.0
coarse,100000,25.0,0.25,1.8478497974222907,1.5307766097247262,0.37727125348304286,1.0
coarse,100000,25.0,0.25,1.9398930083242285,1.5093589747230485,0.38388159912053105,1.0
coarse,100000,25.0,0.25,2.036520981843212,1.4884724633377566,0.39036248898602555,1.0
coarse,100000,25.0,0.25,2.1379620895022327,1.4681071978368585,0.39671211768295417,1.0
coarse,100000,25.0,0.25,2.244456078233844,1.448166186311738,0.4028419072035154,1.0
coarse,100000,25.0,0.25,2.3562546370004687,1.4287464719744039,0.40885791848901915,1.0
coarse,100000,25.0,0.25,2.473621991638621,1.4098346560808726,0.41476140179729654,1.0
coarse,100000,25.0,0.25,2.5968355293329033,1.391417896206668,0.4205540671746222,1.0
coarse,100000,25.0,0.25,2.7261864541956613,1.3734175881919597,0.42617249730745316,1.0
coarse,100000,25.0,0.25,2.861980475501707,1.3558812469003982,0.43168166618211545,1.0
coarse,100000,25.0,0.25,3.004538530204693,1.338807568203164,0.4370961020905388,1.0
coarse,100000,25.0,0.25,3.1541975414427297,1.3221830042904972,0.44241747208164023,1.0
coarse,100000,25.0,0.25,3.311311214825911,1.3059479325528804,0.4476044708862459,1.0
coarse,100000,25.0,0.25,3.476250874387709,1.2901167148501906,0.45268643038196793,1.0
coarse,100000,25.0,0.25,3.649406340175921,1.274701483158983,0.45768759925184854,1.0
coarse,100000,25.0,0.25,3.831186849557289,1.2596904523529968,0.4626090711622067,1.0
coarse,100000,25.0,0.25,4.022022024413192,1.2450416035860075,0.46742502237028505,1.0
coarse,100000,25.0,0.25,4.22236288651233,1.2307456182969654,0.4721388599683922,1.0
coarse,100000,25.0,0.25,4.432682923460089,1.216826268898711,0.47678150636553057,1.0
coarse,100000,25.0,0.25,4.653479207743908,1.2032736490534024,0.4813536209177791,1.0
coarse,100000,25.0,0.25,4.885273571519389,1.1900609256529455,0.4858410465523125,1.0
coarse,100000,25.0,0.25,5.1286138399136485,1.177159541675676,0.49022814607469906,1.0
coarse,100000,25.0,0.25,5.384075125760731,1.1646016158775507,0.49455097241784524,1.0
coarse,100000,25.0,0.25,5.652261188829045,1.152378338107796,0.49881001352282667,1.0
coarse,100000,25.0,0.25,5.933805862753281,1.1404748253984172,0.5030004059007811,1.0
coarse,100000,25.0,0.25,6.229374553043173,1.1288466239081423,0.5070921103622485,1.0
coarse,100000,25.0,0.25,6.539665809709571,1.1175316198565977,0.5111251336925344,1.0
coarse,100000,25.0,0.25,6.865412978224548,1.1065216707610357,0.5150998938288224,1.0
coarse,100000,25.0,0.25,7.207385932717452,1.0958088874141039,0.5190168711502092,1.0
coarse,100000,25.0,0.25,7.566392895503165,1.0853433841541207,0.5228411848340815,1.0
coarse,100000,25.0,0.25,7.943282347242818,1.0751601124728374,0.5266094116412112,1.0
coarse,100000,25.0,0.25,8.338945032251527,1.0652540752321207,0.5303240216220101,1.0
coarse,100000,25.0,0.25,8.754316063692443,1.0556179969712303,0.5339854156773525,1.0
coarse,100000,25.0,0.25,9.190377133632595,1.0462134295391163,0.537568086289611,1.0
coarse,100000,25.0,0.25,9.648158833183777,1.0370572770185318,0.5410925339213267,1.0
coarse,100000,25.0,0.25,10.128743088211932,1.0281525229605106,0.5445672483539594,1.0
coarse,100000,25.0,0.25,10.633265716371616,1.0194925044944052,0.5479925589621661,1.0
coarse,100000,25.0,0.25,11.162919111508824,1.0110485311339588,0.5513507194997579,1.0
coarse,100000,25.0,0.25,11.718955061776631,1.002822359235221,0.5546489893312752,1.0
coarse,100000,25.0,0.25,12.30268770812381,0.9948237587434707,0.5579007717598483,1.0
coarse,100000,25.0,0.25,12.91549665014884,0.9870466339319386,0.5611063358480938,1.0
coarse,100000,25.0,0.25,13.558830206659357,0.9794706958997254,0.5642544378623897,1.0
coarse,100000,25.0,0.25,14.234208838643415,0.9720847468687296,0.5673412901326409,1.0
coarse,100000,25.0,0.25,14.943228742742294,0.9649044173908148,0.5703843642619337,1.0
coarse,100000,25.0,0.25,15.687565623717566,0.9579241294984473,0.5733838752886743,1.0
coarse,100000,25.0,0.25,16.46897865482869,0.9511309186079699,0.5763340878135529,1.0
coarse,100000,25.0,0.25,17.289314635480615,0.9445023193299235,0.579221862793972,1.0
coarse,100000,25.0,0.25,17.78279410038923,0.9407579521739022,0.5808812008774356,1.0
coarse,100000,25.0,0.25,18.15051235596819,0.9380591184463806,0.5820680982138622,1.0
coarse,100000,25.0,0.25,19.054607179632484,0.9317962098531488,0.5848729581946717,1.0
coarse,100000,25.0,0.25,19.109529749704404,0.9314289123185211,0.5850361635173125,1.0
coarse,100000,25.0,0.25,20.003735853259002,0.9257071043703349,0.5876354336543225,1.0
coarse,100000,25.0,0.25,20.53525026457146,0.9224697917562343,0.589090431956525,1.0
coarse,100000,25.0,0.25,21.000141557086565,0.919759346896164,0.590334333298758,1.0
coarse,100000,25.0,0.25,22.04617920636185,0.9139783534909044,0.5929935058423007,1.0
coarse,100000,25.0,0.25,22.0673406908459,0.9138659357962403,0.5930456150759996,1.0
coarse,100000,25.0,0.25,23.144321016969926,0.9083594462836756,0.5956130660403496,1.0
coarse,100000,25.0,0.25,23.71373705661655,0.9056031234332804,0.5969031982732217,1.0
coarse,100000,25.0,0.25,24.29716234829391,0.9028980751229453,0.5981931421189085,1.0
coarse,100000,25.0,0.25,25.482967479793466,0.897667551756351,0.6006645463000364,1.0
coarse,100000,25.0,0.25,25.507427837113593,0.8975643599567713,0.6007144108342101,1.0
coarse,100000,25.0,0.25,26.777977837039188,0.892376344273293,0.6031943876925683,1.0
coarse,100000,25.0,0.25,27.384196342643612,0.8900458207642048,0.604330905921334,1.0
coarse,100000,25.0,0.25,28.11181517869986,0.8873336126988245,0.6056361218990868,1.0
coarse,100000,25.0,0.25,29.42727176209282,0.8827214599251483,0.6079007805982984,1.0
coarse,100000,25.0,0.25,29.51209226666387,0.8824319902943132,0.6080396906876915,1.0
coarse,100000,25.0,0.25,30.982118529862987,0.8776480129310389,0.610390528569001,1.0
coarse,100000,25.0,0.25,31.622776601683793,0.87567400453468,0.6113692820467936,1.0
coarse,100000,25.0,0.25,32.5253682431303,0.8729889183817112,0.6126974085514619,1.0
coarse,100000,25.0,0.25,33.982083289425596,0.8689028278487396,0.614746189043551,1.0
coarse,100000,25.0,0.25,34.145488738336006,0.8684595785413656,0.6149670471417463,1.0
coarse,100000,25.0,0.25,35.84630902452844,0.8640561579699398,0.6171994720316121,1.0
coarse,100000,25.0,0.25,36.51741272548377,0.8623959594455685,0.6180322629057922,1.0
coarse,100000,25.0,0.25,37.63184883745225,0.8597610345126878,0.6193843454638888,1.0
coarse,100000,25.0,0.25,39.24189758484536,0.8561417638097574,0.6212281597996703,1.0
coarse,100000,25.0,0.25,39.50632813983238,0.8555714896524635,0.6215225745598125,1.0
coarse,100000,25.0,0.25,41.47417709487639,0.8514973205218749,0.6236242159371543,1.0
coarse,100000,25.0,0.25,42.169650342858226,0.8501289272193642,0.6243344322976534,1.0
coarse,100000,25.0,0.25,43.540046536566486,0.8475349981994011,0.6256892487688633,1.0
coarse,100000,25.0,0.25,45.31583637600818,0.8443464447142435,0.6273515305427194,1.0
coarse,100000,25.0,0.25,45.708818961487516,0.843672306735816,0.627711162976877,1.0
coarse,100000,25.0,0.25,47.98562006816812,0.8398971644409011,0.6296836262127421,1.0
coarse,100000,25.0,0.25,48.69675251658631,0.8387836070404469,0.6302798029285644,1.0
coarse,100000,25.0,0.25,50.37583087120846,0.8362240518144147,0.6316198213144255,1.0
coarse,100000,25.0,0.25,52.32991146814947,0.833425871158116,0.6331164633857247,1.0
coarse,100000,25.0,0.25,52.88510041882383,0.8326497147843696,0.6335196783662131,1.0
coarse,100000,25.0,0.25,55.5193591438621,0.8291670288954203,0.6353802290284314,1.0
coarse,100000,25.0,0.25,56.23413251903491,0.8282576633968608,0.6358576799406281,1.0
coarse,100000,25.0,0.25,58.28483287984838,0.8257549093898872,0.6371882993730565,1.0
coarse,100000,25.0,0.25,60.42963902381328,0.8232787599191232,0.6385106257292295,1.0
coarse,100000,25.0,0.25,61.18805757518219,0.8224323871026055,0.6389600876126335,1.0
coarse,100000,25.0,0.25,64.23589474026393,0.819196451422037,0.6406954717601908,1.0
coarse,100000,25.0,0.25,64.93816315762113,0.8184794669453289,0.6410752039171521,1.0
coarse,100000,25.0,0.25,67.435547664057,0.8160441666377256,0.6423943336662336,1.0
coarse,100000,25.0,0.25,69.78305848598663,0.813850319150044,0.6435512107383923,1.0
coarse,100000,25.0,0.25,70.79457843841381,0.8129476812023505,0.6440383699535989,1.0
coarse,100000,25.0,0.25,74.32092583039913,0.8099284517523113,0.6456452519676951,1.0
coarse,100000,25.0,0.25,74.98942093324558,0.8093820660802451,0.6459383331143956,1.0
coarse,100000,25.0,0.25,78.02292404485208,0.80698437984743,0.6472153118957508,1.0
coarse,100000,25.0,0.25,80.58421877614818,0.8050656587969156,0.648236146105367,1.0
coarse,100000,25.0,0.25,81.90932242152977,0.8041127354524684,0.6487483737090667,1.0
coarse,100000,25.0,0.25,85.98930611338423,0.8012904867626386,0.6502294622538224,1.0
coarse,100000,25.0,0.25,86.59643233600653,0.8008922368037478,0.6504441102682262,1.0
coarse,100000,25.0,0.25,90.27251779484578,0.7985299316914009,0.6516693221872538,1.0
coarse,100000,25.0,0.25,93.0572040929699,0.7968481450070173,0.6525579477850325,1.0
coarse,100000,25.0,0.25,94.76908045141592,0.7958337449409383,0.6530715671784231,1.0
coarse,100000,25.0,0.25,99.4896213044336,0.7931993740131011,0.6544359581496247,1.0
coarse,100000,25.0,0.25,100.0,0.7929212495067538,0.6545742277611376,1.0
coarse,100000,25.0,0.25,104.44529692755633,0.7906084430330229,0.6557506995847281,1.0
coarse,100000,25.0,0.25,107.46078283213176,0.7891116907844703,0.6564982332652796,1.0
coarse,100000,25.0,0.25,109.64781961431851,0.7880641474993529,0.6570197036323899,1.0
coarse,100000,25.0,0.25,115.10948505908407,0.785573957269746,0.65824989952969,1.0
coarse,100000,25.0,0.25,115.47819846894582,0.7854112001672682,0.658328901726941,1.0
coarse,100000,25.0,0.25,120.84320141681312,0.7831354712997213,0.6594409799163559,1.0
coarse,100000,25.0,0.25,124.09377607517196,0.781811635858309,0.6600650411938404,1.0
coarse,100000,25.0,0.25,126.86251981032602,0.7807349183242268,0.6605842886566846,1.0
coarse,100000,25.0,0.25,133.1816663571621,0.7783662206312273,0.6616767733603227,1.0
coarse,100000,25.0,0.25,133.3521432163324,0.778304971447011,0.661705327222186,1.0
coarse,100000,25.0,0.25,139.81557579172983,0.7760417840207254,0.6627288287768422,1.0
coarse,100000,25.0,0.25,143.30125702369628,0.7748832846335932,0.6632482996782693,1.0
coarse,100000,25.0,0.25,146.77992676220705,0.7737593345590367,0.6637400738388881,1.0
coarse,100000,25.0,0.25,153.9926526059492,0.7715387461783142,0.6646923594712734,1.0
coarse,100000,25.0,0.25,154.09117888561602,0.7715097716632837,0.664705065838597,1.0
coarse,100000,25.0,0.25,161.76661164864794,0.7692773337910184,0.6656134150660422,1.0
coarse,100000,25.0,0.25,165.48170999431815,0.768257368766523,0.6660311516289705,1.0
coarse,100000,25.0,0.25,169.82436524617444,0.7670796292472972,0.6664792558336053,1.0
coarse,100000,25.0,0.25,177.82794100389228,0.7650294389170729,0.6672612123915661,1.0
coarse,100000,25.0,0.25,178.28348345396734,0.7649144885706639,0.6673021278838827,1.0
coarse,100000,25.0,0.25,187.16395863694845,0.762777672868287,0.6680799991002936,1.0
coarse,100000,25.0,0.25,191.09529749704404,0.761855303897864,0.6683863541382209,1.0
coarse,100000,25.0,0.25,196.4867789993468,0.7606430699505466,0.6687945102320706,1.0
coarse,100000,25.0,0.25,205.3525026457146,0.7587273574695993,0.6694043435280564,1.0
coarse,100000,25.0,0.25,206.27397818843016,0.7585338925400729,0.6694639443740286,1.0
coarse,100000,25.0,0.25,216.54868736904876,0.756448055029861,0.6700877570118229,1.0
coarse,100000,25.0,0.25,220.673406908459,0.7556380343100999,0.6703127907132712,1.0
coarse,100000,25.0,0.25,227.33518989206314,0.7543835146719096,0.6706654055990388,1.0
coarse,100000,25.0,0.25,237.13737056616552,0.752579800863233,0.6711091463871305,1.0
coarse,100000,25.0,0.25,238.65897868585807,0.7523118402662322,0.6711764054473768,1.0
coarse,100000,25.0,0.25,250.5468165065873,0.7502534234264381,0.6716369877880484,1.0
coarse,100000,25.0,0.25,254.82967479793464,0.7495451466475396,0.6717906990611685,1.0
coarse,100000,25.0,0.25,263.02679918953817,0.748209235663288,0.6720487725751044,1.0
coarse,100000,25.0,0.25,273.8419634264361,0.7465265760783898,0.6723545726347138,1.0
coarse,100000,25.0,0.25,276.128422051113,0.7461772974490821,0.6724111299254464,1.0
coarse,100000,25.0,0.25,289.88264959835425,0.7441334339709411,0.6727063980685457,1.0
coarse,100000,25.0,0.25,294.2727176209282,0.7435083832250421,0.6727914135578487,1.0
coarse,100000,25.0,0.25,304.32198871077225,0.7420881087724972,0.6729433077287618,1.0
coarse,100000,25.0,0.25,316.22776601683796,0.7404827943133782,0.6730976668948386,1.0
coarse,100000,25.0,0.25,319.4805654674313,0.7400479403652436,0.6731276975500514,1.0
coarse,100000,25.0,0.25,335.394205800866,0.7380109985469874,0.6732588489868541,1.0
coarse,100000,25.0,0.25,352.1005201684521,0.7359577396765431,0.6733222986824712,1.0
coarse,100000,25.0,0.25,369.6389924413366,0.733887647544089,0.6733182476695297,1.0
coarse,100000,25.0,0.25,388.0510732210183,0.7318136201379629,0.6732573965094778,1.0
coarse,100000,25.0,0.25,407.380277804113,0.7297337672496412,0.6731389401723333,1.0
coarse,100000,25.0,0.25,427.67228902684343,0.7276337098307354,0.6729521514515593,1.0
coarse,100000,25.0,0.25,448.97506523231453,0.7255005917779757,0.6726873498115189,1.0
coarse,100000,25.0,0.25,471.3389536157405,0.7233543912715154,0.672360916448811,1.0
coarse,100000,25.0,0.25,494.8168092155145,0.7211932549256448,0.6719719673291654,1.0
coarse,100000,25.0,0.25,519.4641198313342,0.71900867049877,0.6715142246909097,1.0
coarse,100000,25.0,0.25,545.3391371646278,0.7167737649889718,0.6709664370648651,1.0
coarse,100000,25.0,0.25,572.5030144912078,0.7145165714939059,0.6703516700603677,1.0
coarse,100000,25.0,0.25,601.0199511915373,0.7122352785572585,0.6696689757738106,1.0
coarse,100000,25.0,0.25,630.9573444801937,0.7099281164442409,0.6689174233992241,1.0
coarse,100000,25.0,0.5,0.1,2.852130245288781,0.042091091481726184,1.0
coarse,100000,25.0,0.5,0.10498109808656175,2.8416758691218065,0.044062966674707285,1.0
coarse,100000,25.0,0.5,0.11021030955460301,2.830777450634496,0.04612092381141701,1.0
coarse,100000,25.0,0.5,0.11569999317502112,2.819495738869829,0.04826895077129674,1.0
coarse,100000,25.0,0.5,0.12146312332121417,2.807826082893994,0.05051049702564491,1.0
coarse,100000,25.0,0.5,0.1275133206328453,2.7956167794286997,0.05284726754204298,1.0
coarse,100000,25.0,0.5,0.13386488420699932,2.7828620188394226,0.05528257199397061,1.0
coarse,100000,25.0,0.5,0.14053282539281228,2.769681525979025,0.05782150632676997,1.0
coarse,100000,25.0,0.5,0.14753290326944482,2.7560721252052294,0.06046778921914501,1.0
coarse,100000,25.0,0.5,0.1548816618912481,2.7419198019101674,0.06322350475974521,1.0
coarse,100000,25.0,0.5,0.16259646938814815,2.727111313007236,0.06609043484709294,1.0
coarse,100000,25.0,0.5,0.17069555901365815,2.7118407070165564,0.0690752601038839,1.0
coarse,100000,25.0,0.5,0.1791980722375334,2.6961073426728186,0.07218187093106068,1.0
coarse,100000,25.0,0.5,0.18812410398491272,2.67984974514801,0.07541303832172004,1.0
coarse,100000,25.0,0.5,0.19749475012886664,2.662821133914739,0.07876755760775628,1.0
coarse,100000,25.0,0.5,0.2073321573485955,2.645305759193862,0.08225440843099324,1.0
coarse,100000,25.0,0.5,0.2176595754711136,2.627306858343676,0.08587750387675618,1.0
coarse,100000,25.0,0.5,0.2285014124201237,2.608828706366755,0.08964077823402894,1.0
coarse,100000,25.0,0.5,0.23988329190194904,2.5894733479089993,0.09353801233632766,1.0
coarse,100000,25.0,0.5,0.25183211396485844,2.5696233576654812,0.0975813783891294,1.0
coarse,100000,25.0,0.5,0.26437611857491,2.549289618907757,0.1017746611270153,1.0
coarse,100000,25.0,0.5,0.277544952358571,2.5284819750215157,0.10612156300332919,1.0
coarse,100000,25.0,0.5,0.29136973866985255,2.5068559214574417,0.11061447110010576,1.0
coarse,100000,25.0,0.5,0.30588315114755654,2.4846805022472953,0.11526351981825861,1.0
coarse,100000,25.0,0.5,0.3211194909364823,2.4620501454768497,0.12007436072865289,1.0
coarse,100000,25.0,0.5,0.33711476775509625,2.438981772283465,0.12505020367962805,1.0
coarse,100000,25.0,0.5,0.35390678500126244,2.4152031939990244,0.1301824613738896,1.0
coarse,100000,25.0,0.5,0.37153522909717257,2.3908480731293382,0.1354766810501506,1.0
coarse,100000,25.0,0.5,0.39004176328463463,2.366104252778978,0.1409416526369659,1.0
coarse,100000,25.0,0.5,0.4094701260923973,2.3409968687296514,0.14657981923982674,1.0
coarse,100000,25.0,0.5,0.42986623470822766,2.3153410650489854,0.1523825222906205,1.0
coarse,100000,25.0,0.5,0.45127829350005433,2.28912340808946,0.15834721157138348,1.0
coarse,100000,25.0,0.5,0.473756907942654,2.262627053611306,0.16448765253746075,1.0
coarse,100000,25.0,0.5,0.49735520421913965,2.235885596782138,0.17080528800624573,1.0
coarse,100000,25.0,0.5,0.5221289547799146,2.2088087505603546,0.17729290265360048,1.0
coarse,100000,25.0,0.5,0.5481367101558418,2.181239874246941,0.18393544030253015,1.0
coarse,100000,25.0,0.5,0.5754399373371569,2.153547554872737,0.19075408603203664,1.0
coarse,100000,25.0,0.5,0.6041031650451701,2.1257725932051317,0.19774916414452592,1.0
coarse,100000,25.0,0.5,0.6341941362400942,2.097914972482777,0.20491706234957485,1.0
coarse,100000,25.0,0.5,0.6657839682254364,2.0696982266529766,0.21222526493190197,1.0
coarse,100000,25.0,0.5,0.6989473207273484,2.0415520434596686,0.21970531352482137,1.0
coarse,100000,25.0,0.5,0.7337625723461731,2.0135211936305595,0.22735648939792888,1.0
coarse,100000,25.0,0.5,0.7703120057972147,1.9856490049680606,0.23517779758620147,1.0
coarse,100000,25.0,0.5,0.8086820023785352,1.9576691636555414,0.24312541619723563,1.0
coarse,100000,25.0,0.5,0.8489632461253815,1.9299467199992848,0.25123339089009733,1.0
coarse,100000,25.0,0.5,0.8912509381337457,1.9025543198797101,0.25950391500693437,1.0
coarse,100000,25.0,0.5,0.9356450215595893,1.87553309227701,0.2679353185470551,1.0
coarse,100000,25.0,0.5,0.9822504178255043,1.8487299032026274,0.27648706906596243,1.0
coarse,100000,25.0,0.5,1.0311772745930554,1.8221262073248083,0.284969616401053,0.9996324464079048
coarse,100000,25.0,0.5,1.0825412260868696,1.7956514730574178,0.2932236652115539,0.9986445722075686
coarse,100000,25.0,0.5,1.1364636663857248,1.7692181145420096,0.30113164273094345,0.9969037191150729
coarse,100000,25.0,0.5,1.1930720363265337,1.7426308631899723,0.30854336682276057,0.9942963912967294
coarse,100000,25.0,0.5,1.252500124699298,1.7160123937440699,0.31549584320387025,0.9909497648497254
coarse,100000,25.0,0.5,1.314888384444878,1.689562446410499,0.32209029226957875,0.9870406831434815
coarse,100000,25.0,0.5,1.3803842646028852,1.663296557254049,0.32831948359330815,0.9826062060979559
coarse,100000,25.0,0.5,1.449142558794219,1.6371248522454873,0.3341006234109689,0.9776038459815404
coarse,100000,25.0,0.5,1.5213257710618697,1.6110386448997507,0.3393996867590322,0.9720481025604351
coarse,100000,25.0,0.5,1.5971044999346033,1.5852385017366213,0.34435096173811824,0.9661110064899104
coarse,100000,25.0,0.5,1.6766578416212374,1.5597326115916954,0.34895561220681925,0.9598214329663356
coarse,100000,25.0,0.5,1.7601738132884204,1.5344898164995477,0.35318261344078683,0.9531776635276593
coarse,100000,25.0,0.5,1.8478497974222907,1.5094274287811191,0.3569503019420136,0.9461370264672375
coarse,100000,25.0,0.5,1.9398930083242285,1.4847217409391908,0.3604095731686142,0.9388560795680465
coarse,100000,25.0,0.5,2.036520981843212,1.4603728038554444,0.36356698272102433,0.9313573741816149
coarse,100000,25.0,0.5,2.1379620895022327,1.4363779868602993,0.36642736414155447,0.9236606289762926
coarse,100000,25.0,0.5,2.244456078233844,1.41261760735513,0.36888206332481926,0.9156993270277125
coarse,100000,25.0,0.5,2.3562546370004687,1.389238126043811,0.3710819747449429,0.9076061828918919
coarse,100000,25.0,0.5,2.473621991638621,1.3662337698717415,0.37303546920844005,0.8993977443222914
coarse,100000,25.0,0.5,2.5968355293329033,1.343599416617785,0.37475151644610794,0.8910899827072742
coarse,100000,25.0,0.5,2.7261864541956613,1.3212472616057302,0.3761591684425487,0.8826453391974204
coarse,100000,25.0,0.5,2.861980475501707,1.2992521102352352,0.3773481642467423,0.8741352570844385
coarse,100000,25.0,0.5,3.004538530204693,1.2776228311851832,0.37834249497979205,0.8655819467852938
coarse,100000,25.0,0.5,3.1541975414427297,1.2563522538731295,0.37914995790224126,0.856995896021656
coarse,100000,25.0,0.5,3.311311214825911,1.2353796111476578,0.379729075650449,0.8483585405181381
coarse,100000,25.0,0.5,3.476250874387709,1.21473239477784,0.38012125907568073,0.8397010238520776
coarse,100000,25.0,0.5,3.649406340175921,1.1944323389532494,0.3803595811910846,0.8310462896806317
coarse,100000,25.0,0.5,3.831186849557289,1.1744726130029335,0.38044999751732556,0.8224006428614252
coarse,100000,25.0,0.5,4.022022024413192,1.1548134802780807,0.38036953063705475,0.8137551744838627
coarse,100000,25.0,0.5,4.22236288651233,1.135452031766432,0.3801278128718129,0.8051186739792207
coarse,100000,25.0,0.5,4.432682923460089,1.1164195101648824,0.37976248103786125,0.7965126079087295
coarse,100000,25.0,0.5,4.653479207743908,1.0977099187928436,0.37927810641783943,0.7879406946076024
coarse,100000,25.0,0.5,4.885273571519389,1.0792998398676417,0.3786642585869435,0.7793994790561015
coarse,100000,25.0,0.5,5.1286138399136485,1.061165027048844,0.37790990846060424,0.7708857834593198
coarse,100000,25.0,0.5,5.384075125760731,1.0433424514970175,0.3770552659609694,0.7624194208284684
coarse,100000,25.0,0.5,5.652261188829045,1.0258265095953003,0.3761040835928236,0.7540026731552618
coarse,100000,25.0,0.5,5.933805862753281,1.0086056320011385,0.3750549661423384,0.7456355138932423
coarse,100000,25.0,0.5,6.229374553043173,0.9916402245939147,0.37388328034228047,0.7373084153787989
coarse,100000,25.0,0.5,6.539665809709571,0.974970161190164,0.3726304091337487,0.7290394945788427
coarse,100000,25.0,0.5,6.865412978224548,0.9585899727142748,0.37129953512224595,0.7208301526958496
coarse,100000,25.0,0.5,7.207385932717452,0.9424943670586274,0.3698938292433703,0.7126817061334388
coarse,100000,25.0,0.5,7.566392895503165,0.9266397809936475,0.3683852965335123,0.7045835470103905
coarse,100000,25.0,0.5,7.943282347242818,0.9110607425907463,0.36680966248714886,0.6965497660665874
coarse,100000,25.0,0.5,8.338945032251527,0.8957542917471766,0.36517151448093416,0.6885818850220048
coarse,100000,25.0,0.5,8.754316063692443,0.8807153185005985,0.3634735288441951,0.68068062941969
coarse,100000,25.0,0.5,9.190377133632595,0.8659116151343049,0.3616968277674093,0.6728391007433201
coarse,100000,25.0,0.5,9.648158833183777,0.8513596799075445,0.3598613647104757,0.6650643691247059
coarse,100000,25.0,0.5,10.128743088211932,0.8370631703285975,0.35797632799160206,0.6573592684349676
coarse,100000,25.0,0.5,10.633265716371616,0.8230172362855027,0.35604397657650205,0.6497241080258603
coarse,100000,25.0,0.5,11.162919111508824,0.8091987134225507,0.35405236243655197,0.6421545305278367
coarse,100000,25.0,0.5,11.718955061776631,0.7956102037163384,0.3520096203647627,0.6346529555371062
coarse,100000,25.0,0.5,12.30268770812381,0.7822604759763707,0.3499281508126451,0.6272229194249507
coarse,100000,25.0,0.5,12.91549665014884,0.769144959287015,0.3478098649249406,0.6198644404883389
coarse,100000,25.0,0.5,13.558830206659357,0.756247766288444,0.3456481145275478,0.6125749153821355
coarse,100000,25.0,0.5,14.234208838643415,0.7435606065389324,0.3434421431346621,0.6053536894068955
coarse,100000,25.0,0.5,14.943228742742294,0.7310962602277387,0.34120656185784887,0.598204619965983
coarse,100000,25.0,0.5,15.687565623717566,0.7188504379181351,0.3389429877210057,0.5911275191517417
coarse,100000,25.0,0.5,16.46897865482869,0.7068131876674518,0.3366488405343218,0.5841209944937865
coarse,100000,25.0,0.5,17.289314635480615,0.69496754477568,0.33431664965198477,0.577182373675181
coarse,100000,25.0,0.5,17.78279410038923,0.6882108501117361,0.3329607373439185,0.5731993682029527
coarse,100000,25.0,0.5,18.15051235596819,0.6833295082026771,0.3319625168678022,0.5703156003334738
coarse,100000,25.0,0.5,19.054607179632484,0.671895066769759,0.32958780816240113,0.563520339835407
coarse,100000,25.0,0.5,19.109529749704404,0.6712228291251947,0.3294455281205408,0.5631199379878878
coarse,100000,25.0,0.5,20.003735853259002,0.6606591876167349,0.32719307974360423,0.5567960354413823
coarse,100000,25.0,0.5,20.53525026457146,0.6546620382467954,0.32588172384349223,0.553194732362488
coarse,100000,25.0,0.5,21.000141557086565,0.6495978626840251,0.32476576721713935,0.5501387076749626
coarse,100000,25.0,0.5,22.04617920636185,0.6387297442148961,0.32232295401752376,0.5435522494629841
coarse,100000,25.0,0.5,22.0673406908459,0.6385171862369409,0.32227460796749424,0.5434229674326052
coarse,100000,25.0,0.5,23.144321016969926,0.6280510916643604,0.3198657910432627,0.5370362224753369
coarse,100000,25.0,0.5,23.71373705661655,0.6227772231336136,0.31862913994430414,0.5338037069763821
coarse,100000,25.0,0.5,24.29716234829391,0.6175582597831085,0.3173954074219087,0.5305901807861532
coarse,100000,25.0,0.5,25.482967479793466,0.6074313403545173,0.31494997323530854,0.5243358796108947
coarse,100000,25.0,0.5,25.507427837113593,0.6072296725364237,0.3149009302909114,0.5242107141288812
coarse,100000,25.0,0.5,26.777977837039188,0.5970779525595518,0.3123944882949448,0.5179001905007176
coarse,100000,25.0,0.5,27.384196342643612,0.5924689703175574,0.31124147237138416,0.5150182943182101
coarse,100000,25.0,0.5,28.11181517869986,0.5871023833802814,0.3098789105769048,0.5116585675326313
coarse,100000,25.0,0.5,29.42727176209282,0.5778773952271348,0.30750617517368833,0.5058492849294247
coarse,100000,25.0,0.5,29.51209226666387,0.5772995730594817,0.3073551444907079,0.5054853312998201
coarse,100000,25.0,0.5,30.982118529862987,0.567652900535045,0.30481558046517165,0.49937796574232735
coarse,100000,25.0,0.5,31.622776601683793,0.5636412662532713,0.30374458465684845,0.49682670290523384
coarse,100000,25.0,0.5,32.5253682431303,0.5581670205282592,0.30226646746402225,0.49333727096812774
coarse,100000,25.0,0.5,33.982083289425596,0.549758864503565,0.29996562370798197,0.4879503591143551
coarse,100000,25.0,0.5,34.145488738336006,0.5488447890273049,0.2997125725854211,0.48736363026023916
coarse,100000,25.0,0.5,35.84630902452844,0.5396830572608534,0.29715468826009944,0.48145648485726444
coarse,100000,25.0,0.5,36.51741272548377,0.5362205317768098,0.29617261383384497,0.4792186939260016
coarse,100000,25.0,0.5,37.63184883745225,0.5306695010770391,0.29458786399252085,0.4756139966241621
coarse,100000,25.0,0.5,39.24189758484536,0.5230168471917082,0.292368663929032,0.4706300886671222
coarse,100000,25.0,0.5,39.50632813983238,0.5218018894055155,0.2920135626070227,0.4698358105718663
coarse,100000,25.0,0.5,41.47417709487639,0.513086224885772,0.28943810319373103,0.4641226171096908
coarse,100000,25.0,0.5,42.169650342858226,0.5101386244339288,0.28855668224415326,0.4621828739802436
coarse,100000,25.0,0.5,43.540046536566486,0.5045195908054533,0.2868621463305554,0.4584738300921733
coarse,100000,25.0,0.5,45.31583637600818,0.49757690860535814,0.2847393875197982,0.453875337282546
coarse,100000,25.0,0.5,45.708818961487516,0.4960934554083134,0.284282938553569,0.4528881360104809
coarse,100000,25.0,0.5,47.98562006816812,0.4877995037268056,0.2816979822873463,0.4473643121096071
coarse,100000,25.0,0.5,48.69675251658631,0.48532297265436836,0.28091931927243463,0.4457057293715532
coarse,100000,25.0,0.5,50.37583087120846,0.47964657628648827,0.2791148707231417,0.44190327995453454
coarse,100000,25.0,0.5,52.32991146814947,0.4733656979120851,0.2770973171600042,0.4376719500835083
coarse,100000,25.0,0.5,52.88510041882383,0.47163197595631073,0.27653415159192585,0.43650443867044675
coarse,100000,25.0,0.5,55.5193591438621,0.4637505798652516,0.27395491817688555,0.4311668913522754
coarse,100000,25.0,0.5,56.23413251903491,0.46169347945981376,0.27327370911219606,0.4297718148779966
coarse,100000,25.0,0.5,58.28483287984838,0.4559885673360161,0.2713713234025547,0.4258887422596474
coarse,100000,25.0,0.5,60.42963902381328,0.4503044572328426,0.2694542081033522,0.4220042662494681
coarse,100000,25.0,0.5,61.18805757518219,0.4483574005127843,0.26879204191118006,0.42067109843351275
coarse,100000,25.0,0.5,64.23589474026393,0.4408545881225784,0.26621752377333524,0.4155133530785733
coarse,100000,25.0,0.5,64.93816315762113,0.4391907450301252,0.26564069737829993,0.41436744980176987
coarse,100000,25.0,0.5,67.435547664057,0.4334777011627916,0.263648208180176,0.41041490306351097
coarse,100000,25.0,0.5,69.78305848598663,0.42834466306554775,0.2618349224435251,0.4068594978527088
coarse,100000,25.0,0.5,70.79457843841381,0.42620909738710466,0.2610760559432037,0.4053734499731957
coarse,100000,25.0,0.5,74.32092583039913,0.4190614331334247,0.2585099790257701,0.40039011862617196
coarse,100000,25.0,0.5,74.98942093324558,0.41775873283136006,0.25803849736205225,0.39947853244429393
coarse,100000,25.0,0.5,78.02292404485208,0.4120328386350173,0.25595058342310567,0.39546435122711143
coarse,100000,25.0,0.5,80.58421877614818,0.4074256720739132,0.254252910780715,0.39222266809445655
coarse,100000,25.0,0.5,81.90932242152977,0.40512107249516327,0.2533982251562966,0.3905955458624916
coarse,100000,25.0,0.5,85.98930611338423,0.39831182579590946,0.2508466973032793,0.3857818076003441
coarse,100000,25.0,0.5,86.59643233600653,0.3973383899334351,0.2504795317507614,0.3850900143403099
coarse,100000,25.0,0.5,90.27251779484578,0.3916119661945332,0.24830135246258997,0.3810235406343738
coarse,100000,25.0,0.5,93.0572040929699,0.38748706090164603,0.24671804382818102,0.3780783678531728
coarse,100000,25.0,0.5,94.76908045141592,0.38502253652142726,0.24576421008405447,0.3763204868126041
coarse,100000,25.0,0.5,99.4896213044336,0.3785414706282232,0.24323555425491666,0.3716720501462808
coarse,100000,25.0,0.5,100.0,0.3778629584484059,0.24296854716511432,0.37118563007918576
coarse,100000,25.0,0.5,104.44529692755633,0.37215755382771565,0.24071078846971147,0.36707667810670747
coarse,100000,25.0,0.5,107.46078283213176,0.3684645973671434,0.2392348141791913,0.3644104462997399
coarse,100000,25.0,0.5,109.64781961431851,0.3658722060384189,0.23819208356686092,0.3625341557490521
coarse,100000,25.0,0.5,115.10948505908407,0.3596892535165679,0.23568275626037852,0.35804450016440625
coarse,100000,25.0,0.5,115.47819846894582,0.35928558855863885,0.23551777136588423,0.35775092168681866
coarse,100000,25.0,0.5,120.84320141681312,0.3536067942194451,0.23318302905237898,0.35360712505606817
coarse,100000,25.0,0.5,124.09377607517196,0.3503197137102001,0.23181825302768466,0.3512051670065752
coarse,100000,25.0,0.5,126.86251981032602,0.3476165421465804,0.23068976259469476,0.34922078310976545
coarse,100000,25.0,0.5,133.1816663571621,0.34171467668565514,0.22820219219604257,0.34488469504093167
coarse,100000,25.0,0.5,133.3521432163324,0.34156092133898763,0.22813700597289838,0.3447713001353774
coarse,100000,25.0,0.5,139.81557579172983,0.33590774082201885,0.2257248746222565,0.34059914828039545
coarse,100000,25.0,0.5,143.30125702369628,0.33300332296413065,0.22447469403806738,0.3384474474295016
coarse,100000,25.0,0.5,146.77992676220705,0.3301939864846351,0.22325798020556628,0.3363635691217259
coarse,100000,25.0,0.5,153.9926526059492,0.3246411894145351,0.22083190244969159,0.33223174496146063
coarse,100000,25.0,0.5,154.09117888561602,0.32456795449790454,0.2207997334860875,0.33217699824135516
coarse,100000,25.0,0.5,161.76661164864794,0.3190206752093144,0.21834656491278434,0.32803810736164324
coarse,100000,25.0,0.5,165.48170999431815,0.3164655791811862,0.21720740220111812,0.3261219864414375
coarse,100000,25.0,0.5,169.82436524617444,0.3135613956356085,0.21590426594837583,0.3239474658192197
coarse,100000,25.0,0.5,177.82794100389228,0.30847011337971775,0.21360113803988948,0.32011622146342117
coarse,100000,25.0,0.5,178.28348345396734,0.30818851252392643,0.21347296336068905,0.31990451467260345
coarse,100000,25.0,0.5,187.16395863694845,0.3028993471638439,0.21105220548461703,0.3159085824584511
coarse,100000,25.0,0.5,191.09529749704404,0.3006538807047034,0.2100157300743909,0.31421307268484433
coarse,100000,25.0,0.5,196.4867789993468,0.29767977240653315,0.20863564630995182,0.3119577734535464
coarse,100000,25.0,0.5,205.3525026457146,0.293011742566372,0.20645147599502187,0.30841072065193276
coarse,100000,25.0,0.5,206.27397818843016,0.2925417734993813,0.20623035290896574,0.3080529648266541
coarse,100000,25.0,0.5,216.54868736904876,0.28748388393726515,0.20383641653182008,0.3041936140436358
coarse,100000,25.0,0.5,220.673406908459,0.2855387044854256,0.20290861556923945,0.3027073604746927
coarse,100000,25.0,0.5,227.33518989206314,0.2825046788253448,0.20145392804233525,0.3003791851503008
coarse,100000,25.0,0.5,237.13737056616552,0.2782299134131736,0.1993873344061051,0.29710120250855315
coarse,100000,25.0,0.5,238.65897868585807,0.27758936555657804,0.199076068946604,0.2966076687602101
coarse,100000,25.0,0.5,250.5468165065873,0.272748156005643,0.19670889783806667,0.2928797868710337
coarse,100000,25.0,0.5,254.82967479793464,0.27108065525143415,0.19588776768431287,0.29159047298223567
coarse,100000,25.0,0.5,263.02679918953817,0.2679812422329554,0.194353267005764,0.2891951818631499
coarse,100000,25.0,0.5,273.8419634264361,0.2640863525790088,0.19241000385960705,0.28617341458037837
coarse,100000,25.0,0.5,276.128422051113,0.26328732718237013,0.19200924105445313,0.2855533356143914
coarse,100000,25.0,0.5,289.88264959835425,0.2586542961467166,0.1896712432935255,0.2819524889879208
coarse,100000,25.0,0.5,294.2727176209282,0.25723856880827517,0.18895200627912942,0.2808478266390401
coarse,100000,25.0,0.5,304.32198871077225,0.2540871867469246,0.18734258590665182,0.2783928211411274
coarse,100000,25.0,0.5,316.22776601683796,0.2505330436120783,0.18551377362465427,0.27561196947907113
coarse,100000,25.0,0.5,319.4805654674313,0.24958901366403058,0.18502550895987596,0.2748743063660935
coarse,100000,25.0,0.5,335.394205800866,0.24515860228419828,0.18272005842014533,0.2713964453569523
coarse,100000,25.0,0.5,352.1005201684521,0.24078654455217754,0.18042192833475107,0.26795775023015445
coarse,100000,25.0,0.5,369.6389924413366,0.23647258730317636,0.1781315942306978,0.26455779989216377
coarse,100000,25.0,0.5,388.0510732210183,0.2322226472021861,0.1758527723452382,0.26119694080889705
coarse,100000,25.0,0.5,407.380277804113,0.2280356679642685,0.17358549779664625,0.2578746933763865
coarse,100000,25.0,0.5,427.67228902684343,0.22390501347348932,0.17132680375191006,0.25458987445445824
coarse,100000,25.0,0.5,448.97506523231453,0.21982496522810896,0.16907416818349327,0.25134138204154777
coarse,100000,25.0,0.5,471.3389536157405,0.21580444777779406,0.1668329046872338,0.24812998585401166
coarse,100000,25.0,0.5,494.8168092155145,0.2118425203871391,0.16460304573600834,0.24495522691257976
coarse,100000,25.0,0.5,519.4641198313342,0.20793541243093805,0.16238306605359365,0.24181627146965756
coarse,100000,25.0,0.5,545.3391371646278,0.2040717264027309,0.16016722767737918,0.23871123625501872
coarse,100000,25.0,0.5,572.5030144912078,0.20026351715987414,0.1579625889531522,0.23564137453245562
coarse,100000,25.0,0.5,601.0199511915373,0.1965099580816608,0.15576918856584357,0.2326062490588733
coarse,100000,25.0,0.5,630.9573444801937,0.19281025535978716,0.15358707235712998,0.22960542958598637
coarse,100000,25.0,2.0,0.1,2.852130245288781,0.042091091481726184,1.0
coarse,100000,25.0,2.0,0.10498109808656175,2.8416758691218065,0.044062966674707285,1.0
coarse,100000,25.0,2.0,0.11021030955460301,2.830777450634496,0.04612092381141701,1.0
coarse,100000,25.0,2.0,0.11569999317502112,2.819495738869829,0.04826895077129674,1.0
coarse,100000,25.0,2.0,0.12146312332121417,2.807826082893994,0.05051049702564491,1.0
coarse,100000,25.0,2.0,0.1275133206328453,2.7956167794286997,0.05284726754204298,1.0
coarse,100000,25.0,2.0,0.13386488420699932,2.7828620188394226,0.05528257199397061,1.0
coarse,100000,25.0,2.0,0.14053282539281228,2.769681525979025,0.05782150632676997,1.0
coarse,100000,25.0,2.0,0.14753290326944482,2.7560721252052294,0.06046778921914501,1.0
coarse,100000,25.0,2.0,0.1548816618912481,2.7419198019101674,0.06322350475974521,1.0
coarse,100000,25.0,2.0,0.16259646938814815,2.727111313007236,0.06609043484709294,1.0
coarse,100000,25.0,2.0,0.17069555901365815,2.7118407070165564,0.0690752601038839,1.0
coarse,100000,25.0,2.0,0.1791980722375334,2.6961073426728186,0.07218187093106068,1.0
coarse,100000,25.0,2.0,0.18812410398491272,2.67984974514801,0.07541303832172004,1.0
coarse,100000,25.0,2.0,0.19749475012886664,2.662821133914739,0.07876755760775628,1.0
coarse,100000,25.0,2.0,0.2073321573485955,2.645305759193862,0.08225440843099324,1.0
coarse,100000,25.0,2.0,0.2176595754711136,2.627306858343676,0.08587750387675618,1.0
coarse,100000,25.0,2.0,0.2285014124201237,2.608828706366755,0.08964077823402894,1.0
coarse,100000,25.0,2.0,0.23988329190194904,2.5894733479089993,0.09353801233632766,1.0
coarse,100000,25.0,2.0,0.25183211396485844,2.5696233576654812,0.0975813783891294,1.0
coarse,100000,25.0,2.0,0.26437611857491,2.549289618907757,0.1017746611270153,1.0
coarse,100000,25.0,2.0,0.277544952358571,2.5284819750215157,0.10612156300332919,1.0
coarse,100000,25.0,2.0,0.29136973866985255,2.5068559214574417,0.11061447110010576,1.0
coarse,100000,25.0,2.0,0.30588315114755654,2.4846805022472953,0.11526351981825861,1.0
coarse,100000,25.0,2.0,0.3211194909364823,2.4620501454768497,0.12007436072865289,1.0
coarse,100000,25.0,2.0,0.33711476775509625,2.438981772283465,0.12505020367962805,1.0
coarse,100000,25.0,2.0,0.35390678500126244,2.4152031939990244,0.1301824613738896,1.0
coarse,100000,25.0,2.0,0.37153522909717257,2.3908480731293382,0.1354766810501506,1.0
coarse,100000,25.0,2.0,0.39004176328463463,2.366104252778978,0.1409416526369659,1.0
coarse,100000,25.0,2.0,0.4094701260923973,2.3409968687296514,0.14657981923982674,1.0
coarse,100000,25.0,2.0,0.42986623470822766,2.3153410650489854,0.1523825222906205,1.0
coarse,100000,25.0,2.0,0.45127829350005433,2.28912340808946,0.15834721157138348,1.0
coarse,100000,25.0,2.0,0.473756907942654,2.262627053611306,0.16448765253746075,1.0
coarse,100000,25.0,2.0,0.49735520421913965,2.235885596782138,0.17080528800624573,1.0
coarse,100000,25.0,2.0,0.5221289547799146,2.2088087505603546,0.17729290265360048,1.0
coarse,100000,25.0,2.0,0.5481367101558418,2.181239874246941,0.18393544030253015,1.0
coarse,100000,25.0,2.0,0.5754399373371569,2.153547554872737,0.19075408603203664,1.0
coarse,100000,25.0,2.0,0.6041031650451701,2.1257725932051317,0.19774916414452592,1.0
coarse,100000,25.0,2.0,0.6341941362400942,2.097914972482777,0.20491706234957485,1.0
coarse,100000,25.0,2.0,0.6657839682254364,2.0696982266529766,0.21222526493190197,1.0
coarse,100000,25.0,2.0,0.6989473207273484,2.0415520434596686,0.21970531352482137,1.0
coarse,100000,25.0,2.0,0.7337625723461731,2.0135211936305595,0.22735648939792888,1.0
coarse,100000,25.0,2.0,0.7703120057972147,1.9856490049680606,0.23517779758620147,1.0
coarse,100000,25.0,2.0,0.8086820023785352,1.9576691636555414,0.24312541619723563,1.0
coarse,100000,25.0,2.0,0.8489632461253815,1.9299467199992848,0.25123339089009733,1.0
coarse,100000,25.0,2.0,0.8912509381337457,1.9025543198797101,0.25950391500693437,1.0
coarse,100000,25.0,2.0,0.9356450215595893,1.87553309227701,0.2679353185470551,1.0
coarse,100000,25.0,2.0,0.9822504178255043,1.8487299032026274,0.27648706906596243,1.0
coarse,100000,25.0,2.0,1.0311772745930554,1.8214788191985058,0.2843609976345572,0.9974974992715556
coarse,100000,25.0,2.0,1.0825412260868696,1.7932553589265918,0.2909679203991504,0.9909620841261008
coarse,100000,25.0,2.0,1.1364636663857248,1.7637111902346754,0.2959391856661658,0.9797139621294638
coarse,100000,25.0,2.0,1.1930720363265337,1.7325065620796511,0.29898770918457196,0.9635028078729257
coarse,100000,25.0,2.0,1.252500124699298,1.7000298229195845,0.30039789845911186,0.9435282056855857
coarse,100000,25.0,2.0,1.314888384444878,1.6667863221470613,0.3005542013944593,0.9210436681455051
coarse,100000,25.0,2.0,1.3803842646028852,1.632888727931443,0.2995391850388015,0.8964715068607929
coarse,100000,25.0,2.0,1.449142558794219,1.5982584695519384,0.29728086608654,0.8698664344167856
coarse,100000,25.0,2.0,1.5213257710618697,1.5629940336204773,0.29384516670111394,0.8415789639227509
coarse,100000,25.0,2.0,1.5971044999346033,1.5275654414287057,0.2896178772871925,0.8125518729818255
coarse,100000,25.0,2.0,1.6766578416212374,1.4920705300133172,0.28468499593571794,0.7830415995175001
coarse,100000,25.0,2.0,1.7601738132884204,1.45654231615677,0.2790766640498748,0.7531787592617474
coarse,100000,25.0,2.0,1.8478497974222907,1.4209470312039394,0.27275711158562876,0.7229734814605702
coarse,100000,25.0,2.0,1.9398930083242285,1.3856523787685964,0.266058216521713,0.6930736381510595
coarse,100000,25.0,2.0,2.036520981843212,1.3507240185739005,0.259049823294599,0.6636135146270999
coarse,100000,25.0,2.0,2.1379620895022327,1.3162194475634643,0.25179487881910945,0.6347042794904989
coarse,100000,25.0,2.0,2.244456078233844,1.2820600238770257,0.2442225357181481,0.6062490802248314
coarse,100000,25.0,2.0,2.3562546370004687,1.2484892649338644,0.2365783335921031,0.5786321430838497
coarse,100000,25.0,2.0,2.473621991638621,1.2155379185423303,0.22890680691148782,0.5518999741045332
coarse,100000,25.0,2.0,2.5968355293329033,1.1832326739624206,0.221248525799263,0.5260881847741026
coarse,100000,25.0,2.0,2.7261864541956613,1.1515341338905618,0.2135774264922914,0.5011525329336549
coarse,100000,25.0,2.0,2.861980475501707,1.1205361916386092,0.20600446649522686,0.4772138421285625
coarse,100000,25.0,2.0,3.004538530204693,1.0902576399250645,0.1985648990914409,0.4542820174825324
coarse,100000,25.0,2.0,3.1541975414427297,1.06070060468917,0.19127663016254615,0.43234420481307184
coarse,100000,25.0,2.0,3.311311214825911,1.0318392622352237,0.18413085115117286,0.41136955309360135
coarse,100000,25.0,2.0,3.476250874387709,1.0036940795758178,0.1771644136157104,0.3913623243935599
coarse,100000,25.0,2.0,3.649406340175921,0.9762712724761071,0.17039762432857603,0.3723011604577307
coarse,100000,25.0,2.0,3.831186849557289,0.9495604928713024,0.16383407204433856,0.3541523118704533
coarse,100000,25.0,2.0,4.022022024413192,0.9235398897312336,0.1574676866465734,0.33688330557928614
coarse,100000,25.0,2.0,4.22236288651233,0.89820139435982,0.15130416059816418,0.32046538301950694
coarse,100000,25.0,2.0,4.432682923460089,0.8735437326252449,0.14535208814587705,0.3048610027974555
coarse,100000,25.0,2.0,4.653479207743908,0.8495521998883178,0.13960843132217776,0.2900329929086054
coarse,100000,25.0,2.0,4.885273571519389,0.8262079552421153,0.1340672621579444,0.2759488172300996
coarse,100000,25.0,2.0,5.1286138399136485,0.8034933348418377,0.12872394831282244,0.26257967712283903
coarse,100000,25.0,2.0,5.384075125760731,0.7814032496886122,0.12358031810394718,0.24988388456657282
coarse,100000,25.0,2.0,5.652261188829045,0.759922066013249,0.11863101166381206,0.23782804764881335
coarse,100000,25.0,2.0,5.933805862753281,0.7390333026113506,0.11387021283903602,0.23174120810669446
coarse,100000,25.0,2.0,6.229374553043173,0.7187165968776622,0.10929126511127604,0.22617102594202693
coarse,100000,25.0,2.0,6.539665809709571,0.6989646177727256,0.10489194684819471,0.22073442669709198
coarse,100000,25.0,2.0,6.865412978224548,0.6797620149886904,0.1006662874492681,0.21542831142299054
coarse,100000,25.0,2.0,7.207385932717452,0.6610937608670222,0.09660841061849665,0.21024964950711114
coarse,100000,25.0,2.0,7.566392895503165,0.6429400620070194,0.0927125629909491,0.20519309565571797
coarse,100000,25.0,2.0,7.943282347242818,0.6252918921261358,0.08897387590888914,0.2002579964141111
coarse,100000,25.0,2.0,8.338945032251527,0.608135175283162,0.08538651353346814,0.19544163665241537
coarse,100000,25.0,2.0,8.754316063692443,0.5914559036355048,0.08194478041506673,0.19074123002494256
coarse,100000,25.0,2.0,9.190377133632595,0.5752368877963466,0.07864390719873009,0.18615217431614983
coarse,100000,25.0,2.0,9.648158833183777,0.5594674249561027,0.07547830537605493,0.1816731082406998
coarse,100000,25.0,2.0,10.128743088211932,0.5441355567992152,0.07244242247731761,0.17730200223614231
coarse,100000,25.0,2.0,10.633265716371616,0.5292286011297248,0.06953107560350048,0.1730363151190196
coarse,100000,25.0,2.0,11.162919111508824,0.5147316101767352,0.06674004668394652,0.16887215138913067
coarse,100000,25.0,2.0,11.718955061776631,0.5006333235687436,0.0640643587396991,0.1648074922865673
coarse,100000,25.0,2.0,12.30268770812381,0.48692391665558205,0.061498763312115935,0.1608409601831678
coarse,100000,25.0,2.0,12.91549665014884,0.4735920821562569,0.059038716641951025,0.15697024129415843
coarse,100000,25.0,2.0,13.558830206659357,0.46062496669371317,0.05668039892613953,0.1531921066894569
coarse,100000,25.0,2.0,14.234208838643415,0.4480109210400676,0.05441983591128809,0.14950389198677672
coarse,100000,25.0,2.0,14.943228742742294,0.43574231009714054,0.05225216524132658,0.14590484379750615
coarse,100000,25.0,2.0,15.687565623717566,0.423809132562801,0.05017348898650064,0.1423928571153772
coarse,100000,25.0,2.0,16.46897865482869,0.4122005769573898,0.04818034245673241,0.13896533824337332
coarse,100000,25.0,2.0,17.289314635480615,0.40090440072799294,0.046269725451212676,0.1356189771201853
coarse,100000,25.0,2.0,17.78279410038923,0.39450664068052216,0.04519922713787728,0.13371934565530508
coarse,100000,25.0,2.0,18.15051235596819,0.3899152081555995,0.04443724152951306,0.1323536247914114
coarse,100000,25.0,2.0,19.054607179632484,0.37922419006484764,0.042679591117270696,0.12916736802230366
coarse,100000,25.0,2.0,19.109529749704404,0.3786000063322009,0.04257786279870636,0.1289809987015391
coarse,100000,25.0,2.0,20.003735853259002,0.368822560980977,0.04099366446259196,0.1260582247882792
coarse,100000,25.0,2.0,20.53525026457146,0.363324427854588,0.04011355572377702,0.12441054649446281
coarse,100000,25.0,2.0,21.000141557086565,0.3586971559322959,0.0393772478863968,0.12302223027081512
coarse,100000,25.0,2.0,22.04617920636185,0.3488448378899428,0.03782646448310159,0.12005982453807998
coarse,100000,25.0,2.0,22.0673406908459,0.3486530880809806,0.037796497571525825,0.12000208814842131
coarse,100000,25.0,2.0,23.144321016969926,0.3392578609915246,0.03633854389363648,0.11716927001454792
coarse,100000,25.0,2.0,23.71373705661655,0.334560404473518,0.03561748812883191,0.11574992748933906
coarse,100000,25.0,2.0,24.29716234829391,0.3299287254352645,0.03491083715684693,0.1143488712639651
coarse,100000,25.0,2.0,25.482967479793466,0.3210219739539208,0.03356790421562615,0.11164856641682715
coarse,100000,25.0,2.0,25.507427837113593,0.32084518917902405,0.03354140262393671,0.11159491347137322
coarse,100000,25.0,2.0,26.777977837039188,0.3120041765725632,0.032227196729526585,0.10890749375412972
coarse,100000,25.0,2.0,27.384196342643612,0.30801451869910795,0.03163966855023937,0.10769269843743912
coarse,100000,25.0,2.0,28.11181517869986,0.30339960593156906,0.03096580725280557,0.10628534168641415
coarse,100000,25.0,2.0,29.42727176209282,0.29551511869095193,0.029825284098698838,0.10387691616052894
coarse,100000,25.0,2.0,29.51209226666387,0.2950248818835166,0.029755020957733355,0.10372691873623668
coarse,100000,25.0,2.0,30.982118529862987,0.28686947005713404,0.028593050197147436,0.10122908678193389
coarse,100000,25.0,2.0,31.622776601683793,0.2835008795741726,0.02811778209922824,0.10019561502480061
coarse,100000,25.0,2.0,32.5253682431303,0.278929232854616,0.027477594669442357,0.09879124514606932
coarse,100000,25.0,2.0,33.982083289425596,0.2719539500808041,0.026510301733312914,0.09664498322903141
coarse,100000,25.0,2.0,34.145488738336006,0.2711999967185588,0.02640655858898984,0.0964126915729298
coarse,100000,25.0,2.0,35.84630902452844,0.26367595652660275,0.025378096455531622,0.09409203073958931
coarse,100000,25.0,2.0,36.51741272548377,0.2608550498438104,0.024996655982659724,0.0932204190588029
coarse,100000,25.0,2.0,37.63184883745225,0.25634829458757125,0.02439059674633168,0.09182668703709843
coarse,100000,25.0,2.0,39.24189758484536,0.25018577696744465,0.023571058793694696,0.08991748273090187
coarse,100000,25.0,2.0,39.50632813983238,0.24921149990749086,0.023442291534433928,0.08961534808083038
coarse,100000,25.0,2.0,41.47417709487639,0.24226328739799252,0.022531400873364266,0.08745786888389802
coarse,100000,25.0,2.0,42.169650342858226,0.23992856449381075,0.022228099373118315,0.08673189094885146
coarse,100000,25.0,2.0,43.540046536566486,0.2354985405554552,0.02165638653917835,0.08535298470596166
coarse,100000,25.0,2.0,45.31583637600818,0.23006663895285762,0.020962717828363602,0.08365951162573985
coarse,100000,25.0,2.0,45.708818961487516,0.22891015941788728,0.020815828101766645,0.0832986712876053
coarse,100000,25.0,2.0,47.98562006816812,0.22249099851105025,0.020008315179701728,0.08129288828256537
coarse,100000,25.0,2.0,48.69675251658631,0.22058398096605464,0.01977018215664072,0.08069635877174246
coarse,100000,25.0,2.0,50.37583087120846,0.2162406349753253,0.019232375420771664,0.07933603941712455
coarse,100000,25.0,2.0,52.32991146814947,0.21146425445294928,0.01864607781452039,0.07783821168544898
coarse,100000,25.0,2.0,52.88510041882383,0.2101545521464317,0.018486725838421994,0.07742697893953338
coarse,100000,25.0,2.0,55.5193591438621,0.20422736138434605,0.01777014403266312,0.07556422518883431
coarse,100000,25.0,2.0,56.23413251903491,0.20269143118681243,0.017586254841586723,0.07508086142457221
coarse,100000,25.0,2.0,58.28483287984838,0.19845006994617206,0.017081440278731878,0.07374499224012913
coarse,100000,25.0,2.0,60.42963902381328,0.19425395274419419,0.01658680385323049,0.07242161400437752
coarse,100000,25.0,2.0,61.18805757518219,0.1928240864479336,0.01641943514486077,0.07197022586151079
coarse,100000,25.0,2.0,64.23589474026393,0.1873454173544587,0.01578305700350245,0.07023888868176567
coarse,100000,25.0,2.0,64.93816315762113,0.18613846681247304,0.015644105009534445,0.06985701979831063
coarse,100000,25.0,2.0,67.435547664057,0.18201018886910228,0.015171279874892522,0.06854996933054915
coarse,100000,25.0,2.0,69.78305848598663,0.17833220654536314,0.014754770187248092,0.0673837521299846
coarse,100000,25.0,2.0,70.79457843841381,0.17680794342393855,0.014583036626859804,0.06690011457321096
coarse,100000,25.0,2.0,74.32092583039913,0.17174133465264585,0.014017416846323079,0.06529061052318107
coarse,100000,25.0,2.0,74.98942093324558,0.1708229621985966,0.013915627369812023,0.06499860308854914
coarse,100000,25.0,2.0,78.02292404485208,0.16680701078839172,0.013473525360838318,0.06372058403484868
coarse,100000,25.0,2.0,80.58421877614818,0.16359905432922273,0.013123706089073282,0.06269847948828564
coarse,100000,25.0,2.0,81.90932242152977,0.16200154061247313,0.012950503129816514,0.06218912016277179
coarse,100000,25.0,2.0,85.98930611338423,0.15731603519031792,0.012447403533676784,0.06069338597586876
coarse,100000,25.0,2.0,86.59643233600653,0.15664930847585892,0.0123762238579112,0.06048039896871499
coarse,100000,25.0,2.0,90.27251779484578,0.15275118956569791,0.011963490912011715,0.05923389798307499
coarse,100000,25.0,2.0,93.0572040929699,0.14996167883678327,0.011670540023187504,0.058341015526026004
coarse,100000,25.0,2.0,94.76908045141592,0.14830529414226504,0.01149804066013282,0.0578103071422907
coarse,100000,25.0,2.0,99.4896213044336,0.14397530591835048,0.011050331948677964,0.05642178634452672
coarse,100000,25.0,2.0,100.0,0.14352495313018668,0.01100417514756487,0.0562772222021078
coarse,100000,25.0,2.0,104.44529692755633,0.13975390621070605,0.010619545706320293,0.05506601890420615
coarse,100000,25.0,2.0,107.46078283213176,0.1373316626745172,0.01037489265976217,0.05428715918453008
coarse,100000,25.0,2.0,109.64781961431851,0.13563968798352727,0.010205038796568727,0.0537427347150948
coarse,100000,25.0,2.0,115.10948505908407,0.13163257263212017,0.009806252377235784,0.052452105512076186
coarse,100000,25.0,2.0,115.47819846894582,0.13137243000577556,0.00978054651475138,0.05236825126425151
coarse,100000,25.0,2.0,120.84320141681312,0.12772985876667553,0.009422580213814627,0.05119338422749912
coarse,100000,25.0,2.0,124.09377607517196,0.12563827535342148,0.009219123386335078,0.050518016580560564
coarse,100000,25.0,2.0,126.86251981032602,0.12392579611233646,0.009053332778579387,0.04996476762416676
coarse,100000,25.0,2.0,133.1816663571621,0.12021675899367552,0.008697899237869245,0.04876518215399906
coarse,100000,25.0,2.0,133.3521432163324,0.12012059865855518,0.008688733882097548,0.04873406348612674
coarse,100000,25.0,2.0,139.81557579172983,0.11660428706856703,0.008355878944840687,0.04759531786328794
coarse,100000,25.0,2.0,143.30125702369628,0.11481116257441301,0.00818760437536815,0.047014087526490445
coarse,100000,25.0,2.0,146.77992676220705,0.11308598054943396,0.008026760880886738,0.04645450066036747
coarse,100000,25.0,2.0,153.9926526059492,0.10970207639140572,0.007714069410967082,0.045355868530478106
coarse,100000,25.0,2.0,154.09117888561602,0.10965765347534359,0.00770998355767729,0.045341438870839544
coarse,100000,25.0,2.0,161.76661164864794,0.106313366929678,0.007404925090847091,0.04425423943557496
coarse,100000,25.0,2.0,165.48170999431815,0.10478411295503713,0.007266499111667417,0.04375669786068991
coarse,100000,25.0,2.0,169.82436524617444,0.10305626509673606,0.007111333879691156,0.043194108713324825
coarse,100000,25.0,2.0,177.82794100389228,0.10004954915591802,0.006843400222278837,0.04221435332921675
coarse,100000,25.0,2.0,178.28348345396734,0.09988421537011301,0.006828778224966156,0.04216043919219266
coarse,100000,25.0,2.0,187.16395863694845,0.09679459029371325,0.0065568208789692295,0.04115244938698196
coarse,100000,25.0,2.0,191.09529749704404,0.0954936107874706,0.00644347560808965,0.040727591297332284
coarse,100000,25.0,2.0,196.4867789993468,0.09377906187213005,0.006294798268003073,0.04016741212014557
coarse,100000,25.0,2.0,205.3525026457146,0.0911096525250894,0.006065427851206814,0.03929450228657074
coarse,100000,25.0,2.0,206.27397818843016,0.0908423639418477,0.006042597963416049,0.03920704806469352
coarse,100000,25.0,2.0,216.54868736904876,0.08798260138151066,0.0057998545339328295,0.03827081050260544
coarse,100000,25.0,2.0,220.673406908459,0.08689130743109942,0.005708036878237818,0.03791324817492754
coarse,100000,25.0,2.0,227.33518989206314,0.08519793514992582,0.005566217079011775,0.03735816749411295
coarse,100000,25.0,2.0,237.13737056616552,0.08283247541667665,0.005370155057398157,0.03658205988594322
coarse,100000,25.0,2.0,238.65897868585807,0.08247987691762582,0.005341057244070474,0.03646632339268346
coarse,100000,25.0,2.0,250.5468165065873,0.07983244610692768,0.00512429369328208,0.03559673271934034
coarse,100000,25.0,2.0,254.82967479793464,0.07892731230471142,0.005050702634296344,0.03529923516501326
coarse,100000,25.0,2.0,263.02679918953817,0.07725472178481058,0.004915649210151378,0.03474916361482561
coarse,100000,25.0,2.0,273.8419634264361,0.0751702194571491,0.004748663481611216,0.034063136439430146
coarse,100000,25.0,2.0,276.128422051113,0.07474507080612547,0.004714826119925911,0.03392313843739973
coarse,100000,25.0,2.0,289.88264959835425,0.07229652004186383,0.0045212985533756266,0.03311636432987472
coarse,100000,25.0,2.0,294.2727176209282,0.07155385836232353,0.004462993417758784,0.03287151835305632
coarse,100000,25.0,2.0,304.32198871077225,0.06991063784710232,0.004334925103607791,0.03232944581975783
coarse,100000,25.0,2.0,316.22776601683796,0.06807314871599811,0.004192793306453449,0.031722886364709775
coarse,100000,25.0,2.0,319.4805654674313,0.06758802723877476,0.004155535014880187,0.031562654493810044
coarse,100000,25.0,2.0,335.394205800866,0.06532723930069599,0.0039828753800336516,0.030815562365341855
coarse,100000,25.0,2.0,352.1005201684521,0.06312281591415936,0.003816520169777744,0.030086379823102687
coarse,100000,25.0,2.0,369.6389924413366,0.06097382745800951,0.003656252349880206,0.02937485118970843
coarse,100000,25.0,2.0,388.0510732210183,0.05888238830683752,0.003502002298102867,0.02868174857858812
coarse,100000,25.0,2.0,407.380277804113,0.0568472147696712,0.0033535548700694973,0.028006689423911654
coarse,100000,25.0,2.0,427.67228902684343,0.054864359177977835,0.003210580354935153,0.027348386630985932
coarse,100000,25.0,2.0,448.97506523231453,0.052930366197173506,0.0030727759332977826,0.026705718895002145
coarse,100000,25.0,2.0,471.3389536157405,0.051048841966082344,0.0029401673288015472,0.026079953604422463
coarse,100000,25.0,2.0,494.8168092155145,0.049218651186482755,0.0028125713352512524,0.025470749716561554
coarse,100000,25.0,2.0,519.4641198313342,0.0474373453163857,0.0026897503963613325,0.024877319748969753
coarse,100000,25.0,2.0,545.3391371646278,0.0456989388526315,0.0025713100650829905,0.02429767810455327
coarse,100000,25.0,2.0,572.5030144912078,0.04400849998340675,0.0024573652512636323,0.023733578671973708
coarse,100000,25.0,2.0,601.0199511915373,0.042365026672904336,0.0023477598200984983,0.023184718286528985
coarse,100000,25.0,2.0,630.9573444801937,0.04076754817078089,0.002242343655032702,0.022650802759669263
refined,100000,25.0,0.0,0.1,2.852147176945345,0.042091255993290645,1.0
refined,100000,25.0,0.0,0.10498109808656175,2.841717524986915,0.04406338987151023,1.0
refined,100000,25.0,0.0,0.11021030955460301,2.830882782518505,0.0461220486605352,1.0
refined,100000,25.0,0.0,0.11569999317502112,2.819590592401766,0.04827001871848376,1.0
refined,100000,25.0,0.0,0.12146312332121417,2.8078577871972588,0.05051087516848645,1.0
refined,100000,25.0,0.0,0.1275133206328453,2.795652712138029,0.052847717938418984,1.0
refined,100000,25.0,0.0,0.13386488420699932,2.7829704430939772,0.05528399896584788,1.0
refined,100000,25.0,0.0,0.14053282539281228,2.7698035220948074,0.057823199948908804,1.0
refined,100000,25.0,0.0,0.14753290326944482,2.7561222218680475,0.06046852604542855,1.0
refined,100000,25.0,0.0,0.1548816618912481,2.7419469782267916,0.06322392770642038,1.0
refined,100000,25.0,0.0,0.16259646938814815,2.7272201365085844,0.06609220641899013,1.0
refined,100000,25.0,0.0,0.17069555901365815,2.7119938732245634,0.06907789161789514,1.0
refined,100000,25.0,0.0,0.1791980722375334,2.6961794714521807,0.07218318504363128,1.0
refined,100000,25.0,0.0,0.18812410398491272,2.6798647722079174,0.07541333378813374,1.0
refined,100000,25.0,0.0,0.19749475012886664,2.6629269363138937,0.07876969827965194,1.0
refined,100000,25.0,0.0,0.2073321573485955,2.645493373378843,0.08225841630494302,1.0
refined,100000,25.0,0.0,0.2176595754711136,2.627404242211814,0.08587971339516902,1.0
refined,100000,25.0,0.0,0.2285014124201237,2.6088291818032707,0.08964080584021492,1.0
refined,100000,25.0,0.0,0.23988329190194904,2.589572077021978,0.09354051076178047,1.0
refined,100000,25.0,0.0,0.25183211396485844,2.5698276336951094,0.09758683886389029,1.0
refined,100000,25.0,0.0,0.26437611857491,2.549414425969485,0.10177821133109342,1.0
refined,100000,25.0,0.0,0.277544952358571,2.528501844248231,0.10612218713185127,1.0
refined,100000,25.0,0.0,0.29136973866985255,2.506943146092228,0.11061725584230894,1.0
refined,100000,25.0,0.0,0.30588315114755654,2.4848794475004228,0.11527023024407079,1.0
refined,100000,25.0,0.0,0.3211194909364823,2.4622026571961175,0.12007984703388874,1.0
refined,100000,25.0,0.0,0.33711476775509625,2.439023017662104,0.12505182060823927,1.0
refined,100000,25.0,0.0,0.35390678500126244,2.4152745587147204,0.13018537187944992,1.0
refined,100000,25.0,0.0,0.37153522909717257,2.391034563685207,0.1354847044421673,1.0
refined,100000,25.0,0.0,0.39004176328463463,2.36628192341734,0.14094982737231493,1.0
refined,100000,25.0,0.0,0.4094701260923973,2.341059551243918,0.1465829609022863,1.0
refined,100000,25.0,0.0,0.42986623470822766,2.3153929589061506,0.15238528029964005,1.0
refined,100000,25.0,0.0,0.45127829350005433,2.2892901131122128,0.15835649326392842,1.0
refined,100000,25.0,0.0,0.473756907942654,2.262823672156172,0.16449939820447954,1.0
refined,100000,25.0,0.0,0.49735520421913965,2.2359670582437023,0.17081061244644274,1.0
refined,100000,25.0,0.0,0.5221289547799146,2.2088391292548355,0.17729509449692424,1.0
refined,100000,25.0,0.0,0.5481367101558418,2.1813802569803187,0.18394575801428287,1.0
refined,100000,25.0,0.0,0.5754399373371569,2.1537528827158385,0.19077033433226273,1.0
refined,100000,25.0,0.0,0.6041031650451701,2.125866976643559,0.19775740385169596,1.0
refined,100000,25.0,0.0,0.6341941362400942,2.0979241550098418,0.20491814807433642,1.0
refined,100000,25.0,0.0,0.6657839682254364,2.0698077817477776,0.21223619356769904,1.0
refined,100000,25.0,0.0,0.6989473207273484,2.0417524328731065,0.21972689442563886,1.0
refined,100000,25.0,0.0,0.7337625723461731,2.0136197096144555,0.2273683428675915,1.0
refined,100000,25.0,0.0,0.7703120057972147,1.9856546836168782,0.23517898417234065,1.0
refined,100000,25.0,0.0,0.8086820023785352,1.957746595979606,0.2431363313843621,1.0
refined,100000,25.0,0.0,0.8489632461253815,1.9300995621558998,0.25125671140397,1.0
refined,100000,25.0,0.0,0.8912509381337457,1.9026466606562369,0.2595198841625366,1.0
refined,100000,25.0,0.0,0.9356450215595893,1.8755489610299125,0.2679390445401591,1.0
refined,100000,25.0,0.0,0.9822504178255043,1.8487777640537553,0.27649721356679335,1.0
refined,100000,25.0,0.0,1.0311772745930554,1.8224547473455244,0.2852039850382311,1.0002134296211111
refined,100000,25.0,0.0,1.0825412260868696,1.796581089741117,0.2940464578410909,1.0012617382555489
refined,100000,25.0,0.0,1.1364636663857248,1.771243570267591,0.3030302335097241,1.0031467010752124
refined,100000,25.0,0.0,1.1930720363265337,1.746464356205561,0.3121472167786682,1.0058573771514663
refined,100000,25.0,0.0,1.252500124699298,1.7223003263046497,0.3213987253554681,1.0093272068376136
refined,100000,25.0,0.0,1.314888384444878,1.6987859539143249,0.3307820538456996,1.0135221569160546
refined,100000,25.0,0.0,1.3803842646028852,1.6759533393604202,0.3402940578490002,1.018411011379663
refined,100000,25.0,0.0,1.449142558794219,1.6538415697420192,0.34993781496183746,1.023941144554449
refined,100000,25.0,0.0,1.5213257710618697,1.6324628338111498,0.3597056562999513,1.0301083832055755
refined,100000,25.0,0.0,1.5971044999346033,1.6118548263855388,0.3696066145546798,1.036845699656626
refined,100000,25.0,0.0,1.6766578416212374,1.5920141170360023,0.3796285398583031,1.0441692704369223
refined,100000,25.0,0.0,1.7601738132884204,1.5729731738009494,0.3897863653238105,1.0520016595683248
refined,100000,25.0,0.0,1.8478497974222907,1.5547164545289138,0.40006358737853326,1.0603739351608439
refined,100000,25.0,0.0,1.9398930083242285,1.5372697084232603,0.4104807810459662,1.069202049302966
refined,100000,25.0,0.0,2.036520981843212,1.5206079321909458,0.4210172691115588,1.0785275261262195
refined,100000,25.0,0.0,2.1379620895022327,1.5047508125631697,0.43169885693372223,1.0882632097566054
refined,100000,25.0,0.0,2.244456078233844,1.4896657440398555,0.44250089214173893,1.0984575473046483
refined,100000,25.0,0.0,2.3562546370004687,1.4753670318261847,0.4534520978152238,1.1090273390596441
refined,100000,25.0,0.0,2.473621991638621,1.4618204783212418,0.46452949046363234,1.1200132171367774
refined,100000,25.0,0.0,2.5968355293329033,1.4490329273632845,0.4757583032677114,1.1313503201808677
refined,100000,25.0,0.0,2.7261864541956613,1.436972305583667,0.4871205538542443,1.1430657278536578
refined,100000,25.0,0.0,2.861980475501707,1.425639739398826,0.4986363276253844,1.1551131432588757
refined,100000,25.0,0.0,3.004538530204693,1.4150066953005362,0.5102928137535448,1.167508503197684
refined,100000,25.0,0.0,3.1541975414427297,1.4050705728312791,0.5221051375648741,1.1802204242350154
refined,100000,25.0,0.0,3.311311214825911,1.3958075205703255,0.5340652781243673,1.1932567709244373
refined,100000,25.0,0.0,3.476250874387709,1.3872121300837268,0.5461836210260064,1.2065979813768974
refined,100000,25.0,0.0,3.649406340175921,1.379266129117446,0.5584566343167033,1.2202461050953002
refined,100000,25.0,0.0,3.831186849557289,1.3719615084661152,0.570890192519861,1.2341908413226033
refined,100000,25.0,0.0,4.022022024413192,1.365285976698772,0.5834850393465866,1.2484299787349602
refined,100000,25.0,0.0,4.22236288651233,1.359228749324839,0.5962427572750759,1.262960409471792
refined,100000,25.0,0.0,4.432682923460089,1.3537834330581209,0.609168221923453,1.2777766888534823
refined,100000,25.0,0.0,4.653479207743908,1.3489361670593587,0.6222589218875482,1.2928812731304775
refined,100000,25.0,0.0,4.885273571519389,1.344686069856799,0.6355237607439044,1.3082661747605737
refined,100000,25.0,0.0,5.1286138399136485,1.3410159379215554,0.6489563054239854,1.3239381613222037
refined,100000,25.0,0.0,5.384075125760731,1.3379299351016813,0.6625693958877115,1.3398872104261694
refined,100000,25.0,0.0,5.652261188829045,1.335407355796045,0.6763528235701692,1.3561234552879022
refined,100000,25.0,0.0,5.933805862753281,1.3334570252913722,0.6903232696547931,1.3726352575199983
refined,100000,25.0,0.0,6.229374553043173,1.3320546887613838,0.7044668735170638,1.3894354094075136
refined,100000,25.0,0.0,6.539665809709571,1.331213591250779,0.7188040558815031,1.4065110214838106
refined,100000,25.0,0.0,6.865412978224548,1.3309059618503314,0.7333174097278107,1.423877016887157
refined,100000,25.0,0.0,7.207385932717452,1.3311480960204305,0.7480298498883406,1.4415203077984462
refined,100000,25.0,0.0,7.566392895503165,1.3319125145606256,0.7629239437144529,1.4594553250398854
refined,100000,25.0,0.0,7.943282347242818,1.333213994281969,0.7780208759216574,1.477671572244835
refined,100000,25.0,0.0,8.338945032251527,1.3350289758652631,0.793306513007357,1.496180993237379
refined,100000,25.0,0.0,8.754316063692443,1.3373684003040223,0.8087981704923994,1.5149766500648265
refined,100000,25.0,0.0,9.190377133632595,1.3402133385976076,0.8244856521114026,1.5340679530013308
refined,100000,25.0,0.0,9.648158833183777,1.3435709952746115,0.8403825079762098,1.5534510178820116
refined,100000,25.0,0.0,10.128743088211932,1.3474269691280476,0.856482377579319,1.5731331113209464
refined,100000,25.0,0.0,10.633265716371616,1.3517848043961984,0.8727951420003902,1.593112989073614
refined,100000,25.0,0.0,11.162919111508824,1.3566345273937022,0.8893181842877519,1.6133960908279652
refined,100000,25.0,0.0,11.718955061776631,1.3619760849268492,0.906057804472332,1.633983476340967
refined,100000,25.0,0.0,12.30268770812381,1.3678038366859826,0.9230150452402704,1.654879015556471
refined,100000,25.0,0.0,12.91549665014884,1.3741141869486038,0.9401927048287213,1.676085802480894
refined,100000,25.0,0.0,13.558830206659357,1.3809057434986514,0.9575954094224032,1.6976063448578966
refined,100000,25.0,0.0,14.234208838643415,1.3881714162440428,0.9752225260126977,1.7194455569725116
refined,100000,25.0,0.0,14.943228742742294,1.3959139851963223,0.9930821958878868,1.741604749409107
refined,100000,25.0,0.0,15.687565623717566,1.4041229067142276,1.011170416648231,1.7640904900708734
refined,100000,25.0,0.0,16.46897865482869,1.4128050662291012,1.0294987842243826,1.7869030204556355
refined,100000,25.0,0.0,17.289314635480615,1.421946499235594,1.0480599798103742,1.8100504361553909
refined,100000,25.0,0.0,17.78279410038923,1.4274533262483802,1.0589184379634502,1.8236042542258932
refined,100000,25.0,0.0,18.15051235596819,1.4315581386542982,1.0668690017279816,1.833532005231644
refined,100000,25.0,0.0,19.054607179632484,1.4416226230713844,1.085915258495286,1.8573572606925204
refined,100000,25.0,0.0,19.109529749704404,1.4422331916844109,1.0870509425127564,1.8587786644296245
refined,100000,25.0,0.0,20.003735853259002,1.4521548840780134,1.1052171071499424,1.8815245641040972
refined,100000,25.0,0.0,20.53525026457146,1.4580209242694941,1.1157287129864606,1.8947090183805186
refined,100000,25.0,0.0,21.000141557086565,1.4631341780226497,1.1247607174482435,1.9060448273109625
refined,100000,25.0,0.0,22.04617920636185,1.4745785477561715,1.1445670093930285,1.9309158316837503
refined,100000,25.0,0.0,22.0673406908459,1.4748082881903912,1.1449598665376064,1.9314105383158473
refined,100000,25.0,0.0,23.144321016969926,1.486466416689372,1.1646212208103965,1.956148982516397
refined,100000,25.0,0.0,23.71373705661655,1.49258324481507,1.1747486167177774,1.9689004856652776
refined,100000,25.0,0.0,24.29716234829391,1.498815359214863,1.1849436269272515,1.9817426790947388
refined,100000,25.0,0.0,25.482967479793466,1.5113498447914349,1.2051131364186694,2.0071915498395625
refined,100000,25.0,0.0,25.507427837113593,1.5116068263152005,1.2055220050048199,2.0077075560456774
refined,100000,25.0,0.0,26.777977837039188,1.5248548945972487,1.2263732835669396,2.0340435897823372
refined,100000,25.0,0.0,27.384196342643612,1.5311039697961661,1.236063802929503,2.04630000039563
refined,100000,25.0,0.0,28.11181517869986,1.5385450094922621,1.2474886462532033,2.060760375216148
refined,100000,25.0,0.0,29.42727176209282,1.5518395996380498,1.2676088505607395,2.086243517532644
refined,100000,25.0,0.0,29.51209226666387,1.552687766282988,1.268881708825665,2.0878594056327358
refined,100000,25.0,0.0,30.982118529862987,1.567272562872689,1.29054702205402,2.115349291934971
refined,100000,25.0,0.0,31.622776601683793,1.5735479262970606,1.2997535946228418,2.127041484187245
refined,100000,25.0,0.0,32.5253682431303,1.582306518778654,1.3124949114801192,2.1432330106086903
refined,100000,25.0,0.0,33.982083289425596,1.59623490407937,1.3325161253324858,2.1687092625560163
refined,100000,25.0,0.0,34.145488738336006,1.5977829529617082,1.3347232658733466,2.1715182212478
refined,100000,25.0,0.0,35.84630902452844,1.6137055026276448,1.3572391305044125,2.2002093747927542
refined,100000,25.0,0.0,36.51741272548377,1.619898660332419,1.3659071366578084,2.2112655722346393
refined,100000,25.0,0.0,37.63184883745225,1.6300713879930075,1.380043714210024,2.229313190409817
refined,100000,25.0,0.0,39.24189758484536,1.6445349284506705,1.3999348029448215,2.254730729746397
refined,100000,25.0,0.0,39.50632813983238,1.64688074386339,1.4031407779164629,2.2588356084335466
refined,100000,25.0,0.0,41.47417709487639,1.6641346847959795,1.42653484509703,2.2887823974705763
refined,100000,25.0,0.0,42.169650342858226,1.670137611124035,1.4346052893160761,2.2991265100750353
refined,100000,25.0,0.0,43.540046536566486,1.6818298078634784,1.4502263725429436,2.3191610249635075
refined,100000,25.0,0.0,45.31583637600818,1.6967141925080655,1.4699364951036924,2.344470972721664
refined,100000,25.0,0.0,45.708818961487516,1.6999711294595372,1.474223206989294,2.349976278306207
refined,100000,25.0,0.0,47.98562006816812,1.718551656351361,1.4985224635917453,2.3812372118810385
refined,100000,25.0,0.0,48.69675251658631,1.7242645735369209,1.5059392127782243,2.3907854985309034
refined,100000,25.0,0.0,50.37583087120846,1.7375803304807917,1.5231353368655252,2.4129475809546657
refined,100000,25.0,0.0,52.32991146814947,1.752785708209522,1.5426212708461151,2.438093333933136
refined,100000,25.0,0.0,52.88510041882383,1.7570464961708765,1.548055542793798,2.445118108328368
refined,100000,25.0,0.0,55.5193591438621,1.7769630629615294,1.5732976662413023,2.4777514460836643
refined,100000,25.0,0.0,56.23413251903491,1.782273636916634,1.5799893425363143,2.486418963661945
refined,100000,25.0,0.0,58.28483287984838,1.797315618330755,1.5988519437439255,2.510860088232578
refined,100000,25.0,0.0,60.42963902381328,1.8127369409135172,1.6180609338467518,2.535783284779598
refined,100000,25.0,0.0,61.18805757518219,1.818121102286113,1.6247364136582005,2.5444454925380215
refined,100000,25.0,0.0,64.23589474026393,1.839361225687655,1.6509377269396868,2.578522048104145
refined,100000,25.0,0.0,64.93816315762113,1.8441767438447758,1.656846604434173,2.586210624939323
refined,100000,25.0,0.0,67.435547664057,1.8610564570343673,1.677476938335876,2.6130901282407537
refined,100000,25.0,0.0,69.78305848598663,1.8765905670657155,1.696353397371667,2.637727538166606
refined,100000,25.0,0.0,70.79457843841381,1.883186247514361,1.7043385488947986,2.6481654990724555
refined,100000,25.0,0.0,74.32092583039913,1.905771554002755,1.7315439348085921,2.683748528954095
refined,100000,25.0,0.0,74.98942093324558,1.9099759220801227,1.736588026354498,2.690361557600842
refined,100000,25.0,0.0,78.02292404485208,1.9287941390898642,1.7590795135939397,2.7198546634717022
refined,100000,25.0,0.0,80.58421877614818,1.944341955603679,1.7775672716964017,2.744136636031865
refined,100000,25.0,0.0,81.90932242152977,1.952271358147978,1.786963348595383,2.7564858279764843
refined,100000,25.0,0.0,85.98930611338423,1.9761886643491096,1.8151850044555988,2.7936565771425204
refined,100000,25.0,0.0,86.59643233600653,1.9796903362613671,1.81930097188548,2.7990803845584664
refined,100000,25.0,0.0,90.27251779484578,2.000559693189178,1.8437591259722066,2.8313705136242158
refined,100000,25.0,0.0,93.0572040929699,2.0160183146174355,1.8617947305748095,2.855223111441074
refined,100000,25.0,0.0,94.76908045141592,2.0253736595330585,1.87267849486775,2.8696411993305406
refined,100000,25.0,0.0,99.4896213044336,2.0506403280722743,1.9019541986625788,2.9084740561257796
refined,100000,25.0,0.0,100.0,2.0533240650561293,1.9050546643627833,2.9125957549671924
refined,100000,25.0,0.0,104.44529692755633,2.0763527756670923,1.9315823352388373,2.9478815323403564
refined,100000,25.0,0.0,107.46078283213176,2.091616619186697,1.9490963197233746,2.9712256245732047
refined,100000,25.0,0.0,109.64781961431851,2.102516707845613,1.961570258166157,2.987871032939936
refined,100000,25.0,0.0,115.10948505908407,2.129129197550503,1.9919175143470842,3.028453752736554
refined,100000,25.0,0.0,115.47819846894582,2.130897327559455,1.9939281140717462,3.0311440238538996
refined,100000,25.0,0.0,120.84320141681312,2.156191659804514,2.022627503187205,3.0696392661892045
refined,100000,25.0,0.0,124.09377607517196,2.1711620661586877,2.039553266165764,3.092385566680919
refined,100000,25.0,0.0,126.86251981032602,2.183705336755408,2.0537033925706583,3.1114373549115193
refined,100000,25.0,0.0,133.1816663571621,2.211667072297114,2.085144357631871,3.153859972390507
refined,100000,25.0,0.0,133.3521432163324,2.212408669261178,2.0859764387219966,3.154985017639478
refined,100000,25.0,0.0,139.81557579172983,2.240082495922501,2.1169574043564454,3.1969153065893634
refined,100000,25.0,0.0,143.30125702369628,2.2546451636632363,2.1332112038208075,3.218973468289076
refined,100000,25.0,0.0,146.77992676220705,2.2689435433705816,2.149137156418636,3.240617923459841
refined,100000,25.0,0.0,153.9926526059492,2.29787146384466,2.1812635800178777,3.2843864387037556
refined,100000,25.0,0.0,154.09117888561602,2.2982605014344313,2.181694727070424,3.284974214792378
refined,100000,25.0,0.0,161.76661164864794,2.3280199962471646,2.214619796152106,3.3300016172014737
refined,100000,25.0,0.0,165.48170999431815,2.342080601138718,2.2301330662720162,3.3512635435814695
refined,100000,25.0,0.0,169.82436524617444,2.3582373013826525,2.2479279132063987,3.3757045003522004
refined,100000,25.0,0.0,177.82794100389228,2.3872688126623913,2.2798217389914583,3.419643878276782
refined,100000,25.0,0.0,178.28348345396734,2.3888932584876286,2.281603347580089,3.4221034554104897
refined,100000,25.0,0.0,187.16395863694845,2.4200085256470523,2.3156664828369795,3.46920057927811
refined,100000,25.0,0.0,191.09529749704404,2.433441946458483,2.3303401504105663,3.4895628609329457
refined,100000,25.0,0.0,196.4867789993468,2.4515576016422256,2.3500956267012834,3.5170199282037395
refined,100000,25.0,0.0,205.3525026457146,2.480597022969771,2.3816905818325766,3.561060851329207
refined,100000,25.0,0.0,206.27397818843016,2.4835665890184324,2.384916092414689,3.5655612490294573
refined,100000,25.0,0.0,216.54868736904876,2.5160042382055177,2.4201007214113326,3.6148518038572828
refined,100000,25.0,0.0,220.673406908459,2.528722266144752,2.4338669633591397,3.6341832796113764
refined,100000,25.0,0.0,227.33518989206314,2.54889892752304,2.4556768916235887,3.6648904840127403
refined,100000,25.0,0.0,237.13737056616552,2.577810740814335,2.4868673153527396,3.708974115462812
refined,100000,25.0,0.0,238.65897868585807,2.5822207727724384,2.4916184706573983,3.715704323847268
refined,100000,25.0,0.0,250.5468165065873,2.6159933181467596,2.5279483856110536,3.767294791678116
refined,100000,25.0,0.0,254.82967479793464,2.6278645694945095,2.5406977335189893,3.785473726623607
refined,100000,25.0,0.0,263.02679918953817,2.6501906044405774,2.5646438932174624,3.8196874027480643
refined,100000,25.0,0.0,273.8419634264361,2.678875985514354,2.5953549699040783,3.8637279989142543
refined,100000,25.0,0.0,276.128422051113,2.684830793619354,2.601722928612488,3.872886506219618
refined,100000,25.0,0.0,289.88264959835425,2.719892277738893,2.6391665634531623,3.926915832184411
refined,100000,25.0,0.0,294.2727176209282,2.7308258044295686,2.6508248783015627,3.94378908160177
refined,100000,25.0,0.0,304.32198871077225,2.7553871841510293,2.6769870942968046,3.9817829420969524
refined,100000,25.0,0.0,316.22776601683796,2.7837019736137565,2.707099566682689,4.0257063681709795
refined,100000,25.0,0.0,319.4805654674313,2.791298779725168,2.715169931745472,4.03750948736584
refined,100000,25.0,0.0,335.394205800866,2.8276323865407074,2.7537209674872574,4.094106601014687
refined,100000,25.0,0.0,352.1005201684521,2.8643767814318712,2.792630587860617,4.151593534033707
refined,100000,25.0,0.0,369.6389924413366,2.9015295769853866,2.8318973781992125,4.209985377944665
refined,100000,25.0,0.0,388.0510732210183,2.9390858226012173,2.8715174662580663,4.269298632980107
refined,100000,25.0,0.0,407.380277804113,2.977034367020406,2.911481077498271,4.329552763002207
refined,100000,25.0,0.0,427.67228902684343,3.0153774396834008,2.9517909933913193,4.390761138596074
refined,100000,25.0,0.0,448.97506523231453,3.054093903212136,2.9924278558806496,4.452948035231175
refined,100000,25.0,0.0,471.3389536157405,3.0931942384289104,3.0334021784170004,4.516123287076957
refined,100000,25.0,0.0,494.8168092155145,3.1326459127692536,3.0746836064313623,4.580316443428238
refined,100000,25.0,0.0,519.4641198313342,3.1724689141456923,3.1162916504777547,4.645533368884805
refined,100000,25.0,0.0,545.3391371646278,3.2126176992012456,3.158183336989715,4.711809367991871
refined,100000,25.0,0.0,572.5030144912078,3.253123224884916,3.200388647930316,4.779145878806688
refined,100000,25.0,0.0,601.0199511915373,3.2939250946066325,3.242850138019924,4.847584456395239
refined,100000,25.0,0.0,630.9573444801937,3.3350669255411094,3.2856099676281256,4.917121635437054
refined,100000,25.0,0.25,0.1,2.852147176945345,0.042091255993290645,1.0
refined,100000,25.0,0.25,0.10498109808656175,2.841717524986915,0.04406338987151023,1.0
refined,100000,25.0,0.25,0.11021030955460301,2.830882782518505,0.0461220486605352,1.0
refined,100000,25.0,0.25,0.11569999317502112,2.819590592401766,0.04827001871848376,1.0
refined,100000,25.0,0.25,0.12146312332121417,2.8078577871972588,0.05051087516848645,1.0
refined,100000,25.0,0.25,0.1275133206328453,2.795652712138029,0.052847717938418984,1.0
refined,100000,25.0,0.25,0.13386488420699932,2.7829704430939772,0.05528399896584788,1.0
refined,100000,25.0,0.25,0.14053282539281228,2.7698035220948074,0.057823199948908804,1.0
refined,100000,25.0,0.25,0.14753290326944482,2.7561222218680475,0.06046852604542855,1.0
refined,100000,25.0,0.25,0.1548816618912481,2.7419469782267916,0.06322392770642038,1.0
refined,100000,25.0,0.25,0.16259646938814815,2.7272201365085844,0.06609220641899013,1.0
refined,100000,25.0,0.25,0.17069555901365815,2.7119938732245634,0.06907789161789514,1.0
refined,100000,25.0,0.25,0.1791980722375334,2.6961794714521807,0.07218318504363128,1.0
refined,100000,25.0,0.25,0.18812410398491272,2.6798647722079174,0.07541333378813374,1.0
refined,100000,25.0,0.25,0.19749475012886664,2.6629269363138937,0.07876969827965194,1.0
refined,100000,25.0,0.25,0.2073321573485955,2.645493373378843,0.08225841630494302,1.0
refined,100000,25.0,0.25,0.2176595754711136,2.627404242211814,0.08587971339516902,1.0
refined,100000,25.0,0.25,0.2285014124201237,2.6088291818032707,0.08964080584021492,1.0
refined,100000,25.0,0.25,0.23988329190194904,2.589572077021978,0.09354051076178047,1.0
refined,100000,25.0,0.25,0.25183211396485844,2.5698276336951094,0.09758683886389029,1.0
refined,100000,25.0,0.25,0.26437611857491,2.549414425969485,0.10177821133109342,1.0
refined,100000,25.0,0.25,0.277544952358571,2.528501844248231,0.10612218713185127,1.0
refined,100000,25.0,0.25,0.29136973866985255,2.506943146092228,0.11061725584230894,1.0
refined,100000,25.0,0.25,0.30588315114755654,2.4848794475004228,0.11527023024407079,1.0
refined,100000,25.0,0.25,0.3211194909364823,2.4622026571961175,0.12007984703388874,1.0
refined,100000,25.0,0.25,0.33711476775509625,2.439023017662104,0.12505182060823927,1.0
refined,100000,25.0,0.25,0.35390678500126244,2.4152745587147204,0.13018537187944992,1.0
refined,100000,25.0,0.25,0.37153522909717257,2.391034563685207,0.1354847044421673,1.0
refined,100000,25.0,0.25,0.39004176328463463,2.36628192341734,0.14094982737231493,1.0
refined,100000,25.0,0.25,0.4094701260923973,2.341059551243918,0.1465829609022863,1.0
refined,100000,25.0,0.25,0.42986623470822766,2.3153929589061506,0.15238528029964005,1.0
refined,100000,25.0,0.25,0.45127829350005433,2.2892901131122128,0.15835649326392842,1.0
refined,100000,25.0,0.25,0.473756907942654,2.262823672156172,0.16449939820447954,1.0
refined,100000,25.0,0.25,0.49735520421913965,2.2359670582437023,0.17081061244644274,1.0
refined,100000,25.0,0.25,0.5221289547799146,2.2088391292548355,0.17729509449692424,1.0
refined,100000,25.0,0.25,0.5481367101558418,2.1813802569803187,0.18394575801428287,1.0
refined,100000,25.0,0.25,0.5754399373371569,2.1537528827158385,0.19077033433226273,1.0
refined,100000,25.0,0.25,0.6041031650451701,2.125866976643559,0.19775740385169596,1.0
refined,100000,25.0,0.25,0.6341941362400942,2.0979241550098418,0.20491814807433642,1.0
refined,100000,25.0,0.25,0.6657839682254364,2.0698077817477776,0.21223619356769904,1.0
refined,100000,25.0,0.25,0.6989473207273484,2.0417524328731065,0.21972689442563886,1.0
refined,100000,25.0,0.25,0.7337625723461731,2.0136197096144555,0.2273683428675915,1.0
refined,100000,25.0,0.25,0.7703120057972147,1.9856546836168782,0.23517898417234065,1.0
refined,100000,25.0,0.25,0.8086820023785352,1.957746595979606,0.2431363313843621,1.0
refined,100000,25.0,0.25,0.8489632461253815,1.9300995621558998,0.25125671140397,1.0
refined,100000,25.0,0.25,0.8912509381337457,1.9026466606562369,0.2595198841625366,1.0
refined,100000,25.0,0.25,0.9356450215595893,1.8755489610299125,0.2679390445401591,1.0
refined,100000,25.0,0.25,0.9822504178255043,1.8487777640537553,0.27649721356679335,1.0
refined,100000,25.0,0.25,1.0311772745930554,1.8223900698783697,0.2851431270486626,1.0
refined,100000,25.0,0.25,1.0825412260868696,1.7961877881949848,0.2936759157035144,1.0
refined,100000,25.0,0.25,1.1364636663857248,1.770235663484724,0.3020796790588298,1.0
refined,100000,25.0,0.25,1.1930720363265337,1.7445387985093017,0.3103294998567811,1.0
refined,100000,25.0,0.25,1.252500124699298,1.7191570330416717,0.3184286752384914,1.0
refined,100000,25.0,0.25,1.314888384444878,1.694119742130781,0.3263688431362993,1.0
refined,100000,25.0,0.25,1.3803842646028852,1.6694548062478087,0.33414216268930225,1.0
refined,100000,25.0,0.25,1.449142558794219,1.6452067354451834,0.3417557901866587,1.0
refined,100000,25.0,0.25,1.5213257710618697,1.6213776446822095,0.34919204829747125,1.0
refined,100000,25.0,0.25,1.5971044999346033,1.5980194800149912,0.3564721488231885,1.0
refined,100000,25.0,0.25,1.6766578416212374,1.5751141724374031,0.36356992166552776,1.0
refined,100000,25.0,0.25,1.7601738132884204,1.5527153728790422,0.3705187741659593,1.0
refined,100000,25.0,0.25,1.8478497974222907,1.5307895607152218,0.37728538406392387,1.0
refined,100000,25.0,0.25,1.9398930083242285,1.5093885939553235,0.3839132007963946,1.0
refined,100000,25.0,0.25,2.036520981843212,1.4884672760064828,0.3903630263603373,1.0
refined,100000,25.0,0.25,2.1379620895022327,1.4680743439907025,0.3966860710381576,1.0
refined,100000,25.0,0.25,2.244456078233844,1.448155774355695,0.4028384103031839,1.0
refined,100000,25.0,0.25,2.3562546370004687,1.4287545489178994,0.408873687640298,1.0
refined,100000,25.0,0.25,2.473621991638621,1.4098191428395843,0.4147535791150431,1.0
refined,100000,25.0,0.25,2.5968355293329033,1.391378776672401,0.4205225338086725,1.0
refined,100000,25.0,0.25,2.7261864541956613,1.3733900289645082,0.42615270669422817,1.0
refined,100000,25.0,0.25,2.861980475501707,1.3558697531698027,0.4316774772543936,1.0
refined,100000,25.0,0.25,3.004538530204693,1.3387828434913542,0.43707845583642957,1.0
refined,100000,25.0,0.25,3.1541975414427297,1.3221370540848243,0.44237934443753374,1.0
refined,100000,25.0,0.25,3.311311214825911,1.3059053008889219,0.44756945121762637,1.0
refined,100000,25.0,0.25,3.476250874387709,1.2900883338529348,0.4526641262922836,1.0
refined,100000,25.0,0.25,3.649406340175921,1.274666886161216,0.4576590181151108,1.0
refined,100000,25.0,0.25,3.831186849557289,1.2596359522251255,0.46256233104766403,1.0
refined,100000,25.0,0.25,4.022022024413192,1.2449836731692394,0.4673750625067772,1.0
refined,100000,25.0,0.25,4.22236288651233,1.2307000034516185,0.472099325365585,1.0
refined,100000,25.0,0.25,4.432682923460089,1.216779815952017,0.47674075387151155,1.0
refined,100000,25.0,0.25,4.653479207743908,1.203208462622199,0.4812962603912276,1.0
refined,100000,25.0,0.25,4.885273571519389,1.1899867095789114,0.4857755806919122,1.0
refined,100000,25.0,0.25,5.1286138399136485,1.1770956396953753,0.49017116084627343,1.0
refined,100000,25.0,0.25,5.384075125760731,1.1645410761113282,0.4944963954667291,1.0
refined,100000,25.0,0.25,5.652261188829045,1.1523001552687748,0.4987398609860198,1.0
refined,100000,25.0,0.25,5.933805862753281,1.1403830526881737,0.502918212156397,1.0
refined,100000,25.0,0.25,6.229374553043173,1.1287632994137171,0.5070166405342039,1.0
refined,100000,25.0,0.25,6.539665809709571,1.117454897751296,0.5110546912907904,1.0
refined,100000,25.0,0.25,6.865412978224548,1.1064281231438966,0.5150145701002816,1.0
refined,100000,25.0,0.25,7.207385932717452,1.0956991768413817,0.5189173165591854,1.0
refined,100000,25.0,0.25,7.566392895503165,1.0852391808550133,0.5227456645126174,1.0
refined,100000,25.0,0.25,7.943282347242818,1.075061828006267,0.5265181319958068,1.0
refined,100000,25.0,0.25,8.338945032251527,1.0651426337046859,0.5302209536099177,1.0
refined,100000,25.0,0.25,8.754316063692443,1.0554907229534627,0.5338684067888377,1.0
refined,100000,25.0,0.25,9.190377133632595,1.0460864354286263,0.5374505415476125,1.0
refined,100000,25.0,0.25,9.648158833183777,1.0369347477994046,0.5409777960826821,1.0
refined,100000,25.0,0.25,10.128743088211932,1.0280204486128472,0.5444436782975969,1.0
refined,100000,25.0,0.25,10.633265716371616,1.0193447205735486,0.5478551414660899,1.0
refined,100000,25.0,0.25,11.162919111508824,1.0108964642795142,0.551208837893843,1.0
refined,100000,25.0,0.25,11.718955061776631,1.002673373391725,0.5545085477249115,1.0
refined,100000,25.0,0.25,12.30268770812381,0.994668160175966,0.5577537914032323,1.0
refined,100000,25.0,0.25,12.91549665014884,0.9868752955265581,0.560945450070083,1.0
refined,100000,25.0,0.25,13.558830206659357,0.9792910374763597,0.5640856682251395,1.0
refined,100000,25.0,0.25,14.234208838643415,0.9719068678715959,0.5671726691537744,1.0
refined,100000,25.0,0.25,14.943228742742294,0.9647223558509789,0.5702110058122088,1.0
refined,100000,25.0,0.25,15.687565623717566,0.9577261989585428,0.5731964558165078,1.0
refined,100000,25.0,0.25,16.46897865482869,0.9509210703871817,0.5761357904929136,1.0
refined,100000,25.0,0.25,17.289314635480615,0.9442930619187146,0.5790225282542345,1.0
refined,100000,25.0,0.25,17.78279410038923,0.9405391263451792,0.5806733755471268,1.0
refined,100000,25.0,0.25,18.15051235596819,0.9378477682594921,0.581865491676103,1.0
refined,100000,25.0,0.25,19.054607179632484,0.9315688302782559,0.5846561033122942,1.0
refined,100000,25.0,0.25,19.109529749704404,0.9312025447386225,0.5848200021417415,1.0
refined,100000,25.0,0.25,20.003735853259002,0.9254646037759537,0.58740509065647,1.0
refined,100000,25.0,0.25,20.53525026457146,0.9222354159786161,0.5888654680812768,1.0
refined,100000,25.0,0.25,21.000141557086565,0.9195164121071656,0.5901019227522837,1.0
refined,100000,25.0,0.25,22.04617920636185,0.9137346104793361,0.5927586229354032,1.0
refined,100000,25.0,0.25,22.0673406908459,0.9136215498262366,0.5928101995011321,1.0
refined,100000,25.0,0.25,23.144321016969926,0.9081001830875766,0.5953642750217438,1.0
refined,100000,25.0,0.25,23.71373705661655,0.9053420652295894,0.5966521036845791,1.0
refined,100000,25.0,0.25,24.29716234829391,0.902622803314914,0.5979301144528686,1.0
refined,100000,25.0,0.25,25.482967479793466,0.8973897436353049,0.6003976733137382,1.0
refined,100000,25.0,0.25,25.507427837113593,0.8972859191339371,0.600447012999832,1.0
refined,100000,25.0,0.25,26.777977837039188,0.892096391098526,0.6029237965830289,1.0
refined,100000,25.0,0.25,27.384196342643612,0.8897512162914125,0.6040481858429964,1.0
refined,100000,25.0,0.25,28.11181517869986,0.8870407289786173,0.6053535681567815,1.0
refined,100000,25.0,0.25,29.42727176209282,0.8824117778344305,0.6076034939870844,1.0
refined,100000,25.0,0.25,29.51209226666387,0.8821231190535102,0.6077428898719952,1.0
refined,100000,25.0,0.25,30.982118529862987,0.8773329870015896,0.6100869615124033,1.0
refined,100000,25.0,0.25,31.622776601683793,0.8753549190417365,0.611061704383958,1.0
refined,100000,25.0,0.25,32.5253682431303,0.8726719649290594,0.6123902090829421,1.0
refined,100000,25.0,0.25,33.982083289425596,0.8685742263703959,0.6144281985322446,1.0
refined,100000,25.0,0.25,34.145488738336006,0.8681322665376688,0.6146498117369638,1.0
refined,100000,25.0,0.25,35.84630902452844,0.8637130725729973,0.6168681699359888,1.0
refined,100000,25.0,0.25,36.51741272548377,0.8620577878586891,0.6177037954231175,1.0
refined,100000,25.0,0.25,37.63184883745225,0.8594092738801828,0.6190443407174785,1.0
refined,100000,25.0,0.25,39.24189758484536,0.855792139755946,0.6208878002484494,1.0
refined,100000,25.0,0.25,39.50632813983238,0.8552176863161098,0.6211787934800225,1.0
refined,100000,25.0,0.25,41.47417709487639,0.8511357831958504,0.6232723769081543,1.0
refined,100000,25.0,0.25,42.169650342858226,0.8497627672707491,0.6239784035499881,1.0
refined,100000,25.0,0.25,43.540046536566486,0.8471580863826851,0.6253237084155306,1.0
refined,100000,25.0,0.25,45.31583637600818,0.8439639759707696,0.6269800360962727,1.0
refined,100000,25.0,0.25,45.708818961487516,0.8432845725670555,0.6273353567857588,1.0
refined,100000,25.0,0.25,47.98562006816812,0.8395075255426052,0.629304151688441,1.0
refined,100000,25.0,0.25,48.69675251658631,0.8383850776076659,0.6298930680747387,1.0
refined,100000,25.0,0.25,50.37583087120846,0.8358293613740861,0.6312343247269828,1.0
refined,100000,25.0,0.25,52.32991146814947,0.8330136063642575,0.6327162497743907,1.0
refined,100000,25.0,0.25,52.88510041882383,0.8322401672080515,0.6331209676624346,1.0
refined,100000,25.0,0.25,55.5193591438621,0.8287447492051913,0.6349699315999019,1.0
refined,100000,25.0,0.25,56.23413251903491,0.8278367107399903,0.635447752622245,1.0
refined,100000,25.0,0.25,58.28483287984838,0.8253310251356474,0.6367746061348146,1.0
refined,100000,25.0,0.25,60.42963902381328,0.8228493167676625,0.6380911742571835,1.0
refined,100000,25.0,0.25,61.18805757518219,0.8220061564200024,0.6385424322992929,1.0
refined,100000,25.0,0.25,64.23589474026393,0.8187559048085112,0.6402651193746962,1.0
refined,100000,25.0,0.25,64.93816315762113,0.818041741902143,0.6406464301309742,1.0
refined,100000,25.0,0.25,67.435547664057,0.8155894175038154,0.6419514276245905,1.0
refined,100000,25.0,0.25,69.78305848598663,0.8134022794000473,0.6431116833813488,1.0
refined,100000,25.0,0.25,70.79457843841381,0.8124913464391058,0.6435921582286904,1.0
refined,100000,25.0,0.25,74.32092583039913,0.8094709750612974,0.6451960443117246,1.0
refined,100000,25.0,0.25,74.98942093324558,0.8089194555142125,0.6454849986420109,1.0
refined,100000,25.0,0.25,78.02292404485208,0.8065145693700534,0.6467549671748265,1.0
refined,100000,25.0,0.25,80.58421877614818,0.8045887156885334,0.6477692285274969,1.0
refined,100000,25.0,0.25,81.90932242152977,0.8036291681003395,0.6482759063946212,1.0
refined,100000,25.0,0.25,85.98930611338423,0.8008034174976322,0.6497523780507957,1.0
refined,100000,25.0,0.25,86.59643233600653,0.8004011820155614,0.6499638173744199,1.0
refined,100000,25.0,0.25,90.27251779484578,0.7980421290381844,0.6511896331123951,1.0
refined,100000,25.0,0.25,93.0572040929699,0.7963456718191974,0.6520662862087627,1.0
refined,100000,25.0,0.25,94.76908045141592,0.7953363052599857,0.6525828020954771,1.0
refined,100000,25.0,0.25,99.4896213044336,0.7926885338843709,0.6539354183533852,1.0
refined,100000,25.0,0.25,100.0,0.792411843110731,0.6540745179326274,1.0
refined,100000,25.0,0.25,104.44529692755633,0.7900921637717245,0.6552442199756013,1.0
refined,100000,25.0,0.25,107.46078283213176,0.7885955560932649,0.6559906806146195,1.0
refined,100000,25.0,0.25,109.64781961431851,0.7875475483092512,0.6565110195656794,1.0
refined,100000,25.0,0.25,115.10948505908407,0.7850503868646267,0.657734169639262,1.0
refined,100000,25.0,0.25,115.47819846894582,0.784888545584554,0.6578137160030417,1.0
refined,100000,25.0,0.25,120.84320141681312,0.7825987735989522,0.6589137445124589,1.0
refined,100000,25.0,0.25,124.09377607517196,0.7812799105767414,0.6595404169974937,1.0
refined,100000,25.0,0.25,126.86251981032602,0.7801907770689978,0.6600497321049422,1.0
refined,100000,25.0,0.25,133.1816663571621,0.7778221926814802,0.6611404361276731,1.0
refined,100000,25.0,0.25,133.3521432163324,0.777760222140768,0.6611684134977919,1.0
refined,100000,25.0,0.25,139.81557579172983,0.775493491850695,0.6621875155694776,1.0
refined,100000,25.0,0.25,143.30125702369628,0.7743256414920892,0.6626992191254796,1.0
refined,100000,25.0,0.25,146.77992676220705,0.7731981166516033,0.6631874559664575,1.0
refined,100000,25.0,0.25,153.9926526059492,0.7709683265398892,0.6641312222926953,1.0
refined,100000,25.0,0.25,154.09117888561602,0.7709389906052065,0.6641436384024447,1.0
refined,100000,25.0,0.25,161.76661164864794,0.768707132334237,0.6650506668562124,1.0
refined,100000,25.0,0.25,165.48170999431815,0.7676774017252034,0.6654603665961437,1.0
refined,100000,25.0,0.25,169.82436524617444,0.7665079829480859,0.6659137116331906,1.0
refined,100000,25.0,0.25,177.82794100389228,0.7644441606353122,0.6666839648052183,1.0
refined,100000,25.0,0.25,178.28348345396734,0.7643300513909029,0.6667254153210296,1.0
refined,100000,25.0,0.25,187.16395863694845,0.762181378751417,0.6674928214496135,1.0
refined,100000,25.0,0.25,191.09529749704404,0.7612649508661097,0.6678028862868922,1.0
refined,100000,25.0,0.25,196.4867789993468,0.7600478613486815,0.6682065142296638,1.0
refined,100000,25.0,0.25,205.3525026457146,0.7581321746658971,0.6688149069240373,1.0
refined,100000,25.0,0.25,206.27397818843016,0.7579400475107883,0.6688753679561278,1.0
refined,100000,25.0,0.25,216.54868736904876,0.7558416788103495,0.6694882259983458,1.0
refined,100000,25.0,0.25,220.673406908459,0.7550347201355223,0.6697149747547698,1.0
refined,100000,25.0,0.25,227.33518989206314,0.7537642424726655,0.6700546448347983,1.0
refined,100000,25.0,0.25,237.13737056616552,0.75196445622842,0.6705000460868474,1.0
refined,100000,25.0,0.25,238.65897868585807,0.7516927050641815,0.6705642466399366,1.0
refined,100000,25.0,0.25,250.5468165065873,0.7496362435209566,0.6710248402103399,1.0
refined,100000,25.0,0.25,254.82967479793464,0.7489178148563982,0.6711703519826365,1.0
refined,100000,25.0,0.25,263.02679918953817,0.7475821843741397,0.6714276910127085,1.0
refined,100000,25.0,0.25,273.8419634264361,0.7458872862527861,0.6717230018866232,1.0
refined,100000,25.0,0.25,276.128422051113,0.7455372972097942,0.6717787687385831,1.0
refined,100000,25.0,0.25,289.88264959835425,0.7434913653669301,0.6720710797575417,1.0
refined,100000,25.0,0.25,294.2727176209282,0.7428612630346728,0.6721517868863641,1.0
refined,100000,25.0,0.25,304.32198871077225,0.7414486363156066,0.6723086449526566,1.0
refined,100000,25.0,0.25,316.22776601683796,0.7398320994210058,0.6724533085885794,1.0
refined,100000,25.0,0.25,319.4805654674313,0.7394014660941319,0.6724863285750217,1.0
refined,100000,25.0,0.25,335.394205800866,0.7373514470131097,0.6726060740100839,1.0
refined,100000,25.0,0.25,352.1005201684521,0.7352936435023725,0.6726647406513528,1.0
refined,100000,25.0,0.25,369.6389924413366,0.7332268408887981,0.6726620460572141,1.0
refined,100000,25.0,0.25,388.0510732210183,0.7311489681863089,0.6725970031882392,1.0
refined,100000,25.0,0.25,407.380277804113,0.7290558327382309,0.6724669352405319,1.0
refined,100000,25.0,0.25,427.67228902684343,0.7269484054401202,0.6722731891389431,1.0
refined,100000,25.0,0.25,448.97506523231453,0.7248193252398162,0.6720105045477579,1.0
refined,100000,25.0,0.25,471.3389536157405,0.7226728037772462,0.6716827654145726,1.0
refined,100000,25.0,0.25,494.8168092155145,0.7204981017614822,0.6712819178340543,1.0
refined,100000,25.0,0.25,519.4641198313342,0.7183028922609034,0.6708146090070695,1.0
refined,100000,25.0,0.25,545.3391371646278,0.7160728287388702,0.6702697605815285,1.0
refined,100000,25.0,0.25,572.5030144912078,0.7138192881774684,0.6696570326766058,1.0
refined,100000,25.0,0.25,601.0199511915373,0.7115240692596366,0.6689620711490135,1.0
refined,100000,25.0,0.25,630.9573444801937,0.7092025167848505,0.6681978220650804,1.0
refined,100000,25.0,0.5,0.1,2.852147176945345,0.042091255993290645,1.0
refined,100000,25.0,0.5,0.10498109808656175,2.841717524986915,0.04406338987151023,1.0
refined,100000,25.0,0.5,0.11021030955460301,2.830882782518505,0.0461220486605352,1.0
refined,100000,25.0,0.5,0.11569999317502112,2.819590592401766,0.04827001871848376,1.0
refined,100000,25.0,0.5,0.12146312332121417,2.8078577871972588,0.05051087516848645,1.0
refined,100000,25.0,0.5,0.1275133206328453,2.795652712138029,0.052847717938418984,1.0
refined,100000,25.0,0.5,0.13386488420699932,2.7829704430939772,0.05528399896584788,1.0
refined,100000,25.0,0.5,0.14053282539281228,2.7698035220948074,0.057823199948908804,1.0
refined,100000,25.0,0.5,0.14753290326944482,2.7561222218680475,0.06046852604542855,1.0
refined,100000,25.0,0.5,0.1548816618912481,2.7419469782267916,0.06322392770642038,1.0
refined,100000,25.0,0.5,0.16259646938814815,2.7272201365085844,0.06609220641899013,1.0
refined,100000,25.0,0.5,0.17069555901365815,2.7119938732245634,0.06907789161789514,1.0
refined,100000,25.0,0.5,0.1791980722375334,2.6961794714521807,0.07218318504363128,1.0
refined,100000,25.0,0.5,0.18812410398491272,2.6798647722079174,0.07541333378813374,1.0
refined,100000,25.0,0.5,0.19749475012886664,2.6629269363138937,0.07876969827965194,1.0
refined,100000,25.0,0.5,0.2073321573485955,2.645493373378843,0.08225841630494302,1.0
refined,100000,25.0,0.5,0.2176595754711136,2.627404242211814,0.08587971339516902,1.0
refined,100000,25.0,0.5,0.2285014124201237,2.6088291818032707,0.08964080584021492,1.0
refined,100000,25.0,0.5,0.23988329190194904,2.589572077021978,0.09354051076178047,1.0
refined,100000,25.0,0.5,0.25183211396485844,2.5698276336951094,0.09758683886389029,1.0
refined,100000,25.0,0.5,0.26437611857491,2.549414425969485,0.10177821133109342,1.0
refined,100000,25.0,0.5,0.277544952358571,2.528501844248231,0.10612218713185127,1.0
refined,100000,25.0,0.5,0.29136973866985255,2.506943146092228,0.11061725584230894,1.0
refined,100000,25.0,0.5,0.30588315114755654,2.4848794475004228,0.11527023024407079,1.0
refined,100000,25.0,0.5,0.3211194909364823,2.4622026571961175,0.12007984703388874,1.0
refined,100000,25.0,0.5,0.33711476775509625,2.439023017662104,0.12505182060823927,1.0
refined,100000,25.0,0.5,0.35390678500126244,2.4152745587147204,0.13018537187944992,1.0
refined,100000,25.0,0.5,0.37153522909717257,2.391034563685207,0.1354847044421673,1.0
refined,100000,25.0,0.5,0.39004176328463463,2.36628192341734,0.14094982737231493,1.0
refined,100000,25.0,0.5,0.4094701260923973,2.341059551243918,0.1465829609022863,1.0
refined,100000,25.0,0.5,0.42986623470822766,2.3153929589061506,0.15238528029964005,1.0
refined,100000,25.0,0.5,0.45127829350005433,2.2892901131122128,0.15835649326392842,1.0
refined,100000,25.0,0.5,0.473756907942654,2.262823672156172,0.16449939820447954,1.0
refined,100000,25.0,0.5,0.49735520421913965,2.2359670582437023,0.17081061244644274,1.0
refined,100000,25.0,0.5,0.5221289547799146,2.2088391292548355,0.17729509449692424,1.0
refined,100000,25.0,0.5,0.5481367101558418,2.1813802569803187,0.18394575801428287,1.0
refined,100000,25.0,0.5,0.5754399373371569,2.1537528827158385,0.19077033433226273,1.0
refined,100000,25.0,0.5,0.6041031650451701,2.125866976643559,0.19775740385169596,1.0
refined,100000,25.0,0.5,0.6341941362400942,2.0979241550098418,0.20491814807433642,1.0
refined,100000,25.0,0.5,0.6657839682254364,2.0698077817477776,0.21223619356769904,1.0
refined,100000,25.0,0.5,0.6989473207273484,2.0417524328731065,0.21972689442563886,1.0
refined,100000,25.0,0.5,0.7337625723461731,2.0136197096144555,0.2273683428675915,1.0
refined,100000,25.0,0.5,0.7703120057972147,1.9856546836168782,0.23517898417234065,1.0
refined,100000,25.0,0.5,0.8086820023785352,1.957746595979606,0.2431363313843621,1.0
refined,100000,25.0,0.5,0.8489632461253815,1.9300995621558998,0.25125671140397,1.0
refined,100000,25.0,0.5,0.8912509381337457,1.9026466606562369,0.2595198841625366,1.0
refined,100000,25.0,0.5,0.9356450215595893,1.8755489610299125,0.2679390445401591,1.0
refined,100000,25.0,0.5,0.9822504178255043,1.8487777640537553,0.27649721356679335,1.0
refined,100000,25.0,0.5,1.0311772745930554,1.8223258303625542,0.2850826804567866,0.9997880131550015
refined,100000,25.0,0.5,1.0825412260868696,1.7957999917347636,0.2933105577430967,0.9987559144591668
refined,100000,25.0,0.5,1.1364636663857248,1.769249823304175,0.3011499325639272,0.9969221812675405
refined,100000,25.0,0.5,1.1930720363265337,1.74267123608667,0.3085665353061556,0.9943190558698444
refined,100000,25.0,0.5,1.252500124699298,1.716134559808788,0.3155728113090735,0.9910313858283053
refined,100000,25.0,0.5,1.314888384444878,1.6896720826666012,0.32216241267605855,0.9871114214830732
refined,100000,25.0,0.5,1.3803842646028852,1.663315987863386,0.3283309443706382,0.9826085452015598
refined,100000,25.0,0.5,1.449142558794219,1.6371235934672141,0.334096822412953,0.9775893547567328
refined,100000,25.0,0.5,1.5213257710618697,1.6110967036445598,0.3394416744247734,0.9720773313131356
refined,100000,25.0,0.5,1.5971044999346033,1.5853077387679273,0.3444051152660712,0.966148733927871
refined,100000,25.0,0.5,1.6766578416212374,1.5597350348653733,0.34895743154234754,0.9598083085194731
refined,100000,25.0,0.5,1.7601738132884204,1.53445813748291,0.35315548046114403,0.9531378841898088
refined,100000,25.0,0.5,1.8478497974222907,1.5094377744432859,0.3569606205433023,0.9461289401097555
refined,100000,25.0,0.5,1.9398930083242285,1.4847549234872905,0.3604427583368077,0.9388652372179453
refined,100000,25.0,0.5,2.036520981843212,1.4603574252124936,0.3635564797531896,0.931329186431701
refined,100000,25.0,0.5,2.1379620895022327,1.4363243288265144,0.36638057137816793,0.9236033179065807
refined,100000,25.0,0.5,2.244456078233844,1.4125942079139486,0.3688646973520338,0.9156641668663601
refined,100000,25.0,0.5,2.3562546370004687,1.3892387759276525,0.3710886533245064,0.9075875130682595
refined,100000,25.0,0.5,2.473621991638621,1.3662023490842583,0.3730107972902516,0.8993552221686482
refined,100000,25.0,0.5,2.5968355293329033,1.3435370505912796,0.374696470207967,0.8910259024988296
refined,100000,25.0,0.5,2.7261864541956613,1.3211994573924282,0.376118356596816,0.8825905612907143
refined,100000,25.0,0.5,2.861980475501707,1.299223610689756,0.3773255885071445,0.874091441849261
refined,100000,25.0,0.5,3.004538530204693,1.2775772995112584,0.37830295186401397,0.86552642165824
refined,100000,25.0,0.5,3.1541975414427297,1.2562809986122412,0.37908589881940036,0.856924952726696
refined,100000,25.0,0.5,3.311311214825911,1.2353121547157877,0.3796683735676063,0.8482892935045206
refined,100000,25.0,0.5,3.476250874387709,1.2146808909319406,0.3800744942592319,0.8396390881963091
refined,100000,25.0,0.5,3.649406340175921,1.1943732238639466,0.3803051752128607,0.8309793102715743
refined,100000,25.0,0.5,3.831186849557289,1.1743911349798197,0.38037528381125785,0.8223222218500595
refined,100000,25.0,0.5,4.022022024413192,1.1547282205391287,0.3802911683055989,0.8136744957377449
refined,100000,25.0,0.5,4.22236288651233,1.1353798257744758,0.3800602210942301,0.8050429235413935
refined,100000,25.0,0.5,4.432682923460089,1.1163460781455095,0.3796931652463892,0.7964352998206693
refined,100000,25.0,0.5,4.653479207743908,1.0976167470660647,0.37919137837918854,0.7878544040025538
refined,100000,25.0,0.5,4.885273571519389,1.0791974033621923,0.3785691928148553,0.7793088163790408
refined,100000,25.0,0.5,5.1286138399136485,1.0610730491652849,0.37782313906251835,0.7707983848136071
refined,100000,25.0,0.5,5.384075125760731,1.0432536764405487,0.3769705454574433,0.762332241272741
refined,100000,25.0,0.5,5.652261188829045,1.0257201972756178,0.3760040144254084,0.7539080868371741
refined,100000,25.0,0.5,5.933805862753281,1.0084861676408305,0.3749433319733502,0.7455354029946141
refined,100000,25.0,0.5,6.229374553043173,0.9915290138341855,0.37377789530211675,0.7372103111020106
refined,100000,25.0,0.5,6.539665809709571,0.9748652033444183,0.37252946193277514,0.728942456221003
refined,100000,25.0,0.5,6.865412978224548,0.9584692239799799,0.3711848005440803,0.7207267951114561
refined,100000,25.0,0.5,7.207385932717452,0.9423588251916508,0.36976626521628353,0.7125726072664403
refined,100000,25.0,0.5,7.566392895503165,0.9265095149791642,0.3682613069997775,0.7044751051988665
refined,100000,25.0,0.5,7.943282347242818,0.9109359624952014,0.3666892595727897,0.6964418455691666
refined,100000,25.0,0.5,8.338945032251527,0.8956178945298677,0.3650408416811144,0.6884692866168282
refined,100000,25.0,0.5,8.754316063692443,0.8805652206003824,0.36333103808877465,0.6805629130110407
refined,100000,25.0,0.5,9.190377133632595,0.865762107466162,0.3615539434587267,0.6727204003137036
refined,100000,25.0,0.5,9.648158833183777,0.8512143221110589,0.359720773954932,0.6649455422380273
refined,100000,25.0,0.5,10.128743088211932,0.8369099673065791,0.3578285257320764,0.6572369925406403
refined,100000,25.0,0.5,10.633265716371616,0.822851183651081,0.3558851471341961,0.6495971657431712
refined,100000,25.0,0.5,11.162919111508824,0.8090295717120846,0.3538901304241552,0.6420255012172187
refined,100000,25.0,0.5,11.718955061776631,0.7954440824719571,0.35184858725968865,0.6345232886008435
refined,100000,25.0,0.5,12.30268770812381,0.7820894340620438,0.3497621576063319,0.6270905962402838
refined,100000,25.0,0.5,12.91549665014884,0.7689617614725068,0.3476334877344908,0.6197277965104422
refined,100000,25.0,0.5,13.558830206659357,0.7560585720103361,0.34546606495823134,0.6124354586870091
refined,100000,25.0,0.5,14.234208838643415,0.7433735059085992,0.34326039058964664,0.6052132080020597
refined,100000,25.0,0.5,14.943228742742294,0.7309065765739066,0.34102154025189513,0.5980620099854858
refined,100000,25.0,0.5,15.687565623717566,0.7186492057394576,0.33874814737880027,0.5909808826299524
refined,100000,25.0,0.5,16.46897865482869,0.7066036687562867,0.3364466526575931,0.5839711023155596
refined,100000,25.0,0.5,17.289314635480615,0.694759406014013,0.3341140614555813,0.5770311950779229
refined,100000,25.0,0.5,17.78279410038923,0.6879960445202926,0.3327525119419943,0.573045925566099
refined,100000,25.0,0.5,18.15051235596819,0.6831207441050096,0.3317579873351127,0.5701626786277724
refined,100000,25.0,0.5,19.054607179632484,0.6716753452299506,0.3293740150972211,0.563363682053766
refined,100000,25.0,0.5,19.109529749704404,0.6710039253722635,0.3292322224884741,0.5629633413405016
refined,100000,25.0,0.5,20.003735853259002,0.6604294055578166,0.3269707659949858,0.5566359079891036
refined,100000,25.0,0.5,20.53525026457146,0.6544388840351285,0.32566319196471927,0.5530349623418066
refined,100000,25.0,0.5,21.000141557086565,0.649368982692078,0.324542583585832,0.5499771667784759
refined,100000,25.0,0.5,22.04617920636185,0.6385015354175003,0.32209864589201836,0.5433892202140425
refined,100000,25.0,0.5,22.0673406908459,0.638288535814231,0.32204996756403953,0.5432598289217264
refined,100000,25.0,0.5,23.144321016969926,0.6278130167112923,0.3196331378472133,0.5368698648160233
refined,100000,25.0,0.5,23.71373705661655,0.6225385577695326,0.31839532757327327,0.5336364786230493
refined,100000,25.0,0.5,24.29716234829391,0.6173101813407254,0.3171544323187642,0.5304205703186132
refined,100000,25.0,0.5,25.482967479793466,0.6071829794826715,0.3147072894982803,0.5241647386162168
refined,100000,25.0,0.5,25.507427837113593,0.6069808953979132,0.31465793706649337,0.5240394743483908
refined,100000,25.0,0.5,26.777977837039188,0.596829725018902,0.31215024764942356,0.5177275294464799
refined,100000,25.0,0.5,27.384196342643612,0.5922112558162084,0.31099024102299533,0.5148434318844682
refined,100000,25.0,0.5,28.11181517869986,0.5868468214295557,0.3096282125367689,0.51148325346383
refined,100000,25.0,0.5,29.42727176209282,0.5776118887397683,0.30724752209524125,0.505671091650721
refined,100000,25.0,0.5,29.51209226666387,0.5770347407352792,0.30709683268481575,0.5053071583437159
refined,100000,25.0,0.5,30.982118529862987,0.5673857518950556,0.30455424382294743,0.49919808656123155
refined,100000,25.0,0.5,31.622776601683793,0.5633721875573924,0.30348132972684144,0.4966459648012081
refined,100000,25.0,0.5,32.5253682431303,0.5579005561968555,0.302004012592462,0.4931561741405285
refined,100000,25.0,0.5,33.982083289425596,0.5494863886516996,0.2996979433714871,0.48776723478416206
refined,100000,25.0,0.5,34.145488738336006,0.548573394147198,0.2994454281762831,0.4871805415998879
refined,100000,25.0,0.5,35.84630902452844,0.539403246614447,0.2968807631790841,0.4812710035109946
refined,100000,25.0,0.5,36.51741272548377,0.5359448755937669,0.29590072597388956,0.4790333622140077
refined,100000,25.0,0.5,37.63184883745225,0.5303861984744209,0.2943103440227793,0.47542691963175154
refined,100000,25.0,0.5,39.24189758484536,0.5227370179727595,0.292092056151552,0.47044257599307127
refined,100000,25.0,0.5,39.50632813983238,0.5215196259817815,0.2917352716275625,0.4696478287566411
refined,100000,25.0,0.5,41.47417709487639,0.5128013482992027,0.28915680925952825,0.463933297820671
refined,100000,25.0,0.5,42.169650342858226,0.5098515739739609,0.288273627588262,0.46199295672445156
refined,100000,25.0,0.5,43.540046536566486,0.5042272362134192,0.2865749923910373,0.45828262791630286
refined,100000,25.0,0.5,45.31583637600818,0.4972831268897179,0.28445036249131983,0.45368328513675754
refined,100000,25.0,0.5,45.708818961487516,0.4957967485213811,0.283991935015683,0.4526955669623911
refined,100000,25.0,0.5,47.98562006816812,0.48750433471539545,0.2814066988616274,0.4471712098301039
refined,100000,25.0,0.5,48.69675251658631,0.4850229484200328,0.2806248002342474,0.4455118089995403
refined,100000,25.0,0.5,50.37583087120846,0.4793510125391428,0.2788221754586843,0.4417094643566454
refined,100000,25.0,0.5,52.32991146814947,0.4730612244189041,0.2767985432743877,0.4374765834970834
refined,100000,25.0,0.5,52.88510041882383,0.47132988087474403,0.27623653135185267,0.4363092449326928
refined,100000,25.0,0.5,55.5193591438621,0.46344344838781265,0.2736533741412366,0.43097060273661447
refined,100000,25.0,0.5,56.23413251903491,0.4613880031914475,0.2729728534382166,0.4295756060380482
refined,100000,25.0,0.5,58.28483287984838,0.4556835218541962,0.27107004183365924,0.42569229240945844
refined,100000,25.0,0.5,60.42963902381328,0.4499982940591044,0.2691515901856686,0.421807417253489
refined,100000,25.0,0.5,61.18805757518219,0.4480540443283921,0.2684908072823183,0.4204744958225004
refined,100000,25.0,0.5,64.23589474026393,0.4405455779609707,0.2659122357678585,0.4153158242128777
refined,100000,25.0,0.5,64.93816315762113,0.4388842034502767,0.26533662997096,0.41417015297613446
refined,100000,25.0,0.5,67.435547664057,0.43316323992610617,0.26333910432676866,0.4102165568837521
refined,100000,25.0,0.5,69.78305848598663,0.4280366676601961,0.26152894264767435,0.40666178115845913
refined,100000,25.0,0.5,70.79457843841381,0.42589702772783855,0.26076761122999903,0.40517524630456936
refined,100000,25.0,0.5,74.32092583039913,0.4187520766241454,0.2582023854220684,0.4001921395806306
refined,100000,25.0,0.5,74.98942093324558,0.4174468930649826,0.2577294276576802,0.39928027483194567
refined,100000,25.0,0.5,78.02292404485208,0.4117194927177227,0.25564019541428135,0.3952659173704937
refined,100000,25.0,0.5,80.58421877614818,0.40711035669016005,0.25394111446378165,0.3920240469604249
refined,100000,25.0,0.5,81.90932242152977,0.4048029892351481,0.25308473690679556,0.39039664193957685
refined,100000,25.0,0.5,85.98930611338423,0.3979952219691181,0.25053357850410995,0.38558316516776797
refined,100000,25.0,0.5,86.59643233600653,0.397019942612148,0.25016534778511607,0.38489119101379937
refined,100000,25.0,0.5,90.27251779484578,0.39129853216190524,0.24798954002746298,0.38082538083750495
refined,100000,25.0,0.5,93.0572040929699,0.3871672652593791,0.24640257668115284,0.3778796448958958
refined,100000,25.0,0.5,94.76908045141592,0.38470707597079334,0.24545094486846622,0.37612230061888013
refined,100000,25.0,0.5,99.4896213044336,0.37822186324281554,0.24291978499002406,0.3714736626465318
refined,100000,25.0,0.5,100.0,0.3775445796325886,0.24265340418179157,0.3709873990333101
refined,100000,25.0,0.5,104.44529692755633,0.3718385101097112,0.24039510159693592,0.36687862978156033
refined,100000,25.0,0.5,107.46078283213176,0.36814784470193895,0.23892021243163042,0.36421281504758285
refined,100000,25.0,0.5,109.64781961431851,0.3655567269270886,0.23787809818012273,0.3623367941904358
refined,100000,25.0,0.5,115.10948505908407,0.3593735576658573,0.23536850451357735,0.35784746388144395
refined,100000,25.0,0.5,115.47819846894582,0.35897066175869746,0.2352039186455829,0.3575539897141569
refined,100000,25.0,0.5,120.84320141681312,0.35328743709751675,0.23286676699483963,0.3534100918886456
refined,100000,25.0,0.5,124.09377607517196,0.35000524449241954,0.2315045331199564,0.35100886489089284
refined,100000,25.0,0.5,126.86251981032602,0.34729681258766504,0.23037328196770926,0.3490241276714614
refined,100000,25.0,0.5,133.1816663571621,0.3413988598480622,0.22788776265686578,0.3446888893857617
refined,100000,25.0,0.5,133.3521432163324,0.34124480249778943,0.2278224203218234,0.34457547528105603
refined,100000,25.0,0.5,139.81557579172983,0.33559341240865326,0.22541125682555407,0.3404039664379683
refined,100000,25.0,0.5,143.30125702369628,0.3326857695832412,0.2241594556331679,0.3382521801202306
refined,100000,25.0,0.5,146.77992676220705,0.3298763966111735,0.22294276146929545,0.33616854399696516
refined,100000,25.0,0.5,153.9926526059492,0.3243224019872725,0.22051620969650107,0.3320371069669653
refined,100000,25.0,0.5,154.09117888561602,0.3242490217074967,0.22048396712850454,0.33198235197865433
refined,100000,25.0,0.5,161.76661164864794,0.318705968019253,0.21803316495954933,0.32784444227418436
refined,100000,25.0,0.5,165.48170999431815,0.31614743091669656,0.21689231188188118,0.325928218672577
refined,100000,25.0,0.5,169.82436524617444,0.3132498164572425,0.21559268582848903,0.32375468782544803
refined,100000,25.0,0.5,177.82794100389228,0.3081549436479753,0.2132879418896244,0.31992361170999467
refined,100000,25.0,0.5,178.28348345396734,0.30787399878832095,0.2131601192660209,0.31971200492392193
refined,100000,25.0,0.5,187.16395863694845,0.30258246948825884,0.21073843989129804,0.315716413898851
refined,100000,25.0,0.5,191.09529749704404,0.3003418327076628,0.20970458097871889,0.314021675085466
refined,100000,25.0,0.5,196.4867789993468,0.29736740378042503,0.20832453399093795,0.31176669121686595
refined,100000,25.0,0.5,205.3525026457146,0.2927029539623165,0.2061425216764069,0.30822058471226654
refined,100000,25.0,0.5,206.27397818843016,0.292234036912915,0.20592197734207415,0.30786299990580723
refined,100000,25.0,0.5,216.54868736904876,0.28717357529357934,0.20352710063607082,0.3040040029569896
refined,100000,25.0,0.5,220.673406908459,0.2852314811264143,0.2026010574097198,0.30251833249496385
refined,100000,25.0,0.5,227.33518989206314,0.2821916838247931,0.2011436499043469,0.3001899195160998
refined,100000,25.0,0.5,237.13737056616552,0.27792232555945395,0.1990802414070875,0.2969130913099167
refined,100000,25.0,0.5,238.65897868585807,0.2772803715790352,0.19876831068938555,0.29641948804364954
refined,100000,25.0,0.5,250.5468165065873,0.27244405509045116,0.19640414186741453,0.29269280375052814
refined,100000,25.0,0.5,254.82967479793464,0.270772823196916,0.1955812573552386,0.2914033028686261
refined,100000,25.0,0.5,263.02679918953817,0.2676761065938928,0.194048473439407,0.2890087436619205
refined,100000,25.0,0.5,273.8419634264361,0.2637783866038489,0.19210418318970246,0.2859872040262912
refined,100000,25.0,0.5,276.128422051113,0.26297968781579545,0.19170367670919675,0.285367275106303
refined,100000,25.0,0.5,289.88264959835425,0.25834954103528074,0.1893677336333172,0.28176741915696485
refined,100000,25.0,0.5,294.2727176209282,0.2569325685816165,0.18864801505314127,0.2806628186276542
refined,100000,25.0,0.5,304.32198871077225,0.25378756197904423,0.1870423222615325,0.2782090096055568
refined,100000,25.0,0.5,316.22776601683796,0.250231074763241,0.18521274549576652,0.27542840986909833
refined,100000,25.0,0.5,319.4805654674313,0.24928987474025938,0.1847260891348257,0.2746912186694631
refined,100000,25.0,0.5,335.394205800866,0.24485709355894725,0.18242000843755732,0.2712137393436956
refined,100000,25.0,0.5,352.1005201684521,0.2404867405566964,0.1801234087622934,0.26777590362158243
refined,100000,25.0,0.5,369.6389924413366,0.23617812919202363,0.17783654523626177,0.26437725493603315
refined,100000,25.0,0.5,388.0510732210183,0.23193019979430707,0.1755594504962527,0.2610172951471195
refined,100000,25.0,0.5,407.380277804113,0.22774094246615786,0.17329164121442925,0.25769540795704
refined,100000,25.0,0.5,427.67228902684343,0.2236107393597651,0.17103388024633084,0.2544112765606396
refined,100000,25.0,0.5,448.97506523231453,0.21953623195086835,0.1687849226160474,0.2511641134681881
refined,100000,25.0,0.5,471.3389536157405,0.2155192706721637,0.16654629136766902,0.24795379596329847
refined,100000,25.0,0.5,494.8168092155145,0.21155512105677904,0.16431595335008548,0.24477935273493476
refined,100000,25.0,0.5,519.4641198313342,0.2076471304469482,0.1620962251182313,0.24164086908924642
refined,100000,25.0,0.5,545.3391371646278,0.20378915980785334,0.15988425600898462,0.2385371762412024
refined,100000,25.0,0.5,572.5030144912078,0.19998608342587326,0.15768319224923036,0.23546858250554584
refined,100000,25.0,0.5,601.0199511915373,0.19623032859696105,0.155489334119703,0.23243370711979758
refined,100000,25.0,0.5,630.9573444801937,0.19252832711450882,0.153306695918407,0.22943309728937641
refined,100000,25.0,2.0,0.1,2.852147176945345,0.042091255993290645,1.0
refined,100000,25.0,2.0,0.10498109808656175,2.841717524986915,0.04406338987151023,1.0
refined,100000,25.0,2.0,0.11021030955460301,2.830882782518505,0.0461220486605352,1.0
refined,100000,25.0,2.0,0.11569999317502112,2.819590592401766,0.04827001871848376,1.0
refined,100000,25.0,2.0,0.12146312332121417,2.8078577871972588,0.05051087516848645,1.0
refined,100000,25.0,2.0,0.1275133206328453,2.795652712138029,0.052847717938418984,1.0
refined,100000,25.0,2.0,0.13386488420699932,2.7829704430939772,0.05528399896584788,1.0
refined,100000,25.0,2.0,0.14053282539281228,2.7698035220948074,0.057823199948908804,1.0
refined,100000,25.0,2.0,0.14753290326944482,2.7561222218680475,0.06046852604542855,1.0
refined,100000,25.0,2.0,0.1548816618912481,2.7419469782267916,0.06322392770642038,1.0
refined,100000,25.0,2.0,0.16259646938814815,2.7272201365085844,0.06609220641899013,1.0
refined,100000,25.0,2.0,0.17069555901365815,2.7119938732245634,0.06907789161789514,1.0
refined,100000,25.0,2.0,0.1791980722375334,2.6961794714521807,0.07218318504363128,1.0
refined,100000,25.0,2.0,0.18812410398491272,2.6798647722079174,0.07541333378813374,1.0
refined,100000,25.0,2.0,0.19749475012886664,2.6629269363138937,0.07876969827965194,1.0
refined,100000,25.0,2.0,0.2073321573485955,2.645493373378843,0.08225841630494302,1.0
refined,100000,25.0,2.0,0.2176595754711136,2.627404242211814,0.08587971339516902,1.0
refined,100000,25.0,2.0,0.2285014124201237,2.6088291818032707,0.08964080584021492,1.0
refined,100000,25.0,2.0,0.23988329190194904,2.589572077021978,0.09354051076178047,1.0
refined,100000,25.0,2.0,0.25183211396485844,2.5698276336951094,0.09758683886389029,1.0
refined,100000,25.0,2.0,0.26437611857491,2.549414425969485,0.10177821133109342,1.0
refined,100000,25.0,2.0,0.277544952358571,2.528501844248231,0.10612218713185127,1.0
refined,100000,25.0,2.0,0.29136973866985255,2.506943146092228,0.11061725584230894,1.0
refined,100000,25.0,2.0,0.30588315114755654,2.4848794475004228,0.11527023024407079,1.0
refined,100000,25.0,2.0,0.3211194909364823,2.4622026571961175,0.12007984703388874,1.0
refined,100000,25.0,2.0,0.33711476775509625,2.439023017662104,0.12505182060823927,1.0
refined,100000,25.0,2.0,0.35390678500126244,2.4152745587147204,0.13018537187944992,1.0
refined,100000,25.0,2.0,0.37153522909717257,2.391034563685207,0.1354847044421673,1.0
refined,100000,25.0,2.0,0.39004176328463463,2.36628192341734,0.14094982737231493,1.0
refined,100000,25.0,2.0,0.4094701260923973,2.341059551243918,0.1465829609022863,1.0
refined,100000,25.0,2.0,0.42986623470822766,2.3153929589061506,0.15238528029964005,1.0
refined,100000,25.0,2.0,0.45127829350005433,2.2892901131122128,0.15835649326392842,1.0
refined,100000,25.0,2.0,0.473756907942654,2.262823672156172,0.16449939820447954,1.0
refined,100000,25.0,2.0,0.49735520421913965,2.2359670582437023,0.17081061244644274,1.0
refined,100000,25.0,2.0,0.5221289547799146,2.2088391292548355,0.17729509449692424,1.0
refined,100000,25.0,2.0,0.5481367101558418,2.1813802569803187,0.18394575801428287,1.0
refined,100000,25.0,2.0,0.5754399373371569,2.1537528827158385,0.19077033433226273,1.0
refined,100000,25.0,2.0,0.6041031650451701,2.125866976643559,0.19775740385169596,1.0
refined,100000,25.0,2.0,0.6341941362400942,2.0979241550098418,0.20491814807433642,1.0
refined,100000,25.0,2.0,0.6657839682254364,2.0698077817477776,0.21223619356769904,1.0
refined,100000,25.0,2.0,0.6989473207273484,2.0417524328731065,0.21972689442563886,1.0
refined,100000,25.0,2.0,0.7337625723461731,2.0136197096144555,0.2273683428675915,1.0
refined,100000,25.0,2.0,0.7703120057972147,1.9856546836168782,0.23517898417234065,1.0
refined,100000,25.0,2.0,0.8086820023785352,1.957746595979606,0.2431363313843621,1.0
refined,100000,25.0,2.0,0.8489632461253815,1.9300995621558998,0.25125671140397,1.0
refined,100000,25.0,2.0,0.8912509381337457,1.9026466606562369,0.2595198841625366,1.0
refined,100000,25.0,2.0,0.9356450215595893,1.8755489610299125,0.2679390445401591,1.0
refined,100000,25.0,2.0,0.9822504178255043,1.8487777640537553,0.27649721356679335,1.0
refined,100000,25.0,2.0,1.0311772745930554,1.8219493865834495,0.28472844972550376,0.9985457221871313
refined,100000,25.0,2.0,1.0825412260868696,1.7935840597698218,0.29122280050995664,0.9916468628771234
refined,100000,25.0,2.0,1.1364636663857248,1.7637689129735392,0.2959808443905888,0.9798105099712673
refined,100000,25.0,2.0,1.1930720363265337,1.732579769984663,0.2990404015843162,0.9636222200026912
refined,100000,25.0,2.0,1.252500124699298,1.700264684709839,0.30057827902161355,0.9439422463962815
refined,100000,25.0,2.0,1.314888384444878,1.6669845330438293,0.3007068435930302,0.9213711722704115
refined,100000,25.0,2.0,1.3803842646028852,1.6329042431339722,0.29954488638078874,0.8964594110780227
refined,100000,25.0,2.0,1.449142558794219,1.5982337252213552,0.2972528232629832,0.8697813813209454
refined,100000,25.0,2.0,1.5213257710618697,1.563076331823037,0.29390716181731474,0.8416777050058707
refined,100000,25.0,2.0,1.5971044999346033,1.5276624234106264,0.2896953275594301,0.8126731036794689
refined,100000,25.0,2.0,1.6766578416212374,1.492049864189699,0.28466252209589704,0.7829649955415648
refined,100000,25.0,2.0,1.7601738132884204,1.4564671008671664,0.27900579633397427,0.753013924765401
refined,100000,25.0,2.0,1.8478497974222907,1.4209388273742274,0.2727471917153394,0.7229201109712947
refined,100000,25.0,2.0,1.9398930083242285,1.3856751543722274,0.2660791385930191,0.6930710849250847
refined,100000,25.0,2.0,2.036520981843212,1.3506771055983924,0.2590068626158278,0.6635025479506941
refined,100000,25.0,2.0,2.1379620895022327,1.3161259003481942,0.25170717306529483,0.6345248584266093
refined,100000,25.0,2.0,2.244456078233844,1.2820061707250017,0.24417354591289925,0.606132731308143
refined,100000,25.0,2.0,2.3562546370004687,1.2484609363399506,0.23655538481848426,0.57855370000378
refined,100000,25.0,2.0,2.473621991638621,1.2154768681887798,0.22885136581164495,0.5517767111255399
refined,100000,25.0,2.0,2.5968355293329033,1.1831471361915502,0.2211680821694707,0.5259363396447544
refined,100000,25.0,2.0,2.7261864541956613,1.151464407795189,0.21351277844340635,0.5010241049497907
refined,100000,25.0,2.0,2.861980475501707,1.1204818169338053,0.2059549575774654,0.47710378333241893
refined,100000,25.0,2.0,3.004538530204693,1.0901936068942357,0.19850504622939794,0.4541634198133198
refined,100000,25.0,2.0,3.1541975414427297,1.060625299798248,0.19120527592715442,0.4322201710621541
refined,100000,25.0,2.0,3.311311214825911,1.0317699493504413,0.18406512712393375,0.41125489378950897
refined,100000,25.0,2.0,3.476250874387709,1.0036349341535233,0.17710773794320214,0.3912564032716043
refined,100000,25.0,2.0,3.649406340175921,0.9762115355790063,0.17033987389030883,0.3721982243283684
refined,100000,25.0,2.0,3.831186849557289,0.949495798996054,0.16377200750212823,0.3540539220545665
refined,100000,25.0,2.0,4.022022024413192,0.923477648919547,0.15740792618944233,0.33679145255457404
refined,100000,25.0,2.0,4.22236288651233,0.8981464005834174,0.15125018137721205,0.32037788077770857
refined,100000,25.0,2.0,4.432682923460089,0.8734912256166346,0.14530004076676886,0.3047778894227476
refined,100000,25.0,2.0,4.653479207743908,0.8494976324483504,0.13955541637495236,0.2899574084816554
refined,100000,25.0,2.0,4.885273571519389,0.8261544509597069,0.13401567492273744,0.27587981003872786
refined,100000,25.0,2.0,5.1286138399136485,0.8034451420155156,0.1286762196853143,0.2625128321771454
refined,100000,25.0,2.0,5.384075125760731,0.7813583689023107,0.12353501112548067,0.24981984147504752
refined,100000,25.0,2.0,5.652261188829045,0.7598765718335843,0.11858625269082475,0.23777175631475914
refined,100000,25.0,2.0,5.933805862753281,0.7389883110411198,0.11382681235905986,0.2317374665419266
refined,100000,25.0,2.0,6.229374553043173,0.7186756106341341,0.10925046787745785,0.22616798385304845
refined,100000,25.0,2.0,6.539665809709571,0.6989270115622609,0.10485319069060581,0.22073202116838786
refined,100000,25.0,2.0,6.865412978224548,0.6797244923787016,0.10062878471325903,0.21542529760434898
refined,100000,25.0,2.0,7.207385932717452,0.6610565765651776,0.09657247006765875,0.21024603819268023
refined,100000,25.0,2.0,7.566392895503165,0.6429059015308421,0.09267838273944848,0.2051900810652512
refined,100000,25.0,2.0,7.943282347242818,0.6252606598139382,0.08894116162875011,0.20025564387360634
refined,100000,25.0,2.0,8.338945032251527,0.6081046052902968,0.08535530287772258,0.19543888403662132
refined,100000,25.0,2.0,8.754316063692443,0.591425680301133,0.0819152141367969,0.19073789865487287
refined,100000,25.0,2.0,9.190377133632595,0.57520878522538,0.07861566878986546,0.18614920233316232
refined,100000,25.0,2.0,9.648158833183777,0.5594418856139444,0.07545113815921375,0.18167078330272507
refined,100000,25.0,2.0,10.128743088211932,0.5441109833407227,0.0724166159425303,0.17729950490725446
refined,100000,25.0,2.0,10.633265716371616,0.5292042162600675,0.06950682342760156,0.17303325027174077
refined,100000,25.0,2.0,11.162919111508824,0.5147086636308458,0.06671694847398944,0.16886922189506362
refined,100000,25.0,2.0,11.718955061776631,0.5006127009655762,0.06404206858246611,0.16480519791833034
refined,100000,25.0,2.0,12.30268770812381,0.486904472824672,0.061477556545393025,0.16083871072069925
refined,100000,25.0,2.0,12.91549665014884,0.4735726050200349,0.05901889693067984,0.1569674323242553
refined,100000,25.0,2.0,13.558830206659357,0.4606063037153028,0.05666164796178894,0.15318921695851226
refined,100000,25.0,2.0,14.234208838643415,0.44799442520148186,0.0544017155359275,0.14950162885103271
refined,100000,25.0,2.0,14.943228742742294,0.4357272386602831,0.05223484933843372,0.145902837338591
refined,100000,25.0,2.0,15.687565623717566,0.4237937910803491,0.05015736738461492,0.14239029665786876
refined,100000,25.0,2.0,16.46897865482869,0.41218541794602925,0.04816521936865041,0.13896248547048368
refined,100000,25.0,2.0,17.289314635480615,0.40089130533712336,0.046255111643109005,0.1356167452722537
refined,100000,25.0,2.0,17.78279410038923,0.39449326838985965,0.045185234118240374,0.13371678046699897
refined,100000,25.0,2.0,18.15051235596819,0.38990385784111736,0.044423202771368235,0.13235185896052376
refined,100000,25.0,2.0,19.054607179632484,0.3792123429185781,0.0426665552290535,0.129165052062172
refined,100000,25.0,2.0,19.109529749704404,0.3785884469360731,0.04256482107741673,0.1289787954917045
refined,100000,25.0,2.0,20.003735853259002,0.36881023532563656,0.040981544215736056,0.12605540718405855
refined,100000,25.0,2.0,20.53525026457146,0.36331462835609685,0.04010141379041669,0.12440870223197065
refined,100000,25.0,2.0,21.000141557086565,0.35868682415375774,0.03936555196784285,0.12302003030048525
refined,100000,25.0,2.0,22.04617920636185,0.3488365424517172,0.03781519372873237,0.12005825171743126
refined,100000,25.0,2.0,22.0673406908459,0.348644718644206,0.03778525258609112,0.12000047853958166
refined,100000,25.0,2.0,23.144321016969926,0.33924897401529547,0.036328081457700966,0.11716719796393181
refined,100000,25.0,2.0,23.71373705661655,0.3345522451543071,0.03560725259716761,0.11574805622105404
refined,100000,25.0,2.0,24.29716234829391,0.3299190319709351,0.034901140281727736,0.11434624220628031
refined,100000,25.0,2.0,25.482967479793466,0.321013938987161,0.03355859683074556,0.11164643648973745
refined,100000,25.0,2.0,25.507427837113593,0.32083707666702344,0.03353211670730932,0.111592747428746
refined,100000,25.0,2.0,26.777977837039188,0.31199805463134184,0.03221827853117316,0.1089059545142387
refined,100000,25.0,2.0,27.384196342643612,0.30800652796808403,0.031631212654361446,0.10769031275777581
refined,100000,25.0,2.0,28.11181517869986,0.30339323170371174,0.030957487131182668,0.10628351613978439
refined,100000,25.0,2.0,29.42727176209282,0.2955074549796212,0.02981757517124842,0.10387442067841293
refined,100000,25.0,2.0,29.51209226666387,0.29501752853324004,0.029747314769933347,0.1037245378508555
refined,100000,25.0,2.0,30.982118529862987,0.28686311643585233,0.028585741557717106,0.10122695828447366
refined,100000,25.0,2.0,31.622776601683793,0.2834946861923547,0.02811066609773462,0.10019348695766235
refined,100000,25.0,2.0,32.5253682431303,0.2789248339735205,0.027470607430217616,0.09878974440134354
refined,100000,25.0,2.0,33.982083289425596,0.2719491945249266,0.026503748676930845,0.09664322116194943
refined,100000,25.0,2.0,34.145488738336006,0.27119575711062455,0.02640001446411934,0.0964111174883527
refined,100000,25.0,2.0,35.84630902452844,0.26367058980685093,0.025372035718842542,0.09408990253400616
refined,100000,25.0,2.0,36.51741272548377,0.2608517004658088,0.02499063699688648,0.09321902169505582
refined,100000,25.0,2.0,37.63184883745225,0.256343310896626,0.024384897586963716,0.0918246005400418
refined,100000,25.0,2.0,39.24189758484536,0.2501833662799086,0.023565564915548808,0.08991628368744935
refined,100000,25.0,2.0,39.50632813983238,0.24920844119809843,0.023436874414679974,0.08961389103811948
refined,100000,25.0,2.0,41.47417709487639,0.24226085967693697,0.022526318268755,0.08745655214459706
refined,100000,25.0,2.0,42.169650342858226,0.23992583592168687,0.022223139000923146,0.08673043315715363
refined,100000,25.0,2.0,43.540046536566486,0.2354948594966475,0.02165167587043335,0.08535111438716639
refined,100000,25.0,2.0,45.31583637600818,0.2300635415533826,0.020958239807894144,0.08365779740076225
refined,100000,25.0,2.0,45.708818961487516,0.22890621612585943,0.020811425321411774,0.08329663069671298
refined,100000,25.0,2.0,47.98562006816812,0.22248895448288752,0.020004159767789607,0.08129147901572602
refined,100000,25.0,2.0,48.69675251658631,0.2205804678532242,0.01976613894169127,0.08069439024338755
refined,100000,25.0,2.0,50.37583087120846,0.21623974213867514,0.019228482767072418,0.07933498505943276
refined,100000,25.0,2.0,52.32991146814947,0.2114607993264635,0.01864241966478768,0.07783617875835697
refined,100000,25.0,2.0,52.88510041882383,0.21015229889804918,0.018483110819976573,0.0774253705932273
refined,100000,25.0,2.0,55.5193591438621,0.20422417940039633,0.017766771516481948,0.07556223232952042
refined,100000,25.0,2.0,56.23413251903491,0.20268921483369964,0.017582940264040173,0.0750792040830939
refined,100000,25.0,2.0,58.28483287984838,0.19844876493519245,0.017078284365015385,0.07374363227381125
refined,100000,25.0,2.0,60.42963902381328,0.19425295169432324,0.01658381259563151,0.07242033055842226
refined,100000,25.0,2.0,61.18805757518219,0.1928244916876665,0.01641649883577318,0.07196943656714831
refined,100000,25.0,2.0,64.23589474026393,0.18734437221456585,0.015780319620619487,0.0702375438984912
refined,100000,25.0,2.0,64.93816315762113,0.18613865817848993,0.015641417549234257,0.0698561084253075
refined,100000,25.0,2.0,67.435547664057,0.18200762611034757,0.015168714499032846,0.06854805571138685
refined,100000,25.0,2.0,69.78305848598663,0.17833297145135615,0.014752361357266212,0.06738299958317326
refined,100000,25.0,2.0,70.79457843841381,0.17680714667034544,0.014580660257983415,0.06689880212353258
refined,100000,25.0,2.0,74.32092583039913,0.1717424385638512,0.014015233147429645,0.0652899449272231
refined,100000,25.0,2.0,74.98942093324558,0.17082308090002948,0.013913457616075715,0.06499758676668528
refined,100000,25.0,2.0,78.02292404485208,0.16680698972235597,0.013471481881489096,0.0637195014474244
refined,100000,25.0,2.0,80.58421877614818,0.1635985003569074,0.013121746622510484,0.06269720026474002
refined,100000,25.0,2.0,81.90932242152977,0.1619999320784174,0.012948572050972466,0.062187465730180434
refined,100000,25.0,2.0,85.98930611338423,0.15731555708390926,0.01244562596301677,0.0606921161079562
refined,100000,25.0,2.0,86.59643233600653,0.15664805821863195,0.012374448479037242,0.060478857606255154
refined,100000,25.0,2.0,90.27251779484578,0.15275259727743606,0.011961883069294703,0.05923327568632309
refined,100000,25.0,2.0,93.0572040929699,0.1499603876118643,0.011668941677625227,0.058339448094433886
refined,100000,25.0,2.0,94.76908045141592,0.14830614655628216,0.011496539764152693,0.05780948282069014
refined,100000,25.0,2.0,99.4896213044336,0.14397451389542662,0.011048895870706807,0.05642038651970922
refined,100000,25.0,2.0,100.0,0.14352476749703647,0.011002766964859355,0.056276032285388106
refined,100000,25.0,2.0,104.44529692755633,0.13975359417470942,0.010618221780297307,0.0550647843304276
refined,100000,25.0,2.0,107.46078283213176,0.13733256695567353,0.010373662772593188,0.05428634421169329
refined,100000,25.0,2.0,109.64781961431851,0.13564125087476098,0.010203865968790344,0.05374214805999359
refined,100000,25.0,2.0,115.10948505908407,0.13163417809487993,0.00980517225232953,0.052451533747888565
refined,100000,25.0,2.0,115.47819846894582,0.13137440905205475,0.009779483791657263,0.05236780857513833
refined,100000,25.0,2.0,120.84320141681312,0.1277297739088433,0.009421527606572963,0.051192232961756234
refined,100000,25.0,2.0,124.09377607517196,0.1256405592250318,0.009218191888214254,0.050517683515893815
refined,100000,25.0,2.0,126.86251981032602,0.12392552963905781,0.009052348310300207,0.049963559644501485
refined,100000,25.0,2.0,133.1816663571621,0.12021835986710343,0.008697051063713154,0.04876462216873254
refined,100000,25.0,2.0,133.3521432163324,0.12012205020885054,0.00868788219311408,0.048733452415801605
refined,100000,25.0,2.0,139.81557579172983,0.11660655095445577,0.008355123336960256,0.04759499187868515
refined,100000,25.0,2.0,143.30125702369628,0.11481177195148695,0.008186818920752452,0.04701319892366055
refined,100000,25.0,2.0,146.77992676220705,0.11308651757174203,0.008026003987079604,0.04645359109645354
refined,100000,25.0,2.0,153.9926526059492,0.10970183552112076,0.0077133380803454926,0.04535470293172526
refined,100000,25.0,2.0,154.09117888561602,0.10965733877162574,0.007709250164983731,0.04534024812718261
refined,100000,25.0,2.0,161.76661164864794,0.1063149144316843,0.007404316372099906,0.04425369650683231
refined,100000,25.0,2.0,165.48170999431815,0.10478384945138354,0.007265843869487653,0.04375554090134475
refined,100000,25.0,2.0,169.82436524617444,0.10305911378616045,0.0071108277492814625,0.043194021094918995
refined,100000,25.0,2.0,177.82794100389228,0.10005033268934524,0.006842855973696697,0.042213571900184134
refined,100000,25.0,2.0,178.28348345396734,0.09988530847462512,0.006828248850215655,0.04215976404806759
refined,100000,25.0,2.0,187.16395863694845,0.09679415522201285,0.006556270983875434,0.04115126637666315
refined,100000,25.0,2.0,191.09529749704404,0.09549543014234871,0.006443036279275067,0.040727182317741334
refined,100000,25.0,2.0,196.4867789993468,0.0937804853525257,0.0062943639658566385,0.0401668764330615
refined,100000,25.0,2.0,205.3525026457146,0.09111249645701043,0.0060650877713563055,0.039294462541212764
refined,100000,25.0,2.0,206.27397818843016,0.09084569009794717,0.006042281254854475,0.03920717389579732
refined,100000,25.0,2.0,216.54868736904876,0.08798419992869128,0.005799500153789945,0.03827036222947268
refined,100000,25.0,2.0,220.673406908459,0.08689425298731143,0.005707751909248771,0.037913264151771715
refined,100000,25.0,2.0,227.33518989206314,0.08519770615107897,0.005565815846686434,0.03735711259791439
refined,100000,25.0,2.0,237.13737056616552,0.08283449128444445,0.00536987553636163,0.0365817817044081
refined,100000,25.0,2.0,238.65897868585807,0.08248112208500141,0.005340748153906898,0.036465785234549124
refined,100000,25.0,2.0,250.5468165065873,0.07983559066367689,0.005124095052294492,0.0355968551620764
refined,100000,25.0,2.0,254.82967479793464,0.07892839864216582,0.005050423043019703,0.03529866386219903
refined,100000,25.0,2.0,263.02679918953817,0.07725678641550643,0.004915429625063472,0.03474893440786931
refined,100000,25.0,2.0,273.8419634264361,0.07517037769231691,0.004748379009535602,0.0340622732559309
refined,100000,25.0,2.0,276.128422051113,0.07474529304861549,0.004714548688618234,0.03392229955473518
refined,100000,25.0,2.0,289.88264959835425,0.07229754549718173,0.004521077742280582,0.033115814334898366
refined,100000,25.0,2.0,294.2727176209282,0.07155407909707823,0.004462743747304553,0.03287070001151232
refined,100000,25.0,2.0,304.32198871077225,0.06991355860207515,0.0043348090570642555,0.03232955480109455
refined,100000,25.0,2.0,316.22776601683796,0.06807439567966227,0.004192618031231588,0.031722439956538
refined,100000,25.0,2.0,319.4805654674313,0.06759052645001877,0.004155419582399752,0.03156263619369313
refined,100000,25.0,2.0,335.394205800866,0.06532788661265315,0.0039826941584098635,0.03081493219414994
refined,100000,25.0,2.0,352.1005201684521,0.06312359051678428,0.0038163601222384125,0.030085809196079984
refined,100000,25.0,2.0,369.6389924413366,0.0609764913611853,0.0036561924385576958,0.029374936963477965
refined,100000,25.0,2.0,388.0510732210183,0.05888529540767054,0.003501967690495741,0.028681932473139486
refined,100000,25.0,2.0,407.380277804113,0.056848265762723525,0.0033534489143925814,0.02800626037266921
refined,100000,25.0,2.0,427.67228902684343,0.05486486016664826,0.0032104607302253572,0.02734778737282858
refined,100000,25.0,2.0,448.97506523231453,0.05293274741201931,0.0030727525437738755,0.026705772212017004
refined,100000,25.0,2.0,471.3389536157405,0.051052132324558144,0.002940195742711859,0.02608033013500453
refined,100000,25.0,2.0,494.8168092155145,0.0492200868003555,0.002812524716978337,0.025470513650194468
refined,100000,25.0,2.0,519.4641198313342,0.04743755710877229,0.002689656296158176,0.024876684905919755
refined,100000,25.0,2.0,545.3391371646278,0.045701017474603596,0.002571308758788982,0.024297690405111202
refined,100000,25.0,2.0,572.5030144912078,0.04401214848056118,0.0024574429938086736,0.023734137050363924
refined,100000,25.0,2.0,601.0199511915373,0.04236682790888894,0.0023477603410014753,0.023184666189860453
refined,100000,25.0,2.0,630.9573444801937,0.040767461769078264,0.0022422643060983176,0.02265012671497382
