route,effective_width,theta,intrinsic_time,normalized_tail_completed_clean,relative_gap_contrast
coarse,100000,0.0,0.1,1.0,1.0
coarse,100000,0.0,0.10498109808656175,0.9956169030108726,1.0
coarse,100000,0.0,0.11021030955460301,0.9910468159152055,1.0
coarse,100000,0.0,0.11569999317502112,0.9863097600112812,1.0
coarse,100000,0.0,0.12146312332121417,0.9814028780527566,1.0
coarse,100000,0.0,0.1275133206328453,0.9762720585299646,1.0
coarse,100000,0.0,0.13386488420699932,0.970914084800147,1.0
coarse,100000,0.0,0.14053282539281228,0.9653693897826822,1.0
coarse,100000,0.0,0.14753290326944482,0.9596355416518607,1.0
coarse,100000,0.0,0.1548816618912481,0.9536715890513635,1.0
coarse,100000,0.0,0.16259646938814815,0.947436959353825,1.0
coarse,100000,0.0,0.17069555901365815,0.9409977426167594,1.0
coarse,100000,0.0,0.1791980722375334,0.9343523403908734,1.0
coarse,100000,0.0,0.18812410398491272,0.9274780913234453,1.0
coarse,100000,0.0,0.19749475012886664,0.9202883737312136,1.0
coarse,100000,0.0,0.2073321573485955,0.9128802834809203,1.0
coarse,100000,0.0,0.2176595754711136,0.9052535822241676,1.0
coarse,100000,0.0,0.2285014124201237,0.8974083901404585,1.0
coarse,100000,0.0,0.23988329190194904,0.8892065305862719,1.0
coarse,100000,0.0,0.25183211396485844,0.8807786551949822,1.0
coarse,100000,0.0,0.26437611857491,0.872127267825167,1.0
coarse,100000,0.0,0.277544952358571,0.8632545345606503,1.0
coarse,100000,0.0,0.29136973866985255,0.85404162401357,1.0
coarse,100000,0.0,0.30588315114755654,0.8445798610727072,1.0
coarse,100000,0.0,0.3211194909364823,0.8349005597734802,1.0
coarse,100000,0.0,0.33711476775509625,0.8250085564826969,1.0
coarse,100000,0.0,0.35390678500126244,0.8148108713996665,1.0
coarse,100000,0.0,0.37153522909717257,0.8043526944714787,1.0
coarse,100000,0.0,0.39004176328463463,0.7936971829137691,1.0
coarse,100000,0.0,0.4094701260923973,0.7828523410874609,1.0
coarse,100000,0.0,0.42986623470822766,0.7717560191040309,1.0
coarse,100000,0.0,0.45127829350005433,0.760404378064205,1.0
coarse,100000,0.0,0.473756907942654,0.74889243969256,1.0
coarse,100000,0.0,0.49735520421913965,0.7372315450496757,1.0
coarse,100000,0.0,0.5221289547799146,0.7253923923466093,1.0
coarse,100000,0.0,0.5481367101558418,0.7133250406418653,1.0
coarse,100000,0.0,0.5754399373371569,0.7011520286162584,1.0
coarse,100000,0.0,0.6041031650451701,0.6888876334855519,1.0
coarse,100000,0.0,0.6341941362400942,0.6765331234964771,1.0
coarse,100000,0.0,0.6657839682254364,0.6640024503341844,1.0
coarse,100000,0.0,0.6989473207273484,0.6514360516067786,1.0
coarse,100000,0.0,0.7337625723461731,0.6388499727571786,1.0
coarse,100000,0.0,0.7703120057972147,0.6262598477028755,1.0
coarse,100000,0.0,0.8086820023785352,0.6135871971298,1.0
coarse,100000,0.0,0.8489632461253815,0.6009487759168434,1.0
coarse,100000,0.0,0.8912509381337457,0.5883694347047522,1.0
coarse,100000,0.0,0.9356450215595893,0.575864269927585,1.0
coarse,100000,0.0,0.9822504178255043,0.5633935637754859,1.0
coarse,100000,0.0,1.0311772745930554,0.5510158967145244,1.0003709975795092
coarse,100000,0.0,1.0825412260868696,0.5387614188455205,1.0013779569283099
coarse,100000,0.0,1.1364636663857248,0.5266402012335066,1.003166927757614
coarse,100000,0.0,1.1930720363265337,0.5146357901935534,1.0058821967727722
coarse,100000,0.0,1.252500124699298,0.5027790768653794,1.0094177305827934
coarse,100000,0.0,1.314888384444878,0.49110584341135405,1.013602614326889
coarse,100000,0.0,1.3803842646028852,0.4796244228215065,1.0184149812826249
coarse,100000,0.0,1.449142558794219,0.46833219509996826,1.0239255767139448
coarse,100000,0.0,1.5213257710618697,0.45723830722553815,1.0301439852563896
coarse,100000,0.0,1.5971044999346033,0.4463671543699649,1.03689198522199
coarse,100000,0.0,1.6766578416212374,0.4357214581577155,1.0441543962879376
coarse,100000,0.0,1.7601738132884204,0.4253012686543037,1.0519534330746783
coarse,100000,0.0,1.8478497974222907,0.4151062079744239,1.0603642307561263
coarse,100000,0.0,1.9398930083242285,0.4051460298884587,1.069213655176846
coarse,100000,0.0,2.036520981843212,0.39541859737159296,1.0784905552295587
coarse,100000,0.0,2.1379620895022327,0.3859214134012868,1.08818678979117
coarse,100000,0.0,2.244456078233844,0.37665055796861246,1.0984087228955122
coarse,100000,0.0,2.3562546370004687,0.36760492000472067,1.1089993191937428
coarse,100000,0.0,2.473621991638621,0.3587795799812656,1.1199508370675362
coarse,100000,0.0,2.5968355293329033,0.350169626300608,1.1312554901645555
coarse,100000,0.0,2.7261864541956613,0.3417692036215531,1.1429814982785178
coarse,100000,0.0,2.861980475501707,0.3335731438076493,1.155042284862496
coarse,100000,0.0,3.004538530204693,0.3255761170295124,1.167417596523121
coarse,100000,0.0,3.1541975414427297,0.31777284131963746,1.180103006263794
coarse,100000,0.0,3.311311214825911,0.3101566148511759,1.193138305280251
coarse,100000,0.0,3.476250874387709,0.30272250104732906,1.2064871914112214
coarse,100000,0.0,3.649406340175921,0.2954664196107725,1.2201233012353105
coarse,100000,0.0,3.831186849557289,0.2883838242026196,1.2340450868286945
coarse,100000,0.0,4.022022024413192,0.28146886916398456,1.2482756823680883
coarse,100000,0.0,4.22236288651233,0.2747171117662885,1.2628092651705018
coarse,100000,0.0,4.432682923460089,0.26812614263662093,1.277617521530997
coarse,100000,0.0,4.653479207743908,0.2616921851163584,1.292700823738303
coarse,100000,0.0,4.885273571519389,0.2554106786940127,1.3080718457676581
coarse,100000,0.0,5.1286138399136485,0.24927700392473257,1.3237430379970798
coarse,100000,0.0,5.384075125760731,0.2432898109768193,1.3396855507796988
coarse,100000,0.0,5.652261188829045,0.23744574910593932,1.3559008460354323
coarse,100000,0.0,5.933805862753281,0.23174120810669446,1.3723944828738794
coarse,100000,0.0,6.229374553043173,0.22617102594202693,1.3891900752583508
coarse,100000,0.0,6.539665809709571,0.22073442669709198,1.4062589977949749
coarse,100000,0.0,6.865412978224548,0.21542831142299054,1.423603403151971
coarse,100000,0.0,7.207385932717452,0.21024964950711114,1.4412254506095348
coarse,100000,0.0,7.566392895503165,0.20519309565571797,1.4591513809500571
coarse,100000,0.0,7.943282347242818,0.2002579964141111,1.4773578132685006
coarse,100000,0.0,8.338945032251527,0.19544163665241537,1.4958459739574606
coarse,100000,0.0,8.754316063692443,0.19074123002494256,1.5146185813066315
coarse,100000,0.0,9.190377133632595,0.18615217431614983,1.5336949306379022
coarse,100000,0.0,9.648158833183777,0.1816731082406998,1.5530643096267345
coarse,100000,0.0,10.128743088211932,0.17730200223614231,1.5727245485210288
coarse,100000,0.0,10.633265716371616,0.1730363151190196,1.5926788450184433
coarse,100000,0.0,11.162919111508824,0.16887215138913067,1.612941425043483
coarse,100000,0.0,11.718955061776631,0.1648074922865673,1.6335109621591053
coarse,100000,0.0,12.30268770812381,0.1608409601831678,1.654382919340253
coarse,100000,0.0,12.91549665014884,0.15697024129415843,1.6755609222249002
coarse,100000,0.0,13.558830206659357,0.1531921066894569,1.6970554146036678
coarse,100000,0.0,14.234208838643415,0.14950389198677672,1.7188723076710226
coarse,100000,0.0,14.943228742742294,0.14590484379750615,1.7410053239330188
coarse,100000,0.0,15.687565623717566,0.1423928571153772,1.7634584948101062
coarse,100000,0.0,16.46897865482869,0.13896533824337332,1.786239356210257
coarse,100000,0.0,17.289314635480615,0.1356189771201853,1.8093597306353886
coarse,100000,0.0,17.78279410038923,0.13371934565530508,1.8228928459198044
coarse,100000,0.0,18.15051235596819,0.1323536247914114,1.8328119324998375
coarse,100000,0.0,19.054607179632484,0.12916736802230366,1.856600396527524
coarse,100000,0.0,19.109529749704404,0.1289809987015391,1.8580204793075061
coarse,100000,0.0,20.003735853259002,0.1260582247882792,1.8807303097502444
coarse,100000,0.0,20.53525026457146,0.12441054649446281,1.8939014727655692
coarse,100000,0.0,21.000141557086565,0.12302223027081512,1.9052187014627848
coarse,100000,0.0,22.04617920636185,0.12005982453807998,1.9300565770577764
coarse,100000,0.0,22.0673406908459,0.12000208814842131,1.9305503337936947
coarse,100000,0.0,23.144321016969926,0.11716927001454792,1.9552487847640305
coarse,100000,0.0,23.71373705661655,0.11574992748933906,1.967982163486667
coarse,100000,0.0,24.29716234829391,0.1143488712639651,1.980800243531948
coarse,100000,0.0,25.482967479793466,0.11164856641682715,2.0062126606005264
coarse,100000,0.0,25.507427837113593,0.11159491347137322,2.0067276542796524
coarse,100000,0.0,26.777977837039188,0.10890749375412972,2.03302594449909
coarse,100000,0.0,27.384196342643612,0.10769269843743912,2.045258126652133
coarse,100000,0.0,28.11181517869986,0.10628534168641415,2.059698617383094
coarse,100000,0.0,29.42727176209282,0.10387691616052894,2.085137108088105
coarse,100000,0.0,29.51209226666387,0.10372691873623668,2.086751032874076
coarse,100000,0.0,30.982118529862987,0.10122908678193389,2.1141979113834064
coarse,100000,0.0,31.622776601683793,0.10019561502480061,2.1258709852233593
coarse,100000,0.0,32.5253682431303,0.09879124514606932,2.1420396913768447
coarse,100000,0.0,33.982083289425596,0.09664498322903141,2.1674725178479455
coarse,100000,0.0,34.145488738336006,0.0964126915729298,2.170277932318913
coarse,100000,0.0,35.84630902452844,0.09409203073958931,2.1989184566838493
coarse,100000,0.0,36.51741272548377,0.0932204190588029,2.2099605390118553
coarse,100000,0.0,37.63184883745225,0.09182668703709843,2.227974204607977
coarse,100000,0.0,39.24189758484536,0.08991748273090187,2.253354516065931
coarse,100000,0.0,39.50632813983238,0.08961534808083038,2.2574510600246374
coarse,100000,0.0,41.47417709487639,0.08745786888389802,2.2873485441767443
coarse,100000,0.0,42.169650342858226,0.08673189094885146,2.2976745595275476
coarse,100000,0.0,43.540046536566486,0.08535298470596166,2.317672966499912
coarse,100000,0.0,45.31583637600818,0.08365951162573985,2.3429414332292597
coarse,100000,0.0,45.708818961487516,0.0832986712876053,2.3484354989915115
coarse,100000,0.0,47.98562006816812,0.08129288828256537,2.3796477673817304
coarse,100000,0.0,48.69675251658631,0.08069635877174246,2.3891765661560975
coarse,100000,0.0,50.37583087120846,0.07933603941712455,2.4113070051526817
coarse,100000,0.0,52.32991146814947,0.07783821168544898,2.4364044204797697
coarse,100000,0.0,52.88510041882383,0.07742697893953338,2.44342003985122
coarse,100000,0.0,55.5193591438621,0.07556422518883431,2.4759961318372334
coarse,100000,0.0,56.23413251903491,0.07508086142457221,2.484651202982101
coarse,100000,0.0,58.28483287984838,0.07374499224012913,2.50905327050767
coarse,100000,0.0,60.42963902381328,0.07242161400437752,2.5339350846309308
coarse,100000,0.0,61.18805757518219,0.07197022586151079,2.5425860202416897
coarse,100000,0.0,64.23589474026393,0.07023888868176567,2.576601769057856
coarse,100000,0.0,64.93816315762113,0.06985701979831063,2.5842803688870015
coarse,100000,0.0,67.435547664057,0.06854996933054915,2.6111080323709084
coarse,100000,0.0,69.78305848598663,0.0673837521299846,2.635712119034197
coarse,100000,0.0,70.79457843841381,0.06690011457321096,2.646128761074174
coarse,100000,0.0,74.32092583039913,0.06529061052318107,2.6816566763973593
coarse,100000,0.0,74.98942093324558,0.06499860308854914,2.6882561835109815
coarse,100000,0.0,78.02292404485208,0.06372058403484868,2.7176993340707507
coarse,100000,0.0,80.58421877614818,0.06269847948828564,2.7419392225604393
coarse,100000,0.0,81.90932242152977,0.06218912016277179,2.7542648771220466
coarse,100000,0.0,85.98930611338423,0.06069338597586876,2.791376107081806
coarse,100000,0.0,86.59643233600653,0.06048039896871499,2.7967887359109405
coarse,100000,0.0,90.27251779484578,0.05923389798307499,2.8290316101367523
coarse,100000,0.0,93.0572040929699,0.058341015526026004,2.8528367600245694
coarse,100000,0.0,94.76908045141592,0.0578103071422907,2.8672363798848197
coarse,100000,0.0,99.4896213044336,0.05642178634452672,2.905999248886001
coarse,100000,0.0,100.0,0.0562772222021078,2.910115676300598
coarse,100000,0.0,104.44529692755633,0.05506601890420615,2.9453415728896477
coarse,100000,0.0,107.46078283213176,0.05428715918453008,2.9686496298849208
coarse,100000,0.0,109.64781961431851,0.0537427347150948,2.9852688696680376
coarse,100000,0.0,115.10948505908407,0.052452105512076186,3.0257830031188475
coarse,100000,0.0,115.47819846894582,0.05236825126425151,3.0284698347009895
coarse,100000,0.0,120.84320141681312,0.05119338422749912,3.066893562782756
coarse,100000,0.0,124.09377607517196,0.050518016580560564,3.089608497715406
coarse,100000,0.0,126.86251981032602,0.04996476762416676,3.108620009723781
coarse,100000,0.0,133.1816663571621,0.04876518215399906,3.150976198071738
coarse,100000,0.0,133.3521432163324,0.04873406348612674,3.1520988525728306
coarse,100000,0.0,139.81557579172983,0.04759531786328794,3.193960127312151
coarse,100000,0.0,143.30125702369628,0.047014087526490445,3.21597519453849
coarse,100000,0.0,146.77992676220705,0.04645450066036747,3.237582218273309
coarse,100000,0.0,153.9926526059492,0.045355868530478106,3.281272916758613
coarse,100000,0.0,154.09117888561602,0.045341438870839544,3.2818594249172786
coarse,100000,0.0,161.76661164864794,0.04425423943557496,3.326815709684872
coarse,100000,0.0,165.48170999431815,0.04375669786068991,3.348034468570333
coarse,100000,0.0,169.82436524617444,0.043194108713324825,3.372444292730108
coarse,100000,0.0,177.82794100389228,0.04221435332921675,3.416300062885267
coarse,100000,0.0,178.28348345396734,0.04216043919219266,3.4187565081907585
coarse,100000,0.0,187.16395863694845,0.04115244938698196,3.465766013395064
coarse,100000,0.0,191.09529749704404,0.040727591297332284,3.486101316971607
coarse,100000,0.0,196.4867789993468,0.04016741212014557,3.5135090478990327
coarse,100000,0.0,205.3525026457146,0.03929450228657074,3.557478479586737
coarse,100000,0.0,206.27397818843016,0.03920704806469352,3.5619729411763474
coarse,100000,0.0,216.54868736904876,0.03827081050260544,3.611170030059706
coarse,100000,0.0,220.673406908459,0.03791324817492754,3.6304730992984635
coarse,100000,0.0,227.33518989206314,0.03735816749411295,3.661112890853285
coarse,100000,0.0,237.13737056616552,0.03658205988594322,3.7051280675814455
coarse,100000,0.0,238.65897868585807,0.03646632339268346,3.7118430399616407
coarse,100000,0.0,250.5468165065873,0.03559673271934034,3.7633501867483616
coarse,100000,0.0,254.82967479793464,0.03529923516501326,3.781487662762357
coarse,100000,0.0,263.02679918953817,0.03474916361482561,3.8156445682773454
coarse,100000,0.0,273.8419634264361,0.034063136439430146,3.859597594682374
coarse,100000,0.0,276.128422051113,0.03392313843739973,3.8687398840802327
coarse,100000,0.0,289.88264959835425,0.03311636432987472,3.9226757853299437
coarse,100000,0.0,294.2727176209282,0.03287151835305632,3.9395146027486163
coarse,100000,0.0,304.32198871077225,0.03232944581975783,3.977452995684159
coarse,100000,0.0,316.22776601683796,0.031722886364709775,4.021288375748909
coarse,100000,0.0,319.4805654674313,0.031562654493810044,4.0330763579315105
coarse,100000,0.0,335.394205800866,0.030815562365341855,4.089560797153826
coarse,100000,0.0,352.1005201684521,0.030086379823102687,4.146943063289451
coarse,100000,0.0,369.6389924413366,0.02937485118970843,4.205237644858994
coarse,100000,0.0,388.0510732210183,0.02868174857858812,4.26444258110918
coarse,100000,0.0,407.380277804113,0.028006689423911654,4.324574126127898
coarse,100000,0.0,427.67228902684343,0.027348386630985932,4.385664866136639
coarse,100000,0.0,448.97506523231453,0.026705718895002145,4.447746236995176
coarse,100000,0.0,471.3389536157405,0.026079953604422463,4.510807842344984
coarse,100000,0.0,494.8168092155145,0.025470749716561554,4.57486736418186
coarse,100000,0.0,519.4641198313342,0.024877319748969753,4.6399517346616035
coarse,100000,0.0,545.3391371646278,0.02429767810455327,4.706112906795282
coarse,100000,0.0,572.5030144912078,0.023733578671973708,4.773330210806225
coarse,100000,0.0,601.0199511915373,0.023184718286528985,4.841622841892685
coarse,100000,0.0,630.9573444801937,0.022650802759669263,4.911010381118587
coarse,100000,0.25,0.1,1.0,1.0
coarse,100000,0.25,0.10498109808656175,0.9956169030108726,1.0
coarse,100000,0.25,0.11021030955460301,0.9910468159152055,1.0
coarse,100000,0.25,0.11569999317502112,0.9863097600112812,1.0
coarse,100000,0.25,0.12146312332121417,0.9814028780527566,1.0
coarse,100000,0.25,0.1275133206328453,0.9762720585299646,1.0
coarse,100000,0.25,0.13386488420699932,0.970914084800147,1.0
coarse,100000,0.25,0.14053282539281228,0.9653693897826822,1.0
coarse,100000,0.25,0.14753290326944482,0.9596355416518607,1.0
coarse,100000,0.25,0.1548816618912481,0.9536715890513635,1.0
coarse,100000,0.25,0.16259646938814815,0.947436959353825,1.0
coarse,100000,0.25,0.17069555901365815,0.9409977426167594,1.0
coarse,100000,0.25,0.1791980722375334,0.9343523403908734,1.0
coarse,100000,0.25,0.18812410398491272,0.9274780913234453,1.0
coarse,100000,0.25,0.19749475012886664,0.9202883737312136,1.0
coarse,100000,0.25,0.2073321573485955,0.9128802834809203,1.0
coarse,100000,0.25,0.2176595754711136,0.9052535822241676,1.0
coarse,100000,0.25,0.2285014124201237,0.8974083901404585,1.0
coarse,100000,0.25,0.23988329190194904,0.8892065305862719,1.0
coarse,100000,0.25,0.25183211396485844,0.8807786551949822,1.0
coarse,100000,0.25,0.26437611857491,0.872127267825167,1.0
coarse,100000,0.25,0.277544952358571,0.8632545345606503,1.0
coarse,100000,0.25,0.29136973866985255,0.85404162401357,1.0
coarse,100000,0.25,0.30588315114755654,0.8445798610727072,1.0
coarse,100000,0.25,0.3211194909364823,0.8349005597734802,1.0
coarse,100000,0.25,0.33711476775509625,0.8250085564826969,1.0
coarse,100000,0.25,0.35390678500126244,0.8148108713996665,1.0
coarse,100000,0.25,0.37153522909717257,0.8043526944714787,1.0
coarse,100000,0.25,0.39004176328463463,0.7936971829137691,1.0
coarse,100000,0.25,0.4094701260923973,0.7828523410874609,1.0
coarse,100000,0.25,0.42986623470822766,0.7717560191040309,1.0
coarse,100000,0.25,0.45127829350005433,0.760404378064205,1.0
coarse,100000,0.25,0.473756907942654,0.74889243969256,1.0
coarse,100000,0.25,0.49735520421913965,0.7372315450496757,1.0
coarse,100000,0.25,0.5221289547799146,0.7253923923466093,1.0
coarse,100000,0.25,0.5481367101558418,0.7133250406418653,1.0
coarse,100000,0.25,0.5754399373371569,0.7011520286162584,1.0
coarse,100000,0.25,0.6041031650451701,0.6888876334855519,1.0
coarse,100000,0.25,0.6341941362400942,0.6765331234964771,1.0
coarse,100000,0.25,0.6657839682254364,0.6640024503341844,1.0
coarse,100000,0.25,0.6989473207273484,0.6514360516067786,1.0
coarse,100000,0.25,0.7337625723461731,0.6388499727571786,1.0
coarse,100000,0.25,0.7703120057972147,0.6262598477028755,1.0
coarse,100000,0.25,0.8086820023785352,0.6135871971298,1.0
coarse,100000,0.25,0.8489632461253815,0.6009487759168434,1.0
coarse,100000,0.25,0.8912509381337457,0.5883694347047522,1.0
coarse,100000,0.25,0.9356450215595893,0.575864269927585,1.0
coarse,100000,0.25,0.9822504178255043,0.5633935637754859,1.0
coarse,100000,0.25,1.0311772745930554,0.5510158967145244,1.0
coarse,100000,0.25,1.0825412260868696,0.5387614188455205,1.0
coarse,100000,0.25,1.1364636663857248,0.5266402012335066,1.0
coarse,100000,0.25,1.1930720363265337,0.5146357901935534,1.0
coarse,100000,0.25,1.252500124699298,0.5027790768653794,1.0
coarse,100000,0.25,1.314888384444878,0.49110584341135405,1.0
coarse,100000,0.25,1.3803842646028852,0.4796244228215065,1.0
coarse,100000,0.25,1.449142558794219,0.46833219509996826,1.0
coarse,100000,0.25,1.5213257710618697,0.45723830722553815,1.0
coarse,100000,0.25,1.5971044999346033,0.4463671543699649,1.0
coarse,100000,0.25,1.6766578416212374,0.4357214581577155,1.0
coarse,100000,0.25,1.7601738132884204,0.4253012686543037,1.0
coarse,100000,0.25,1.8478497974222907,0.4151062079744239,1.0
coarse,100000,0.25,1.9398930083242285,0.4051460298884587,1.0
coarse,100000,0.25,2.036520981843212,0.39541859737159296,1.0
coarse,100000,0.25,2.1379620895022327,0.3859214134012868,1.0
coarse,100000,0.25,2.244456078233844,0.37665055796861246,1.0
coarse,100000,0.25,2.3562546370004687,0.36760492000472067,1.0
coarse,100000,0.25,2.473621991638621,0.3587795799812656,1.0
coarse,100000,0.25,2.5968355293329033,0.350169626300608,1.0
coarse,100000,0.25,2.7261864541956613,0.3417692036215531,1.0
coarse,100000,0.25,2.861980475501707,0.3335731438076493,1.0
coarse,100000,0.25,3.004538530204693,0.3255761170295124,1.0
coarse,100000,0.25,3.1541975414427297,0.31777284131963746,1.0
coarse,100000,0.25,3.311311214825911,0.3101566148511759,1.0
coarse,100000,0.25,3.476250874387709,0.30272250104732906,1.0
coarse,100000,0.25,3.649406340175921,0.2954664196107725,1.0
coarse,100000,0.25,3.831186849557289,0.2883838242026196,1.0
coarse,100000,0.25,4.022022024413192,0.28146886916398456,1.0
coarse,100000,0.25,4.22236288651233,0.2747171117662885,1.0
coarse,100000,0.25,4.432682923460089,0.26812614263662093,1.0
coarse,100000,0.25,4.653479207743908,0.2616921851163584,1.0
coarse,100000,0.25,4.885273571519389,0.2554106786940127,1.0
coarse,100000,0.25,5.1286138399136485,0.24927700392473257,1.0
coarse,100000,0.25,5.384075125760731,0.2432898109768193,1.0
coarse,100000,0.25,5.652261188829045,0.23744574910593932,1.0
coarse,100000,0.25,5.933805862753281,0.23174120810669446,1.0
coarse,100000,0.25,6.229374553043173,0.22617102594202693,1.0
coarse,100000,0.25,6.539665809709571,0.22073442669709198,1.0
coarse,100000,0.25,6.865412978224548,0.21542831142299054,1.0
coarse,100000,0.25,7.207385932717452,0.21024964950711114,1.0
coarse,100000,0.25,7.566392895503165,0.20519309565571797,1.0
coarse,100000,0.25,7.943282347242818,0.2002579964141111,1.0
coarse,100000,0.25,8.338945032251527,0.19544163665241537,1.0
coarse,100000,0.25,8.754316063692443,0.19074123002494256,1.0
coarse,100000,0.25,9.190377133632595,0.18615217431614983,1.0
coarse,100000,0.25,9.648158833183777,0.1816731082406998,1.0
coarse,100000,0.25,10.128743088211932,0.17730200223614231,1.0
coarse,100000,0.25,10.633265716371616,0.1730363151190196,1.0
coarse,100000,0.25,11.162919111508824,0.16887215138913067,1.0
coarse,100000,0.25,11.718955061776631,0.1648074922865673,1.0
coarse,100000,0.25,12.30268770812381,0.1608409601831678,1.0
coarse,100000,0.25,12.91549665014884,0.15697024129415843,1.0
coarse,100000,0.25,13.558830206659357,0.1531921066894569,1.0
coarse,100000,0.25,14.234208838643415,0.14950389198677672,1.0
coarse,100000,0.25,14.943228742742294,0.14590484379750615,1.0
coarse,100000,0.25,15.687565623717566,0.1423928571153772,1.0
coarse,100000,0.25,16.46897865482869,0.13896533824337332,1.0
coarse,100000,0.25,17.289314635480615,0.1356189771201853,1.0
coarse,100000,0.25,17.78279410038923,0.13371934565530508,1.0
coarse,100000,0.25,18.15051235596819,0.1323536247914114,1.0
coarse,100000,0.25,19.054607179632484,0.12916736802230366,1.0
coarse,100000,0.25,19.109529749704404,0.1289809987015391,1.0
coarse,100000,0.25,20.003735853259002,0.1260582247882792,1.0
coarse,100000,0.25,20.53525026457146,0.12441054649446281,1.0
coarse,100000,0.25,21.000141557086565,0.12302223027081512,1.0
coarse,100000,0.25,22.04617920636185,0.12005982453807998,1.0
coarse,100000,0.25,22.0673406908459,0.12000208814842131,1.0
coarse,100000,0.25,23.144321016969926,0.11716927001454792,1.0
coarse,100000,0.25,23.71373705661655,0.11574992748933906,1.0
coarse,100000,0.25,24.29716234829391,0.1143488712639651,1.0
coarse,100000,0.25,25.482967479793466,0.11164856641682715,1.0
coarse,100000,0.25,25.507427837113593,0.11159491347137322,1.0
coarse,100000,0.25,26.777977837039188,0.10890749375412972,1.0
coarse,100000,0.25,27.384196342643612,0.10769269843743912,1.0
coarse,100000,0.25,28.11181517869986,0.10628534168641415,1.0
coarse,100000,0.25,29.42727176209282,0.10387691616052894,1.0
coarse,100000,0.25,29.51209226666387,0.10372691873623668,1.0
coarse,100000,0.25,30.982118529862987,0.10122908678193389,1.0
coarse,100000,0.25,31.622776601683793,0.10019561502480061,1.0
coarse,100000,0.25,32.5253682431303,0.09879124514606932,1.0
coarse,100000,0.25,33.982083289425596,0.09664498322903141,1.0
coarse,100000,0.25,34.145488738336006,0.0964126915729298,1.0
coarse,100000,0.25,35.84630902452844,0.09409203073958931,1.0
coarse,100000,0.25,36.51741272548377,0.0932204190588029,1.0
coarse,100000,0.25,37.63184883745225,0.09182668703709843,1.0
coarse,100000,0.25,39.24189758484536,0.08991748273090187,1.0
coarse,100000,0.25,39.50632813983238,0.08961534808083038,1.0
coarse,100000,0.25,41.47417709487639,0.08745786888389802,1.0
coarse,100000,0.25,42.169650342858226,0.08673189094885146,1.0
coarse,100000,0.25,43.540046536566486,0.08535298470596166,1.0
coarse,100000,0.25,45.31583637600818,0.08365951162573985,1.0
coarse,100000,0.25,45.708818961487516,0.0832986712876053,1.0
coarse,100000,0.25,47.98562006816812,0.08129288828256537,1.0
coarse,100000,0.25,48.69675251658631,0.08069635877174246,1.0
coarse,100000,0.25,50.37583087120846,0.07933603941712455,1.0
coarse,100000,0.25,52.32991146814947,0.07783821168544898,1.0
coarse,100000,0.25,52.88510041882383,0.07742697893953338,1.0
coarse,100000,0.25,55.5193591438621,0.07556422518883431,1.0
coarse,100000,0.25,56.23413251903491,0.07508086142457221,1.0
coarse,100000,0.25,58.28483287984838,0.07374499224012913,1.0
coarse,100000,0.25,60.42963902381328,0.07242161400437752,1.0
coarse,100000,0.25,61.18805757518219,0.07197022586151079,1.0
coarse,100000,0.25,64.23589474026393,0.07023888868176567,1.0
coarse,100000,0.25,64.93816315762113,0.06985701979831063,1.0
coarse,100000,0.25,67.435547664057,0.06854996933054915,1.0
coarse,100000,0.25,69.78305848598663,0.0673837521299846,1.0
coarse,100000,0.25,70.79457843841381,0.06690011457321096,1.0
coarse,100000,0.25,74.32092583039913,0.06529061052318107,1.0
coarse,100000,0.25,74.98942093324558,0.06499860308854914,1.0
coarse,100000,0.25,78.02292404485208,0.06372058403484868,1.0
coarse,100000,0.25,80.58421877614818,0.06269847948828564,1.0
coarse,100000,0.25,81.90932242152977,0.06218912016277179,1.0
coarse,100000,0.25,85.98930611338423,0.06069338597586876,1.0
coarse,100000,0.25,86.59643233600653,0.06048039896871499,1.0
coarse,100000,0.25,90.27251779484578,0.05923389798307499,1.0
coarse,100000,0.25,93.0572040929699,0.058341015526026004,1.0
coarse,100000,0.25,94.76908045141592,0.0578103071422907,1.0
coarse,100000,0.25,99.4896213044336,0.05642178634452672,1.0
coarse,100000,0.25,100.0,0.0562772222021078,1.0
coarse,100000,0.25,104.44529692755633,0.05506601890420615,1.0
coarse,100000,0.25,107.46078283213176,0.05428715918453008,1.0
coarse,100000,0.25,109.64781961431851,0.0537427347150948,1.0
coarse,100000,0.25,115.10948505908407,0.052452105512076186,1.0
coarse,100000,0.25,115.47819846894582,0.05236825126425151,1.0
coarse,100000,0.25,120.84320141681312,0.05119338422749912,1.0
coarse,100000,0.25,124.09377607517196,0.050518016580560564,1.0
coarse,100000,0.25,126.86251981032602,0.04996476762416676,1.0
coarse,100000,0.25,133.1816663571621,0.04876518215399906,1.0
coarse,100000,0.25,133.3521432163324,0.04873406348612674,1.0
coarse,100000,0.25,139.81557579172983,0.04759531786328794,1.0
coarse,100000,0.25,143.30125702369628,0.047014087526490445,1.0
coarse,100000,0.25,146.77992676220705,0.04645450066036747,1.0
coarse,100000,0.25,153.9926526059492,0.045355868530478106,1.0
coarse,100000,0.25,154.09117888561602,0.045341438870839544,1.0
coarse,100000,0.25,161.76661164864794,0.04425423943557496,1.0
coarse,100000,0.25,165.48170999431815,0.04375669786068991,1.0
coarse,100000,0.25,169.82436524617444,0.043194108713324825,1.0
coarse,100000,0.25,177.82794100389228,0.04221435332921675,1.0
coarse,100000,0.25,178.28348345396734,0.04216043919219266,1.0
coarse,100000,0.25,187.16395863694845,0.04115244938698196,1.0
coarse,100000,0.25,191.09529749704404,0.040727591297332284,1.0
coarse,100000,0.25,196.4867789993468,0.04016741212014557,1.0
coarse,100000,0.25,205.3525026457146,0.03929450228657074,1.0
coarse,100000,0.25,206.27397818843016,0.03920704806469352,1.0
coarse,100000,0.25,216.54868736904876,0.03827081050260544,1.0
coarse,100000,0.25,220.673406908459,0.03791324817492754,1.0
coarse,100000,0.25,227.33518989206314,0.03735816749411295,1.0
coarse,100000,0.25,237.13737056616552,0.03658205988594322,1.0
coarse,100000,0.25,238.65897868585807,0.03646632339268346,1.0
coarse,100000,0.25,250.5468165065873,0.03559673271934034,1.0
coarse,100000,0.25,254.82967479793464,0.03529923516501326,1.0
coarse,100000,0.25,263.02679918953817,0.03474916361482561,1.0
coarse,100000,0.25,273.8419634264361,0.034063136439430146,1.0
coarse,100000,0.25,276.128422051113,0.03392313843739973,1.0
coarse,100000,0.25,289.88264959835425,0.03311636432987472,1.0
coarse,100000,0.25,294.2727176209282,0.03287151835305632,1.0
coarse,100000,0.25,304.32198871077225,0.03232944581975783,1.0
coarse,100000,0.25,316.22776601683796,0.031722886364709775,1.0
coarse,100000,0.25,319.4805654674313,0.031562654493810044,1.0
coarse,100000,0.25,335.394205800866,0.030815562365341855,1.0
coarse,100000,0.25,352.1005201684521,0.030086379823102687,1.0
coarse,100000,0.25,369.6389924413366,0.02937485118970843,1.0
coarse,100000,0.25,388.0510732210183,0.02868174857858812,1.0
coarse,100000,0.25,407.380277804113,0.028006689423911654,1.0
coarse,100000,0.25,427.67228902684343,0.027348386630985932,1.0
coarse,100000,0.25,448.97506523231453,0.026705718895002145,1.0
coarse,100000,0.25,471.3389536157405,0.026079953604422463,1.0
coarse,100000,0.25,494.8168092155145,0.025470749716561554,1.0
coarse,100000,0.25,519.4641198313342,0.024877319748969753,1.0
coarse,100000,0.25,545.3391371646278,0.02429767810455327,1.0
coarse,100000,0.25,572.5030144912078,0.023733578671973708,1.0
coarse,100000,0.25,601.0199511915373,0.023184718286528985,1.0
coarse,100000,0.25,630.9573444801937,0.022650802759669263,1.0
coarse,100000,0.35,0.1,1.0,1.0
coarse,100000,0.35,0.10498109808656175,0.9956169030108726,1.0
coarse,100000,0.35,0.11021030955460301,0.9910468159152055,1.0
coarse,100000,0.35,0.11569999317502112,0.9863097600112812,1.0
coarse,100000,0.35,0.12146312332121417,0.9814028780527566,1.0
coarse,100000,0.35,0.1275133206328453,0.9762720585299646,1.0
coarse,100000,0.35,0.13386488420699932,0.970914084800147,1.0
coarse,100000,0.35,0.14053282539281228,0.9653693897826822,1.0
coarse,100000,0.35,0.14753290326944482,0.9596355416518607,1.0
coarse,100000,0.35,0.1548816618912481,0.9536715890513635,1.0
coarse,100000,0.35,0.16259646938814815,0.947436959353825,1.0
coarse,100000,0.35,0.17069555901365815,0.9409977426167594,1.0
coarse,100000,0.35,0.1791980722375334,0.9343523403908734,1.0
coarse,100000,0.35,0.18812410398491272,0.9274780913234453,1.0
coarse,100000,0.35,0.19749475012886664,0.9202883737312136,1.0
coarse,100000,0.35,0.2073321573485955,0.9128802834809203,1.0
coarse,100000,0.35,0.2176595754711136,0.9052535822241676,1.0
coarse,100000,0.35,0.2285014124201237,0.8974083901404585,1.0
coarse,100000,0.35,0.23988329190194904,0.8892065305862719,1.0
coarse,100000,0.35,0.25183211396485844,0.8807786551949822,1.0
coarse,100000,0.35,0.26437611857491,0.872127267825167,1.0
coarse,100000,0.35,0.277544952358571,0.8632545345606503,1.0
coarse,100000,0.35,0.29136973866985255,0.85404162401357,1.0
coarse,100000,0.35,0.30588315114755654,0.8445798610727072,1.0
coarse,100000,0.35,0.3211194909364823,0.8349005597734802,1.0
coarse,100000,0.35,0.33711476775509625,0.8250085564826969,1.0
coarse,100000,0.35,0.35390678500126244,0.8148108713996665,1.0
coarse,100000,0.35,0.37153522909717257,0.8043526944714787,1.0
coarse,100000,0.35,0.39004176328463463,0.7936971829137691,1.0
coarse,100000,0.35,0.4094701260923973,0.7828523410874609,1.0
coarse,100000,0.35,0.42986623470822766,0.7717560191040309,1.0
coarse,100000,0.35,0.45127829350005433,0.760404378064205,1.0
coarse,100000,0.35,0.473756907942654,0.74889243969256,1.0
coarse,100000,0.35,0.49735520421913965,0.7372315450496757,1.0
coarse,100000,0.35,0.5221289547799146,0.7253923923466093,1.0
coarse,100000,0.35,0.5481367101558418,0.7133250406418653,1.0
coarse,100000,0.35,0.5754399373371569,0.7011520286162584,1.0
coarse,100000,0.35,0.6041031650451701,0.6888876334855519,1.0
coarse,100000,0.35,0.6341941362400942,0.6765331234964771,1.0
coarse,100000,0.35,0.6657839682254364,0.6640024503341844,1.0
coarse,100000,0.35,0.6989473207273484,0.6514360516067786,1.0
coarse,100000,0.35,0.7337625723461731,0.6388499727571786,1.0
coarse,100000,0.35,0.7703120057972147,0.6262598477028755,1.0
coarse,100000,0.35,0.8086820023785352,0.6135871971298,1.0
coarse,100000,0.35,0.8489632461253815,0.6009487759168434,1.0
coarse,100000,0.35,0.8912509381337457,0.5883694347047522,1.0
coarse,100000,0.35,0.9356450215595893,0.575864269927585,1.0
coarse,100000,0.35,0.9822504178255043,0.5633935637754859,1.0
coarse,100000,0.35,1.0311772745930554,0.5510158967145244,0.9998525672682771
coarse,100000,0.35,1.0825412260868696,0.5387614188455205,0.9994551491476432
coarse,100000,0.35,1.1364636663857248,0.5266402012335066,0.9987531098400967
coarse,100000,0.35,1.1930720363265337,0.5146357901935534,0.997697467602476
coarse,100000,0.35,1.252500124699298,0.5027790768653794,0.9963367082591176
coarse,100000,0.35,1.314888384444878,0.49110584341135405,0.9947409912847159
coarse,100000,0.35,1.3803842646028852,0.4796244228215065,0.9929235135861577
coarse,100000,0.35,1.449142558794219,0.46833219509996826,0.9908641925127868
coarse,100000,0.35,1.5213257710618697,0.45723830722553815,0.9885662710138732
coarse,100000,0.35,1.5971044999346033,0.4463671543699649,0.986099520656212
coarse,100000,0.35,1.6766578416212374,0.4357214581577155,0.9834741966526293
coarse,100000,0.35,1.7601738132884204,0.4253012686543037,0.9806875815296415
coarse,100000,0.35,1.8478497974222907,0.4151062079744239,0.9777192490651576
coarse,100000,0.35,1.9398930083242285,0.4051460298884587,0.9746340788379989
coarse,100000,0.35,2.036520981843212,0.39541859737159296,0.9714401941950397
coarse,100000,0.35,2.1379620895022327,0.3859214134012868,0.9681445953539622
coarse,100000,0.35,2.244456078233844,0.37665055796861246,0.9647166320670725
coarse,100000,0.35,2.3562546370004687,0.36760492000472067,0.9612125957980789
coarse,100000,0.35,2.473621991638621,0.3587795799812656,0.9576386036648333
coarse,100000,0.35,2.5968355293329033,0.350169626300608,0.9540006314875973
coarse,100000,0.35,2.7261864541956613,0.3417692036215531,0.9502807679434313
coarse,100000,0.35,2.861980475501707,0.3335731438076493,0.9465098048287992
coarse,100000,0.35,3.004538530204693,0.3255761170295124,0.9426969534968326
coarse,100000,0.35,3.1541975414427297,0.31777284131963746,0.9388462921926597
coarse,100000,0.35,3.311311214825911,0.3101566148511759,0.9349486404888725
coarse,100000,0.35,3.476250874387709,0.30272250104732906,0.9310175924710714
coarse,100000,0.35,3.649406340175921,0.2954664196107725,0.9270632722183341
coarse,100000,0.35,3.831186849557289,0.2883838242026196,0.9230882640547101
coarse,100000,0.35,4.022022024413192,0.28146886916398456,0.9190880709046043
coarse,100000,0.35,4.22236288651233,0.2747171117662885,0.9150664911070494
coarse,100000,0.35,4.432682923460089,0.26812614263662093,0.9110334291201947
coarse,100000,0.35,4.653479207743908,0.2616921851163584,0.9069905309417079
coarse,100000,0.35,4.885273571519389,0.2554106786940127,0.9029360534569775
coarse,100000,0.35,5.1286138399136485,0.24927700392473257,0.898868383781096
coarse,100000,0.35,5.384075125760731,0.2432898109768193,0.8947969768907995
coarse,100000,0.35,5.652261188829045,0.23744574910593932,0.8907229604476081
coarse,100000,0.35,5.933805862753281,0.23174120810669446,0.8866463681799368
coarse,100000,0.35,6.229374553043173,0.22617102594202693,0.8825626209424409
coarse,100000,0.35,6.539665809709571,0.22073442669709198,0.8784806074326273
coarse,100000,0.35,6.865412978224548,0.21542831142299054,0.8744011396057538
coarse,100000,0.35,7.207385932717452,0.21024964950711114,0.8703250070200669
coarse,100000,0.35,7.566392895503165,0.20519309565571797,0.8662471302755056
coarse,100000,0.35,7.943282347242818,0.2002579964141111,0.862174620992851
coarse,100000,0.35,8.338945032251527,0.19544163665241537,0.858108429722294
coarse,100000,0.35,8.754316063692443,0.19074123002494256,0.8540491278333224
coarse,100000,0.35,9.190377133632595,0.18615217431614983,0.8499934912649887
coarse,100000,0.35,9.648158833183777,0.1816731082406998,0.8459452759689474
coarse,100000,0.35,10.128743088211932,0.17730200223614231,0.841906145584126
coarse,100000,0.35,10.633265716371616,0.1730363151190196,0.8378765132700748
coarse,100000,0.35,11.162919111508824,0.16887215138913067,0.8338544473658135
coarse,100000,0.35,11.718955061776631,0.1648074922865673,0.829841438949286
coarse,100000,0.35,12.30268770812381,0.1608409601831678,0.8258395536456884
coarse,100000,0.35,12.91549665014884,0.15697024129415843,0.8218490898173985
coarse,100000,0.35,13.558830206659357,0.1531921066894569,0.817869019288687
coarse,100000,0.35,14.234208838643415,0.14950389198677672,0.8138993099332715
coarse,100000,0.35,14.943228742742294,0.14590484379750615,0.8099422264670967
coarse,100000,0.35,15.687565623717566,0.1423928571153772,0.8059979816877394
coarse,100000,0.35,16.46897865482869,0.13896533824337332,0.80206617613244
coarse,100000,0.35,17.289314635480615,0.1356189771201853,0.798145762359859
coarse,100000,0.35,17.78279410038923,0.13371934565530508,0.7958829439327995
coarse,100000,0.35,18.15051235596819,0.1323536247914114,0.794239073156413
coarse,100000,0.35,19.054607179632484,0.12916736802230366,0.7903462561316074
coarse,100000,0.35,19.109529749704404,0.1289809987015391,0.7901160519181449
coarse,100000,0.35,20.003735853259002,0.1260582247882792,0.7864673462601953
coarse,100000,0.35,20.53525026457146,0.12441054649446281,0.784379036060133
coarse,100000,0.35,21.000141557086565,0.12302223027081512,0.7826006289021517
coarse,100000,0.35,22.04617920636185,0.12005982453807998,0.7787484238349266
coarse,100000,0.35,22.0673406908459,0.12000208814842131,0.7786725419211691
coarse,100000,0.35,23.144321016969926,0.11716927001454792,0.7749108282772754
coarse,100000,0.35,23.71373705661655,0.11574992748933906,0.7729971389560195
coarse,100000,0.35,24.29716234829391,0.1143488712639651,0.7710879354509959
coarse,100000,0.35,25.482967479793466,0.11164856641682715,0.7673533268268573
coarse,100000,0.35,25.507427837113593,0.11159491347137322,0.7672783194176455
coarse,100000,0.35,26.777977837039188,0.10890749375412972,0.7634835208529402
coarse,100000,0.35,27.384196342643612,0.10769269843743912,0.7617415411808593
coarse,100000,0.35,28.11181517869986,0.10628534168641415,0.7597038379130969
coarse,100000,0.35,29.42727176209282,0.10387691616052894,0.7561619691396366
coarse,100000,0.35,29.51209226666387,0.10372691873623668,0.7559393256207302
coarse,100000,0.35,30.982118529862987,0.10122908678193389,0.7521890113815041
coarse,100000,0.35,31.622776601683793,0.10019561502480061,0.7506145427910783
coarse,100000,0.35,32.5253682431303,0.09879124514606932,0.7484536267796589
coarse,100000,0.35,33.982083289425596,0.09664498322903141,0.745100193669172
coarse,100000,0.35,34.145488738336006,0.0964126915729298,0.7447336829322403
coarse,100000,0.35,35.84630902452844,0.09409203073958931,0.7410292052170546
coarse,100000,0.35,36.51741272548377,0.0932204190588029,0.739619141310622
coarse,100000,0.35,37.63184883745225,0.09182668703709843,0.7373395611499375
coarse,100000,0.35,39.24189758484536,0.08991748273090187,0.7341715649591131
coarse,100000,0.35,39.50632813983238,0.08961534808083038,0.7336648810996003
coarse,100000,0.35,41.47417709487639,0.08745786888389802,0.7300058257989303
coarse,100000,0.35,42.169650342858226,0.08673189094885146,0.7287576069668581
coarse,100000,0.35,43.540046536566486,0.08535298470596166,0.7263623977017108
coarse,100000,0.35,45.31583637600818,0.08365951162573985,0.7233773758464528
coarse,100000,0.35,45.708818961487516,0.0832986712876053,0.7227342238719227
coarse,100000,0.35,47.98562006816812,0.08129288828256537,0.7191209786675598
coarse,100000,0.35,48.69675251658631,0.08069635877174246,0.7180309489689151
coarse,100000,0.35,50.37583087120846,0.07933603941712455,0.715523431772844
coarse,100000,0.35,52.32991146814947,0.07783821168544898,0.7127182104352702
coarse,100000,0.35,52.88510041882383,0.07742697893953338,0.7119415676466562
coarse,100000,0.35,55.5193591438621,0.07556422518883431,0.7083752161200606
coarse,100000,0.35,56.23413251903491,0.07508086142457221,0.70743898630955
coarse,100000,0.35,58.28483287984838,0.07374499224012913,0.7048236932280507
coarse,100000,0.35,60.42963902381328,0.07242161400437752,0.7021936679518174
coarse,100000,0.35,61.18805757518219,0.07197022586151079,0.701287853377585
coarse,100000,0.35,64.23589474026393,0.07023888868176567,0.6977676663187949
coarse,100000,0.35,64.93816315762113,0.06985701979831063,0.6969822231567111
coarse,100000,0.35,67.435547664057,0.06854996933054915,0.6942631008748391
coarse,100000,0.35,69.78305848598663,0.0673837521299846,0.6918045976317182
coarse,100000,0.35,70.79457843841381,0.06690011457321096,0.6907732500657263
coarse,100000,0.35,74.32092583039913,0.06529061052318107,0.6872989671976668
coarse,100000,0.35,74.98942093324558,0.06499860308854914,0.686660716070683
coarse,100000,0.35,78.02292404485208,0.06372058403484868,0.6838402345853756
coarse,100000,0.35,80.58421877614818,0.06269847948828564,0.6815504831375633
coarse,100000,0.35,81.90932242152977,0.06218912016277179,0.6803970088338822
coarse,100000,0.35,85.98930611338423,0.06069338597586876,0.6769685722641873
coarse,100000,0.35,86.59643233600653,0.06048039896871499,0.6764737843905958
coarse,100000,0.35,90.27251779484578,0.05923389798307499,0.6735553957366085
coarse,100000,0.35,93.0572040929699,0.058341015526026004,0.6714303251334822
coarse,100000,0.35,94.76908045141592,0.0578103071422907,0.6701576037116759
coarse,100000,0.35,99.4896213044336,0.05642178634452672,0.6667751423032409
coarse,100000,0.35,100.0,0.0562772222021078,0.666419844957045
coarse,100000,0.35,104.44529692755633,0.05506601890420615,0.6634074512766833
coarse,100000,0.35,107.46078283213176,0.05428715918453008,0.6614424557446994
coarse,100000,0.35,109.64781961431851,0.0537427347150948,0.6600546667116036
coarse,100000,0.35,115.10948505908407,0.052452105512076186,0.6567170455193485
coarse,100000,0.35,115.47819846894582,0.05236825126425151,0.6564979709642284
coarse,100000,0.35,120.84320141681312,0.05119338422749912,0.6533945248113824
coarse,100000,0.35,124.09377607517196,0.050518016580560564,0.6515861890811625
coarse,100000,0.35,126.86251981032602,0.04996476762416676,0.6500866841144373
coarse,100000,0.35,133.1816663571621,0.04876518215399906,0.6467933446836628
coarse,100000,0.35,133.3521432163324,0.04873406348612674,0.6467068941758097
coarse,100000,0.35,139.81557579172983,0.04759531786328794,0.643514898677929
coarse,100000,0.35,143.30125702369628,0.047014087526490445,0.6418598565022364
coarse,100000,0.35,146.77992676220705,0.04645450066036747,0.6402512754089025
coarse,100000,0.35,153.9926526059492,0.045355868530478106,0.6370448329935752
coarse,100000,0.35,154.09117888561602,0.045341438870839544,0.6370021890891207
coarse,100000,0.35,161.76661164864794,0.04425423943557496,0.6337671409232204
coarse,100000,0.35,165.48170999431815,0.04375669786068991,0.632261371796315
coarse,100000,0.35,169.82436524617444,0.043194108713324825,0.630546672500873
coarse,100000,0.35,177.82794100389228,0.04221435332921675,0.6275091370286876
coarse,100000,0.35,178.28348345396734,0.04216043919219266,0.6273407062669359
coarse,100000,0.35,187.16395863694845,0.04115244938698196,0.6241490976439111
coarse,100000,0.35,191.09529749704404,0.040727591297332284,0.6227880950063259
coarse,100000,0.35,196.4867789993468,0.04016741212014557,0.6209709991770564
coarse,100000,0.35,205.3525026457146,0.03929450228657074,0.6180979500238536
coarse,100000,0.35,206.27397818843016,0.03920704806469352,0.6178071268870399
coarse,100000,0.35,216.54868736904876,0.03827081050260544,0.6146573970916821
coarse,100000,0.35,220.673406908459,0.03791324817492754,0.6134383950134584
coarse,100000,0.35,227.33518989206314,0.03735816749411295,0.6115217264201224
coarse,100000,0.35,237.13737056616552,0.03658205988594322,0.6088091118351681
coarse,100000,0.35,238.65897868585807,0.03646632339268346,0.6083991606324363
coarse,100000,0.35,250.5468165065873,0.03559673271934034,0.605290332973621
coarse,100000,0.35,254.82967479793464,0.03529923516501326,0.6042097715495315
coarse,100000,0.35,263.02679918953817,0.03474916361482561,0.6021952518410507
coarse,100000,0.35,273.8419634264361,0.034063136439430146,0.5996400346772887
coarse,100000,0.35,276.128422051113,0.03392313843739973,0.5991138284910714
coarse,100000,0.35,289.88264959835425,0.03311636432987472,0.596045214198919
coarse,100000,0.35,294.2727176209282,0.03287151835305632,0.5950992702232786
coarse,100000,0.35,304.32198871077225,0.03232944581975783,0.5929897206159622
coarse,100000,0.35,316.22776601683796,0.031722886364709775,0.590587096957561
coarse,100000,0.35,319.4805654674313,0.031562654493810044,0.589947543738034
coarse,100000,0.35,335.394205800866,0.030815562365341855,0.5869185900049279
coarse,100000,0.35,352.1005201684521,0.030086379823102687,0.5839021378400704
coarse,100000,0.35,369.6389924413366,0.02937485118970843,0.5808981183990678
coarse,100000,0.35,388.0510732210183,0.02868174857858812,0.5779069543470621
coarse,100000,0.35,407.380277804113,0.028006689423911654,0.5749285478978373
coarse,100000,0.35,427.67228902684343,0.027348386630985932,0.5719623371040347
coarse,100000,0.35,448.97506523231453,0.026705718895002145,0.5690077926549924
coarse,100000,0.35,471.3389536157405,0.026079953604422463,0.566065613573945
coarse,100000,0.35,494.8168092155145,0.025470749716561554,0.5631356985835207
coarse,100000,0.35,519.4641198313342,0.024877319748969753,0.5602176885920104
coarse,100000,0.35,545.3391371646278,0.02429767810455327,0.5573104937808565
coarse,100000,0.35,572.5030144912078,0.023733578671973708,0.5544151494945644
coarse,100000,0.35,601.0199511915373,0.023184718286528985,0.5515315519919545
coarse,100000,0.35,630.9573444801937,0.022650802759669263,0.5486595985813219
coarse,100000,0.5,0.1,1.0,1.0
coarse,100000,0.5,0.10498109808656175,0.9956169030108726,1.0
coarse,100000,0.5,0.11021030955460301,0.9910468159152055,1.0
coarse,100000,0.5,0.11569999317502112,0.9863097600112812,1.0
coarse,100000,0.5,0.12146312332121417,0.9814028780527566,1.0
coarse,100000,0.5,0.1275133206328453,0.9762720585299646,1.0
coarse,100000,0.5,0.13386488420699932,0.970914084800147,1.0
coarse,100000,0.5,0.14053282539281228,0.9653693897826822,1.0
coarse,100000,0.5,0.14753290326944482,0.9596355416518607,1.0
coarse,100000,0.5,0.1548816618912481,0.9536715890513635,1.0
coarse,100000,0.5,0.16259646938814815,0.947436959353825,1.0
coarse,100000,0.5,0.17069555901365815,0.9409977426167594,1.0
coarse,100000,0.5,0.1791980722375334,0.9343523403908734,1.0
coarse,100000,0.5,0.18812410398491272,0.9274780913234453,1.0
coarse,100000,0.5,0.19749475012886664,0.9202883737312136,1.0
coarse,100000,0.5,0.2073321573485955,0.9128802834809203,1.0
coarse,100000,0.5,0.2176595754711136,0.9052535822241676,1.0
coarse,100000,0.5,0.2285014124201237,0.8974083901404585,1.0
coarse,100000,0.5,0.23988329190194904,0.8892065305862719,1.0
coarse,100000,0.5,0.25183211396485844,0.8807786551949822,1.0
coarse,100000,0.5,0.26437611857491,0.872127267825167,1.0
coarse,100000,0.5,0.277544952358571,0.8632545345606503,1.0
coarse,100000,0.5,0.29136973866985255,0.85404162401357,1.0
coarse,100000,0.5,0.30588315114755654,0.8445798610727072,1.0
coarse,100000,0.5,0.3211194909364823,0.8349005597734802,1.0
coarse,100000,0.5,0.33711476775509625,0.8250085564826969,1.0
coarse,100000,0.5,0.35390678500126244,0.8148108713996665,1.0
coarse,100000,0.5,0.37153522909717257,0.8043526944714787,1.0
coarse,100000,0.5,0.39004176328463463,0.7936971829137691,1.0
coarse,100000,0.5,0.4094701260923973,0.7828523410874609,1.0
coarse,100000,0.5,0.42986623470822766,0.7717560191040309,1.0
coarse,100000,0.5,0.45127829350005433,0.760404378064205,1.0
coarse,100000,0.5,0.473756907942654,0.74889243969256,1.0
coarse,100000,0.5,0.49735520421913965,0.7372315450496757,1.0
coarse,100000,0.5,0.5221289547799146,0.7253923923466093,1.0
coarse,100000,0.5,0.5481367101558418,0.7133250406418653,1.0
coarse,100000,0.5,0.5754399373371569,0.7011520286162584,1.0
coarse,100000,0.5,0.6041031650451701,0.6888876334855519,1.0
coarse,100000,0.5,0.6341941362400942,0.6765331234964771,1.0
coarse,100000,0.5,0.6657839682254364,0.6640024503341844,1.0
coarse,100000,0.5,0.6989473207273484,0.6514360516067786,1.0
coarse,100000,0.5,0.7337625723461731,0.6388499727571786,1.0
coarse,100000,0.5,0.7703120057972147,0.6262598477028755,1.0
coarse,100000,0.5,0.8086820023785352,0.6135871971298,1.0
coarse,100000,0.5,0.8489632461253815,0.6009487759168434,1.0
coarse,100000,0.5,0.8912509381337457,0.5883694347047522,1.0
coarse,100000,0.5,0.9356450215595893,0.575864269927585,1.0
coarse,100000,0.5,0.9822504178255043,0.5633935637754859,1.0
coarse,100000,0.5,1.0311772745930554,0.5510158967145244,0.9996324464079048
coarse,100000,0.5,1.0825412260868696,0.5387614188455205,0.9986445722075686
coarse,100000,0.5,1.1364636663857248,0.5266402012335066,0.9969037191150729
coarse,100000,0.5,1.1930720363265337,0.5146357901935534,0.9942963912967294
coarse,100000,0.5,1.252500124699298,0.5027790768653794,0.9909497648497254
coarse,100000,0.5,1.314888384444878,0.49110584341135405,0.9870406831434815
coarse,100000,0.5,1.3803842646028852,0.4796244228215065,0.9826062060979559
coarse,100000,0.5,1.449142558794219,0.46833219509996826,0.9776038459815404
coarse,100000,0.5,1.5213257710618697,0.45723830722553815,0.9720481025604351
coarse,100000,0.5,1.5971044999346033,0.4463671543699649,0.9661110064899104
coarse,100000,0.5,1.6766578416212374,0.4357214581577155,0.9598214329663356
coarse,100000,0.5,1.7601738132884204,0.4253012686543037,0.9531776635276593
coarse,100000,0.5,1.8478497974222907,0.4151062079744239,0.9461370264672375
coarse,100000,0.5,1.9398930083242285,0.4051460298884587,0.9388560795680465
coarse,100000,0.5,2.036520981843212,0.39541859737159296,0.9313573741816149
coarse,100000,0.5,2.1379620895022327,0.3859214134012868,0.9236606289762926
coarse,100000,0.5,2.244456078233844,0.37665055796861246,0.9156993270277125
coarse,100000,0.5,2.3562546370004687,0.36760492000472067,0.9076061828918919
coarse,100000,0.5,2.473621991638621,0.3587795799812656,0.8993977443222914
coarse,100000,0.5,2.5968355293329033,0.350169626300608,0.8910899827072742
coarse,100000,0.5,2.7261864541956613,0.3417692036215531,0.8826453391974204
coarse,100000,0.5,2.861980475501707,0.3335731438076493,0.8741352570844385
coarse,100000,0.5,3.004538530204693,0.3255761170295124,0.8655819467852938
coarse,100000,0.5,3.1541975414427297,0.31777284131963746,0.856995896021656
coarse,100000,0.5,3.311311214825911,0.3101566148511759,0.8483585405181381
coarse,100000,0.5,3.476250874387709,0.30272250104732906,0.8397010238520776
coarse,100000,0.5,3.649406340175921,0.2954664196107725,0.8310462896806317
coarse,100000,0.5,3.831186849557289,0.2883838242026196,0.8224006428614252
coarse,100000,0.5,4.022022024413192,0.28146886916398456,0.8137551744838627
coarse,100000,0.5,4.22236288651233,0.2747171117662885,0.8051186739792207
coarse,100000,0.5,4.432682923460089,0.26812614263662093,0.7965126079087295
coarse,100000,0.5,4.653479207743908,0.2616921851163584,0.7879406946076024
coarse,100000,0.5,4.885273571519389,0.2554106786940127,0.7793994790561015
coarse,100000,0.5,5.1286138399136485,0.24927700392473257,0.7708857834593198
coarse,100000,0.5,5.384075125760731,0.2432898109768193,0.7624194208284684
coarse,100000,0.5,5.652261188829045,0.23744574910593932,0.7540026731552618
coarse,100000,0.5,5.933805862753281,0.23174120810669446,0.7456355138932423
coarse,100000,0.5,6.229374553043173,0.22617102594202693,0.7373084153787989
coarse,100000,0.5,6.539665809709571,0.22073442669709198,0.7290394945788427
coarse,100000,0.5,6.865412978224548,0.21542831142299054,0.7208301526958496
coarse,100000,0.5,7.207385932717452,0.21024964950711114,0.7126817061334388
coarse,100000,0.5,7.566392895503165,0.20519309565571797,0.7045835470103905
coarse,100000,0.5,7.943282347242818,0.2002579964141111,0.6965497660665874
coarse,100000,0.5,8.338945032251527,0.19544163665241537,0.6885818850220048
coarse,100000,0.5,8.754316063692443,0.19074123002494256,0.68068062941969
coarse,100000,0.5,9.190377133632595,0.18615217431614983,0.6728391007433201
coarse,100000,0.5,9.648158833183777,0.1816731082406998,0.6650643691247059
coarse,100000,0.5,10.128743088211932,0.17730200223614231,0.6573592684349676
coarse,100000,0.5,10.633265716371616,0.1730363151190196,0.6497241080258603
coarse,100000,0.5,11.162919111508824,0.16887215138913067,0.6421545305278367
coarse,100000,0.5,11.718955061776631,0.1648074922865673,0.6346529555371062
coarse,100000,0.5,12.30268770812381,0.1608409601831678,0.6272229194249507
coarse,100000,0.5,12.91549665014884,0.15697024129415843,0.6198644404883389
coarse,100000,0.5,13.558830206659357,0.1531921066894569,0.6125749153821355
coarse,100000,0.5,14.234208838643415,0.14950389198677672,0.6053536894068955
coarse,100000,0.5,14.943228742742294,0.14590484379750615,0.598204619965983
coarse,100000,0.5,15.687565623717566,0.1423928571153772,0.5911275191517417
coarse,100000,0.5,16.46897865482869,0.13896533824337332,0.5841209944937865
coarse,100000,0.5,17.289314635480615,0.1356189771201853,0.577182373675181
coarse,100000,0.5,17.78279410038923,0.13371934565530508,0.5731993682029527
coarse,100000,0.5,18.15051235596819,0.1323536247914114,0.5703156003334738
coarse,100000,0.5,19.054607179632484,0.12916736802230366,0.563520339835407
coarse,100000,0.5,19.109529749704404,0.1289809987015391,0.5631199379878878
coarse,100000,0.5,20.003735853259002,0.1260582247882792,0.5567960354413823
coarse,100000,0.5,20.53525026457146,0.12441054649446281,0.553194732362488
coarse,100000,0.5,21.000141557086565,0.12302223027081512,0.5501387076749626
coarse,100000,0.5,22.04617920636185,0.12005982453807998,0.5435522494629841
coarse,100000,0.5,22.0673406908459,0.12000208814842131,0.5434229674326052
coarse,100000,0.5,23.144321016969926,0.11716927001454792,0.5370362224753369
coarse,100000,0.5,23.71373705661655,0.11574992748933906,0.5338037069763821
coarse,100000,0.5,24.29716234829391,0.1143488712639651,0.5305901807861532
coarse,100000,0.5,25.482967479793466,0.11164856641682715,0.5243358796108947
coarse,100000,0.5,25.507427837113593,0.11159491347137322,0.5242107141288812
coarse,100000,0.5,26.777977837039188,0.10890749375412972,0.5179001905007176
coarse,100000,0.5,27.384196342643612,0.10769269843743912,0.5150182943182101
coarse,100000,0.5,28.11181517869986,0.10628534168641415,0.5116585675326313
coarse,100000,0.5,29.42727176209282,0.10387691616052894,0.5058492849294247
coarse,100000,0.5,29.51209226666387,0.10372691873623668,0.5054853312998201
coarse,100000,0.5,30.982118529862987,0.10122908678193389,0.49937796574232735
coarse,100000,0.5,31.622776601683793,0.10019561502480061,0.49682670290523384
coarse,100000,0.5,32.5253682431303,0.09879124514606932,0.49333727096812774
coarse,100000,0.5,33.982083289425596,0.09664498322903141,0.4879503591143551
coarse,100000,0.5,34.145488738336006,0.0964126915729298,0.48736363026023916
coarse,100000,0.5,35.84630902452844,0.09409203073958931,0.48145648485726444
coarse,100000,0.5,36.51741272548377,0.0932204190588029,0.4792186939260016
coarse,100000,0.5,37.63184883745225,0.09182668703709843,0.4756139966241621
coarse,100000,0.5,39.24189758484536,0.08991748273090187,0.4706300886671222
coarse,100000,0.5,39.50632813983238,0.08961534808083038,0.4698358105718663
coarse,100000,0.5,41.47417709487639,0.08745786888389802,0.4641226171096908
coarse,100000,0.5,42.169650342858226,0.08673189094885146,0.4621828739802436
coarse,100000,0.5,43.540046536566486,0.08535298470596166,0.4584738300921733
coarse,100000,0.5,45.31583637600818,0.08365951162573985,0.453875337282546
coarse,100000,0.5,45.708818961487516,0.0832986712876053,0.4528881360104809
coarse,100000,0.5,47.98562006816812,0.08129288828256537,0.4473643121096071
coarse,100000,0.5,48.69675251658631,0.08069635877174246,0.4457057293715532
coarse,100000,0.5,50.37583087120846,0.07933603941712455,0.44190327995453454
coarse,100000,0.5,52.32991146814947,0.07783821168544898,0.4376719500835083
coarse,100000,0.5,52.88510041882383,0.07742697893953338,0.43650443867044675
coarse,100000,0.5,55.5193591438621,0.07556422518883431,0.4311668913522754
coarse,100000,0.5,56.23413251903491,0.07508086142457221,0.4297718148779966
coarse,100000,0.5,58.28483287984838,0.07374499224012913,0.4258887422596474
coarse,100000,0.5,60.42963902381328,0.07242161400437752,0.4220042662494681
coarse,100000,0.5,61.18805757518219,0.07197022586151079,0.42067109843351275
coarse,100000,0.5,64.23589474026393,0.07023888868176567,0.4155133530785733
coarse,100000,0.5,64.93816315762113,0.06985701979831063,0.41436744980176987
coarse,100000,0.5,67.435547664057,0.06854996933054915,0.41041490306351097
coarse,100000,0.5,69.78305848598663,0.0673837521299846,0.4068594978527088
coarse,100000,0.5,70.79457843841381,0.06690011457321096,0.4053734499731957
coarse,100000,0.5,74.32092583039913,0.06529061052318107,0.40039011862617196
coarse,100000,0.5,74.98942093324558,0.06499860308854914,0.39947853244429393
coarse,100000,0.5,78.02292404485208,0.06372058403484868,0.39546435122711143
coarse,100000,0.5,80.58421877614818,0.06269847948828564,0.39222266809445655
coarse,100000,0.5,81.90932242152977,0.06218912016277179,0.3905955458624916
coarse,100000,0.5,85.98930611338423,0.06069338597586876,0.3857818076003441
coarse,100000,0.5,86.59643233600653,0.06048039896871499,0.3850900143403099
coarse,100000,0.5,90.27251779484578,0.05923389798307499,0.3810235406343738
coarse,100000,0.5,93.0572040929699,0.058341015526026004,0.3780783678531728
coarse,100000,0.5,94.76908045141592,0.0578103071422907,0.3763204868126041
coarse,100000,0.5,99.4896213044336,0.05642178634452672,0.3716720501462808
coarse,100000,0.5,100.0,0.0562772222021078,0.37118563007918576
coarse,100000,0.5,104.44529692755633,0.05506601890420615,0.36707667810670747
coarse,100000,0.5,107.46078283213176,0.05428715918453008,0.3644104462997399
coarse,100000,0.5,109.64781961431851,0.0537427347150948,0.3625341557490521
coarse,100000,0.5,115.10948505908407,0.052452105512076186,0.35804450016440625
coarse,100000,0.5,115.47819846894582,0.05236825126425151,0.35775092168681866
coarse,100000,0.5,120.84320141681312,0.05119338422749912,0.35360712505606817
coarse,100000,0.5,124.09377607517196,0.050518016580560564,0.3512051670065752
coarse,100000,0.5,126.86251981032602,0.04996476762416676,0.34922078310976545
coarse,100000,0.5,133.1816663571621,0.04876518215399906,0.34488469504093167
coarse,100000,0.5,133.3521432163324,0.04873406348612674,0.3447713001353774
coarse,100000,0.5,139.81557579172983,0.04759531786328794,0.34059914828039545
coarse,100000,0.5,143.30125702369628,0.047014087526490445,0.3384474474295016
coarse,100000,0.5,146.77992676220705,0.04645450066036747,0.3363635691217259
coarse,100000,0.5,153.9926526059492,0.045355868530478106,0.33223174496146063
coarse,100000,0.5,154.09117888561602,0.045341438870839544,0.33217699824135516
coarse,100000,0.5,161.76661164864794,0.04425423943557496,0.32803810736164324
coarse,100000,0.5,165.48170999431815,0.04375669786068991,0.3261219864414375
coarse,100000,0.5,169.82436524617444,0.043194108713324825,0.3239474658192197
coarse,100000,0.5,177.82794100389228,0.04221435332921675,0.32011622146342117
coarse,100000,0.5,178.28348345396734,0.04216043919219266,0.31990451467260345
coarse,100000,0.5,187.16395863694845,0.04115244938698196,0.3159085824584511
coarse,100000,0.5,191.09529749704404,0.040727591297332284,0.31421307268484433
coarse,100000,0.5,196.4867789993468,0.04016741212014557,0.3119577734535464
coarse,100000,0.5,205.3525026457146,0.03929450228657074,0.30841072065193276
coarse,100000,0.5,206.27397818843016,0.03920704806469352,0.3080529648266541
coarse,100000,0.5,216.54868736904876,0.03827081050260544,0.3041936140436358
coarse,100000,0.5,220.673406908459,0.03791324817492754,0.3027073604746927
coarse,100000,0.5,227.33518989206314,0.03735816749411295,0.3003791851503008
coarse,100000,0.5,237.13737056616552,0.03658205988594322,0.29710120250855315
coarse,100000,0.5,238.65897868585807,0.03646632339268346,0.2966076687602101
coarse,100000,0.5,250.5468165065873,0.03559673271934034,0.2928797868710337
coarse,100000,0.5,254.82967479793464,0.03529923516501326,0.29159047298223567
coarse,100000,0.5,263.02679918953817,0.03474916361482561,0.2891951818631499
coarse,100000,0.5,273.8419634264361,0.034063136439430146,0.28617341458037837
coarse,100000,0.5,276.128422051113,0.03392313843739973,0.2855533356143914
coarse,100000,0.5,289.88264959835425,0.03311636432987472,0.2819524889879208
coarse,100000,0.5,294.2727176209282,0.03287151835305632,0.2808478266390401
coarse,100000,0.5,304.32198871077225,0.03232944581975783,0.2783928211411274
coarse,100000,0.5,316.22776601683796,0.031722886364709775,0.27561196947907113
coarse,100000,0.5,319.4805654674313,0.031562654493810044,0.2748743063660935
coarse,100000,0.5,335.394205800866,0.030815562365341855,0.2713964453569523
coarse,100000,0.5,352.1005201684521,0.030086379823102687,0.26795775023015445
coarse,100000,0.5,369.6389924413366,0.02937485118970843,0.26455779989216377
coarse,100000,0.5,388.0510732210183,0.02868174857858812,0.26119694080889705
coarse,100000,0.5,407.380277804113,0.028006689423911654,0.2578746933763865
coarse,100000,0.5,427.67228902684343,0.027348386630985932,0.25458987445445824
coarse,100000,0.5,448.97506523231453,0.026705718895002145,0.25134138204154777
coarse,100000,0.5,471.3389536157405,0.026079953604422463,0.24812998585401166
coarse,100000,0.5,494.8168092155145,0.025470749716561554,0.24495522691257976
coarse,100000,0.5,519.4641198313342,0.024877319748969753,0.24181627146965756
coarse,100000,0.5,545.3391371646278,0.02429767810455327,0.23871123625501872
coarse,100000,0.5,572.5030144912078,0.023733578671973708,0.23564137453245562
coarse,100000,0.5,601.0199511915373,0.023184718286528985,0.2326062490588733
coarse,100000,0.5,630.9573444801937,0.022650802759669263,0.22960542958598637
coarse,100000,0.65,0.1,1.0,1.0
coarse,100000,0.65,0.10498109808656175,0.9956169030108726,1.0
coarse,100000,0.65,0.11021030955460301,0.9910468159152055,1.0
coarse,100000,0.65,0.11569999317502112,0.9863097600112812,1.0
coarse,100000,0.65,0.12146312332121417,0.9814028780527566,1.0
coarse,100000,0.65,0.1275133206328453,0.9762720585299646,1.0
coarse,100000,0.65,0.13386488420699932,0.970914084800147,1.0
coarse,100000,0.65,0.14053282539281228,0.9653693897826822,1.0
coarse,100000,0.65,0.14753290326944482,0.9596355416518607,1.0
coarse,100000,0.65,0.1548816618912481,0.9536715890513635,1.0
coarse,100000,0.65,0.16259646938814815,0.947436959353825,1.0
coarse,100000,0.65,0.17069555901365815,0.9409977426167594,1.0
coarse,100000,0.65,0.1791980722375334,0.9343523403908734,1.0
coarse,100000,0.65,0.18812410398491272,0.9274780913234453,1.0
coarse,100000,0.65,0.19749475012886664,0.9202883737312136,1.0
coarse,100000,0.65,0.2073321573485955,0.9128802834809203,1.0
coarse,100000,0.65,0.2176595754711136,0.9052535822241676,1.0
coarse,100000,0.65,0.2285014124201237,0.8974083901404585,1.0
coarse,100000,0.65,0.23988329190194904,0.8892065305862719,1.0
coarse,100000,0.65,0.25183211396485844,0.8807786551949822,1.0
coarse,100000,0.65,0.26437611857491,0.872127267825167,1.0
coarse,100000,0.65,0.277544952358571,0.8632545345606503,1.0
coarse,100000,0.65,0.29136973866985255,0.85404162401357,1.0
coarse,100000,0.65,0.30588315114755654,0.8445798610727072,1.0
coarse,100000,0.65,0.3211194909364823,0.8349005597734802,1.0
coarse,100000,0.65,0.33711476775509625,0.8250085564826969,1.0
coarse,100000,0.65,0.35390678500126244,0.8148108713996665,1.0
coarse,100000,0.65,0.37153522909717257,0.8043526944714787,1.0
coarse,100000,0.65,0.39004176328463463,0.7936971829137691,1.0
coarse,100000,0.65,0.4094701260923973,0.7828523410874609,1.0
coarse,100000,0.65,0.42986623470822766,0.7717560191040309,1.0
coarse,100000,0.65,0.45127829350005433,0.760404378064205,1.0
coarse,100000,0.65,0.473756907942654,0.74889243969256,1.0
coarse,100000,0.65,0.49735520421913965,0.7372315450496757,1.0
coarse,100000,0.65,0.5221289547799146,0.7253923923466093,1.0
coarse,100000,0.65,0.5481367101558418,0.7133250406418653,1.0
coarse,100000,0.65,0.5754399373371569,0.7011520286162584,1.0
coarse,100000,0.65,0.6041031650451701,0.6888876334855519,1.0
coarse,100000,0.65,0.6341941362400942,0.6765331234964771,1.0
coarse,100000,0.65,0.6657839682254364,0.6640024503341844,1.0
coarse,100000,0.65,0.6989473207273484,0.6514360516067786,1.0
coarse,100000,0.65,0.7337625723461731,0.6388499727571786,1.0
coarse,100000,0.65,0.7703120057972147,0.6262598477028755,1.0
coarse,100000,0.65,0.8086820023785352,0.6135871971298,1.0
coarse,100000,0.65,0.8489632461253815,0.6009487759168434,1.0
coarse,100000,0.65,0.8912509381337457,0.5883694347047522,1.0
coarse,100000,0.65,0.9356450215595893,0.575864269927585,1.0
coarse,100000,0.65,0.9822504178255043,0.5633935637754859,1.0
coarse,100000,0.65,1.0311772745930554,0.5510158967145244,0.999413552678084
coarse,100000,0.65,1.0825412260868696,0.5387614188455205,0.997841954007999
coarse,100000,0.65,1.1364636663857248,0.5266402012335066,0.9950791253453433
coarse,100000,0.65,1.1930720363265337,0.5146357901935534,0.9909574375713525
coarse,100000,0.65,1.252500124699298,0.5027790768653794,0.9856894137877028
coarse,100000,0.65,1.314888384444878,0.49110584341135405,0.9795598937768379
coarse,100000,0.65,1.3803842646028852,0.4796244228215065,0.9726340701874777
coarse,100000,0.65,1.449142558794219,0.46833219509996826,0.9648553684042979
coarse,100000,0.65,1.5213257710618697,0.45723830722553815,0.9562561931818315
coarse,100000,0.65,1.5971044999346033,0.4463671543699649,0.947107354634376
coarse,100000,0.65,1.6766578416212374,0.4357214581577155,0.937459228947728
coarse,100000,0.65,1.7601738132884204,0.4253012686543037,0.9273159528201116
coarse,100000,0.65,1.8478497974222907,0.4151062079744239,0.9166211179497955
coarse,100000,0.65,1.9398930083242285,0.4051460298884587,0.9056155786598737
coarse,100000,0.65,2.036520981843212,0.39541859737159296,0.8943377674964307
coarse,100000,0.65,2.1379620895022327,0.3859214134012868,0.8828214899700974
coarse,100000,0.65,2.244456078233844,0.37665055796861246,0.8709744648860418
coarse,100000,0.65,2.3562546370004687,0.36760492000472067,0.8589957327144865
coarse,100000,0.65,2.473621991638621,0.3587795799812656,0.8469124693557102
coarse,100000,0.65,2.5968355293329033,0.350169626300608,0.8347505758996479
coarse,100000,0.65,2.7261864541956613,0.3417692036215531,0.8224595503005963
coarse,100000,0.65,2.861980475501707,0.3335731438076493,0.8101442053563868
coarse,100000,0.65,3.004538530204693,0.3255761170295124,0.7978376549073235
coarse,100000,0.65,3.1541975414427297,0.31777284131963746,0.7855559299161793
coarse,100000,0.65,3.311311214825911,0.3101566148511759,0.7732746416303259
coarse,100000,0.65,3.476250874387709,0.30272250104732906,0.7610382666786901
coarse,100000,0.65,3.649406340175921,0.2954664196107725,0.7488788975813861
coarse,100000,0.65,3.831186849557289,0.2883838242026196,0.7368052987424505
coarse,100000,0.65,4.022022024413192,0.28146886916398456,0.7248055502324717
coarse,100000,0.65,4.22236288651233,0.2747171117662885,0.7128916384748808
coarse,100000,0.65,4.432682923460089,0.26812614263662093,0.7010920961454197
coarse,100000,0.65,4.653479207743908,0.2616921851163584,0.6894113187203199
coarse,100000,0.65,4.885273571519389,0.2554106786940127,0.6778441257049314
coarse,100000,0.65,5.1286138399136485,0.24927700392473257,0.6663857371547639
coarse,100000,0.65,5.384075125760731,0.2432898109768193,0.6550614587444289
coarse,100000,0.65,5.652261188829045,0.23744574910593932,0.6438733137642468
coarse,100000,0.65,5.933805862753281,0.23174120810669446,0.6328202689342205
coarse,100000,0.65,6.229374553043173,0.22617102594202693,0.6218890020347069
coarse,100000,0.65,6.539665809709571,0.22073442669709198,0.6111018964316852
coarse,100000,0.65,6.865412978224548,0.21542831142299054,0.6004595639321882
coarse,100000,0.65,7.207385932717452,0.21024964950711114,0.5899624712346936
coarse,100000,0.65,7.566392895503165,0.20519309565571797,0.5795958853054398
coarse,100000,0.65,7.943282347242818,0.2002579964141111,0.569376522390498
coarse,100000,0.65,8.338945032251527,0.19544163665241537,0.5593049944936389
coarse,100000,0.65,8.754316063692443,0.19074123002494256,0.5493808824219458
coarse,100000,0.65,9.190377133632595,0.18615217431614983,0.5395941730516685
coarse,100000,0.65,9.648158833183777,0.1816731082406998,0.5299524182292255
coarse,100000,0.65,10.128743088211932,0.17730200223614231,0.5204577995825276
coarse,100000,0.65,10.633265716371616,0.1730363151190196,0.5111093192625503
coarse,100000,0.65,11.162919111508824,0.16887215138913067,0.5019001685029791
coarse,100000,0.65,11.718955061776631,0.1648074922865673,0.49283197963239195
coarse,100000,0.65,12.30268770812381,0.1608409601831678,0.48390776647950434
coarse,100000,0.65,12.91549665014884,0.15697024129415843,0.4751261671080902
coarse,100000,0.65,13.558830206659357,0.1531921066894569,0.46648258390113684
coarse,100000,0.65,14.234208838643415,0.14950389198677672,0.4579748310590707
coarse,100000,0.65,14.943228742742294,0.14590484379750615,0.44960631494934905
coarse,100000,0.65,15.687565623717566,0.1423928571153772,0.44137545198926786
coarse,100000,0.65,16.46897865482869,0.13896533824337332,0.4332791867865884
coarse,100000,0.65,17.289314635480615,0.1356189771201853,0.42531288794323213
coarse,100000,0.65,17.78279410038923,0.13371934565530508,0.42076346353960375
coarse,100000,0.65,18.15051235596819,0.1323536247914114,0.4174800981529617
coarse,100000,0.65,19.054607179632484,0.12916736802230366,0.40977910919917854
coarse,100000,0.65,19.109529749704404,0.1289809987015391,0.40932687387214306
coarse,100000,0.65,20.003735853259002,0.1260582247882792,0.40220795600274584
coarse,100000,0.65,20.53525026457146,0.12441054649446281,0.3981730602144671
coarse,100000,0.65,21.000141557086565,0.12302223027081512,0.39476046224498496
coarse,100000,0.65,22.04617920636185,0.12005982453807998,0.3874401670677835
coarse,100000,0.65,22.0673406908459,0.12000208814842131,0.387296960396189
coarse,100000,0.65,23.144321016969926,0.11716927001454792,0.3802453049446039
coarse,100000,0.65,23.71373705661655,0.11574992748933906,0.376693411529472
coarse,100000,0.65,24.29716234829391,0.1143488712639651,0.37317411972053066
coarse,100000,0.65,25.482967479793466,0.11164856641682715,0.3663571750977934
coarse,100000,0.65,25.507427837113593,0.11159491347137322,0.366221207761044
coarse,100000,0.65,26.777977837039188,0.10890749375412972,0.3593883080559726
coarse,100000,0.65,27.384196342643612,0.10769269843743912,0.3562829591317831
coarse,100000,0.65,28.11181517869986,0.10628534168641415,0.3526742217075248
coarse,100000,0.65,29.42727176209282,0.10387691616052894,0.3464649806549565
coarse,100000,0.65,29.51209226666387,0.10372691873623668,0.34607718800326576
coarse,100000,0.65,30.982118529862987,0.10122908678193389,0.3395929822683801
coarse,100000,0.65,31.622776601683793,0.10019561502480061,0.33689695806748476
coarse,100000,0.65,32.5253682431303,0.09879124514606932,0.3332214939137879
coarse,100000,0.65,33.982083289425596,0.09664498322903141,0.3275751324818694
coarse,100000,0.65,34.145488738336006,0.0964126915729298,0.3269621336240588
coarse,100000,0.65,35.84630902452844,0.09409203073958931,0.3208131672126493
coarse,100000,0.65,36.51741272548377,0.0932204190588029,0.3184941496025186
coarse,100000,0.65,37.63184883745225,0.09182668703709843,0.31477128776653257
coarse,100000,0.65,39.24189758484536,0.08991748273090187,0.3096486818019664
coarse,100000,0.65,39.50632813983238,0.08961534808083038,0.3088350391388389
coarse,100000,0.65,41.47417709487639,0.08745786888389802,0.30300429898990205
coarse,100000,0.65,42.169650342858226,0.08673189094885146,0.30103343803926397
coarse,100000,0.65,43.540046536566486,0.08535298470596166,0.29727738091036426
coarse,100000,0.65,45.31583637600818,0.08365951162573985,0.29264317240219045
coarse,100000,0.65,45.708818961487516,0.0832986712876053,0.2916517096727524
coarse,100000,0.65,47.98562006816812,0.08129288828256537,0.28612483167496366
coarse,100000,0.65,48.69675251658631,0.08069635877174246,0.28447269139346265
coarse,100000,0.65,50.37583087120846,0.07933603941712455,0.28069699800876474
coarse,100000,0.65,52.32991146814947,0.07783821168544898,0.27651645998949387
coarse,100000,0.65,52.88510041882383,0.07742697893953338,0.2753665837593632
coarse,100000,0.65,55.5193591438621,0.07556422518883431,0.2701316124222983
coarse,100000,0.65,56.23413251903491,0.07508086142457221,0.26876893448914935
coarse,100000,0.65,58.28483287984838,0.07374499224012913,0.26498886931794685
coarse,100000,0.65,60.42963902381328,0.07242161400437752,0.26122607445932955
coarse,100000,0.65,61.18805757518219,0.07197022586151079,0.2599389195454884
coarse,100000,0.65,64.23589474026393,0.07023888868176567,0.25498020785439607
coarse,100000,0.65,64.93816315762113,0.06985701979831063,0.25388293665873346
coarse,100000,0.65,67.435547664057,0.06854996933054915,0.2501112015854642
coarse,100000,0.65,69.78305848598663,0.0673837521299846,0.24673465323673294
coarse,100000,0.65,70.79457843841381,0.06690011457321096,0.2453282619187765
coarse,100000,0.65,74.32092583039913,0.06529061052318107,0.24063205180521818
coarse,100000,0.65,74.98942093324558,0.06499860308854914,0.23977643403034074
coarse,100000,0.65,78.02292404485208,0.06372058403484868,0.2360211510614406
coarse,100000,0.65,80.58421877614818,0.06269847948828564,0.23300356846526288
coarse,100000,0.65,81.90932242152977,0.06218912016277179,0.23149410138376392
coarse,100000,0.65,85.98930611338423,0.06069338597586876,0.22704784982894397
coarse,100000,0.65,86.59643233600653,0.06048039896871499,0.2264114271227329
coarse,100000,0.65,90.27251779484578,0.05923389798307499,0.22268222704672547
coarse,100000,0.65,93.0572040929699,0.058341015526026004,0.2199950782191839
coarse,100000,0.65,94.76908045141592,0.0578103071422907,0.21839625609792382
coarse,100000,0.65,99.4896213044336,0.05642178634452672,0.2141885551130911
coarse,100000,0.65,100.0,0.0562772222021078,0.21374981004728533
coarse,100000,0.65,104.44529692755633,0.05506601890420615,0.21005657792266255
coarse,100000,0.65,107.46078283213176,0.05428715918453008,0.20767191337368643
coarse,100000,0.65,109.64781961431851,0.0537427347150948,0.20599945095565808
coarse,100000,0.65,115.10948505908407,0.052452105512076186,0.20201659995054835
coarse,100000,0.65,115.47819846894582,0.05236825126425151,0.20175708694294284
coarse,100000,0.65,120.84320141681312,0.05119338422749912,0.19810672009297844
coarse,100000,0.65,124.09377607517196,0.050518016580560564,0.1960011150635988
coarse,100000,0.65,126.86251981032602,0.04996476762416676,0.194267718284706
coarse,100000,0.65,133.1816663571621,0.04876518215399906,0.19049809509961424
coarse,100000,0.65,133.3521432163324,0.04873406348612674,0.19039986766123052
coarse,100000,0.65,139.81557579172983,0.04759531786328794,0.18679765794182224
coarse,100000,0.65,143.30125702369628,0.047014087526490445,0.1849493001520185
coarse,100000,0.65,146.77992676220705,0.04645450066036747,0.18316517849819686
coarse,100000,0.65,153.9926526059492,0.045355868530478106,0.17964545315777128
coarse,100000,0.65,154.09117888561602,0.045341438870839544,0.179598983317443
coarse,100000,0.65,161.76661164864794,0.04425423943557496,0.17609698581649771
coarse,100000,0.65,165.48170999431815,0.04375669786068991,0.1744840351800693
coarse,100000,0.65,169.82436524617444,0.043194108713324825,0.17265936962441064
coarse,100000,0.65,177.82794100389228,0.04221435332921675,0.16946113979679076
coarse,100000,0.65,178.28348345396734,0.04216043919219266,0.1692849815020884
coarse,100000,0.65,187.16395863694845,0.04115244938698196,0.16597255067461775
coarse,100000,0.65,191.09529749704404,0.040727591297332284,0.1645735988801905
coarse,100000,0.65,196.4867789993468,0.04016741212014557,0.16271941026078285
coarse,100000,0.65,205.3525026457146,0.03929450228657074,0.1598177845431742
coarse,100000,0.65,206.27397818843016,0.03920704806469352,0.159526127329184
coarse,100000,0.65,216.54868736904876,0.03827081050260544,0.15639162170095997
coarse,100000,0.65,220.673406908459,0.03791324817492754,0.15519015125481805
coarse,100000,0.65,227.33518989206314,0.03735816749411295,0.15331483300448986
coarse,100000,0.65,237.13737056616552,0.03658205988594322,0.15068723495143688
coarse,100000,0.65,238.65897868585807,0.03646632339268346,0.15029306175328008
coarse,100000,0.65,250.5468165065873,0.03559673271934034,0.14732670947118073
coarse,100000,0.65,254.82967479793464,0.03529923516501326,0.14630565209897683
coarse,100000,0.65,263.02679918953817,0.03474916361482561,0.14441495551957023
coarse,100000,0.65,273.8419634264361,0.034063136439430146,0.14204209871705972
coarse,100000,0.65,276.128422051113,0.03392313843739973,0.14155680939728468
coarse,100000,0.65,289.88264959835425,0.03311636432987472,0.1387499443394866
coarse,100000,0.65,294.2727176209282,0.03287151835305632,0.13789285058964623
coarse,100000,0.65,304.32198871077225,0.03232944581975783,0.1359941773792881
coarse,100000,0.65,316.22776601683796,0.031722886364709775,0.13385475948007342
coarse,100000,0.65,319.4805654674313,0.031562654493810044,0.13328909318943566
coarse,100000,0.65,335.394205800866,0.030815562365341855,0.13063376853969086
coarse,100000,0.65,352.1005201684521,0.030086379823102687,0.12802625205396395
coarse,100000,0.65,369.6389924413366,0.02937485118970843,0.12546575024929563
coarse,100000,0.65,388.0510732210183,0.02868174857858812,0.12295227012164861
coarse,100000,0.65,407.380277804113,0.028006689423911654,0.12048495307128615
coarse,100000,0.65,427.67228902684343,0.027348386630985932,0.11806223551802526
coarse,100000,0.65,448.97506523231453,0.026705718895002145,0.11568267036986424
coarse,100000,0.65,471.3389536157405,0.026079953604422463,0.11334671140857584
coarse,100000,0.65,494.8168092155145,0.025470749716561554,0.11105356210168692
coarse,100000,0.65,519.4641198313342,0.024877319748969753,0.10880206692236977
coarse,100000,0.65,545.3391371646278,0.02429767810455327,0.10659006940306932
coarse,100000,0.65,572.5030144912078,0.023733578671973708,0.104418500004135
coarse,100000,0.65,601.0199511915373,0.023184718286528985,0.10228662188095819
coarse,100000,0.65,630.9573444801937,0.022650802759669263,0.10019371356448628
coarse,100000,0.75,0.1,1.0,1.0
coarse,100000,0.75,0.10498109808656175,0.9956169030108726,1.0
coarse,100000,0.75,0.11021030955460301,0.9910468159152055,1.0
coarse,100000,0.75,0.11569999317502112,0.9863097600112812,1.0
coarse,100000,0.75,0.12146312332121417,0.9814028780527566,1.0
coarse,100000,0.75,0.1275133206328453,0.9762720585299646,1.0
coarse,100000,0.75,0.13386488420699932,0.970914084800147,1.0
coarse,100000,0.75,0.14053282539281228,0.9653693897826822,1.0
coarse,100000,0.75,0.14753290326944482,0.9596355416518607,1.0
coarse,100000,0.75,0.1548816618912481,0.9536715890513635,1.0
coarse,100000,0.75,0.16259646938814815,0.947436959353825,1.0
coarse,100000,0.75,0.17069555901365815,0.9409977426167594,1.0
coarse,100000,0.75,0.1791980722375334,0.9343523403908734,1.0
coarse,100000,0.75,0.18812410398491272,0.9274780913234453,1.0
coarse,100000,0.75,0.19749475012886664,0.9202883737312136,1.0
coarse,100000,0.75,0.2073321573485955,0.9128802834809203,1.0
coarse,100000,0.75,0.2176595754711136,0.9052535822241676,1.0
coarse,100000,0.75,0.2285014124201237,0.8974083901404585,1.0
coarse,100000,0.75,0.23988329190194904,0.8892065305862719,1.0
coarse,100000,0.75,0.25183211396485844,0.8807786551949822,1.0
coarse,100000,0.75,0.26437611857491,0.872127267825167,1.0
coarse,100000,0.75,0.277544952358571,0.8632545345606503,1.0
coarse,100000,0.75,0.29136973866985255,0.85404162401357,1.0
coarse,100000,0.75,0.30588315114755654,0.8445798610727072,1.0
coarse,100000,0.75,0.3211194909364823,0.8349005597734802,1.0
coarse,100000,0.75,0.33711476775509625,0.8250085564826969,1.0
coarse,100000,0.75,0.35390678500126244,0.8148108713996665,1.0
coarse,100000,0.75,0.37153522909717257,0.8043526944714787,1.0
coarse,100000,0.75,0.39004176328463463,0.7936971829137691,1.0
coarse,100000,0.75,0.4094701260923973,0.7828523410874609,1.0
coarse,100000,0.75,0.42986623470822766,0.7717560191040309,1.0
coarse,100000,0.75,0.45127829350005433,0.760404378064205,1.0
coarse,100000,0.75,0.473756907942654,0.74889243969256,1.0
coarse,100000,0.75,0.49735520421913965,0.7372315450496757,1.0
coarse,100000,0.75,0.5221289547799146,0.7253923923466093,1.0
coarse,100000,0.75,0.5481367101558418,0.7133250406418653,1.0
coarse,100000,0.75,0.5754399373371569,0.7011520286162584,1.0
coarse,100000,0.75,0.6041031650451701,0.6888876334855519,1.0
coarse,100000,0.75,0.6341941362400942,0.6765331234964771,1.0
coarse,100000,0.75,0.6657839682254364,0.6640024503341844,1.0
coarse,100000,0.75,0.6989473207273484,0.6514360516067786,1.0
coarse,100000,0.75,0.7337625723461731,0.6388499727571786,1.0
coarse,100000,0.75,0.7703120057972147,0.6262598477028755,1.0
coarse,100000,0.75,0.8086820023785352,0.6135871971298,1.0
coarse,100000,0.75,0.8489632461253815,0.6009487759168434,1.0
coarse,100000,0.75,0.8912509381337457,0.5883694347047522,1.0
coarse,100000,0.75,0.9356450215595893,0.575864269927585,1.0
coarse,100000,0.75,0.9822504178255043,0.5633935637754859,1.0
coarse,100000,0.75,1.0311772745930554,0.5510158967145244,0.9992683015316742
coarse,100000,0.75,1.0825412260868696,0.5387614188455205,0.9973112524509911
coarse,100000,0.75,1.1364636663857248,0.5266402012335066,0.9938763210923323
coarse,100000,0.75,1.1930720363265337,0.5146357901935534,0.9887653566889119
coarse,100000,0.75,1.252500124699298,0.5027790768653794,0.9822512129628552
coarse,100000,0.75,1.314888384444878,0.49110584341135405,0.974691237371315
coarse,100000,0.75,1.3803842646028852,0.4796244228215065,0.9661714343198099
coarse,100000,0.75,1.449142558794219,0.46833219509996826,0.9566299722265793
coarse,100000,0.75,1.5213257710618697,0.45723830722553815,0.946114364517915
coarse,100000,0.75,1.5971044999346033,0.4463671543699649,0.9349590598817703
coarse,100000,0.75,1.6766578416212374,0.4357214581577155,0.9232298835028646
coarse,100000,0.75,1.7601738132884204,0.4253012686543037,0.9109369765648206
coarse,100000,0.75,1.8478497974222907,0.4151062079744239,0.8980187349910912
coarse,100000,0.75,1.9398930083242285,0.4051460298884587,0.8847678773059371
coarse,100000,0.75,2.036520981843212,0.39541859737159296,0.8712336757893916
coarse,100000,0.75,2.1379620895022327,0.3859214134012868,0.8574595179421025
coarse,100000,0.75,2.244456078233844,0.37665055796861246,0.8433406044504884
coarse,100000,0.75,2.3562546370004687,0.36760492000472067,0.8291144829434361
coarse,100000,0.75,2.473621991638621,0.3587795799812656,0.814814992959737
coarse,100000,0.75,2.5968355293329033,0.350169626300608,0.8004741038885442
coarse,100000,0.75,2.7261864541956613,0.3417692036215531,0.7860355580319272
coarse,100000,0.75,2.861980475501707,0.3335731438076493,0.7716222368878358
coarse,100000,0.75,3.004538530204693,0.3255761170295124,0.757272986445515
coarse,100000,0.75,3.1541975414427297,0.31777284131963746,0.7430066360314012
coarse,100000,0.75,3.311311214825911,0.3101566148511759,0.7287962332863905
coarse,100000,0.75,3.476250874387709,0.30272250104732906,0.7146926235487372
coarse,100000,0.75,3.649406340175921,0.2954664196107725,0.7007317770421398
coarse,100000,0.75,3.831186849557289,0.2883838242026196,0.6869230970170878
coarse,100000,0.75,4.022022024413192,0.28146886916398456,0.6732529805733742
coarse,100000,0.75,4.22236288651233,0.2747171117662885,0.6597343348509408
coarse,100000,0.75,4.432682923460089,0.26812614263662093,0.6463978967615848
coarse,100000,0.75,4.653479207743908,0.2616921851163584,0.6332475461549162
coarse,100000,0.75,4.885273571519389,0.2554106786940127,0.6202766756631671
coarse,100000,0.75,5.1286138399136485,0.24927700392473257,0.6074791773990502
coarse,100000,0.75,5.384075125760731,0.2432898109768193,0.5948814500083762
coarse,100000,0.75,5.652261188829045,0.23744574910593932,0.582484461928319
coarse,100000,0.75,5.933805862753281,0.23174120810669446,0.5702858710027553
coarse,100000,0.75,6.229374553043173,0.22617102594202693,0.5582702184939395
coarse,100000,0.75,6.539665809709571,0.22073442669709198,0.5464602213335055
coarse,100000,0.75,6.865412978224548,0.21542831142299054,0.5348551829066842
coarse,100000,0.75,7.207385932717452,0.21024964950711114,0.5234542415566822
coarse,100000,0.75,7.566392895503165,0.20519309565571797,0.5122404973273618
coarse,100000,0.75,7.943282347242818,0.2002579964141111,0.501230283978847
coarse,100000,0.75,8.338945032251527,0.19544163665241537,0.4904228497413177
coarse,100000,0.75,8.754316063692443,0.19074123002494256,0.47981635808684314
coarse,100000,0.75,9.190377133632595,0.18615217431614983,0.46939896801065173
coarse,100000,0.75,9.648158833183777,0.1816731082406998,0.45917721118203697
coarse,100000,0.75,10.128743088211932,0.17730200223614231,0.44915197773558957
coarse,100000,0.75,10.633265716371616,0.1730363151190196,0.43932084922522124
coarse,100000,0.75,11.162919111508824,0.16887215138913067,0.42967541156389183
coarse,100000,0.75,11.718955061776631,0.1648074922865673,0.4202160160207862
coarse,100000,0.75,12.30268770812381,0.1608409601831678,0.4109444406546444
coarse,100000,0.75,12.91549665014884,0.15697024129415843,0.4018579522472119
coarse,100000,0.75,13.558830206659357,0.1531921066894569,0.3929505136078151
coarse,100000,0.75,14.234208838643415,0.14950389198677672,0.3842185925798485
coarse,100000,0.75,14.943228742742294,0.14590484379750615,0.3756644203115638
coarse,100000,0.75,15.687565623717566,0.1423928571153772,0.367285120770914
coarse,100000,0.75,16.46897865482869,0.13896533824337332,0.3590763367527349
coarse,100000,0.75,17.289314635480615,0.1356189771201853,0.35103212148697743
coarse,100000,0.75,17.78279410038923,0.13371934565530508,0.3464530067980978
coarse,100000,0.75,18.15051235596819,0.1323536247914114,0.3431549147312047
coarse,100000,0.75,19.054607179632484,0.12916736802230366,0.3354418101566678
coarse,100000,0.75,19.109529749704404,0.1289809987015391,0.33498983783550035
coarse,100000,0.75,20.003735853259002,0.1260582247882792,0.32788966522197127
coarse,100000,0.75,20.53525026457146,0.12441054649446281,0.32387746437421866
coarse,100000,0.75,21.000141557086565,0.12302223027081512,0.3204910623527289
coarse,100000,0.75,22.04617920636185,0.12005982453807998,0.3132485216015384
coarse,100000,0.75,22.0673406908459,0.12000208814842131,0.31310713280432756
coarse,100000,0.75,23.144321016969926,0.11716927001454792,0.3061591803217051
coarse,100000,0.75,23.71373705661655,0.11574992748933906,0.3026701084587603
coarse,100000,0.75,24.29716234829391,0.1143488712639651,0.29922021125542625
coarse,100000,0.75,25.482967479793466,0.11164856641682715,0.29255770162682926
coarse,100000,0.75,25.507427837113593,0.11159491347137322,0.292425091857637
coarse,100000,0.75,26.777977837039188,0.10890749375412972,0.28577460123989396
coarse,100000,0.75,27.384196342643612,0.10769269843743912,0.28276128990997473
coarse,100000,0.75,28.11181517869986,0.10628534168641415,0.2792665562443248
coarse,100000,0.75,29.42727176209282,0.10387691616052894,0.27327187158991273
coarse,100000,0.75,29.51209226666387,0.10372691873623668,0.27289822631452143
coarse,100000,0.75,30.982118529862987,0.10122908678193389,0.26666439206466347
coarse,100000,0.75,31.622776601683793,0.10019561502480061,0.264080057845509
coarse,100000,0.75,32.5253682431303,0.09879124514606932,0.260564046199553
coarse,100000,0.75,33.982083289425596,0.09664498322903141,0.25517914714448725
coarse,100000,0.75,34.145488738336006,0.0964126915729298,0.2545957252183413
coarse,100000,0.75,35.84630902452844,0.09409203073958931,0.24875682319035666
coarse,100000,0.75,36.51741272548377,0.0932204190588029,0.24656092751140787
coarse,100000,0.75,37.63184883745225,0.09182668703709843,0.24304315239846616
coarse,100000,0.75,39.24189758484536,0.08991748273090187,0.23821732784078822
coarse,100000,0.75,39.50632813983238,0.08961534808083038,0.23745242950089254
coarse,100000,0.75,41.47417709487639,0.08745786888389802,0.23198376087677056
coarse,100000,0.75,42.169650342858226,0.08673189094885146,0.23014042543321775
coarse,100000,0.75,43.540046536566486,0.08535298470596166,0.22663468136441675
coarse,100000,0.75,45.31583637600818,0.08365951162573985,0.2223224519880887
coarse,100000,0.75,45.708818961487516,0.0832986712876053,0.22140183991409465
coarse,100000,0.75,47.98562006816812,0.08129288828256537,0.21628202538253166
coarse,100000,0.75,48.69675251658631,0.08069635877174246,0.21475579822131
coarse,100000,0.75,50.37583087120846,0.07933603941712455,0.21127481315473734
coarse,100000,0.75,52.32991146814947,0.07783821168544898,0.20743260882736206
coarse,100000,0.75,52.88510041882383,0.07742697893953338,0.20637788647037753
coarse,100000,0.75,55.5193591438621,0.07556422518883431,0.2015885895319542
coarse,100000,0.75,56.23413251903491,0.07508086142457221,0.2003451204540741
coarse,100000,0.75,58.28483287984838,0.07374499224012913,0.19690301778436736
coarse,100000,0.75,60.42963902381328,0.07242161400437752,0.1934872008651041
coarse,100000,0.75,61.18805757518219,0.07197022586151079,0.19232114834935368
coarse,100000,0.75,64.23589474026393,0.07023888868176567,0.18784081460762692
coarse,100000,0.75,64.93816315762113,0.06985701979831063,0.18685188962492827
coarse,100000,0.75,67.435547664057,0.06854996933054915,0.183459891400075
coarse,100000,0.75,69.78305848598663,0.0673837521299846,0.18043239436329084
coarse,100000,0.75,70.79457843841381,0.06690011457321096,0.17917411981383258
coarse,100000,0.75,74.32092583039913,0.06529061052318107,0.17498365002081748
coarse,100000,0.75,74.98942093324558,0.06499860308854914,0.17422209023379875
coarse,100000,0.75,78.02292404485208,0.06372058403484868,0.17088652572515572
coarse,100000,0.75,80.58421877614818,0.06269847948828564,0.168214518983917
coarse,100000,0.75,81.90932242152977,0.06218912016277179,0.1668807684726703
coarse,100000,0.75,85.98930611338423,0.06069338597586876,0.16296279145358927
coarse,100000,0.75,86.59643233600653,0.06048039896871499,0.16240338770252796
coarse,100000,0.75,90.27251779484578,0.05923389798307499,0.1591319613862695
coarse,100000,0.75,93.0572040929699,0.058341015526026004,0.15678217625627722
coarse,100000,0.75,94.76908045141592,0.0578103071422907,0.1553868394631836
coarse,100000,0.75,99.4896213044336,0.05642178634452672,0.15172558964912264
coarse,100000,0.75,100.0,0.0562772222021078,0.15134466856466694
coarse,100000,0.75,104.44529692755633,0.05506601890420615,0.14814521011147608
coarse,100000,0.75,107.46078283213176,0.05428715918453008,0.1460857404628609
coarse,100000,0.75,109.64781961431851,0.0537427347150948,0.1446444115424306
coarse,100000,0.75,115.10948505908407,0.052452105512076186,0.14122222211061836
coarse,100000,0.75,115.47819846894582,0.05236825126425151,0.14099973661025003
coarse,100000,0.75,120.84320141681312,0.05119338422749912,0.13787694265461276
coarse,100000,0.75,124.09377607517196,0.050518016580560564,0.13608115776604185
coarse,100000,0.75,126.86251981032602,0.04996476762416676,0.13460609368226756
coarse,100000,0.75,133.1816663571621,0.04876518215399906,0.13140781031873097
coarse,100000,0.75,133.3521432163324,0.04873406348612674,0.13132465823790224
coarse,100000,0.75,139.81557579172983,0.04759531786328794,0.12828155559671128
coarse,100000,0.75,143.30125702369628,0.047014087526490445,0.12672504320932962
coarse,100000,0.75,146.77992676220705,0.04645450066036747,0.12522576081450632
coarse,100000,0.75,153.9926526059492,0.045355868530478106,0.12227726596872857
coarse,100000,0.75,154.09117888561602,0.045341438870839544,0.1222384253739319
coarse,100000,0.75,161.76661164864794,0.04425423943557496,0.11931715296570647
coarse,100000,0.75,165.48170999431815,0.04375669786068991,0.11797601069821738
coarse,100000,0.75,169.82436524617444,0.043194108713324825,0.11646182367748315
coarse,100000,0.75,177.82794100389228,0.04221435332921675,0.11381640888333222
coarse,100000,0.75,178.28348345396734,0.04216043919219266,0.11367099234195575
coarse,100000,0.75,187.16395863694845,0.04115244938698196,0.11094310904697267
coarse,100000,0.75,191.09529749704404,0.040727591297332284,0.10979437889455841
coarse,100000,0.75,196.4867789993468,0.04016741212014557,0.10827526202552415
coarse,100000,0.75,205.3525026457146,0.03929450228657074,0.10590543398397073
coarse,100000,0.75,206.27397818843016,0.03920704806469352,0.10566774189598625
coarse,100000,0.75,216.54868736904876,0.03827081050260544,0.10311921989040217
coarse,100000,0.75,220.673406908459,0.03791324817492754,0.10214522116597721
coarse,100000,0.75,227.33518989206314,0.03735816749411295,0.1006283968072889
coarse,100000,0.75,237.13737056616552,0.03658205988594322,0.09850951821051722
coarse,100000,0.75,238.65897868585807,0.03646632339268346,0.0981923915360703
coarse,100000,0.75,250.5468165065873,0.03559673271934034,0.09581135564190912
coarse,100000,0.75,254.82967479793464,0.03529923516501326,0.09499423064797627
coarse,100000,0.75,263.02679918953817,0.03474916361482561,0.09348425362542132
coarse,100000,0.75,273.8419634264361,0.034063136439430146,0.0915953887949746
coarse,100000,0.75,276.128422051113,0.03392313843739973,0.09120989361536067
coarse,100000,0.75,289.88264959835425,0.03311636432987472,0.0889858141052124
coarse,100000,0.75,294.2727176209282,0.03287151835305632,0.0883086681630427
coarse,100000,0.75,304.32198871077225,0.03232944581975783,0.08681162536320473
coarse,100000,0.75,316.22776601683796,0.031722886364709775,0.08513034786002176
coarse,100000,0.75,319.4805654674313,0.031562654493810044,0.08468671540820652
coarse,100000,0.75,335.394205800866,0.030815562365341855,0.08260999280252013
coarse,100000,0.75,352.1005201684521,0.030086379823102687,0.08057940588862005
coarse,100000,0.75,369.6389924413366,0.02937485118970843,0.0785940128422094
coarse,100000,0.75,388.0510732210183,0.02868174857858812,0.07665362700505703
coarse,100000,0.75,407.380277804113,0.028006689423911654,0.0747572507637686
coarse,100000,0.75,427.67228902684343,0.027348386630985932,0.07290324076597308
coarse,100000,0.75,448.97506523231453,0.026705718895002145,0.07109007913638754
coarse,100000,0.75,471.3389536157405,0.026079953604422463,0.06931801229514649
coarse,100000,0.75,494.8168092155145,0.025470749716561554,0.06758613021265711
coarse,100000,0.75,519.4641198313342,0.024877319748969753,0.06589320261268132
coarse,100000,0.75,545.3391371646278,0.02429767810455327,0.0642371026114234
coarse,100000,0.75,572.5030144912078,0.023733578671973708,0.06261852147601181
coarse,100000,0.75,601.0199511915373,0.023184718286528985,0.06103663095003908
coarse,100000,0.75,630.9573444801937,0.022650802759669263,0.05949062292007131
coarse,100000,0.9,0.1,1.0,1.0
coarse,100000,0.9,0.10498109808656175,0.9956169030108726,1.0
coarse,100000,0.9,0.11021030955460301,0.9910468159152055,1.0
coarse,100000,0.9,0.11569999317502112,0.9863097600112812,1.0
coarse,100000,0.9,0.12146312332121417,0.9814028780527566,1.0
coarse,100000,0.9,0.1275133206328453,0.9762720585299646,1.0
coarse,100000,0.9,0.13386488420699932,0.970914084800147,1.0
coarse,100000,0.9,0.14053282539281228,0.9653693897826822,1.0
coarse,100000,0.9,0.14753290326944482,0.9596355416518607,1.0
coarse,100000,0.9,0.1548816618912481,0.9536715890513635,1.0
coarse,100000,0.9,0.16259646938814815,0.947436959353825,1.0
coarse,100000,0.9,0.17069555901365815,0.9409977426167594,1.0
coarse,100000,0.9,0.1791980722375334,0.9343523403908734,1.0
coarse,100000,0.9,0.18812410398491272,0.9274780913234453,1.0
coarse,100000,0.9,0.19749475012886664,0.9202883737312136,1.0
coarse,100000,0.9,0.2073321573485955,0.9128802834809203,1.0
coarse,100000,0.9,0.2176595754711136,0.9052535822241676,1.0
coarse,100000,0.9,0.2285014124201237,0.8974083901404585,1.0
coarse,100000,0.9,0.23988329190194904,0.8892065305862719,1.0
coarse,100000,0.9,0.25183211396485844,0.8807786551949822,1.0
coarse,100000,0.9,0.26437611857491,0.872127267825167,1.0
coarse,100000,0.9,0.277544952358571,0.8632545345606503,1.0
coarse,100000,0.9,0.29136973866985255,0.85404162401357,1.0
coarse,100000,0.9,0.30588315114755654,0.8445798610727072,1.0
coarse,100000,0.9,0.3211194909364823,0.8349005597734802,1.0
coarse,100000,0.9,0.33711476775509625,0.8250085564826969,1.0
coarse,100000,0.9,0.35390678500126244,0.8148108713996665,1.0
coarse,100000,0.9,0.37153522909717257,0.8043526944714787,1.0
coarse,100000,0.9,0.39004176328463463,0.7936971829137691,1.0
coarse,100000,0.9,0.4094701260923973,0.7828523410874609,1.0
coarse,100000,0.9,0.42986623470822766,0.7717560191040309,1.0
coarse,100000,0.9,0.45127829350005433,0.760404378064205,1.0
coarse,100000,0.9,0.473756907942654,0.74889243969256,1.0
coarse,100000,0.9,0.49735520421913965,0.7372315450496757,1.0
coarse,100000,0.9,0.5221289547799146,0.7253923923466093,1.0
coarse,100000,0.9,0.5481367101558418,0.7133250406418653,1.0
coarse,100000,0.9,0.5754399373371569,0.7011520286162584,1.0
coarse,100000,0.9,0.6041031650451701,0.6888876334855519,1.0
coarse,100000,0.9,0.6341941362400942,0.6765331234964771,1.0
coarse,100000,0.9,0.6657839682254364,0.6640024503341844,1.0
coarse,100000,0.9,0.6989473207273484,0.6514360516067786,1.0
coarse,100000,0.9,0.7337625723461731,0.6388499727571786,1.0
coarse,100000,0.9,0.7703120057972147,0.6262598477028755,1.0
coarse,100000,0.9,0.8086820023785352,0.6135871971298,1.0
coarse,100000,0.9,0.8489632461253815,0.6009487759168434,1.0
coarse,100000,0.9,0.8912509381337457,0.5883694347047522,1.0
coarse,100000,0.9,0.9356450215595893,0.575864269927585,1.0
coarse,100000,0.9,0.9822504178255043,0.5633935637754859,1.0
coarse,100000,0.9,1.0311772745930554,0.5510158967145244,0.9990514362563144
coarse,100000,0.9,1.0825412260868696,0.5387614188455205,0.9965217002524117
coarse,100000,0.9,1.1364636663857248,0.5266402012335066,0.9920922293232078
coarse,100000,0.9,1.1930720363265337,0.5146357901935534,0.98552714975768
coarse,100000,0.9,1.252500124699298,0.5027790768653794,0.9771945787181814
coarse,100000,0.9,1.314888384444878,0.49110584341135405,0.9675610848838135
coarse,100000,0.9,1.3803842646028852,0.4796244228215065,0.9567465395944393
coarse,100000,0.9,1.449142558794219,0.46833219509996826,0.9446867551136525
coarse,100000,0.9,1.5213257710618697,0.45723830722553815,0.9314559552032337
coarse,100000,0.9,1.5971044999346033,0.4463671543699649,0.9174803814967609
coarse,100000,0.9,1.6766578416212374,0.4357214581577155,0.902850083162618
coarse,100000,0.9,1.7601738132884204,0.4253012686543037,0.8875865945354311
coarse,100000,0.9,1.8478497974222907,0.4151062079744239,0.8716254634485289
coarse,100000,0.9,1.9398930083242285,0.4051460298884587,0.8553305056502518
coarse,100000,0.9,2.036520981843212,0.39541859737159296,0.8387669846914898
coarse,100000,0.9,2.1379620895022327,0.3859214134012868,0.8219922986560175
coarse,100000,0.9,2.244456078233844,0.37665055796861246,0.804888662211134
coarse,100000,0.9,2.3562546370004687,0.36760492000472067,0.7877428847495161
coarse,100000,0.9,2.473621991638621,0.3587795799812656,0.7705976276052927
coarse,100000,0.9,2.5968355293329033,0.350169626300608,0.7534926334288381
coarse,100000,0.9,2.7261864541956613,0.3417692036215531,0.7363663430357494
coarse,100000,0.9,2.861980475501707,0.3335731438076493,0.7193625482265692
coarse,100000,0.9,3.004538530204693,0.3255761170295124,0.7025261287334384
coarse,100000,0.9,3.1541975414427297,0.31777284131963746,0.6858784524340638
coarse,100000,0.9,3.311311214825911,0.3101566148511759,0.669390048060356
coarse,100000,0.9,3.476250874387709,0.30272250104732906,0.6531175716823686
coarse,100000,0.9,3.649406340175921,0.2954664196107725,0.6370995163110441
coarse,100000,0.9,3.831186849557289,0.2883838242026196,0.6213446151940972
coarse,100000,0.9,4.022022024413192,0.28146886916398456,0.6058368866463072
coarse,100000,0.9,4.22236288651233,0.2747171117662885,0.5905887982551137
coarse,100000,0.9,4.432682923460089,0.26812614263662093,0.5756309184858698
coarse,100000,0.9,4.653479207743908,0.2616921851163584,0.5609649296182418
coarse,100000,0.9,4.885273571519389,0.2554106786940127,0.5465815872136375
coarse,100000,0.9,5.1286138399136485,0.24927700392473257,0.5324723567310332
coarse,100000,0.9,5.384075125760731,0.2432898109768193,0.518661890200737
coarse,100000,0.9,5.652261188829045,0.23744574910593932,0.5051483938029516
coarse,100000,0.9,5.933805862753281,0.23174120810669446,0.49192672445552177
coarse,100000,0.9,6.229374553043173,0.22617102594202693,0.4789787362128384
coarse,100000,0.9,6.539665809709571,0.22073442669709198,0.46632447161001833
coarse,100000,0.9,6.865412978224548,0.21542831142299054,0.4539603280263842
coarse,100000,0.9,7.207385932717452,0.21024964950711114,0.44188255682831007
coarse,100000,0.9,7.566392895503165,0.20519309565571797,0.430071855469056
coarse,100000,0.9,7.943282347242818,0.2002579964141111,0.4185413944201282
coarse,100000,0.9,8.338945032251527,0.19544163665241537,0.407287548262749
coarse,100000,0.9,8.754316063692443,0.19074123002494256,0.39630567515994647
coarse,100000,0.9,9.190377133632595,0.18615217431614983,0.3855816840492831
coarse,100000,0.9,9.648158833183777,0.1816731082406998,0.37511906462284567
coarse,100000,0.9,10.128743088211932,0.17730200223614231,0.3649158765862553
coarse,100000,0.9,10.633265716371616,0.1730363151190196,0.35496708086378387
coarse,100000,0.9,11.162919111508824,0.16887215138913067,0.3452621195703896
coarse,100000,0.9,11.718955061776631,0.1648074922865673,0.33579870189221656
coarse,100000,0.9,12.30268770812381,0.1608409601831678,0.3265758597456008
coarse,100000,0.9,12.91549665014884,0.15697024129415843,0.31758847499736165
coarse,100000,0.9,13.558830206659357,0.1531921066894569,0.3088284716785846
coarse,100000,0.9,14.234208838643415,0.14950389198677672,0.3002901575512517
coarse,100000,0.9,14.943228742742294,0.14590484379750615,0.29197314529755997
coarse,100000,0.9,15.687565623717566,0.1423928571153772,0.2838724271952477
coarse,100000,0.9,16.46897865482869,0.13896533824337332,0.2759817245149401
coarse,100000,0.9,17.289314635480615,0.1356189771201853,0.2682934019045721
coarse,100000,0.9,17.78279410038923,0.13371934565530508,0.26393645304069874
coarse,100000,0.9,18.15051235596819,0.1323536247914114,0.26080744302335074
coarse,100000,0.9,19.054607179632484,0.12916736802230366,0.25351906184989054
coarse,100000,0.9,19.109529749704404,0.1289809987015391,0.2530932857621635
coarse,100000,0.9,20.003735853259002,0.1260582247882792,0.24642332546797585
coarse,100000,0.9,20.53525026457146,0.12441054649446281,0.24267029460974038
coarse,100000,0.9,21.000141557086565,0.12302223027081512,0.23951155027155557
coarse,100000,0.9,22.04617920636185,0.12005982453807998,0.23278398503803685
coarse,100000,0.9,22.0673406908459,0.12000208814842131,0.2326530318789163
coarse,100000,0.9,23.144321016969926,0.11716927001454792,0.22623612763388604
coarse,100000,0.9,23.71373705661655,0.11574992748933906,0.22302735288683617
coarse,100000,0.9,24.29716234829391,0.1143488712639651,0.21986356812318236
coarse,100000,0.9,25.482967479793466,0.11164856641682715,0.21377943455776105
coarse,100000,0.9,25.507427837113593,0.11159491347137322,0.21365868011553868
coarse,100000,0.9,26.777977837039188,0.10890749375412972,0.20762036653218308
coarse,100000,0.9,27.384196342643612,0.10769269843743912,0.2048957897185889
coarse,100000,0.9,28.11181517869986,0.10628534168641415,0.20174496073679335
coarse,100000,0.9,29.42727176209282,0.10387691616052894,0.19636286664504377
coarse,100000,0.9,29.51209226666387,0.10372691873623668,0.19602836718366726
coarse,100000,0.9,30.982118529862987,0.10122908678193389,0.19046434801757764
coarse,100000,0.9,31.622776601683793,0.10019561502480061,0.1881670393096002
coarse,100000,0.9,32.5253682431303,0.09879124514606932,0.18505043296748605
coarse,100000,0.9,33.982083289425596,0.09664498322903141,0.180297306102738
coarse,100000,0.9,34.145488738336006,0.0964126915729298,0.1797838047538388
coarse,100000,0.9,35.84630902452844,0.09409203073958931,0.174660689809063
coarse,100000,0.9,36.51741272548377,0.0932204190588029,0.17274157768566029
coarse,100000,0.9,37.63184883745225,0.09182668703709843,0.16967597132446224
coarse,100000,0.9,39.24189758484536,0.08991748273090187,0.16548812932020707
coarse,100000,0.9,39.50632813983238,0.08961534808083038,0.1648262530569843
coarse,100000,0.9,41.47417709487639,0.08745786888389802,0.16010941478004612
coarse,100000,0.9,42.169650342858226,0.08673189094885146,0.1585255991915496
coarse,100000,0.9,43.540046536566486,0.08535298470596166,0.1555220003173031
coarse,100000,0.9,45.31583637600818,0.08365951162573985,0.1518429853164387
coarse,100000,0.9,45.708818961487516,0.0832986712876053,0.15105981902637364
coarse,100000,0.9,47.98562006816812,0.08129288828256537,0.14671884156511672
coarse,100000,0.9,48.69675251658631,0.08069635877174246,0.14542964125568142
coarse,100000,0.9,50.37583087120846,0.07933603941712455,0.1424975376657257
coarse,100000,0.9,52.32991146814947,0.07783821168544898,0.1392749115129156
coarse,100000,0.9,52.88510041882383,0.07742697893953338,0.1383927562104638
coarse,100000,0.9,55.5193591438621,0.07556422518883431,0.1344010882022664
coarse,100000,0.9,56.23413251903491,0.07508086142457221,0.13336842185282136
coarse,100000,0.9,58.28483287984838,0.07374499224012913,0.13051805960334256
coarse,100000,0.9,60.42963902381328,0.07242161400437752,0.12770142343446864
coarse,100000,0.9,61.18805757518219,0.07197022586151079,0.1267426537484444
coarse,100000,0.9,64.23589474026393,0.07023888868176567,0.12307200772318533
coarse,100000,0.9,64.93816315762113,0.06985701979831063,0.12226462161397258
coarse,100000,0.9,67.435547664057,0.06854996933054915,0.11950333120059259
coarse,100000,0.9,69.78305848598663,0.0673837521299846,0.11704904540637365
coarse,100000,0.9,70.79457843841381,0.06690011457321096,0.11603198601856377
coarse,100000,0.9,74.32092583039913,0.06529061052318107,0.11265725102168145
coarse,100000,0.9,74.98942093324558,0.06499860308854914,0.11204603950527302
coarse,100000,0.9,78.02292404485208,0.06372058403484868,0.10937658718596123
coarse,100000,0.9,80.58421877614818,0.06269847948828564,0.1072472561539867
coarse,100000,0.9,81.90932242152977,0.06218912016277179,0.10618746785516321
coarse,100000,0.9,85.98930611338423,0.06069338597586876,0.10308597880779102
coarse,100000,0.9,86.59643233600653,0.06048039896871499,0.10264464693034311
coarse,100000,0.9,90.27251779484578,0.05923389798307499,0.10007083540828306
coarse,100000,0.9,93.0572040929699,0.058341015526026004,0.0982301103881996
coarse,100000,0.9,94.76908045141592,0.0578103071422907,0.09714007683373801
coarse,100000,0.9,99.4896213044336,0.05642178634452672,0.09429142056755407
coarse,100000,0.9,100.0,0.0562772222021078,0.09399595472080129
coarse,100000,0.9,104.44529692755633,0.05506601890420615,0.09152158501535197
coarse,100000,0.9,107.46078283213176,0.05428715918453008,0.08993558196198338
coarse,100000,0.9,109.64781961431851,0.0537427347150948,0.08882881951497104
coarse,100000,0.9,115.10948505908407,0.052452105512076186,0.08621168125561393
coarse,100000,0.9,115.47819846894582,0.05236825126425151,0.08604205341091084
coarse,100000,0.9,120.84320141681312,0.05119338422749912,0.0836681125192413
coarse,100000,0.9,124.09377607517196,0.050518016580560564,0.08230868914951767
coarse,100000,0.9,126.86251981032602,0.04996476762416676,0.08119539495743766
coarse,100000,0.9,133.1816663571621,0.04876518215399906,0.07879137141352034
coarse,100000,0.9,133.3521432163324,0.04873406348612674,0.07872905994827542
coarse,100000,0.9,139.81557579172983,0.04759531786328794,0.07645507312686224
coarse,100000,0.9,143.30125702369628,0.047014087526490445,0.07529697928339973
coarse,100000,0.9,146.77992676220705,0.04645450066036747,0.07418464840858813
coarse,100000,0.9,153.9926526059492,0.045355868530478106,0.07200649548249442
coarse,100000,0.9,154.09117888561602,0.045341438870839544,0.07197788971724296
coarse,100000,0.9,161.76661164864794,0.04425423943557496,0.06983226499626453
coarse,100000,0.9,165.48170999431815,0.04375669786068991,0.06885152366630543
coarse,100000,0.9,169.82436524617444,0.043194108713324825,0.0677472479884484
coarse,100000,0.9,177.82794100389228,0.04221435332921675,0.0658264677297695
coarse,100000,0.9,178.28348345396734,0.04216043919219266,0.06572117512325015
coarse,100000,0.9,187.16395863694845,0.04115244938698196,0.06375231047750862
coarse,100000,0.9,191.09529749704404,0.040727591297332284,0.06292650472727794
coarse,100000,0.9,196.4867789993468,0.04016741212014557,0.06183775816650885
coarse,100000,0.9,205.3525026457146,0.03929450228657074,0.060146544243955526
coarse,100000,0.9,206.27397818843016,0.03920704806469352,0.05997741250426141
coarse,100000,0.9,216.54868736904876,0.03827081050260544,0.05816978117867048
coarse,100000,0.9,220.673406908459,0.03791324817492754,0.05748169407703371
coarse,100000,0.9,227.33518989206314,0.03735816749411295,0.05641341332802643
coarse,100000,0.9,237.13737056616552,0.03658205988594322,0.054927253358097554
coarse,100000,0.9,238.65897868585807,0.03646632339268346,0.05470551879017334
coarse,100000,0.9,250.5468165065873,0.03559673271934034,0.05304592452177747
coarse,100000,0.9,254.82967479793464,0.03529923516501326,0.05247870586412612
coarse,100000,0.9,263.02679918953817,0.03474916361482561,0.05143345157748503
coarse,100000,0.9,273.8419634264361,0.034063136439430146,0.05013171351928034
coarse,100000,0.9,276.128422051113,0.03392313843739973,0.04986680075479374
coarse,100000,0.9,289.88264959835425,0.03311636432987472,0.048343611697436686
coarse,100000,0.9,294.2727176209282,0.03287151835305632,0.04788170737595181
coarse,100000,0.9,304.32198871077225,0.03232944581975783,0.046863296570715196
coarse,100000,0.9,316.22776601683796,0.031722886364709775,0.04572469987488247
coarse,100000,0.9,319.4805654674313,0.031562654493810044,0.04542508816457915
coarse,100000,0.9,335.394205800866,0.030815562365341855,0.04402782473083503
coarse,100000,0.9,352.1005201684521,0.030086379823102687,0.04266955416748343
coarse,100000,0.9,369.6389924413366,0.02937485118970843,0.04134926908047053
coarse,100000,0.9,388.0510732210183,0.02868174857858812,0.04006660073083681
coarse,100000,0.9,407.380277804113,0.028006689423911654,0.03882051179537083
coarse,100000,0.9,427.67228902684343,0.027348386630985932,0.03760944348056655
coarse,100000,0.9,448.97506523231453,0.026705718895002145,0.03643195617893993
coarse,100000,0.9,471.3389536157405,0.026079953604422463,0.03528807107879569
coarse,100000,0.9,494.8168092155145,0.025470749716561554,0.03417686339738591
coarse,100000,0.9,519.4641198313342,0.024877319748969753,0.03309715766669909
coarse,100000,0.9,545.3391371646278,0.02429767810455327,0.032047064728962724
coarse,100000,0.9,572.5030144912078,0.023733578671973708,0.031026990278928756
coarse,100000,0.9,601.0199511915373,0.023184718286528985,0.03003611128702028
coarse,100000,0.9,630.9573444801937,0.022650802759669263,0.029073628961047284
coarse,100000,1.0,0.1,1.0,1.0
coarse,100000,1.0,0.10498109808656175,0.9956169030108726,1.0
coarse,100000,1.0,0.11021030955460301,0.9910468159152055,1.0
coarse,100000,1.0,0.11569999317502112,0.9863097600112812,1.0
coarse,100000,1.0,0.12146312332121417,0.9814028780527566,1.0
coarse,100000,1.0,0.1275133206328453,0.9762720585299646,1.0
coarse,100000,1.0,0.13386488420699932,0.970914084800147,1.0
coarse,100000,1.0,0.14053282539281228,0.9653693897826822,1.0
coarse,100000,1.0,0.14753290326944482,0.9596355416518607,1.0
coarse,100000,1.0,0.1548816618912481,0.9536715890513635,1.0
coarse,100000,1.0,0.16259646938814815,0.947436959353825,1.0
coarse,100000,1.0,0.17069555901365815,0.9409977426167594,1.0
coarse,100000,1.0,0.1791980722375334,0.9343523403908734,1.0
coarse,100000,1.0,0.18812410398491272,0.9274780913234453,1.0
coarse,100000,1.0,0.19749475012886664,0.9202883737312136,1.0
coarse,100000,1.0,0.2073321573485955,0.9128802834809203,1.0
coarse,100000,1.0,0.2176595754711136,0.9052535822241676,1.0
coarse,100000,1.0,0.2285014124201237,0.8974083901404585,1.0
coarse,100000,1.0,0.23988329190194904,0.8892065305862719,1.0
coarse,100000,1.0,0.25183211396485844,0.8807786551949822,1.0
coarse,100000,1.0,0.26437611857491,0.872127267825167,1.0
coarse,100000,1.0,0.277544952358571,0.8632545345606503,1.0
coarse,100000,1.0,0.29136973866985255,0.85404162401357,1.0
coarse,100000,1.0,0.30588315114755654,0.8445798610727072,1.0
coarse,100000,1.0,0.3211194909364823,0.8349005597734802,1.0
coarse,100000,1.0,0.33711476775509625,0.8250085564826969,1.0
coarse,100000,1.0,0.35390678500126244,0.8148108713996665,1.0
coarse,100000,1.0,0.37153522909717257,0.8043526944714787,1.0
coarse,100000,1.0,0.39004176328463463,0.7936971829137691,1.0
coarse,100000,1.0,0.4094701260923973,0.7828523410874609,1.0
coarse,100000,1.0,0.42986623470822766,0.7717560191040309,1.0
coarse,100000,1.0,0.45127829350005433,0.760404378064205,1.0
coarse,100000,1.0,0.473756907942654,0.74889243969256,1.0
coarse,100000,1.0,0.49735520421913965,0.7372315450496757,1.0
coarse,100000,1.0,0.5221289547799146,0.7253923923466093,1.0
coarse,100000,1.0,0.5481367101558418,0.7133250406418653,1.0
coarse,100000,1.0,0.5754399373371569,0.7011520286162584,1.0
coarse,100000,1.0,0.6041031650451701,0.6888876334855519,1.0
coarse,100000,1.0,0.6341941362400942,0.6765331234964771,1.0
coarse,100000,1.0,0.6657839682254364,0.6640024503341844,1.0
coarse,100000,1.0,0.6989473207273484,0.6514360516067786,1.0
coarse,100000,1.0,0.7337625723461731,0.6388499727571786,1.0
coarse,100000,1.0,0.7703120057972147,0.6262598477028755,1.0
coarse,100000,1.0,0.8086820023785352,0.6135871971298,1.0
coarse,100000,1.0,0.8489632461253815,0.6009487759168434,1.0
coarse,100000,1.0,0.8912509381337457,0.5883694347047522,1.0
coarse,100000,1.0,0.9356450215595893,0.575864269927585,1.0
coarse,100000,1.0,0.9822504178255043,0.5633935637754859,1.0
coarse,100000,1.0,1.0311772745930554,0.5510158967145244,0.9989075304726543
coarse,100000,1.0,1.0825412260868696,0.5387614188455205,0.9959996275679648
coarse,100000,1.0,1.1364636663857248,0.5266402012335066,0.9909160875018129
coarse,100000,1.0,1.1930720363265337,0.5146357901935534,0.9834010954673975
coarse,100000,1.0,1.252500124699298,0.5027790768653794,0.9738892421215443
coarse,100000,1.0,1.314888384444878,0.49110584341135405,0.9629200503553736
coarse,100000,1.0,1.3803842646028852,0.4796244228215065,0.9506375002734018
coarse,100000,1.0,1.449142558794219,0.46833219509996826,0.9369791563435296
coarse,100000,1.0,1.5213257710618697,0.45723830722553815,0.9220393679339705
coarse,100000,1.0,1.5971044999346033,0.4463671543699649,0.9063029657842231
coarse,100000,1.0,1.6766578416212374,0.4357214581577155,0.8898765362019838
coarse,100000,1.0,1.7601738132884204,0.4253012686543037,0.8727904146836295
coarse,100000,1.0,1.8478497974222907,0.4151062079744239,0.8549810358472325
coarse,100000,1.0,1.9398930083242285,0.4051460298884587,0.8368550982748065
coarse,100000,1.0,2.036520981843212,0.39541859737159296,0.8184880533197856
coarse,100000,1.0,2.1379620895022327,0.3859214134012868,0.7999461101881797
coarse,100000,1.0,2.244456078233844,0.37665055796861246,0.781106092946522
coarse,100000,1.0,2.3562546370004687,0.36760492000472067,0.7622821143694151
coarse,100000,1.0,2.473621991638621,0.3587795799812656,0.7435217259886355
coarse,100000,1.0,2.5968355293329033,0.350169626300608,0.7248687845656614
coarse,100000,1.0,2.7261864541956613,0.3417692036215531,0.7062599686159524
coarse,100000,1.0,2.861980475501707,0.3335731438076493,0.6878490285606264
coarse,100000,1.0,3.004538530204693,0.3255761170295124,0.6696831203297099
coarse,100000,1.0,3.1541975414427297,0.31777284131963746,0.6517841318889216
coarse,100000,1.0,3.311311214825911,0.3101566148511759,0.6341215383312194
coarse,100000,1.0,3.476250874387709,0.30272250104732906,0.6167535019661663
coarse,100000,1.0,3.649406340175921,0.2954664196107725,0.5997181315939314
coarse,100000,1.0,3.831186849557289,0.2883838242026196,0.5830226628410126
coarse,100000,1.0,4.022022024413192,0.28146886916398456,0.566649535780878
coarse,100000,1.0,4.22236288651233,0.2747171117662885,0.5506098044221956
coarse,100000,1.0,4.432682923460089,0.26812614263662093,0.5349318648282247
coarse,100000,1.0,4.653479207743908,0.2616921851163584,0.51961509207888
coarse,100000,1.0,4.885273571519389,0.2554106786940127,0.5046481933766619
coarse,100000,1.0,5.1286138399136485,0.24927700392473257,0.4900207791708223
coarse,100000,1.0,5.384075125760731,0.2432898109768193,0.4757544210402982
coarse,100000,1.0,5.652261188829045,0.23744574910593932,0.46184485104291884
coarse,100000,1.0,5.933805862753281,0.23174120810669446,0.44828463452044276
coarse,100000,1.0,6.229374553043173,0.22617102594202693,0.4350541926344948
coarse,100000,1.0,6.539665809709571,0.22073442669709198,0.42217006065892865
coarse,100000,1.0,6.865412978224548,0.21542831142299054,0.40962625057873886
coarse,100000,1.0,7.207385932717452,0.21024964950711114,0.39741667848388396
coarse,100000,1.0,7.566392895503165,0.20519309565571797,0.3855210174549617
coarse,100000,1.0,7.943282347242818,0.2002579964141111,0.3739489859908722
coarse,100000,1.0,8.338945032251527,0.19544163665241537,0.36269469405808397
coarse,100000,1.0,8.754316063692443,0.19074123002494256,0.3517513704559126
coarse,100000,1.0,9.190377133632595,0.18615217431614983,0.34110382286228697
coarse,100000,1.0,9.648158833183777,0.1816731082406998,0.3307528036776949
coarse,100000,1.0,10.128743088211932,0.17730200223614231,0.32069412231699546
coarse,100000,1.0,10.633265716371616,0.1730363151190196,0.3109208570230975
coarse,100000,1.0,11.162919111508824,0.16887215138913067,0.30142130484012364
coarse,100000,1.0,11.718955061776631,0.1648074922865673,0.29219115826994
coarse,100000,1.0,12.30268770812381,0.1608409601831678,0.28322726770961826
coarse,100000,1.0,12.91549665014884,0.15697024129415843,0.2745228869068005
coarse,100000,1.0,13.558830206659357,0.1531921066894569,0.2660687896717508
coarse,100000,1.0,14.234208838643415,0.14950389198677672,0.25785791172721567
coarse,100000,1.0,14.943228742742294,0.14590484379750615,0.2498877940664722
coarse,100000,1.0,15.687565623717566,0.1423928571153772,0.24215204425257456
coarse,100000,1.0,16.46897865482869,0.13896533824337332,0.23464326052657578
coarse,100000,1.0,17.289314635480615,0.1356189771201853,0.227352978279121
coarse,100000,1.0,17.78279410038923,0.13371934565530508,0.223232817198104
coarse,100000,1.0,18.15051235596819,0.1323536247914114,0.22027924595862244
coarse,100000,1.0,19.054607179632484,0.12916736802230366,0.2134161161161557
coarse,100000,1.0,19.109529749704404,0.1289809987015391,0.21301595520673977
coarse,100000,1.0,20.003735853259002,0.1260582247882792,0.20675758377336093
coarse,100000,1.0,20.53525026457146,0.12441054649446281,0.2032455655187114
coarse,100000,1.0,21.000141557086565,0.12302223027081512,0.20029457707790582
coarse,100000,1.0,22.04617920636185,0.12005982453807998,0.19402555987087525
coarse,100000,1.0,22.0673406908459,0.12000208814842131,0.19390374807452332
coarse,100000,1.0,23.144321016969926,0.11716927001454792,0.18794506805555908
coarse,100000,1.0,23.71373705661655,0.11574992748933906,0.18497314022818834
coarse,100000,1.0,24.29716234829391,0.1143488712639651,0.1820477746850582
coarse,100000,1.0,25.482967479793466,0.11164856641682715,0.1764369243900972
coarse,100000,1.0,25.507427837113593,0.11159491347137322,0.176325748370518
coarse,100000,1.0,26.777977837039188,0.10890749375412972,0.17077652769159665
coarse,100000,1.0,27.384196342643612,0.10769269843743912,0.16827883143090483
coarse,100000,1.0,28.11181517869986,0.10628534168641415,0.16539556994016097
coarse,100000,1.0,29.42727176209282,0.10387691616052894,0.16048280179516233
coarse,100000,1.0,29.51209226666387,0.10372691873623668,0.1601780314295994
coarse,100000,1.0,30.982118529862987,0.10122908678193389,0.15511735757311418
coarse,100000,1.0,31.622776601683793,0.10019561502480061,0.15303297155144888
coarse,100000,1.0,32.5253682431303,0.09879124514606932,0.15021014874891395
coarse,100000,1.0,33.982083289425596,0.09664498322903141,0.1459158806396485
coarse,100000,1.0,34.145488738336006,0.0964126915729298,0.1454527675571202
coarse,100000,1.0,35.84630902452844,0.09409203073958931,0.1408408378574918
coarse,100000,1.0,36.51741272548377,0.0932204190588029,0.13911740488154944
coarse,100000,1.0,37.63184883745225,0.09182668703709843,0.1363689277152029
coarse,100000,1.0,39.24189758484536,0.08991748273090187,0.13262394583532353
coarse,100000,1.0,39.50632813983238,0.08961534808083038,0.1320330620216112
coarse,100000,1.0,41.47417709487639,0.08745786888389802,0.12783035951943908
coarse,100000,1.0,42.169650342858226,0.08673189094885146,0.12642241979540622
coarse,100000,1.0,43.540046536566486,0.08535298470596166,0.12375688562910848
coarse,100000,1.0,45.31583637600818,0.08365951162573985,0.12050024576161555
coarse,100000,1.0,45.708818961487516,0.0832986712876053,0.11980814440056642
coarse,100000,1.0,47.98562006816812,0.08129288828256537,0.11597980881700365
coarse,100000,1.0,48.69675251658631,0.08069635877174246,0.11484533260616094
coarse,100000,1.0,50.37583087120846,0.07933603941712455,0.11226964603972915
coarse,100000,1.0,52.32991146814947,0.07783821168544898,0.10944577015726838
coarse,100000,1.0,52.88510041882383,0.07742697893953338,0.10867413160230102
coarse,100000,1.0,55.5193591438621,0.07556422518883431,0.10518956540189046
coarse,100000,1.0,56.23413251903491,0.07508086142457221,0.10429005856242662
coarse,100000,1.0,58.28483287984838,0.07374499224012913,0.10181140127780802
coarse,100000,1.0,60.42963902381328,0.07242161400437752,0.09936820556663649
coarse,100000,1.0,61.18805757518219,0.07197022586151079,0.09853797514957494
coarse,100000,1.0,64.23589474026393,0.07023888868176567,0.09536613902819373
coarse,100000,1.0,64.93816315762113,0.06985701979831063,0.0946699330925734
coarse,100000,1.0,67.435547664057,0.06854996933054915,0.09229283664806914
coarse,100000,1.0,69.78305848598663,0.0673837521299846,0.09018538403365528
coarse,100000,1.0,70.79457843841381,0.06690011457321096,0.08931351110901475
coarse,100000,1.0,74.32092583039913,0.06529061052318107,0.08642687207321556
coarse,100000,1.0,74.98942093324558,0.06499860308854914,0.08590510795613807
coarse,100000,1.0,78.02292404485208,0.06372058403484868,0.0836301596004004
coarse,100000,1.0,80.58421877614818,0.06269847948828564,0.08182004697085285
coarse,100000,1.0,81.90932242152977,0.06218912016277179,0.08092065145076496
coarse,100000,1.0,85.98930611338423,0.06069338597586876,0.07829449637833512
coarse,100000,1.0,86.59643233600653,0.06048039896871499,0.07792152182340586
coarse,100000,1.0,90.27251779484578,0.05923389798307499,0.07575004995654903
coarse,100000,1.0,93.0572040929699,0.058341015526026004,0.07420093161267638
coarse,100000,1.0,94.76908045141592,0.0578103071422907,0.07328513579280588
coarse,100000,1.0,99.4896213044336,0.05642178634452672,0.07089733388329415
coarse,100000,1.0,100.0,0.0562772222021078,0.07065013155953555
coarse,100000,1.0,104.44529692755633,0.05506601890420615,0.06858341084530639
coarse,100000,1.0,107.46078283213176,0.05428715918453008,0.0672619985725827
coarse,100000,1.0,109.64781961431851,0.0537427347150948,0.06634142906738645
coarse,100000,1.0,115.10948505908407,0.052452105512076186,0.0641697338858856
coarse,100000,1.0,115.47819846894582,0.05236825126425151,0.06402923017858976
coarse,100000,1.0,120.84320141681312,0.05119338422749912,0.062066177628887664
coarse,100000,1.0,124.09377607517196,0.050518016580560564,0.060944837661692355
coarse,100000,1.0,126.86251981032602,0.04996476762416676,0.060028076605954675
coarse,100000,1.0,133.1816663571621,0.04876518215399906,0.058053231895707096
coarse,100000,1.0,133.3521432163324,0.04873406348612674,0.05800213389950448
coarse,100000,1.0,139.81557579172983,0.04759531786328794,0.0561404632776518
coarse,100000,1.0,143.30125702369628,0.047014087526490445,0.05519472154666914
coarse,100000,1.0,146.77992676220705,0.04645450066036747,0.05428786761615322
coarse,100000,1.0,153.9926526059492,0.045355868530478106,0.05251648157172851
coarse,100000,1.0,154.09117888561602,0.045341438870839544,0.05249325781803895
coarse,100000,1.0,161.76661164864794,0.04425423943557496,0.05075418518344533
coarse,100000,1.0,165.48170999431815,0.04375669786068991,0.04996125834950723
coarse,100000,1.0,169.82436524617444,0.043194108713324825,0.049069907740347016
coarse,100000,1.0,177.82794100389228,0.04221435332921675,0.04752337941202841
coarse,100000,1.0,178.28348345396734,0.04216043919219266,0.047438741314852935
coarse,100000,1.0,187.16395863694845,0.04115244938698196,0.04585895405831234
coarse,100000,1.0,191.09529749704404,0.040727591297332284,0.045197891685940496
coarse,100000,1.0,196.4867789993468,0.04016741212014557,0.04432784491289526
coarse,100000,1.0,205.3525026457146,0.03929450228657074,0.04297967997276452
coarse,100000,1.0,206.27397818843016,0.03920704806469352,0.04284508253840007
coarse,100000,1.0,216.54868736904876,0.03827081050260544,0.04140917838732032
coarse,100000,1.0,220.673406908459,0.03791324817492754,0.04086385565281745
coarse,100000,1.0,227.33518989206314,0.03735816749411295,0.04001869028687182
coarse,100000,1.0,237.13737056616552,0.03658205988594322,0.038845747330011116
coarse,100000,1.0,238.65897868585807,0.03646632339268346,0.038671052974178784
coarse,100000,1.0,250.5468165065873,0.03559673271934034,0.03736592444839696
coarse,100000,1.0,254.82967479793464,0.03529923516501326,0.036920891820359854
coarse,100000,1.0,263.02679918953817,0.03474916361482561,0.0361021240780244
coarse,100000,1.0,273.8419634264361,0.034063136439430146,0.03508502547760719
coarse,100000,1.0,276.128422051113,0.03392313843739973,0.03487837908431943
coarse,100000,1.0,289.88264959835425,0.03311636432987472,0.03369252781945813
coarse,100000,1.0,294.2727176209282,0.03287151835305632,0.03333373543799279
coarse,100000,1.0,304.32198871077225,0.03232944581975783,0.032543915548964686
coarse,100000,1.0,316.22776601683796,0.031722886364709775,0.03166314432141655
coarse,100000,1.0,319.4805654674313,0.031562654493810044,0.03143174589063961
coarse,100000,1.0,335.394205800866,0.030815562365341855,0.03035489689461245
coarse,100000,1.0,352.1005201684521,0.030086379823102687,0.029311586521398213
coarse,100000,1.0,369.6389924413366,0.02937485118970843,0.028300837295038208
coarse,100000,1.0,388.0510732210183,0.02868174857858812,0.02732221928201795
coarse,100000,1.0,407.380277804113,0.028006689423911654,0.026374744700173675
coarse,100000,1.0,427.67228902684343,0.027348386630985932,0.02545699276294434
coarse,100000,1.0,448.97506523231453,0.026705718895002145,0.024567648906130064
coarse,100000,1.0,471.3389536157405,0.026079953604422463,0.023706635973919237
coarse,100000,1.0,494.8168092155145,0.025470749716561554,0.022873085452522906
coarse,100000,1.0,519.4641198313342,0.024877319748969753,0.022065923712308488
coarse,100000,1.0,545.3391371646278,0.02429767810455327,0.021283482761260505
coarse,100000,1.0,572.5030144912078,0.023733578671973708,0.020526027356150823
coarse,100000,1.0,601.0199511915373,0.023184718286528985,0.0197927949679512
coarse,100000,1.0,630.9573444801937,0.022650802759669263,0.01908304794882002
coarse,100000,1.1,0.1,1.0,1.0
coarse,100000,1.1,0.10498109808656175,0.9956169030108726,1.0
coarse,100000,1.1,0.11021030955460301,0.9910468159152055,1.0
coarse,100000,1.1,0.11569999317502112,0.9863097600112812,1.0
coarse,100000,1.1,0.12146312332121417,0.9814028780527566,1.0
coarse,100000,1.1,0.1275133206328453,0.9762720585299646,1.0
coarse,100000,1.1,0.13386488420699932,0.970914084800147,1.0
coarse,100000,1.1,0.14053282539281228,0.9653693897826822,1.0
coarse,100000,1.1,0.14753290326944482,0.9596355416518607,1.0
coarse,100000,1.1,0.1548816618912481,0.9536715890513635,1.0
coarse,100000,1.1,0.16259646938814815,0.947436959353825,1.0
coarse,100000,1.1,0.17069555901365815,0.9409977426167594,1.0
coarse,100000,1.1,0.1791980722375334,0.9343523403908734,1.0
coarse,100000,1.1,0.18812410398491272,0.9274780913234453,1.0
coarse,100000,1.1,0.19749475012886664,0.9202883737312136,1.0
coarse,100000,1.1,0.2073321573485955,0.9128802834809203,1.0
coarse,100000,1.1,0.2176595754711136,0.9052535822241676,1.0
coarse,100000,1.1,0.2285014124201237,0.8974083901404585,1.0
coarse,100000,1.1,0.23988329190194904,0.8892065305862719,1.0
coarse,100000,1.1,0.25183211396485844,0.8807786551949822,1.0
coarse,100000,1.1,0.26437611857491,0.872127267825167,1.0
coarse,100000,1.1,0.277544952358571,0.8632545345606503,1.0
coarse,100000,1.1,0.29136973866985255,0.85404162401357,1.0
coarse,100000,1.1,0.30588315114755654,0.8445798610727072,1.0
coarse,100000,1.1,0.3211194909364823,0.8349005597734802,1.0
coarse,100000,1.1,0.33711476775509625,0.8250085564826969,1.0
coarse,100000,1.1,0.35390678500126244,0.8148108713996665,1.0
coarse,100000,1.1,0.37153522909717257,0.8043526944714787,1.0
coarse,100000,1.1,0.39004176328463463,0.7936971829137691,1.0
coarse,100000,1.1,0.4094701260923973,0.7828523410874609,1.0
coarse,100000,1.1,0.42986623470822766,0.7717560191040309,1.0
coarse,100000,1.1,0.45127829350005433,0.760404378064205,1.0
coarse,100000,1.1,0.473756907942654,0.74889243969256,1.0
coarse,100000,1.1,0.49735520421913965,0.7372315450496757,1.0
coarse,100000,1.1,0.5221289547799146,0.7253923923466093,1.0
coarse,100000,1.1,0.5481367101558418,0.7133250406418653,1.0
coarse,100000,1.1,0.5754399373371569,0.7011520286162584,1.0
coarse,100000,1.1,0.6041031650451701,0.6888876334855519,1.0
coarse,100000,1.1,0.6341941362400942,0.6765331234964771,1.0
coarse,100000,1.1,0.6657839682254364,0.6640024503341844,1.0
coarse,100000,1.1,0.6989473207273484,0.6514360516067786,1.0
coarse,100000,1.1,0.7337625723461731,0.6388499727571786,1.0
coarse,100000,1.1,0.7703120057972147,0.6262598477028755,1.0
coarse,100000,1.1,0.8086820023785352,0.6135871971298,1.0
coarse,100000,1.1,0.8489632461253815,0.6009487759168434,1.0
coarse,100000,1.1,0.8912509381337457,0.5883694347047522,1.0
coarse,100000,1.1,0.9356450215595893,0.575864269927585,1.0
coarse,100000,1.1,0.9822504178255043,0.5633935637754859,1.0
coarse,100000,1.1,1.0311772745930554,0.5510158967145244,0.9987641589709189
coarse,100000,1.1,1.0825412260868696,0.5387614188455205,0.9954809611206287
coarse,100000,1.1,1.1364636663857248,0.5266402012335066,0.9897504236689162
coarse,100000,1.1,1.1930720363265337,0.5146357901935534,0.9813008274686278
coarse,100000,1.1,1.252500124699298,0.5027790768653794,0.9706354433205717
coarse,100000,1.1,1.314888384444878,0.49110584341135405,0.9583667353125257
coarse,100000,1.1,1.3803842646028852,0.4796244228215065,0.9446638413544765
coarse,100000,1.1,1.449142558794219,0.46833219509996826,0.9294684654238758
coarse,100000,1.1,1.5213257710618697,0.45723830722553815,0.9128966573769371
coarse,100000,1.1,1.5971044999346033,0.4463671543699649,0.8954896460332693
coarse,100000,1.1,1.6766578416212374,0.4357214581577155,0.8773706476834399
coarse,100000,1.1,1.7601738132884204,0.4253012686543037,0.8585794946813731
coarse,100000,1.1,1.8478497974222907,0.4151062079744239,0.8390553726178697
coarse,100000,1.1,1.9398930083242285,0.4051460298884587,0.8192442518010169
coarse,100000,1.1,2.036520981843212,0.39541859737159296,0.7992312085407101
coarse,100000,1.1,2.1379620895022327,0.3859214134012868,0.7790906643867931
coarse,100000,1.1,2.244456078233844,0.37665055796861246,0.7586962538495463
coarse,100000,1.1,2.3562546370004687,0.36760492000472067,0.7383851156388685
coarse,100000,1.1,2.473621991638621,0.3587795799812656,0.7182087930720504
coarse,100000,1.1,2.5968355293329033,0.350169626300608,0.6982143192633287
coarse,100000,1.1,2.7261864541956613,0.3417692036215531,0.6783377363055286
coarse,100000,1.1,2.861980475501707,0.3335731438076493,0.6587397391647573
coarse,100000,1.1,3.004538530204693,0.3255761170295124,0.6394683932779871
coarse,100000,1.1,3.1541975414427297,0.31777284131963746,0.6205451752853389
coarse,100000,1.1,3.311311214825911,0.3101566148511759,0.6019388613292629
coarse,100000,1.1,3.476250874387709,0.30272250104732906,0.5837073763542335
coarse,100000,1.1,3.649406340175921,0.2954664196107725,0.565886944910271
coarse,100000,1.1,3.831186849557289,0.2883838242026196,0.5484825404364012
coarse,100000,1.1,4.022022024413192,0.28146886916398456,0.53147500624049
coarse,100000,1.1,4.22236288651233,0.2747171117662885,0.514873198140054
coarse,100000,1.1,4.432682923460089,0.26812614263662093,0.49870193076757674
coarse,100000,1.1,4.653479207743908,0.2616921851163584,0.4829577175783306
coarse,100000,1.1,4.885273571519389,0.2554106786940127,0.46762704767860275
coarse,100000,1.1,5.1286138399136485,0.24927700392473257,0.4526975508331019
coarse,100000,1.1,5.384075125760731,0.2432898109768193,0.4381864768775804
coarse,100000,1.1,5.652261188829045,0.23744574910593932,0.4240867182246911
coarse,100000,1.1,5.933805862753281,0.23174120810669446,0.4103883295456855
coarse,100000,1.1,6.229374553043173,0.22617102594202693,0.3970706012177652
coarse,100000,1.1,6.539665809709571,0.22073442669709198,0.3841455005889556
coarse,100000,1.1,6.865412978224548,0.21542831142299054,0.3716044424054113
coarse,100000,1.1,7.207385932717452,0.21024964950711114,0.35943882575375413
coarse,100000,1.1,7.566392895503165,0.20519309565571797,0.3476277572202954
coarse,100000,1.1,7.943282347242818,0.2002579964141111,0.3361767293829107
coarse,100000,1.1,8.338945032251527,0.19544163665241537,0.3250774595884075
coarse,100000,1.1,8.754316063692443,0.19074123002494256,0.3143209799893542
coarse,100000,1.1,9.190377133632595,0.18615217431614983,0.3038913452492712
coarse,100000,1.1,9.648158833183777,0.1816731082406998,0.2937862233759046
coarse,100000,1.1,10.128743088211932,0.17730200223614231,0.2839990476963433
coarse,100000,1.1,10.633265716371616,0.1730363151190196,0.2745210323160495
coarse,100000,1.1,11.162919111508824,0.16887215138913067,0.2653396055928024
coarse,100000,1.1,11.718955061776631,0.1648074922865673,0.25644838812714416
coarse,100000,1.1,12.30268770812381,0.1608409601831678,0.24784193711449123
coarse,100000,1.1,12.91549665014884,0.15697024129415843,0.2395119580814848
coarse,100000,1.1,13.558830206659357,0.1531921066894569,0.23144830144759337
coarse,100000,1.1,14.234208838643415,0.14950389198677672,0.22364267135946508
coarse,100000,1.1,14.943228742742294,0.14590484379750615,0.21609044305580918
coarse,100000,1.1,15.687565623717566,0.1423928571153772,0.2087839607991452
coarse,100000,1.1,16.46897865482869,0.13896533824337332,0.20171489033672485
coarse,100000,1.1,17.289314635480615,0.1356189771201853,0.19487420554567764
coarse,100000,1.1,17.78279410038923,0.13371934565530508,0.19101772283580065
coarse,100000,1.1,18.15051235596819,0.1323536247914114,0.18825794248306083
coarse,100000,1.1,19.054607179632484,0.12916736802230366,0.18185913957567232
coarse,100000,1.1,19.109529749704404,0.1289809987015391,0.1814867322248918
coarse,100000,1.1,20.003735853259002,0.1260582247882792,0.17567088194652405
coarse,100000,1.1,20.53525026457146,0.12441054649446281,0.17241543923006364
coarse,100000,1.1,21.000141557086565,0.12302223027081512,0.16968405581751242
coarse,100000,1.1,22.04617920636185,0.12005982453807998,0.16389527721372854
coarse,100000,1.1,22.0673406908459,0.12000208814842131,0.1637829781160359
coarse,100000,1.1,23.144321016969926,0.11716927001454792,0.15829828124775946
coarse,100000,1.1,23.71373705661655,0.11574992748933906,0.15556926984495373
coarse,100000,1.1,24.29716234829391,0.1143488712639651,0.1528869867166314
coarse,100000,1.1,25.482967479793466,0.11164856641682715,0.1477550146041447
coarse,100000,1.1,25.507427837113593,0.11159491347137322,0.14765347516427413
coarse,100000,1.1,26.777977837039188,0.10890749375412972,0.1425939414503613
coarse,100000,1.1,27.384196342643612,0.10769269843743912,0.14032168059039724
coarse,100000,1.1,28.11181517869986,0.10628534168641415,0.13770310874156866
coarse,100000,1.1,29.42727176209282,0.10387691616052894,0.13325124206605476
coarse,100000,1.1,29.51209226666387,0.10372691873623668,0.13297555107565126
coarse,100000,1.1,30.982118529862987,0.10122908678193389,0.12840466411868384
coarse,100000,1.1,31.622776601683793,0.10019561502480061,0.1265261576312776
coarse,100000,1.1,32.5253682431303,0.09879124514606932,0.12398621803993695
coarse,100000,1.1,33.982083289425596,0.09664498322903141,0.12013096487704594
coarse,100000,1.1,34.145488738336006,0.0964126915729298,0.11971587220707572
coarse,100000,1.1,35.84630902452844,0.09409203073958931,0.11558881082291432
coarse,100000,1.1,36.51741272548377,0.0932204190588029,0.11405002356038697
coarse,100000,1.1,37.63184883745225,0.09182668703709843,0.11159951075035345
coarse,100000,1.1,39.24189758484536,0.08991748273090187,0.10826837409053967
coarse,100000,1.1,39.50632813983238,0.08961534808083038,0.10774356796976955
coarse,100000,1.1,41.47417709487639,0.08745786888389802,0.10401743589285566
coarse,100000,1.1,42.169650342858226,0.08673189094885146,0.10277171550054615
coarse,100000,1.1,43.540046536566486,0.08535298470596166,0.10041685728392165
coarse,100000,1.1,45.31583637600818,0.08365951162573985,0.09754638300721888
coarse,100000,1.1,45.708818961487516,0.0832986712876053,0.09693721811808952
coarse,100000,1.1,47.98562006816812,0.08129288828256537,0.0935740740678338
coarse,100000,1.1,48.69675251658631,0.08069635877174246,0.09257932537461483
coarse,100000,1.1,50.37583087120846,0.07933603941712455,0.09032456736260315
coarse,100000,1.1,52.32991146814947,0.07783821168544898,0.08785786477824085
coarse,100000,1.1,52.88510041882383,0.07742697893953338,0.08718494596006944
coarse,100000,1.1,55.5193591438621,0.07556422518883431,0.08415137448773186
coarse,100000,1.1,56.23413251903491,0.07508086142457221,0.08336985074341606
coarse,100000,1.1,58.28483287984838,0.07374499224012913,0.08121943039185225
coarse,100000,1.1,60.42963902381328,0.07242161400437752,0.07910445945800332
coarse,100000,1.1,61.18805757518219,0.07197022586151079,0.07838686439819736
coarse,100000,1.1,64.23589474026393,0.07023888868176567,0.07565037750208517
coarse,100000,1.1,64.93816315762113,0.06985701979831063,0.07505086287540724
coarse,100000,1.1,67.435547664057,0.06854996933054915,0.07300677837747879
coarse,100000,1.1,69.78305848598663,0.0673837521299846,0.07119873673166315
coarse,100000,1.1,70.79457843841381,0.06690011457321096,0.07045178556679225
coarse,100000,1.1,74.32092583039913,0.06529061052318107,0.06798359450537687
coarse,100000,1.1,74.98942093324558,0.06499860308854914,0.06753823957382492
coarse,100000,1.1,78.02292404485208,0.06372058403484868,0.065599343821592
coarse,100000,1.1,80.58421877614818,0.06269847948828564,0.06405999238032146
coarse,100000,1.1,81.90932242152977,0.06218912016277179,0.06329623382062133
coarse,100000,1.1,85.98930611338423,0.06069338597586876,0.06107063584014733
coarse,100000,1.1,86.59643233600653,0.06048039896871499,0.06075505879889331
coarse,100000,1.1,90.27251779484578,0.05923389798307499,0.05892062033757821
coarse,100000,1.1,93.0572040929699,0.058341015526026004,0.057614706834919316
coarse,100000,1.1,94.76908045141592,0.0578103071422907,0.05684389170982025
coarse,100000,1.1,99.4896213044336,0.05642178634452672,0.0548379976582334
coarse,100000,1.1,100.0,0.0562772222021078,0.05463068604838462
coarse,100000,1.1,104.44529692755633,0.05506601890420615,0.05289988317254208
coarse,100000,1.1,107.46078283213176,0.05428715918453008,0.05179565774168908
coarse,100000,1.1,109.64781961431851,0.0537427347150948,0.051027508935515185
coarse,100000,1.1,115.10948505908407,0.052452105512076186,0.04921908562475682
coarse,100000,1.1,115.47819846894582,0.05236825126425151,0.04910226859026396
coarse,100000,1.1,120.84320141681312,0.05119338422749912,0.047472468110295665
coarse,100000,1.1,124.09377607517196,0.050518016580560564,0.046543519011407304
coarse,100000,1.1,126.86251981032602,0.04996476762416676,0.04578511264339671
coarse,100000,1.1,133.1816663571621,0.04876518215399906,0.04415486718437122
coarse,100000,1.1,133.3521432163324,0.04873406348612674,0.04411274715729959
coarse,100000,1.1,139.81557579172983,0.04759531786328794,0.04258040172939599
coarse,100000,1.1,143.30125702369628,0.047014087526490445,0.04180361352935532
coarse,100000,1.1,146.77992676220705,0.04645450066036747,0.041059842033073814
coarse,100000,1.1,153.9926526059492,0.045355868530478106,0.039610086203302745
coarse,100000,1.1,154.09117888561602,0.045341438870839544,0.03959110602000115
coarse,100000,1.1,161.76661164864794,0.04425423943557496,0.038171914609888155
coarse,100000,1.1,165.48170999431815,0.04375669786068991,0.037526185130486917
coarse,100000,1.1,169.82436524617444,0.043194108713324825,0.03680135971558404
coarse,100000,1.1,177.82794100389228,0.04221435332921675,0.03554638789823521
coarse,100000,1.1,178.28348345396734,0.04216043919219266,0.03547780547513101
coarse,100000,1.1,187.16395863694845,0.04115244938698196,0.03419959183924146
coarse,100000,1.1,191.09529749704404,0.040727591297332284,0.0336658169785055
coarse,100000,1.1,196.4867789993468,0.04016741212014557,0.032964291589167506
coarse,100000,1.1,205.3525026457146,0.03929450228657074,0.03187953362771809
coarse,100000,1.1,206.27397818843016,0.03920704806469352,0.03177138857084029
coarse,100000,1.1,216.54868736904876,0.03827081050260544,0.030619456357419642
coarse,100000,1.1,220.673406908459,0.03791324817492754,0.030182841648497195
coarse,100000,1.1,227.33518989206314,0.03735816749411295,0.029507117329235836
coarse,100000,1.1,237.13737056616552,0.03658205988594322,0.02857127596454949
coarse,100000,1.1,238.65897868585807,0.03646632339268346,0.028432094637540723
coarse,100000,1.1,250.5468165065873,0.03559673271934034,0.02739391661007258
coarse,100000,1.1,254.82967479793464,0.03529923516501326,0.02704059170122621
coarse,100000,1.1,263.02679918953817,0.03474916361482561,0.026391448342028903
coarse,100000,1.1,273.8419634264361,0.034063136439430146,0.02558675375435153
coarse,100000,1.1,276.128422051113,0.03392313843739973,0.025423489958856783
coarse,100000,1.1,289.88264959835425,0.03311636432987472,0.024488125724774896
coarse,100000,1.1,294.2727176209282,0.03287151835305632,0.02420564959026533
coarse,100000,1.1,304.32198871077225,0.03232944581975783,0.023584671800020583
coarse,100000,1.1,316.22776601683796,0.031722886364709775,0.022893642922055778
coarse,100000,1.1,319.4805654674313,0.031562654493810044,0.022712341119066424
coarse,100000,1.1,335.394205800866,0.030815562365341855,0.0218700895864121
coarse,100000,1.1,352.1005201684521,0.030086379823102687,0.021056339733761437
coarse,100000,1.1,369.6389924413366,0.02937485118970843,0.020270176071687327
coarse,100000,1.1,388.0510732210183,0.02868174857858812,0.019511140489758872
coarse,100000,1.1,407.380277804113,0.028006689423911654,0.01877832532931676
coarse,100000,1.1,427.67228902684343,0.027348386630985932,0.01807047312203979
coarse,100000,1.1,448.97506523231453,0.026705718895002145,0.017386416603972932
coarse,100000,1.1,471.3389536157405,0.026079953604422463,0.016726011207516055
coarse,100000,1.1,494.8168092155145,0.025470749716561554,0.01608846872033045
coarse,100000,1.1,519.4641198313342,0.024877319748969753,0.01547283688029284
coarse,100000,1.1,545.3391371646278,0.02429767810455327,0.014877677283015162
coarse,100000,1.1,572.5030144912078,0.023733578671973708,0.014303145922582689
coarse,100000,1.1,601.0199511915373,0.023184718286528985,0.013748559138125963
coarse,100000,1.1,630.9573444801937,0.022650802759669263,0.013213257513366496
coarse,100000,1.5,0.1,1.0,1.0
coarse,100000,1.5,0.10498109808656175,0.9956169030108726,1.0
coarse,100000,1.5,0.11021030955460301,0.9910468159152055,1.0
coarse,100000,1.5,0.11569999317502112,0.9863097600112812,1.0
coarse,100000,1.5,0.12146312332121417,0.9814028780527566,1.0
coarse,100000,1.5,0.1275133206328453,0.9762720585299646,1.0
coarse,100000,1.5,0.13386488420699932,0.970914084800147,1.0
coarse,100000,1.5,0.14053282539281228,0.9653693897826822,1.0
coarse,100000,1.5,0.14753290326944482,0.9596355416518607,1.0
coarse,100000,1.5,0.1548816618912481,0.9536715890513635,1.0
coarse,100000,1.5,0.16259646938814815,0.947436959353825,1.0
coarse,100000,1.5,0.17069555901365815,0.9409977426167594,1.0
coarse,100000,1.5,0.1791980722375334,0.9343523403908734,1.0
coarse,100000,1.5,0.18812410398491272,0.9274780913234453,1.0
coarse,100000,1.5,0.19749475012886664,0.9202883737312136,1.0
coarse,100000,1.5,0.2073321573485955,0.9128802834809203,1.0
coarse,100000,1.5,0.2176595754711136,0.9052535822241676,1.0
coarse,100000,1.5,0.2285014124201237,0.8974083901404585,1.0
coarse,100000,1.5,0.23988329190194904,0.8892065305862719,1.0
coarse,100000,1.5,0.25183211396485844,0.8807786551949822,1.0
coarse,100000,1.5,0.26437611857491,0.872127267825167,1.0
coarse,100000,1.5,0.277544952358571,0.8632545345606503,1.0
coarse,100000,1.5,0.29136973866985255,0.85404162401357,1.0
coarse,100000,1.5,0.30588315114755654,0.8445798610727072,1.0
coarse,100000,1.5,0.3211194909364823,0.8349005597734802,1.0
coarse,100000,1.5,0.33711476775509625,0.8250085564826969,1.0
coarse,100000,1.5,0.35390678500126244,0.8148108713996665,1.0
coarse,100000,1.5,0.37153522909717257,0.8043526944714787,1.0
coarse,100000,1.5,0.39004176328463463,0.7936971829137691,1.0
coarse,100000,1.5,0.4094701260923973,0.7828523410874609,1.0
coarse,100000,1.5,0.42986623470822766,0.7717560191040309,1.0
coarse,100000,1.5,0.45127829350005433,0.760404378064205,1.0
coarse,100000,1.5,0.473756907942654,0.74889243969256,1.0
coarse,100000,1.5,0.49735520421913965,0.7372315450496757,1.0
coarse,100000,1.5,0.5221289547799146,0.7253923923466093,1.0
coarse,100000,1.5,0.5481367101558418,0.7133250406418653,1.0
coarse,100000,1.5,0.5754399373371569,0.7011520286162584,1.0
coarse,100000,1.5,0.6041031650451701,0.6888876334855519,1.0
coarse,100000,1.5,0.6341941362400942,0.6765331234964771,1.0
coarse,100000,1.5,0.6657839682254364,0.6640024503341844,1.0
coarse,100000,1.5,0.6989473207273484,0.6514360516067786,1.0
coarse,100000,1.5,0.7337625723461731,0.6388499727571786,1.0
coarse,100000,1.5,0.7703120057972147,0.6262598477028755,1.0
coarse,100000,1.5,0.8086820023785352,0.6135871971298,1.0
coarse,100000,1.5,0.8489632461253815,0.6009487759168434,1.0
coarse,100000,1.5,0.8912509381337457,0.5883694347047522,1.0
coarse,100000,1.5,0.9356450215595893,0.575864269927585,1.0
coarse,100000,1.5,0.9822504178255043,0.5633935637754859,1.0
coarse,100000,1.5,1.0311772745930554,0.5510158967145244,0.998195972052965
coarse,100000,1.5,1.0825412260868696,0.5387614188455205,0.9934398486863205
coarse,100000,1.5,1.1364636663857248,0.5266402012335066,0.9851904611067551
coarse,100000,1.5,1.1930720363265337,0.5146357901935534,0.973150710394547
coarse,100000,1.5,1.252500124699298,0.5027790768653794,0.958117992199509
coarse,100000,1.5,1.314888384444878,0.49110584341135405,0.940994476708708
coarse,100000,1.5,1.3803842646028852,0.4796244228215065,0.9220577472302843
coarse,100000,1.5,1.449142558794219,0.46833219509996826,0.9012858014991145
coarse,100000,1.5,1.5213257710618697,0.45723830722553815,0.8788930463860994
coarse,100000,1.5,1.5971044999346033,0.4463671543699649,0.8556231723903658
coarse,100000,1.5,1.6766578416212374,0.4357214581577155,0.831663918064195
coarse,100000,1.5,1.7601738132884204,0.4253012686543037,0.8070964070717019
coarse,100000,1.5,1.8478497974222907,0.4151062079744239,0.7818843216399796
coarse,100000,1.5,1.9398930083242285,0.4051460298884587,0.756595531272006
coarse,100000,1.5,2.036520981843212,0.39541859737159296,0.731345977311088
coarse,100000,1.5,2.1379620895022327,0.3859214134012868,0.7062351534905678
coarse,100000,1.5,2.244456078233844,0.37665055796861246,0.6811403050952074
coarse,100000,1.5,2.3562546370004687,0.36760492000472067,0.6564514966500422
coarse,100000,1.5,2.473621991638621,0.3587795799812656,0.6322266979780301
coarse,100000,1.5,2.5968355293329033,0.350169626300608,0.6085160787011129
coarse,100000,1.5,2.7261864541956613,0.3417692036215531,0.5852607669662016
coarse,100000,1.5,2.861980475501707,0.3335731438076493,0.5626229325315645
coarse,100000,1.5,3.004538530204693,0.3255761170295124,0.5406421722166377
coarse,100000,1.5,3.1541975414427297,0.31777284131963746,0.519330118938448
coarse,100000,1.5,3.311311214825911,0.3101566148511759,0.49865484798085297
coarse,100000,1.5,3.476250874387709,0.30272250104732906,0.4786591348512563
coarse,100000,1.5,3.649406340175921,0.2954664196107725,0.45935992566669737
coarse,100000,1.5,3.831186849557289,0.2883838242026196,0.44074742858918003
coarse,100000,1.5,4.022022024413192,0.28146886916398456,0.42279608463502355
coarse,100000,1.5,4.22236288651233,0.2747171117662885,0.4055003464535107
coarse,100000,1.5,4.432682923460089,0.26812614263662093,0.38886090587327415
coarse,100000,1.5,4.653479207743908,0.2616921851163584,0.3728595363517337
coarse,100000,1.5,4.885273571519389,0.2554106786940127,0.3574733632463558
coarse,100000,1.5,5.1286138399136485,0.24927700392473257,0.3426818981130741
coarse,100000,1.5,5.384075125760731,0.2432898109768193,0.3284774923639691
coarse,100000,1.5,5.652261188829045,0.23744574910593932,0.3148402620287784
coarse,100000,1.5,5.933805862753281,0.23174120810669446,0.3017498374371784
coarse,100000,1.5,6.229374553043173,0.22617102594202693,0.28918389261081234
coarse,100000,1.5,6.539665809709571,0.22073442669709198,0.2771304850960719
coarse,100000,1.5,6.865412978224548,0.21542831142299054,0.26557055474794333
coarse,100000,1.5,7.207385932717452,0.21024964950711114,0.25448558359673706
coarse,100000,1.5,7.566392895503165,0.20519309565571797,0.2438562510675989
coarse,100000,1.5,7.943282347242818,0.2002579964141111,0.23366785742584567
coarse,100000,1.5,8.338945032251527,0.19544163665241537,0.22390315052359444
coarse,100000,1.5,8.754316063692443,0.19074123002494256,0.2145453468435465
coarse,100000,1.5,9.190377133632595,0.18615217431614983,0.20557859732841177
coarse,100000,1.5,9.648158833183777,0.1816731082406998,0.19698768607397402
coarse,100000,1.5,10.128743088211932,0.17730200223614231,0.18875726349475902
coarse,100000,1.5,10.633265716371616,0.1730363151190196,0.180872560909996
coarse,100000,1.5,11.162919111508824,0.16887215138913067,0.17332015475232507
coarse,100000,1.5,11.718955061776631,0.1648074922865673,0.16608641930454818
coarse,100000,1.5,12.30268770812381,0.1608409601831678,0.15915761174027532
coarse,100000,1.5,12.91549665014884,0.15697024129415843,0.1525209830509663
coarse,100000,1.5,13.558830206659357,0.1531921066894569,0.14616496900649434
coarse,100000,1.5,14.234208838643415,0.14950389198677672,0.14007820504389693
coarse,100000,1.5,14.943228742742294,0.14590484379750615,0.13424841489372177
coarse,100000,1.5,15.687565623717566,0.1423928571153772,0.1286647227009725
coarse,100000,1.5,16.46897865482869,0.13896533824337332,0.12331708425846685
coarse,100000,1.5,17.289314635480615,0.1356189771201853,0.11819639676891378
coarse,100000,1.5,17.78279410038923,0.13371934565530508,0.11533073847272139
coarse,100000,1.5,18.15051235596819,0.1323536247914114,0.11329176739512091
coarse,100000,1.5,19.054607179632484,0.12916736802230366,0.10859398967327916
coarse,100000,1.5,19.109529749704404,0.1289809987015391,0.10832222548632282
coarse,100000,1.5,20.003735853259002,0.1260582247882792,0.10409432311833666
coarse,100000,1.5,20.53525026457146,0.12441054649446281,0.10174725970272766
coarse,100000,1.5,21.000141557086565,0.12302223027081512,0.09978564618159674
coarse,100000,1.5,22.04617920636185,0.12005982453807998,0.09565838020519196
coarse,100000,1.5,22.0673406908459,0.12000208814842131,0.09557869169860511
coarse,100000,1.5,23.144321016969926,0.11716927001454792,0.09170477172001767
coarse,100000,1.5,23.71373705661655,0.11574992748933906,0.0897910334987967
coarse,100000,1.5,24.29716234829391,0.1143488712639651,0.08791740173958992
coarse,100000,1.5,25.482967479793466,0.11164856641682715,0.08436036913116972
coarse,100000,1.5,25.507427837113593,0.11159491347137322,0.08429024891826443
coarse,100000,1.5,26.777977837039188,0.10890749375412972,0.08081548474810983
coarse,100000,1.5,27.384196342643612,0.10769269843743912,0.07926426751044514
coarse,100000,1.5,28.11181517869986,0.10628534168641415,0.07748643160687585
coarse,100000,1.5,29.42727176209282,0.10387691616052894,0.0744818279051812
coarse,100000,1.5,29.51209226666387,0.10372691873623668,0.07429686438173264
coarse,100000,1.5,30.982118529862987,0.10122908678193389,0.07124151846654274
coarse,100000,1.5,31.622776601683793,0.10019561502480061,0.06999358710943106
coarse,100000,1.5,32.5253682431303,0.09879124514606932,0.06831420640304861
coarse,100000,1.5,33.982083289425596,0.09664498322903141,0.06578061113998526
coarse,100000,1.5,34.145488738336006,0.0964126915729298,0.06550914730962855
coarse,100000,1.5,35.84630902452844,0.09409203073958931,0.06282112793506625
coarse,100000,1.5,36.51741272548377,0.0932204190588029,0.06182560171199673
coarse,100000,1.5,37.63184883745225,0.09182668703709843,0.06024555575983179
coarse,100000,1.5,39.24189758484536,0.08991748273090187,0.05811235752096
coarse,100000,1.5,39.50632813983238,0.08961534808083038,0.05777755044112946
coarse,100000,1.5,41.47417709487639,0.08745786888389802,0.05541214409884736
coarse,100000,1.5,42.169650342858226,0.08673189094885146,0.05462570673689728
coarse,100000,1.5,43.540046536566486,0.08535298470596166,0.0531449756687898
coarse,100000,1.5,45.31583637600818,0.08365951162573985,0.051351443083171196
coarse,100000,1.5,45.708818961487516,0.0832986712876053,0.05097206024750261
coarse,100000,1.5,47.98562006816812,0.08129288828256537,0.048889521072578254
coarse,100000,1.5,48.69675251658631,0.08069635877174246,0.048276265427009836
coarse,100000,1.5,50.37583087120846,0.07933603941712455,0.04689313117028068
coarse,100000,1.5,52.32991146814947,0.07783821168544898,0.045387789032769285
coarse,100000,1.5,52.88510041882383,0.07742697893953338,0.04497924418502545
coarse,100000,1.5,55.5193591438621,0.07556422518883431,0.043144429757260246
coarse,100000,1.5,56.23413251903491,0.07508086142457221,0.04267440528411206
coarse,100000,1.5,58.28483287984838,0.07374499224012913,0.0413855540502077
coarse,100000,1.5,60.42963902381328,0.07242161400437752,0.04012502134514037
coarse,100000,1.5,61.18805757518219,0.07197022586151079,0.039699066080033436
coarse,100000,1.5,64.23589474026393,0.07023888868176567,0.038081917310583795
coarse,100000,1.5,64.93816315762113,0.06985701979831063,0.03772942435434389
coarse,100000,1.5,67.435547664057,0.06854996933054915,0.03653119164216381
coarse,100000,1.5,69.78305848598663,0.0673837521299846,0.0354780530897287
coarse,100000,1.5,70.79457843841381,0.06690011457321096,0.03504426456647365
coarse,100000,1.5,74.32092583039913,0.06529061052318107,0.033618218986526345
coarse,100000,1.5,74.98942093324558,0.06499860308854914,0.03336195609969431
coarse,100000,1.5,78.02292404485208,0.06372058403484868,0.032250499744695134
coarse,100000,1.5,80.58421877614818,0.06269847948828564,0.031372752446359044
coarse,100000,1.5,81.90932242152977,0.06218912016277179,0.030938667933743152
coarse,100000,1.5,85.98930611338423,0.06069338597586876,0.029680420380513838
coarse,100000,1.5,86.59643233600653,0.06048039896871499,0.02950259491680069
coarse,100000,1.5,90.27251779484578,0.05923389798307499,0.028473431913190787
coarse,100000,1.5,93.0572040929699,0.058341015526026004,0.027744135378722935
coarse,100000,1.5,94.76908045141592,0.0578103071422907,0.02731555357900901
coarse,100000,1.5,99.4896213044336,0.05642178634452672,0.026204744612339327
coarse,100000,1.5,100.0,0.0562772222021078,0.026090466656132478
coarse,100000,1.5,104.44529692755633,0.05506601890420615,0.025139007573453095
coarse,100000,1.5,107.46078283213176,0.05428715918453008,0.024535135975405888
coarse,100000,1.5,109.64781961431851,0.0537427347150948,0.024116434997893735
coarse,100000,1.5,115.10948505908407,0.052452105512076186,0.02313525593577696
coarse,100000,1.5,115.47819846894582,0.05236825126425151,0.02307211144760002
coarse,100000,1.5,120.84320141681312,0.05119338422749912,0.022193761693574572
coarse,100000,1.5,124.09377607517196,0.050518016580560564,0.0216957430076691
coarse,100000,1.5,126.86251981032602,0.04996476762416676,0.021290245089800038
coarse,100000,1.5,133.1816663571621,0.04876518215399906,0.020423076336208233
coarse,100000,1.5,133.3521432163324,0.04873406348612674,0.020400737704509703
coarse,100000,1.5,139.81557579172983,0.04759531786328794,0.019590835687919722
coarse,100000,1.5,143.30125702369628,0.047014087526490445,0.019182136600476078
coarse,100000,1.5,146.77992676220705,0.04645450066036747,0.01879209143342613
coarse,100000,1.5,153.9926526059492,0.045355868530478106,0.018035293179403753
coarse,100000,1.5,154.09117888561602,0.045341438870839544,0.01802541121419547
coarse,100000,1.5,161.76661164864794,0.04425423943557496,0.01728933167364465
coarse,100000,1.5,165.48170999431815,0.04375669786068991,0.01695579277898883
coarse,100000,1.5,169.82436524617444,0.043194108713324825,0.016582758871215134
coarse,100000,1.5,177.82794100389228,0.04221435332921675,0.015939522178348875
coarse,100000,1.5,178.28348345396734,0.04216043919219266,0.015904492215949494
coarse,100000,1.5,187.16395863694845,0.04115244938698196,0.015253358925693303
coarse,100000,1.5,191.09529749704404,0.040727591297332284,0.01498273067323461
coarse,100000,1.5,196.4867789993468,0.04016741212014557,0.014627974545493765
coarse,100000,1.5,205.3525026457146,0.03929450228657074,0.0140818347269111
coarse,100000,1.5,206.27397818843016,0.03920704806469352,0.014027547047877802
coarse,100000,1.5,216.54868736904876,0.03827081050260544,0.013451068820098926
coarse,100000,1.5,220.673406908459,0.03791324817492754,0.013233474541115188
coarse,100000,1.5,227.33518989206314,0.03735816749411295,0.012897574893567838
coarse,100000,1.5,237.13737056616552,0.03658205988594322,0.012434499704960206
coarse,100000,1.5,238.65897868585807,0.03646632339268346,0.012365802185221726
coarse,100000,1.5,250.5468165065873,0.03559673271934034,0.011855127552830332
coarse,100000,1.5,254.82967479793464,0.03529923516501326,0.011681955789362456
coarse,100000,1.5,263.02679918953817,0.03474916361482561,0.011364741576357373
coarse,100000,1.5,273.8419634264361,0.034063136439430146,0.01097307182485912
coarse,100000,1.5,276.128422051113,0.03392313843739973,0.010893833593667378
coarse,100000,1.5,289.88264959835425,0.03311636432987472,0.01044132685902297
coarse,100000,1.5,294.2727176209282,0.03287151835305632,0.01030513884572733
coarse,100000,1.5,304.32198871077225,0.03232944581975783,0.010006628734335969
coarse,100000,1.5,316.22776601683796,0.031722886364709775,0.009675713237892507
coarse,100000,1.5,319.4805654674313,0.031562654493810044,0.00958914090986682
coarse,100000,1.5,335.394205800866,0.030815562365341855,0.009188181854738672
coarse,100000,1.5,352.1005201684521,0.030086379823102687,0.008802855712637883
coarse,100000,1.5,369.6389924413366,0.02937485118970843,0.008432546416446618
coarse,100000,1.5,388.0510732210183,0.02868174857858812,0.00807685654393325
coarse,100000,1.5,407.380277804113,0.028006689423911654,0.007735212764546865
coarse,100000,1.5,427.67228902684343,0.027348386630985932,0.007406894236878497
coarse,100000,1.5,448.97506523231453,0.026705718895002145,0.007091219450025173
coarse,100000,1.5,471.3389536157405,0.026079953604422463,0.006787981893355561
coarse,100000,1.5,494.8168092155145,0.025470749716561554,0.006496699027633234
coarse,100000,1.5,519.4641198313342,0.024877319748969753,0.006216818933138254
coarse,100000,1.5,545.3391371646278,0.02429767810455327,0.0059475623144379635
coarse,100000,1.5,572.5030144912078,0.023733578671973708,0.0056889038977289705
coarse,100000,1.5,601.0199511915373,0.023184718286528985,0.005440437446687437
coarse,100000,1.5,630.9573444801937,0.022650802759669263,0.005201773739202068
coarse,100000,2.5,0.1,1.0,1.0
coarse,100000,2.5,0.10498109808656175,0.9956169030108726,1.0
coarse,100000,2.5,0.11021030955460301,0.9910468159152055,1.0
coarse,100000,2.5,0.11569999317502112,0.9863097600112812,1.0
coarse,100000,2.5,0.12146312332121417,0.9814028780527566,1.0
coarse,100000,2.5,0.1275133206328453,0.9762720585299646,1.0
coarse,100000,2.5,0.13386488420699932,0.970914084800147,1.0
coarse,100000,2.5,0.14053282539281228,0.9653693897826822,1.0
coarse,100000,2.5,0.14753290326944482,0.9596355416518607,1.0
coarse,100000,2.5,0.1548816618912481,0.9536715890513635,1.0
coarse,100000,2.5,0.16259646938814815,0.947436959353825,1.0
coarse,100000,2.5,0.17069555901365815,0.9409977426167594,1.0
coarse,100000,2.5,0.1791980722375334,0.9343523403908734,1.0
coarse,100000,2.5,0.18812410398491272,0.9274780913234453,1.0
coarse,100000,2.5,0.19749475012886664,0.9202883737312136,1.0
coarse,100000,2.5,0.2073321573485955,0.9128802834809203,1.0
coarse,100000,2.5,0.2176595754711136,0.9052535822241676,1.0
coarse,100000,2.5,0.2285014124201237,0.8974083901404585,1.0
coarse,100000,2.5,0.23988329190194904,0.8892065305862719,1.0
coarse,100000,2.5,0.25183211396485844,0.8807786551949822,1.0
coarse,100000,2.5,0.26437611857491,0.872127267825167,1.0
coarse,100000,2.5,0.277544952358571,0.8632545345606503,1.0
coarse,100000,2.5,0.29136973866985255,0.85404162401357,1.0
coarse,100000,2.5,0.30588315114755654,0.8445798610727072,1.0
coarse,100000,2.5,0.3211194909364823,0.8349005597734802,1.0
coarse,100000,2.5,0.33711476775509625,0.8250085564826969,1.0
coarse,100000,2.5,0.35390678500126244,0.8148108713996665,1.0
coarse,100000,2.5,0.37153522909717257,0.8043526944714787,1.0
coarse,100000,2.5,0.39004176328463463,0.7936971829137691,1.0
coarse,100000,2.5,0.4094701260923973,0.7828523410874609,1.0
coarse,100000,2.5,0.42986623470822766,0.7717560191040309,1.0
coarse,100000,2.5,0.45127829350005433,0.760404378064205,1.0
coarse,100000,2.5,0.473756907942654,0.74889243969256,1.0
coarse,100000,2.5,0.49735520421913965,0.7372315450496757,1.0
coarse,100000,2.5,0.5221289547799146,0.7253923923466093,1.0
coarse,100000,2.5,0.5481367101558418,0.7133250406418653,1.0
coarse,100000,2.5,0.5754399373371569,0.7011520286162584,1.0
coarse,100000,2.5,0.6041031650451701,0.6888876334855519,1.0
coarse,100000,2.5,0.6341941362400942,0.6765331234964771,1.0
coarse,100000,2.5,0.6657839682254364,0.6640024503341844,1.0
coarse,100000,2.5,0.6989473207273484,0.6514360516067786,1.0
coarse,100000,2.5,0.7337625723461731,0.6388499727571786,1.0
coarse,100000,2.5,0.7703120057972147,0.6262598477028755,1.0
coarse,100000,2.5,0.8086820023785352,0.6135871971298,1.0
coarse,100000,2.5,0.8489632461253815,0.6009487759168434,1.0
coarse,100000,2.5,0.8912509381337457,0.5883694347047522,1.0
coarse,100000,2.5,0.9356450215595893,0.575864269927585,1.0
coarse,100000,2.5,0.9822504178255043,0.5633935637754859,1.0
coarse,100000,2.5,1.0311772745930554,0.5510158967145244,0.996811845973841
coarse,100000,2.5,1.0825412260868696,0.5387614188455205,0.9885633012820058
coarse,100000,2.5,1.1364636663857248,0.5266402012335066,0.974474372750166
coarse,100000,2.5,1.1930720363265337,0.5146357901935534,0.9544179040942193
coarse,100000,2.5,1.252500124699298,0.5027790768653794,0.9300215132425038
coarse,100000,2.5,1.314888384444878,0.49110584341135405,0.9028704907544507
coarse,100000,2.5,1.3803842646028852,0.4796244228215065,0.8735319239049036
coarse,100000,2.5,1.449142558794219,0.46833219509996826,0.8421561552914227
coarse,100000,2.5,1.5213257710618697,0.45723830722553815,0.8092295294985064
coarse,100000,2.5,1.5971044999346033,0.4463671543699649,0.775835016032116
coarse,100000,2.5,1.6766578416212374,0.4357214581577155,0.7422783845945693
coarse,100000,2.5,1.7601738132884204,0.4253012686543037,0.7087289300410752
coarse,100000,2.5,1.8478497974222907,0.4151062079744239,0.6752457815505418
coarse,100000,2.5,1.9398930083242285,0.4051460298884587,0.6424908193245435
coarse,100000,2.5,2.036520981843212,0.39541859737159296,0.6105952183770079
coarse,100000,2.5,2.1379620895022327,0.3859214134012868,0.5796621618533798
coarse,100000,2.5,2.244456078233844,0.37665055796861246,0.5496287765093057
coarse,100000,2.5,2.3562546370004687,0.36760492000472067,0.5208194529611538
coarse,100000,2.5,2.473621991638621,0.3587795799812656,0.49325437999100274
coarse,100000,2.5,2.5968355293329033,0.350169626300608,0.4669418073552666
coarse,100000,2.5,2.7261864541956613,0.3417692036215531,0.44185324656064423
coarse,100000,2.5,2.861980475501707,0.3335731438076493,0.4180433438484497
coarse,100000,2.5,3.004538530204693,0.3255761170295124,0.3954835588607698
coarse,100000,2.5,3.1541975414427297,0.31777284131963746,0.3741324157486998
coarse,100000,2.5,3.311311214825911,0.3101566148511759,0.35396018208151675
coarse,100000,2.5,3.476250874387709,0.30272250104732906,0.33492656262623394
coarse,100000,2.5,3.649406340175921,0.2954664196107725,0.3169708609637675
coarse,100000,2.5,3.831186849557289,0.2883838242026196,0.30003751905397946
coarse,100000,2.5,4.022022024413192,0.28146886916398456,0.2840890959731813
coarse,100000,2.5,4.22236288651233,0.2747171117662885,0.2690754310263396
coarse,100000,2.5,4.432682923460089,0.26812614263662093,0.25492601465734194
coarse,100000,2.5,4.653479207743908,0.2616921851163584,0.24158995693361648
coarse,100000,2.5,4.885273571519389,0.2554106786940127,0.22902894209770105
coarse,100000,2.5,5.1286138399136485,0.24927700392473257,0.2172086617419584
coarse,100000,2.5,5.384075125760731,0.2432898109768193,0.2060625305172495
coarse,100000,2.5,5.652261188829045,0.23744574910593932,0.19554964016462373
coarse,100000,2.5,5.933805862753281,0.23174120810669446,0.18563501483810044
coarse,100000,2.5,6.229374553043173,0.22617102594202693,0.17630141788360948
coarse,100000,2.5,6.539665809709571,0.22073442669709198,0.16749019867969972
coarse,100000,2.5,6.865412978224548,0.21542831142299054,0.15916967023206663
coarse,100000,2.5,7.207385932717452,0.21024964950711114,0.1513101797546432
coarse,100000,2.5,7.566392895503165,0.20519309565571797,0.14390317045760428
coarse,100000,2.5,7.943282347242818,0.2002579964141111,0.13690191171103347
coarse,100000,2.5,8.338945032251527,0.19544163665241537,0.13028093147560235
coarse,100000,2.5,8.754316063692443,0.19074123002494256,0.12401750770697574
coarse,100000,2.5,9.190377133632595,0.18615217431614983,0.1181023170137759
coarse,100000,2.5,9.648158833183777,0.1816731082406998,0.11250509298041167
coarse,100000,2.5,10.128743088211932,0.17730200223614231,0.1072034114490607
coarse,100000,2.5,10.633265716371616,0.1730363151190196,0.10217996313231661
coarse,100000,2.5,11.162919111508824,0.16887215138913067,0.09742541550423109
coarse,100000,2.5,11.718955061776631,0.1648074922865673,0.09292106886730064
coarse,100000,2.5,12.30268770812381,0.1608409601831678,0.08864761479911483
coarse,100000,2.5,12.91549665014884,0.15697024129415843,0.08459187975075813
coarse,100000,2.5,13.558830206659357,0.1531921066894569,0.08074505098827126
coarse,100000,2.5,14.234208838643415,0.14950389198677672,0.07709612987883574
coarse,100000,2.5,14.943228742742294,0.14590484379750615,0.0736287950674962
coarse,100000,2.5,15.687565623717566,0.1423928571153772,0.07033298695962802
coarse,100000,2.5,16.46897865482869,0.13896533824337332,0.06720071068555769
coarse,100000,2.5,17.289314635480615,0.1356189771201853,0.06422587261269759
coarse,100000,2.5,17.78279410038923,0.13371934565530508,0.06256841833736228
coarse,100000,2.5,18.15051235596819,0.1323536247914114,0.06139488796745789
coarse,100000,2.5,19.054607179632484,0.12916736802230366,0.058700031608874596
coarse,100000,2.5,19.109529749704404,0.1289809987015391,0.058544896106451104
coarse,100000,2.5,20.003735853259002,0.1260582247882792,0.056134261268256457
coarse,100000,2.5,20.53525026457146,0.12441054649446281,0.054804497582511616
coarse,100000,2.5,21.000141557086565,0.12302223027081512,0.0536944699229826
coarse,100000,2.5,22.04617920636185,0.12005982453807998,0.05136949672383709
coarse,100000,2.5,22.0673406908459,0.12000208814842131,0.05132472002243079
coarse,100000,2.5,23.144321016969926,0.11716927001454792,0.04915336734166382
coarse,100000,2.5,23.71373705661655,0.11574992748933906,0.04808508303556927
coarse,100000,2.5,24.29716234829391,0.1143488712639651,0.047040450141002395
coarse,100000,2.5,25.482967479793466,0.11164856641682715,0.04506692880188454
coarse,100000,2.5,25.507427837113593,0.11159491347137322,0.045028055677345497
coarse,100000,2.5,26.777977837039188,0.10890749375412972,0.043108417184146666
coarse,100000,2.5,27.384196342643612,0.10769269843743912,0.04225324294605216
coarse,100000,2.5,28.11181517869986,0.10628534168641415,0.041276444246168276
coarse,100000,2.5,29.42727176209282,0.10387691616052894,0.039628782399771925
coarse,100000,2.5,29.51209226666387,0.10372691873623668,0.03952773863103249
coarse,100000,2.5,30.982118529862987,0.10122908678193389,0.03785962012722949
coarse,100000,2.5,31.622776601683793,0.10019561502480061,0.03717985056893063
coarse,100000,2.5,32.5253682431303,0.09879124514606932,0.03626699436767954
coarse,100000,2.5,33.982083289425596,0.09664498322903141,0.034892426360539255
coarse,100000,2.5,34.145488738336006,0.0964126915729298,0.034745468548958436
coarse,100000,2.5,35.84630902452844,0.09409203073958931,0.033291579568162394
coarse,100000,2.5,36.51741272548377,0.0932204190588029,0.0327546616764833
coarse,100000,2.5,37.63184883745225,0.09182668703709843,0.0319028123165924
coarse,100000,2.5,39.24189758484536,0.08991748273090187,0.030755693540828476
coarse,100000,2.5,39.50632813983238,0.08961534808083038,0.030575796715520222
coarse,100000,2.5,41.47417709487639,0.08745786888389802,0.029306819639427304
coarse,100000,2.5,42.169650342858226,0.08673189094885146,0.02888555179176769
coarse,100000,2.5,43.540046536566486,0.08535298470596166,0.02809313206152235
coarse,100000,2.5,45.31583637600818,0.08365951162573985,0.027135076241217793
coarse,100000,2.5,45.708818961487516,0.0832986712876053,0.026932465822701278
coarse,100000,2.5,47.98562006816812,0.08129288828256537,0.025822539959044225
coarse,100000,2.5,48.69675251658631,0.08069635877174246,0.025495842286737246
coarse,100000,2.5,50.37583087120846,0.07933603941712455,0.02476027204143934
coarse,100000,2.5,52.32991146814947,0.07783821168544898,0.023960216152439484
coarse,100000,2.5,52.88510041882383,0.07742697893953338,0.023743462738116356
coarse,100000,2.5,55.5193591438621,0.07556422518883431,0.022770125911042296
coarse,100000,2.5,56.23413251903491,0.07508086142457221,0.022521141053805985
coarse,100000,2.5,58.28483287984838,0.07374499224012913,0.021838648312070937
coarse,100000,2.5,60.42963902381328,0.07242161400437752,0.021171712285023663
coarse,100000,2.5,61.18805757518219,0.07197022586151079,0.020946515270575318
coarse,100000,2.5,64.23589474026393,0.07023888868176567,0.02009195423256944
coarse,100000,2.5,64.93816315762113,0.06985701979831063,0.01990585870134443
coarse,100000,2.5,67.435547664057,0.06854996933054915,0.019273279259437278
coarse,100000,2.5,69.78305848598663,0.0673837521299846,0.018717968758718177
coarse,100000,2.5,70.79457843841381,0.06690011457321096,0.018489233278701094
coarse,100000,2.5,74.32092583039913,0.06529061052318107,0.017737837199883186
coarse,100000,2.5,74.98942093324558,0.06499860308854914,0.01760285112272137
coarse,100000,2.5,78.02292404485208,0.06372058403484868,0.017017641218871303
coarse,100000,2.5,80.58421877614818,0.06269847948828564,0.016555699061588314
coarse,100000,2.5,81.90932242152977,0.06218912016277179,0.016327275416043622
coarse,100000,2.5,85.98930611338423,0.06069338597586876,0.01566558194545477
coarse,100000,2.5,86.59643233600653,0.06048039896871499,0.015572058226152251
coarse,100000,2.5,90.27251779484578,0.05923389798307499,0.015031129166275093
coarse,100000,2.5,93.0572040929699,0.058341015526026004,0.01464782405730537
coarse,100000,2.5,94.76908045141592,0.0578103071422907,0.014422694375464215
coarse,100000,2.5,99.4896213044336,0.05642178634452672,0.01383915762923901
coarse,100000,2.5,100.0,0.0562772222021078,0.0137791510564078
coarse,100000,2.5,104.44529692755633,0.05506601890420615,0.013279487218664031
coarse,100000,2.5,107.46078283213176,0.05428715918453008,0.012962423283077939
coarse,100000,2.5,109.64781961431851,0.0537427347150948,0.012742596184700682
coarse,100000,2.5,115.10948505908407,0.052452105512076186,0.012227483132953494
coarse,100000,2.5,115.47819846894582,0.05236825126425151,0.012194336095446933
coarse,100000,2.5,120.84320141681312,0.05119338422749912,0.011733227429282483
coarse,100000,2.5,124.09377607517196,0.050518016580560564,0.01147181503040788
coarse,100000,2.5,126.86251981032602,0.04996476762416676,0.011258935324835276
coarse,100000,2.5,133.1816663571621,0.04876518215399906,0.01080372556040838
coarse,100000,2.5,133.3521432163324,0.04873406348612674,0.010791997847800845
coarse,100000,2.5,139.81557579172983,0.04759531786328794,0.01036680556530192
coarse,100000,2.5,143.30125702369628,0.047014087526490445,0.01015221816041358
coarse,100000,2.5,146.77992676220705,0.04645450066036747,0.009947414825856182
coarse,100000,2.5,153.9926526059492,0.045355868530478106,0.009549990493747792
coarse,100000,2.5,154.09117888561602,0.045341438870839544,0.009544800206190378
coarse,100000,2.5,161.76661164864794,0.04425423943557496,0.0091581907021675
coarse,100000,2.5,165.48170999431815,0.04375669786068991,0.00898296866189735
coarse,100000,2.5,169.82436524617444,0.043194108713324825,0.008786987153595032
coarse,100000,2.5,177.82794100389228,0.04221435332921675,0.00844896869993636
coarse,100000,2.5,178.28348345396734,0.04216043919219266,0.008430558600141483
coarse,100000,2.5,187.16395863694845,0.04115244938698196,0.008088289854432381
coarse,100000,2.5,191.09529749704404,0.040727591297332284,0.007946004146457408
coarse,100000,2.5,196.4867789993468,0.04016741212014557,0.007759454401181043
coarse,100000,2.5,205.3525026457146,0.03929450228657074,0.007472190244033687
coarse,100000,2.5,206.27397818843016,0.03920704806469352,0.007443630390195337
coarse,100000,2.5,216.54868736904876,0.03827081050260544,0.007140292372956157
coarse,100000,2.5,220.673406908459,0.03791324817492754,0.007025765166020438
coarse,100000,2.5,227.33518989206314,0.03735816749411295,0.006848937539687573
coarse,100000,2.5,237.13737056616552,0.03658205988594322,0.006605081235133844
coarse,100000,2.5,238.65897868585807,0.03646632339268346,0.00656889849216453
coarse,100000,2.5,250.5468165065873,0.03559673271934034,0.0062998550135655515
coarse,100000,2.5,254.82967479793464,0.03529923516501326,0.0062085968492416495
coarse,100000,2.5,263.02679918953817,0.03474916361482561,0.00604138815650414
coarse,100000,2.5,273.8419634264361,0.034063136439430146,0.005834869050435503
coarse,100000,2.5,276.128422051113,0.03392313843739973,0.005793077607114032
coarse,100000,2.5,289.88264959835425,0.03311636432987472,0.005554352529863321
coarse,100000,2.5,294.2727176209282,0.03287151835305632,0.005482485112387725
coarse,100000,2.5,304.32198871077225,0.03232944581975783,0.0053249109119670466
coarse,100000,2.5,316.22776601683796,0.031722886364709775,0.005150175740624981
coarse,100000,2.5,319.4805654674313,0.031562654493810044,0.0051044481195860894
coarse,100000,2.5,335.394205800866,0.030815562365341855,0.004892611878337998
coarse,100000,2.5,352.1005201684521,0.030086379823102687,0.0046889274189575725
coarse,100000,2.5,369.6389924413366,0.02937485118970843,0.004493076453704269
coarse,100000,2.5,388.0510732210183,0.02868174857858812,0.004304863622468102
coarse,100000,2.5,407.380277804113,0.028006689423911654,0.004123993045181624
coarse,100000,2.5,427.67228902684343,0.027348386630985932,0.00395008408144704
coarse,100000,2.5,448.97506523231453,0.026705718895002145,0.0037827772785945023
coarse,100000,2.5,471.3389536157405,0.026079953604422463,0.003621981134685154
coarse,100000,2.5,494.8168092155145,0.025470749716561554,0.003467446723982393
coarse,100000,2.5,519.4641198313342,0.024877319748969753,0.003318884813511234
coarse,100000,2.5,545.3391371646278,0.02429767810455327,0.003175876816986421
coarse,100000,2.5,572.5030144912078,0.023733578671973708,0.0030384296491754647
coarse,100000,2.5,601.0199511915373,0.023184718286528985,0.0029063336419174616
coarse,100000,2.5,630.9573444801937,0.022650802759669263,0.0027793878353898427
coarse,100000,2.0,0.1,1.0,1.0
coarse,100000,2.0,0.10498109808656175,0.9956169030108726,1.0
coarse,100000,2.0,0.11021030955460301,0.9910468159152055,1.0
coarse,100000,2.0,0.11569999317502112,0.9863097600112812,1.0
coarse,100000,2.0,0.12146312332121417,0.9814028780527566,1.0
coarse,100000,2.0,0.1275133206328453,0.9762720585299646,1.0
coarse,100000,2.0,0.13386488420699932,0.970914084800147,1.0
coarse,100000,2.0,0.14053282539281228,0.9653693897826822,1.0
coarse,100000,2.0,0.14753290326944482,0.9596355416518607,1.0
coarse,100000,2.0,0.1548816618912481,0.9536715890513635,1.0
coarse,100000,2.0,0.16259646938814815,0.947436959353825,1.0
coarse,100000,2.0,0.17069555901365815,0.9409977426167594,1.0
coarse,100000,2.0,0.1791980722375334,0.9343523403908734,1.0
coarse,100000,2.0,0.18812410398491272,0.9274780913234453,1.0
coarse,100000,2.0,0.19749475012886664,0.9202883737312136,1.0
coarse,100000,2.0,0.2073321573485955,0.9128802834809203,1.0
coarse,100000,2.0,0.2176595754711136,0.9052535822241676,1.0
coarse,100000,2.0,0.2285014124201237,0.8974083901404585,1.0
coarse,100000,2.0,0.23988329190194904,0.8892065305862719,1.0
coarse,100000,2.0,0.25183211396485844,0.8807786551949822,1.0
coarse,100000,2.0,0.26437611857491,0.872127267825167,1.0
coarse,100000,2.0,0.277544952358571,0.8632545345606503,1.0
coarse,100000,2.0,0.29136973866985255,0.85404162401357,1.0
coarse,100000,2.0,0.30588315114755654,0.8445798610727072,1.0
coarse,100000,2.0,0.3211194909364823,0.8349005597734802,1.0
coarse,100000,2.0,0.33711476775509625,0.8250085564826969,1.0
coarse,100000,2.0,0.35390678500126244,0.8148108713996665,1.0
coarse,100000,2.0,0.37153522909717257,0.8043526944714787,1.0
coarse,100000,2.0,0.39004176328463463,0.7936971829137691,1.0
coarse,100000,2.0,0.4094701260923973,0.7828523410874609,1.0
coarse,100000,2.0,0.42986623470822766,0.7717560191040309,1.0
coarse,100000,2.0,0.45127829350005433,0.760404378064205,1.0
coarse,100000,2.0,0.473756907942654,0.74889243969256,1.0
coarse,100000,2.0,0.49735520421913965,0.7372315450496757,1.0
coarse,100000,2.0,0.5221289547799146,0.7253923923466093,1.0
coarse,100000,2.0,0.5481367101558418,0.7133250406418653,1.0
coarse,100000,2.0,0.5754399373371569,0.7011520286162584,1.0
coarse,100000,2.0,0.6041031650451701,0.6888876334855519,1.0
coarse,100000,2.0,0.6341941362400942,0.6765331234964771,1.0
coarse,100000,2.0,0.6657839682254364,0.6640024503341844,1.0
coarse,100000,2.0,0.6989473207273484,0.6514360516067786,1.0
coarse,100000,2.0,0.7337625723461731,0.6388499727571786,1.0
coarse,100000,2.0,0.7703120057972147,0.6262598477028755,1.0
coarse,100000,2.0,0.8086820023785352,0.6135871971298,1.0
coarse,100000,2.0,0.8489632461253815,0.6009487759168434,1.0
coarse,100000,2.0,0.8912509381337457,0.5883694347047522,1.0
coarse,100000,2.0,0.9356450215595893,0.575864269927585,1.0
coarse,100000,2.0,0.9822504178255043,0.5633935637754859,1.0
coarse,100000,2.0,1.0311772745930554,0.5510158967145244,0.9974974992715556
coarse,100000,2.0,1.0825412260868696,0.5387614188455205,0.9909620841261008
coarse,100000,2.0,1.1364636663857248,0.5266402012335066,0.9797139621294638
coarse,100000,2.0,1.1930720363265337,0.5146357901935534,0.9635028078729257
coarse,100000,2.0,1.252500124699298,0.5027790768653794,0.9435282056855857
coarse,100000,2.0,1.314888384444878,0.49110584341135405,0.9210436681455051
coarse,100000,2.0,1.3803842646028852,0.4796244228215065,0.8964715068607929
coarse,100000,2.0,1.449142558794219,0.46833219509996826,0.8698664344167856
coarse,100000,2.0,1.5213257710618697,0.45723830722553815,0.8415789639227509
coarse,100000,2.0,1.5971044999346033,0.4463671543699649,0.8125518729818255
coarse,100000,2.0,1.6766578416212374,0.4357214581577155,0.7830415995175001
coarse,100000,2.0,1.7601738132884204,0.4253012686543037,0.7531787592617474
coarse,100000,2.0,1.8478497974222907,0.4151062079744239,0.7229734814605702
coarse,100000,2.0,1.9398930083242285,0.4051460298884587,0.6930736381510595
coarse,100000,2.0,2.036520981843212,0.39541859737159296,0.6636135146270999
coarse,100000,2.0,2.1379620895022327,0.3859214134012868,0.6347042794904989
coarse,100000,2.0,2.244456078233844,0.37665055796861246,0.6062490802248314
coarse,100000,2.0,2.3562546370004687,0.36760492000472067,0.5786321430838497
coarse,100000,2.0,2.473621991638621,0.3587795799812656,0.5518999741045332
coarse,100000,2.0,2.5968355293329033,0.350169626300608,0.5260881847741026
coarse,100000,2.0,2.7261864541956613,0.3417692036215531,0.5011525329336549
coarse,100000,2.0,2.861980475501707,0.3335731438076493,0.4772138421285625
coarse,100000,2.0,3.004538530204693,0.3255761170295124,0.4542820174825324
coarse,100000,2.0,3.1541975414427297,0.31777284131963746,0.43234420481307184
coarse,100000,2.0,3.311311214825911,0.3101566148511759,0.41136955309360135
coarse,100000,2.0,3.476250874387709,0.30272250104732906,0.3913623243935599
coarse,100000,2.0,3.649406340175921,0.2954664196107725,0.3723011604577307
coarse,100000,2.0,3.831186849557289,0.2883838242026196,0.3541523118704533
coarse,100000,2.0,4.022022024413192,0.28146886916398456,0.33688330557928614
coarse,100000,2.0,4.22236288651233,0.2747171117662885,0.32046538301950694
coarse,100000,2.0,4.432682923460089,0.26812614263662093,0.3048610027974555
coarse,100000,2.0,4.653479207743908,0.2616921851163584,0.2900329929086054
coarse,100000,2.0,4.885273571519389,0.2554106786940127,0.2759488172300996
coarse,100000,2.0,5.1286138399136485,0.24927700392473257,0.26257967712283903
coarse,100000,2.0,5.384075125760731,0.2432898109768193,0.24988388456657282
coarse,100000,2.0,5.652261188829045,0.23744574910593932,0.23782804764881335
coarse,100000,2.0,5.933805862753281,0.23174120810669446,0.2263819501996533
coarse,100000,2.0,6.229374553043173,0.22617102594202693,0.2155254693929319
coarse,100000,2.0,6.539665809709571,0.22073442669709198,0.2052177440197885
coarse,100000,2.0,6.865412978224548,0.21542831142299054,0.19543061191684394
coarse,100000,2.0,7.207385932717452,0.21024964950711114,0.18613732228857952
coarse,100000,2.0,7.566392895503165,0.20519309565571797,0.1773245216334106
coarse,100000,2.0,7.943282347242818,0.2002579964141111,0.1689561066362192
coarse,100000,2.0,8.338945032251527,0.19544163665241537,0.16100819508856345
coarse,100000,2.0,8.754316063692443,0.19074123002494256,0.15345883615776473
coarse,100000,2.0,9.190377133632595,0.18615217431614983,0.14629571435600672
coarse,100000,2.0,9.648158833183777,0.1816731082406998,0.1394924169976244
coarse,100000,2.0,10.128743088211932,0.17730200223614231,0.1330275052278415
coarse,100000,2.0,10.633265716371616,0.1730363151190196,0.12688324771267737
coarse,100000,2.0,11.162919111508824,0.16887215138913067,0.12104826260950555
coarse,100000,2.0,11.718955061776631,0.1648074922865673,0.11550432791185594
coarse,100000,2.0,12.30268770812381,0.1608409601831678,0.11023243993393944
coarse,100000,2.0,12.91549665014884,0.15697024129415843,0.10521841025501155
coarse,100000,2.0,13.558830206659357,0.1531921066894569,0.10045184427944674
coarse,100000,2.0,14.234208838643415,0.14950389198677672,0.09592080967448195
coarse,100000,2.0,14.943228742742294,0.14590484379750615,0.09160869146358853
coarse,100000,2.0,15.687565623717566,0.1423928571153772,0.08750418550092716
coarse,100000,2.0,16.46897865482869,0.13896533824337332,0.0835979399370856
coarse,100000,2.0,17.289314635480615,0.1356189771201853,0.07988256041997972
coarse,100000,2.0,17.78279410038923,0.13371934565530508,0.07781148205451084
coarse,100000,2.0,18.15051235596819,0.1323536247914114,0.07634371590862557
coarse,100000,2.0,19.054607179632484,0.12916736802230366,0.07297241310148765
coarse,100000,2.0,19.109529749704404,0.1289809987015391,0.07277817245129392
coarse,100000,2.0,20.003735853259002,0.1260582247882792,0.06976036861437214
coarse,100000,2.0,20.53525026457146,0.12441054649446281,0.06809405406662149
coarse,100000,2.0,21.000141557086565,0.12302223027081512,0.06670329958001724
coarse,100000,2.0,22.04617920636185,0.12005982453807998,0.0637890029324555
coarse,100000,2.0,22.0673406908459,0.12000208814842131,0.06373286744002339
coarse,100000,2.0,23.144321016969926,0.11716927001454792,0.06101032023225417
coarse,100000,2.0,23.71373705661655,0.11574992748933906,0.05967045951817576
coarse,100000,2.0,24.29716234829391,0.1143488712639651,0.058360477074655887
coarse,100000,2.0,25.482967479793466,0.11164856641682715,0.05588461050747406
coarse,100000,2.0,25.507427837113593,0.11159491347137322,0.055835854807208436
coarse,100000,2.0,26.777977837039188,0.10890749375412972,0.05342754738287105
coarse,100000,2.0,27.384196342643612,0.10769269843743912,0.05235487419264624
coarse,100000,2.0,28.11181517869986,0.10628534168641415,0.051129392935986735
coarse,100000,2.0,29.42727176209282,0.10387691616052894,0.049062750124032856
coarse,100000,2.0,29.51209226666387,0.10372691873623668,0.048935984629688394
coarse,100000,2.0,30.982118529862987,0.10122908678193389,0.04684386283676609
coarse,100000,2.0,31.622776601683793,0.10019561502480061,0.045991486528556294
coarse,100000,2.0,32.5253682431303,0.09879124514606932,0.04484692490279147
coarse,100000,2.0,33.982083289425596,0.09664498322903141,0.043123978978314284
coarse,100000,2.0,34.145488738336006,0.0964126915729298,0.04293979443568995
coarse,100000,2.0,35.84630902452844,0.09409203073958931,0.04111814349418593
coarse,100000,2.0,36.51741272548377,0.0932204190588029,0.040445551928200894
coarse,100000,2.0,37.63184883745225,0.09182668703709843,0.0393787749479918
coarse,100000,2.0,39.24189758484536,0.08991748273090187,0.03794267600698549
coarse,100000,2.0,39.50632813983238,0.08961534808083038,0.03771752224935146
coarse,100000,2.0,41.47417709487639,0.08745786888389802,0.03612977222108846
coarse,100000,2.0,42.169650342858226,0.08673189094885146,0.03560287279257569
coarse,100000,2.0,43.540046536566486,0.08535298470596166,0.03461204836392908
coarse,100000,2.0,45.31583637600818,0.08365951162573985,0.033414627697216
coarse,100000,2.0,45.708818961487516,0.0832986712876053,0.03316147510114208
coarse,100000,2.0,47.98562006816812,0.08129288828256537,0.03177518732707496
coarse,100000,2.0,48.69675251658631,0.08069635877174246,0.03136731030374054
coarse,100000,2.0,50.37583087120846,0.07933603941712455,0.030449290493683907
coarse,100000,2.0,52.32991146814947,0.07783821168544898,0.02945126038076238
coarse,100000,2.0,52.88510041882383,0.07742697893953338,0.029180981222394698
coarse,100000,2.0,55.5193591438621,0.07556422518883431,0.027967732108749577
coarse,100000,2.0,56.23413251903491,0.07508086142457221,0.027657533118462613
coarse,100000,2.0,58.28483287984838,0.07374499224012913,0.02680752345191944
coarse,100000,2.0,60.42963902381328,0.07242161400437752,0.025977334103542995
coarse,100000,2.0,61.18805757518219,0.07197022586151079,0.02569712171883727
coarse,100000,2.0,64.23589474026393,0.07023888868176567,0.024634257145819148
coarse,100000,2.0,64.93816315762113,0.06985701979831063,0.024402917027432205
coarse,100000,2.0,67.435547664057,0.06854996933054915,0.023616771007782592
coarse,100000,2.0,69.78305848598663,0.0673837521299846,0.02292711122448032
coarse,100000,2.0,70.79457843841381,0.06690011457321096,0.022643117719694978
coarse,100000,2.0,74.32092583039913,0.06529061052318107,0.021710710027841175
coarse,100000,2.0,74.98942093324558,0.06499860308854914,0.02154327535063253
coarse,100000,2.0,78.02292404485208,0.06372058403484868,0.020817686345171862
coarse,100000,2.0,80.58421877614818,0.06269847948828564,0.020245255016896422
coarse,100000,2.0,81.90932242152977,0.06218912016277179,0.01996228993342218
coarse,100000,2.0,85.98930611338423,0.06069338597586876,0.019143093717303505
coarse,100000,2.0,86.59643233600653,0.06048039896871499,0.019027344029308786
coarse,100000,2.0,90.27251779484578,0.05923389798307499,0.01835822326553231
coarse,100000,2.0,93.0572040929699,0.058341015526026004,0.017884296808889755
coarse,100000,2.0,94.76908045141592,0.0578103071422907,0.017606095928827177
coarse,100000,2.0,99.4896213044336,0.05642178634452672,0.016885276261289283
coarse,100000,2.0,100.0,0.0562772222021078,0.01681119524855542
coarse,100000,2.0,104.44529692755633,0.05506601890420615,0.01619448627816243
coarse,100000,2.0,107.46078283213176,0.05428715918453008,0.01580338245262247
coarse,100000,2.0,109.64781961431851,0.0537427347150948,0.015532317737427496
coarse,100000,2.0,115.10948505908407,0.052452105512076186,0.014897461259382202
coarse,100000,2.0,115.47819846894582,0.05236825126425151,0.014856626359703884
coarse,100000,2.0,120.84320141681312,0.05119338422749912,0.01428873925155485
coarse,100000,2.0,124.09377607517196,0.050518016580560564,0.013966992358299598
coarse,100000,2.0,126.86251981032602,0.04996476762416676,0.013705038000509482
coarse,100000,2.0,133.1816663571621,0.04876518215399906,0.013145238865945076
coarse,100000,2.0,133.3521432163324,0.04873406348612674,0.013130820509746424
coarse,100000,2.0,139.81557579172983,0.04759531786328794,0.012608292535368678
coarse,100000,2.0,143.30125702369628,0.047014087526490445,0.012344704659385967
coarse,100000,2.0,146.77992676220705,0.04645450066036747,0.012093229258348352
coarse,100000,2.0,153.9926526059492,0.045355868530478106,0.01160547327052654
coarse,100000,2.0,154.09117888561602,0.045341438870839544,0.011599104556169307
coarse,100000,2.0,161.76661164864794,0.04425423943557496,0.011124963715030254
coarse,100000,2.0,165.48170999431815,0.04375669786068991,0.010910149013143163
coarse,100000,2.0,169.82436524617444,0.043194108713324825,0.010670000330012652
coarse,100000,2.0,177.82794100389228,0.04221435332921675,0.010255953883114299
coarse,100000,2.0,178.28348345396734,0.04216043919219266,0.010233412931892272
coarse,100000,2.0,187.16395863694845,0.04115244938698196,0.009814424751226396
coarse,100000,2.0,191.09529749704404,0.040727591297332284,0.00964034583919281
coarse,100000,2.0,196.4867789993468,0.04016741212014557,0.009412156008605376
coarse,100000,2.0,205.3525026457146,0.03929450228657074,0.009060932917225083
coarse,100000,2.0,206.27397818843016,0.03920704806469352,0.009026024499446467
coarse,100000,2.0,216.54868736904876,0.03827081050260544,0.00865536561926843
coarse,100000,2.0,220.673406908459,0.03791324817492754,0.00851548255876778
coarse,100000,2.0,227.33518989206314,0.03735816749411295,0.008299544053625409
coarse,100000,2.0,237.13737056616552,0.03658205988594322,0.008001910101073744
coarse,100000,2.0,238.65897868585807,0.03646632339268346,0.007957754773143968
coarse,100000,2.0,250.5468165065873,0.03559673271934034,0.007629558506237566
coarse,100000,2.0,254.82967479793464,0.03529923516501326,0.007518268176910951
coarse,100000,2.0,263.02679918953817,0.03474916361482561,0.007314423313825832
coarse,100000,2.0,273.8419634264361,0.034063136439430146,0.007062736946969701
coarse,100000,2.0,276.128422051113,0.03392313843739973,0.007011820462354137
coarse,100000,2.0,289.88264959835425,0.03311636432987472,0.006721057754701074
coarse,100000,2.0,294.2727176209282,0.03287151835305632,0.006633546932707759
coarse,100000,2.0,304.32198871077225,0.03232944581975783,0.006441738930785291
coarse,100000,2.0,316.22776601683796,0.031722886364709775,0.006229100935375118
coarse,100000,2.0,319.4805654674313,0.031562654493810044,0.006173472032134282
coarse,100000,2.0,335.394205800866,0.030815562365341855,0.005915815864919171
coarse,100000,2.0,352.1005201684521,0.030086379823102687,0.0056681921529195605
coarse,100000,2.0,369.6389924413366,0.02937485118970843,0.005430199407984448
coarse,100000,2.0,388.0510732210183,0.02868174857858812,0.005201580133035445
coarse,100000,2.0,407.380277804113,0.028006689423911654,0.00498196534167365
coarse,100000,2.0,427.67228902684343,0.027348386630985932,0.004770889502336718
coarse,100000,2.0,448.97506523231453,0.026705718895002145,0.004567910982953296
coarse,100000,2.0,471.3389536157405,0.026079953604422463,0.004372900412371592
coarse,100000,2.0,494.8168092155145,0.025470749716561554,0.004185548612139522
coarse,100000,2.0,519.4641198313342,0.024877319748969753,0.004005500252208944
coarse,100000,2.0,545.3391371646278,0.02429767810455327,0.0038322484151832635
coarse,100000,2.0,572.5030144912078,0.023733578671973708,0.0036657852303736893
coarse,100000,2.0,601.0199511915373,0.023184718286528985,0.003505851256414609
coarse,100000,2.0,630.9573444801937,0.022650802759669263,0.003352198009191971
refined,100000,0.0,0.1,1.0,1.0
refined,100000,0.0,0.10498109808656175,0.9956255585776218,1.0
refined,100000,0.0,0.11021030955460301,0.991077711253151,1.0
refined,100000,0.0,0.11569999317502112,0.98633700744114,1.0
refined,100000,0.0,0.12146312332121417,0.9814081233942035,1.0
refined,100000,0.0,0.1275133206328453,0.9762788002023189,1.0
refined,100000,0.0,0.13386488420699932,0.9709460834024902,1.0
refined,100000,0.0,0.14053282539281228,0.965406114281192,1.0
refined,100000,0.0,0.14753290326944482,0.9596472766898195,1.0
refined,100000,0.0,0.1548816618912481,0.9536753854563105,1.0
refined,100000,0.0,0.16259646938814815,0.9474691160804384,1.0
refined,100000,0.0,0.17069555901365815,0.9410452749598719,1.0
refined,100000,0.0,0.1791980722375334,0.9343717926514742,1.0
refined,100000,0.0,0.18812410398491272,0.9274778022405543,1.0
refined,100000,0.0,0.19749475012886664,0.9203194952055942,1.0
refined,100000,0.0,0.2073321573485955,0.9129396473603683,1.0
refined,100000,0.0,0.2176595754711136,0.9052817988926539,1.0
refined,100000,0.0,0.2285014124201237,0.8974032406312653,1.0
refined,100000,0.0,0.23988329190194904,0.8892352147591398,1.0
refined,100000,0.0,0.25183211396485844,0.8808435736374471,1.0
refined,100000,0.0,0.26437611857491,0.8721648804078269,1.0
refined,100000,0.0,0.277544952358571,0.8632562173437975,1.0
refined,100000,0.0,0.29136973866985255,0.8540663572308429,1.0
refined,100000,0.0,0.30588315114755654,0.8446426724042743,1.0
refined,100000,0.0,0.3211194909364823,0.8349474817818432,1.0
refined,100000,0.0,0.33711476775509625,0.8250176552141186,1.0
refined,100000,0.0,0.35390678500126244,0.814830198058682,1.0
refined,100000,0.0,0.37153522909717257,0.8044108874923935,1.0
refined,100000,0.0,0.39004176328463463,0.793752274550185,1.0
refined,100000,0.0,0.4094701260923973,0.7828687127764871,1.0
refined,100000,0.0,0.42986623470822766,0.7717687862961838,1.0
refined,100000,0.0,0.45127829350005433,0.7604554082824186,1.0
refined,100000,0.0,0.473756907942654,0.7489532201842208,1.0
refined,100000,0.0,0.49735520421913965,0.7372540404628373,1.0
refined,100000,0.0,0.5221289547799146,0.7253980444721623,1.0
refined,100000,0.0,0.5481367101558418,0.7133666992907995,1.0
refined,100000,0.0,0.5754399373371569,0.7012145752584467,1.0
refined,100000,0.0,0.6041031650451701,0.6889139444493615,1.0
refined,100000,0.0,0.6341941362400942,0.6765319782891784,1.0
refined,100000,0.0,0.6657839682254364,0.6640333114662471,1.0
refined,100000,0.0,0.6989473207273484,0.6514952694132443,1.0
refined,100000,0.0,0.7337625723461731,0.6388767626433622,1.0
refined,100000,0.0,0.7703120057972147,0.6262577283347682,1.0
refined,100000,0.0,0.8086820023785352,0.613607030612452,1.0
refined,100000,0.0,0.8489632461253815,0.6009909075195053,1.0
refined,100000,0.0,0.8912509381337457,0.5883928932707653,1.0
refined,100000,0.0,0.9356450215595893,0.5758651472154404,1.0
refined,100000,0.0,0.9822504178255043,0.5634035353069152,1.0
refined,100000,0.0,1.0311772745930554,0.5510439161787803,1.0002134296211111
refined,100000,0.0,1.0825412260868696,0.5387805523210895,1.0012617382555489
refined,100000,0.0,1.1364636663857248,0.5266419564818511,1.0031467010752124
refined,100000,0.0,1.1930720363265337,0.514638984718732,1.0058573771514663
refined,100000,0.0,1.252500124699298,0.5027925492659879,1.0093272068376136
refined,100000,0.0,1.314888384444878,0.49111664093544927,1.0135221569160546
refined,100000,0.0,1.3803842646028852,0.4796245200646938,1.018411011379663
refined,100000,0.0,1.449142558794219,0.4683303737263529,1.023941144554449
refined,100000,0.0,1.5213257710618697,0.4572415626845445,1.0301083832055755
refined,100000,0.0,1.5971044999346033,0.4463701729785658,1.036845699656626
refined,100000,0.0,1.6766578416212374,0.43571919919717017,1.0441692704369223
refined,100000,0.0,1.7601738132884204,0.4252971566929555,1.0520016595683248
refined,100000,0.0,1.8478497974222907,0.41510391629145016,1.0603739351608439
refined,100000,0.0,1.9398930083242285,0.405143848501445,1.069202049302966
refined,100000,0.0,2.036520981843212,0.395414630490834,1.0785275261262195
refined,100000,0.0,2.1379620895022327,0.38591673835311885,1.0882632097566054
refined,100000,0.0,2.244456078233844,0.3766463016172267,1.0984575473046483
refined,100000,0.0,2.3562546370004687,0.36760074458688274,1.1090273390596441
refined,100000,0.0,2.473621991638621,0.3587751710701804,1.1200132171367774
refined,100000,0.0,2.5968355293329033,0.35016507125636276,1.1313503201808677
refined,100000,0.0,2.7261864541956613,0.3417648294878775,1.1430657278536578
refined,100000,0.0,2.861980475501707,0.33356918437255084,1.1551131432588757
refined,100000,0.0,3.004538530204693,0.3255721960488671,1.167508503197684
refined,100000,0.0,3.1541975414427297,0.3177685863706257,1.1802204242350154
refined,100000,0.0,3.311311214825911,0.31015256816261966,1.1932567709244373
refined,100000,0.0,3.476250874387709,0.30271917987832836,1.2065979813768974
refined,100000,0.0,3.649406340175921,0.29546316952212004,1.2202461050953002
refined,100000,0.0,3.831186849557289,0.28837995660256865,1.2341908413226033
refined,100000,0.0,4.022022024413192,0.28146501598038376,1.2484299787349602
refined,100000,0.0,4.22236288651233,0.2747140663015146,1.262960409471792
refined,100000,0.0,4.432682923460089,0.2681233146276258,1.2777766888534823
refined,100000,0.0,4.653479207743908,0.2616886461110772,1.2928812731304775
refined,100000,0.0,4.885273571519389,0.2554068889154744,1.3082661747605737
refined,100000,0.0,5.1286138399136485,0.24927397264307627,1.3239381613222037
refined,100000,0.0,5.384075125760731,0.24328720511592689,1.3398872104261694
refined,100000,0.0,5.652261188829045,0.23744247712517183,1.3561234552879022
refined,100000,0.0,5.933805862753281,0.2317374665419266,1.3726352575199983
refined,100000,0.0,6.229374553043173,0.22616798385304845,1.3894354094075136
refined,100000,0.0,6.539665809709571,0.22073202116838786,1.4065110214838106
refined,100000,0.0,6.865412978224548,0.21542529760434898,1.423877016887157
refined,100000,0.0,7.207385932717452,0.21024603819268023,1.4415203077984462
refined,100000,0.0,7.566392895503165,0.2051900810652512,1.4594553250398854
refined,100000,0.0,7.943282347242818,0.20025564387360634,1.477671572244835
refined,100000,0.0,8.338945032251527,0.19543888403662132,1.496180993237379
refined,100000,0.0,8.754316063692443,0.19073789865487287,1.5149766500648265
refined,100000,0.0,9.190377133632595,0.18614920233316232,1.5340679530013308
refined,100000,0.0,9.648158833183777,0.18167078330272507,1.5534510178820116
refined,100000,0.0,10.128743088211932,0.17729950490725446,1.5731331113209464
refined,100000,0.0,10.633265716371616,0.17303325027174077,1.593112989073614
refined,100000,0.0,11.162919111508824,0.16886922189506362,1.6133960908279652
refined,100000,0.0,11.718955061776631,0.16480519791833034,1.633983476340967
refined,100000,0.0,12.30268770812381,0.16083871072069925,1.654879015556471
refined,100000,0.0,12.91549665014884,0.1569674323242553,1.676085802480894
refined,100000,0.0,13.558830206659357,0.15318921695851226,1.6976063448578966
refined,100000,0.0,14.234208838643415,0.14950162885103271,1.7194455569725116
refined,100000,0.0,14.943228742742294,0.145902837338591,1.741604749409107
refined,100000,0.0,15.687565623717566,0.14239029665786876,1.7640904900708734
refined,100000,0.0,16.46897865482869,0.13896248547048368,1.7869030204556355
refined,100000,0.0,17.289314635480615,0.1356167452722537,1.8100504361553909
refined,100000,0.0,17.78279410038923,0.13371678046699897,1.8236042542258932
refined,100000,0.0,18.15051235596819,0.13235185896052376,1.833532005231644
refined,100000,0.0,19.054607179632484,0.129165052062172,1.8573572606925204
refined,100000,0.0,19.109529749704404,0.1289787954917045,1.8587786644296245
refined,100000,0.0,20.003735853259002,0.12605540718405855,1.8815245641040972
refined,100000,0.0,20.53525026457146,0.12440870223197065,1.8947090183805186
refined,100000,0.0,21.000141557086565,0.12302003030048525,1.9060448273109625
refined,100000,0.0,22.04617920636185,0.12005825171743126,1.9309158316837503
refined,100000,0.0,22.0673406908459,0.12000047853958166,1.9314105383158473
refined,100000,0.0,23.144321016969926,0.11716719796393181,1.956148982516397
refined,100000,0.0,23.71373705661655,0.11574805622105404,1.9689004856652776
refined,100000,0.0,24.29716234829391,0.11434624220628031,1.9817426790947388
refined,100000,0.0,25.482967479793466,0.11164643648973745,2.0071915498395625
refined,100000,0.0,25.507427837113593,0.111592747428746,2.0077075560456774
refined,100000,0.0,26.777977837039188,0.1089059545142387,2.0340435897823372
refined,100000,0.0,27.384196342643612,0.10769031275777581,2.04630000039563
refined,100000,0.0,28.11181517869986,0.10628351613978439,2.060760375216148
refined,100000,0.0,29.42727176209282,0.10387442067841293,2.086243517532644
refined,100000,0.0,29.51209226666387,0.1037245378508555,2.0878594056327358
refined,100000,0.0,30.982118529862987,0.10122695828447366,2.115349291934971
refined,100000,0.0,31.622776601683793,0.10019348695766235,2.127041484187245
refined,100000,0.0,32.5253682431303,0.09878974440134354,2.1432330106086903
refined,100000,0.0,33.982083289425596,0.09664322116194943,2.1687092625560163
refined,100000,0.0,34.145488738336006,0.0964111174883527,2.1715182212478
refined,100000,0.0,35.84630902452844,0.09408990253400616,2.2002093747927542
refined,100000,0.0,36.51741272548377,0.09321902169505582,2.2112655722346393
refined,100000,0.0,37.63184883745225,0.0918246005400418,2.229313190409817
refined,100000,0.0,39.24189758484536,0.08991628368744935,2.254730729746397
refined,100000,0.0,39.50632813983238,0.08961389103811948,2.2588356084335466
refined,100000,0.0,41.47417709487639,0.08745655214459706,2.2887823974705763
refined,100000,0.0,42.169650342858226,0.08673043315715363,2.2991265100750353
refined,100000,0.0,43.540046536566486,0.08535111438716639,2.3191610249635075
refined,100000,0.0,45.31583637600818,0.08365779740076225,2.344470972721664
refined,100000,0.0,45.708818961487516,0.08329663069671298,2.349976278306207
refined,100000,0.0,47.98562006816812,0.08129147901572602,2.3812372118810385
refined,100000,0.0,48.69675251658631,0.08069439024338755,2.3907854985309034
refined,100000,0.0,50.37583087120846,0.07933498505943276,2.4129475809546657
refined,100000,0.0,52.32991146814947,0.07783617875835697,2.438093333933136
refined,100000,0.0,52.88510041882383,0.0774253705932273,2.445118108328368
refined,100000,0.0,55.5193591438621,0.07556223232952042,2.4777514460836643
refined,100000,0.0,56.23413251903491,0.0750792040830939,2.486418963661945
refined,100000,0.0,58.28483287984838,0.07374363227381125,2.510860088232578
refined,100000,0.0,60.42963902381328,0.07242033055842226,2.535783284779598
refined,100000,0.0,61.18805757518219,0.07196943656714831,2.5444454925380215
refined,100000,0.0,64.23589474026393,0.0702375438984912,2.578522048104145
refined,100000,0.0,64.93816315762113,0.0698561084253075,2.586210624939323
refined,100000,0.0,67.435547664057,0.06854805571138685,2.6130901282407537
refined,100000,0.0,69.78305848598663,0.06738299958317326,2.637727538166606
refined,100000,0.0,70.79457843841381,0.06689880212353258,2.6481654990724555
refined,100000,0.0,74.32092583039913,0.0652899449272231,2.683748528954095
refined,100000,0.0,74.98942093324558,0.06499758676668528,2.690361557600842
refined,100000,0.0,78.02292404485208,0.0637195014474244,2.7198546634717022
refined,100000,0.0,80.58421877614818,0.06269720026474002,2.744136636031865
refined,100000,0.0,81.90932242152977,0.062187465730180434,2.7564858279764843
refined,100000,0.0,85.98930611338423,0.0606921161079562,2.7936565771425204
refined,100000,0.0,86.59643233600653,0.060478857606255154,2.7990803845584664
refined,100000,0.0,90.27251779484578,0.05923327568632309,2.8313705136242158
refined,100000,0.0,93.0572040929699,0.058339448094433886,2.855223111441074
refined,100000,0.0,94.76908045141592,0.05780948282069014,2.8696411993305406
refined,100000,0.0,99.4896213044336,0.05642038651970922,2.9084740561257796
refined,100000,0.0,100.0,0.056276032285388106,2.9125957549671924
refined,100000,0.0,104.44529692755633,0.0550647843304276,2.9478815323403564
refined,100000,0.0,107.46078283213176,0.05428634421169329,2.9712256245732047
refined,100000,0.0,109.64781961431851,0.05374214805999359,2.987871032939936
refined,100000,0.0,115.10948505908407,0.052451533747888565,3.028453752736554
refined,100000,0.0,115.47819846894582,0.05236780857513833,3.0311440238538996
refined,100000,0.0,120.84320141681312,0.051192232961756234,3.0696392661892045
refined,100000,0.0,124.09377607517196,0.050517683515893815,3.092385566680919
refined,100000,0.0,126.86251981032602,0.049963559644501485,3.1114373549115193
refined,100000,0.0,133.1816663571621,0.04876462216873254,3.153859972390507
refined,100000,0.0,133.3521432163324,0.048733452415801605,3.154985017639478
refined,100000,0.0,139.81557579172983,0.04759499187868515,3.1969153065893634
refined,100000,0.0,143.30125702369628,0.04701319892366055,3.218973468289076
refined,100000,0.0,146.77992676220705,0.04645359109645354,3.240617923459841
refined,100000,0.0,153.9926526059492,0.04535470293172526,3.2843864387037556
refined,100000,0.0,154.09117888561602,0.04534024812718261,3.284974214792378
refined,100000,0.0,161.76661164864794,0.04425369650683231,3.3300016172014737
refined,100000,0.0,165.48170999431815,0.04375554090134475,3.3512635435814695
refined,100000,0.0,169.82436524617444,0.043194021094918995,3.3757045003522004
refined,100000,0.0,177.82794100389228,0.042213571900184134,3.419643878276782
refined,100000,0.0,178.28348345396734,0.04215976404806759,3.4221034554104897
refined,100000,0.0,187.16395863694845,0.04115126637666315,3.46920057927811
refined,100000,0.0,191.09529749704404,0.040727182317741334,3.4895628609329457
refined,100000,0.0,196.4867789993468,0.0401668764330615,3.5170199282037395
refined,100000,0.0,205.3525026457146,0.039294462541212764,3.561060851329207
refined,100000,0.0,206.27397818843016,0.03920717389579732,3.5655612490294573
refined,100000,0.0,216.54868736904876,0.03827036222947268,3.6148518038572828
refined,100000,0.0,220.673406908459,0.037913264151771715,3.6341832796113764
refined,100000,0.0,227.33518989206314,0.03735711259791439,3.6648904840127403
refined,100000,0.0,237.13737056616552,0.0365817817044081,3.708974115462812
refined,100000,0.0,238.65897868585807,0.036465785234549124,3.715704323847268
refined,100000,0.0,250.5468165065873,0.0355968551620764,3.767294791678116
refined,100000,0.0,254.82967479793464,0.03529866386219903,3.785473726623607
refined,100000,0.0,263.02679918953817,0.03474893440786931,3.8196874027480643
refined,100000,0.0,273.8419634264361,0.0340622732559309,3.8637279989142543
refined,100000,0.0,276.128422051113,0.03392229955473518,3.872886506219618
refined,100000,0.0,289.88264959835425,0.033115814334898366,3.926915832184411
refined,100000,0.0,294.2727176209282,0.03287070001151232,3.94378908160177
refined,100000,0.0,304.32198871077225,0.03232955480109455,3.9817829420969524
refined,100000,0.0,316.22776601683796,0.031722439956538,4.0257063681709795
refined,100000,0.0,319.4805654674313,0.03156263619369313,4.03750948736584
refined,100000,0.0,335.394205800866,0.03081493219414994,4.094106601014687
refined,100000,0.0,352.1005201684521,0.030085809196079984,4.151593534033707
refined,100000,0.0,369.6389924413366,0.029374936963477965,4.209985377944665
refined,100000,0.0,388.0510732210183,0.028681932473139486,4.269298632980107
refined,100000,0.0,407.380277804113,0.02800626037266921,4.329552763002207
refined,100000,0.0,427.67228902684343,0.02734778737282858,4.390761138596074
refined,100000,0.0,448.97506523231453,0.026705772212017004,4.452948035231175
refined,100000,0.0,471.3389536157405,0.02608033013500453,4.516123287076957
refined,100000,0.0,494.8168092155145,0.025470513650194468,4.580316443428238
refined,100000,0.0,519.4641198313342,0.024876684905919755,4.645533368884805
refined,100000,0.0,545.3391371646278,0.024297690405111202,4.711809367991871
refined,100000,0.0,572.5030144912078,0.023734137050363924,4.779145878806688
refined,100000,0.0,601.0199511915373,0.023184666189860453,4.847584456395239
refined,100000,0.0,630.9573444801937,0.02265012671497382,4.917121635437054
refined,100000,0.25,0.1,1.0,1.0
refined,100000,0.25,0.10498109808656175,0.9956255585776218,1.0
refined,100000,0.25,0.11021030955460301,0.991077711253151,1.0
refined,100000,0.25,0.11569999317502112,0.98633700744114,1.0
refined,100000,0.25,0.12146312332121417,0.9814081233942035,1.0
refined,100000,0.25,0.1275133206328453,0.9762788002023189,1.0
refined,100000,0.25,0.13386488420699932,0.9709460834024902,1.0
refined,100000,0.25,0.14053282539281228,0.965406114281192,1.0
refined,100000,0.25,0.14753290326944482,0.9596472766898195,1.0
refined,100000,0.25,0.1548816618912481,0.9536753854563105,1.0
refined,100000,0.25,0.16259646938814815,0.9474691160804384,1.0
refined,100000,0.25,0.17069555901365815,0.9410452749598719,1.0
refined,100000,0.25,0.1791980722375334,0.9343717926514742,1.0
refined,100000,0.25,0.18812410398491272,0.9274778022405543,1.0
refined,100000,0.25,0.19749475012886664,0.9203194952055942,1.0
refined,100000,0.25,0.2073321573485955,0.9129396473603683,1.0
refined,100000,0.25,0.2176595754711136,0.9052817988926539,1.0
refined,100000,0.25,0.2285014124201237,0.8974032406312653,1.0
refined,100000,0.25,0.23988329190194904,0.8892352147591398,1.0
refined,100000,0.25,0.25183211396485844,0.8808435736374471,1.0
refined,100000,0.25,0.26437611857491,0.8721648804078269,1.0
refined,100000,0.25,0.277544952358571,0.8632562173437975,1.0
refined,100000,0.25,0.29136973866985255,0.8540663572308429,1.0
refined,100000,0.25,0.30588315114755654,0.8446426724042743,1.0
refined,100000,0.25,0.3211194909364823,0.8349474817818432,1.0
refined,100000,0.25,0.33711476775509625,0.8250176552141186,1.0
refined,100000,0.25,0.35390678500126244,0.814830198058682,1.0
refined,100000,0.25,0.37153522909717257,0.8044108874923935,1.0
refined,100000,0.25,0.39004176328463463,0.793752274550185,1.0
refined,100000,0.25,0.4094701260923973,0.7828687127764871,1.0
refined,100000,0.25,0.42986623470822766,0.7717687862961838,1.0
refined,100000,0.25,0.45127829350005433,0.7604554082824186,1.0
refined,100000,0.25,0.473756907942654,0.7489532201842208,1.0
refined,100000,0.25,0.49735520421913965,0.7372540404628373,1.0
refined,100000,0.25,0.5221289547799146,0.7253980444721623,1.0
refined,100000,0.25,0.5481367101558418,0.7133666992907995,1.0
refined,100000,0.25,0.5754399373371569,0.7012145752584467,1.0
refined,100000,0.25,0.6041031650451701,0.6889139444493615,1.0
refined,100000,0.25,0.6341941362400942,0.6765319782891784,1.0
refined,100000,0.25,0.6657839682254364,0.6640333114662471,1.0
refined,100000,0.25,0.6989473207273484,0.6514952694132443,1.0
refined,100000,0.25,0.7337625723461731,0.6388767626433622,1.0
refined,100000,0.25,0.7703120057972147,0.6262577283347682,1.0
refined,100000,0.25,0.8086820023785352,0.613607030612452,1.0
refined,100000,0.25,0.8489632461253815,0.6009909075195053,1.0
refined,100000,0.25,0.8912509381337457,0.5883928932707653,1.0
refined,100000,0.25,0.9356450215595893,0.5758651472154404,1.0
refined,100000,0.25,0.9822504178255043,0.5634035353069152,1.0
refined,100000,0.25,1.0311772745930554,0.5510439161787803,1.0
refined,100000,0.25,1.0825412260868696,0.5387805523210895,1.0
refined,100000,0.25,1.1364636663857248,0.5266419564818511,1.0
refined,100000,0.25,1.1930720363265337,0.514638984718732,1.0
refined,100000,0.25,1.252500124699298,0.5027925492659879,1.0
refined,100000,0.25,1.314888384444878,0.49111664093544927,1.0
refined,100000,0.25,1.3803842646028852,0.4796245200646938,1.0
refined,100000,0.25,1.449142558794219,0.4683303737263529,1.0
refined,100000,0.25,1.5213257710618697,0.4572415626845445,1.0
refined,100000,0.25,1.5971044999346033,0.4463701729785658,1.0
refined,100000,0.25,1.6766578416212374,0.43571919919717017,1.0
refined,100000,0.25,1.7601738132884204,0.4252971566929555,1.0
refined,100000,0.25,1.8478497974222907,0.41510391629145016,1.0
refined,100000,0.25,1.9398930083242285,0.405143848501445,1.0
refined,100000,0.25,2.036520981843212,0.395414630490834,1.0
refined,100000,0.25,2.1379620895022327,0.38591673835311885,1.0
refined,100000,0.25,2.244456078233844,0.3766463016172267,1.0
refined,100000,0.25,2.3562546370004687,0.36760074458688274,1.0
refined,100000,0.25,2.473621991638621,0.3587751710701804,1.0
refined,100000,0.25,2.5968355293329033,0.35016507125636276,1.0
refined,100000,0.25,2.7261864541956613,0.3417648294878775,1.0
refined,100000,0.25,2.861980475501707,0.33356918437255084,1.0
refined,100000,0.25,3.004538530204693,0.3255721960488671,1.0
refined,100000,0.25,3.1541975414427297,0.3177685863706257,1.0
refined,100000,0.25,3.311311214825911,0.31015256816261966,1.0
refined,100000,0.25,3.476250874387709,0.30271917987832836,1.0
refined,100000,0.25,3.649406340175921,0.29546316952212004,1.0
refined,100000,0.25,3.831186849557289,0.28837995660256865,1.0
refined,100000,0.25,4.022022024413192,0.28146501598038376,1.0
refined,100000,0.25,4.22236288651233,0.2747140663015146,1.0
refined,100000,0.25,4.432682923460089,0.2681233146276258,1.0
refined,100000,0.25,4.653479207743908,0.2616886461110772,1.0
refined,100000,0.25,4.885273571519389,0.2554068889154744,1.0
refined,100000,0.25,5.1286138399136485,0.24927397264307627,1.0
refined,100000,0.25,5.384075125760731,0.24328720511592689,1.0
refined,100000,0.25,5.652261188829045,0.23744247712517183,1.0
refined,100000,0.25,5.933805862753281,0.2317374665419266,1.0
refined,100000,0.25,6.229374553043173,0.22616798385304845,1.0
refined,100000,0.25,6.539665809709571,0.22073202116838786,1.0
refined,100000,0.25,6.865412978224548,0.21542529760434898,1.0
refined,100000,0.25,7.207385932717452,0.21024603819268023,1.0
refined,100000,0.25,7.566392895503165,0.2051900810652512,1.0
refined,100000,0.25,7.943282347242818,0.20025564387360634,1.0
refined,100000,0.25,8.338945032251527,0.19543888403662132,1.0
refined,100000,0.25,8.754316063692443,0.19073789865487287,1.0
refined,100000,0.25,9.190377133632595,0.18614920233316232,1.0
refined,100000,0.25,9.648158833183777,0.18167078330272507,1.0
refined,100000,0.25,10.128743088211932,0.17729950490725446,1.0
refined,100000,0.25,10.633265716371616,0.17303325027174077,1.0
refined,100000,0.25,11.162919111508824,0.16886922189506362,1.0
refined,100000,0.25,11.718955061776631,0.16480519791833034,1.0
refined,100000,0.25,12.30268770812381,0.16083871072069925,1.0
refined,100000,0.25,12.91549665014884,0.1569674323242553,1.0
refined,100000,0.25,13.558830206659357,0.15318921695851226,1.0
refined,100000,0.25,14.234208838643415,0.14950162885103271,1.0
refined,100000,0.25,14.943228742742294,0.145902837338591,1.0
refined,100000,0.25,15.687565623717566,0.14239029665786876,1.0
refined,100000,0.25,16.46897865482869,0.13896248547048368,1.0
refined,100000,0.25,17.289314635480615,0.1356167452722537,1.0
refined,100000,0.25,17.78279410038923,0.13371678046699897,1.0
refined,100000,0.25,18.15051235596819,0.13235185896052376,1.0
refined,100000,0.25,19.054607179632484,0.129165052062172,1.0
refined,100000,0.25,19.109529749704404,0.1289787954917045,1.0
refined,100000,0.25,20.003735853259002,0.12605540718405855,1.0
refined,100000,0.25,20.53525026457146,0.12440870223197065,1.0
refined,100000,0.25,21.000141557086565,0.12302003030048525,1.0
refined,100000,0.25,22.04617920636185,0.12005825171743126,1.0
refined,100000,0.25,22.0673406908459,0.12000047853958166,1.0
refined,100000,0.25,23.144321016969926,0.11716719796393181,1.0
refined,100000,0.25,23.71373705661655,0.11574805622105404,1.0
refined,100000,0.25,24.29716234829391,0.11434624220628031,1.0
refined,100000,0.25,25.482967479793466,0.11164643648973745,1.0
refined,100000,0.25,25.507427837113593,0.111592747428746,1.0
refined,100000,0.25,26.777977837039188,0.1089059545142387,1.0
refined,100000,0.25,27.384196342643612,0.10769031275777581,1.0
refined,100000,0.25,28.11181517869986,0.10628351613978439,1.0
refined,100000,0.25,29.42727176209282,0.10387442067841293,1.0
refined,100000,0.25,29.51209226666387,0.1037245378508555,1.0
refined,100000,0.25,30.982118529862987,0.10122695828447366,1.0
refined,100000,0.25,31.622776601683793,0.10019348695766235,1.0
refined,100000,0.25,32.5253682431303,0.09878974440134354,1.0
refined,100000,0.25,33.982083289425596,0.09664322116194943,1.0
refined,100000,0.25,34.145488738336006,0.0964111174883527,1.0
refined,100000,0.25,35.84630902452844,0.09408990253400616,1.0
refined,100000,0.25,36.51741272548377,0.09321902169505582,1.0
refined,100000,0.25,37.63184883745225,0.0918246005400418,1.0
refined,100000,0.25,39.24189758484536,0.08991628368744935,1.0
refined,100000,0.25,39.50632813983238,0.08961389103811948,1.0
refined,100000,0.25,41.47417709487639,0.08745655214459706,1.0
refined,100000,0.25,42.169650342858226,0.08673043315715363,1.0
refined,100000,0.25,43.540046536566486,0.08535111438716639,1.0
refined,100000,0.25,45.31583637600818,0.08365779740076225,1.0
refined,100000,0.25,45.708818961487516,0.08329663069671298,1.0
refined,100000,0.25,47.98562006816812,0.08129147901572602,1.0
refined,100000,0.25,48.69675251658631,0.08069439024338755,1.0
refined,100000,0.25,50.37583087120846,0.07933498505943276,1.0
refined,100000,0.25,52.32991146814947,0.07783617875835697,1.0
refined,100000,0.25,52.88510041882383,0.0774253705932273,1.0
refined,100000,0.25,55.5193591438621,0.07556223232952042,1.0
refined,100000,0.25,56.23413251903491,0.0750792040830939,1.0
refined,100000,0.25,58.28483287984838,0.07374363227381125,1.0
refined,100000,0.25,60.42963902381328,0.07242033055842226,1.0
refined,100000,0.25,61.18805757518219,0.07196943656714831,1.0
refined,100000,0.25,64.23589474026393,0.0702375438984912,1.0
refined,100000,0.25,64.93816315762113,0.0698561084253075,1.0
refined,100000,0.25,67.435547664057,0.06854805571138685,1.0
refined,100000,0.25,69.78305848598663,0.06738299958317326,1.0
refined,100000,0.25,70.79457843841381,0.06689880212353258,1.0
refined,100000,0.25,74.32092583039913,0.0652899449272231,1.0
refined,100000,0.25,74.98942093324558,0.06499758676668528,1.0
refined,100000,0.25,78.02292404485208,0.0637195014474244,1.0
refined,100000,0.25,80.58421877614818,0.06269720026474002,1.0
refined,100000,0.25,81.90932242152977,0.062187465730180434,1.0
refined,100000,0.25,85.98930611338423,0.0606921161079562,1.0
refined,100000,0.25,86.59643233600653,0.060478857606255154,1.0
refined,100000,0.25,90.27251779484578,0.05923327568632309,1.0
refined,100000,0.25,93.0572040929699,0.058339448094433886,1.0
refined,100000,0.25,94.76908045141592,0.05780948282069014,1.0
refined,100000,0.25,99.4896213044336,0.05642038651970922,1.0
refined,100000,0.25,100.0,0.056276032285388106,1.0
refined,100000,0.25,104.44529692755633,0.0550647843304276,1.0
refined,100000,0.25,107.46078283213176,0.05428634421169329,1.0
refined,100000,0.25,109.64781961431851,0.05374214805999359,1.0
refined,100000,0.25,115.10948505908407,0.052451533747888565,1.0
refined,100000,0.25,115.47819846894582,0.05236780857513833,1.0
refined,100000,0.25,120.84320141681312,0.051192232961756234,1.0
refined,100000,0.25,124.09377607517196,0.050517683515893815,1.0
refined,100000,0.25,126.86251981032602,0.049963559644501485,1.0
refined,100000,0.25,133.1816663571621,0.04876462216873254,1.0
refined,100000,0.25,133.3521432163324,0.048733452415801605,1.0
refined,100000,0.25,139.81557579172983,0.04759499187868515,1.0
refined,100000,0.25,143.30125702369628,0.04701319892366055,1.0
refined,100000,0.25,146.77992676220705,0.04645359109645354,1.0
refined,100000,0.25,153.9926526059492,0.04535470293172526,1.0
refined,100000,0.25,154.09117888561602,0.04534024812718261,1.0
refined,100000,0.25,161.76661164864794,0.04425369650683231,1.0
refined,100000,0.25,165.48170999431815,0.04375554090134475,1.0
refined,100000,0.25,169.82436524617444,0.043194021094918995,1.0
refined,100000,0.25,177.82794100389228,0.042213571900184134,1.0
refined,100000,0.25,178.28348345396734,0.04215976404806759,1.0
refined,100000,0.25,187.16395863694845,0.04115126637666315,1.0
refined,100000,0.25,191.09529749704404,0.040727182317741334,1.0
refined,100000,0.25,196.4867789993468,0.0401668764330615,1.0
refined,100000,0.25,205.3525026457146,0.039294462541212764,1.0
refined,100000,0.25,206.27397818843016,0.03920717389579732,1.0
refined,100000,0.25,216.54868736904876,0.03827036222947268,1.0
refined,100000,0.25,220.673406908459,0.037913264151771715,1.0
refined,100000,0.25,227.33518989206314,0.03735711259791439,1.0
refined,100000,0.25,237.13737056616552,0.0365817817044081,1.0
refined,100000,0.25,238.65897868585807,0.036465785234549124,1.0
refined,100000,0.25,250.5468165065873,0.0355968551620764,1.0
refined,100000,0.25,254.82967479793464,0.03529866386219903,1.0
refined,100000,0.25,263.02679918953817,0.03474893440786931,1.0
refined,100000,0.25,273.8419634264361,0.0340622732559309,1.0
refined,100000,0.25,276.128422051113,0.03392229955473518,1.0
refined,100000,0.25,289.88264959835425,0.033115814334898366,1.0
refined,100000,0.25,294.2727176209282,0.03287070001151232,1.0
refined,100000,0.25,304.32198871077225,0.03232955480109455,1.0
refined,100000,0.25,316.22776601683796,0.031722439956538,1.0
refined,100000,0.25,319.4805654674313,0.03156263619369313,1.0
refined,100000,0.25,335.394205800866,0.03081493219414994,1.0
refined,100000,0.25,352.1005201684521,0.030085809196079984,1.0
refined,100000,0.25,369.6389924413366,0.029374936963477965,1.0
refined,100000,0.25,388.0510732210183,0.028681932473139486,1.0
refined,100000,0.25,407.380277804113,0.02800626037266921,1.0
refined,100000,0.25,427.67228902684343,0.02734778737282858,1.0
refined,100000,0.25,448.97506523231453,0.026705772212017004,1.0
refined,100000,0.25,471.3389536157405,0.02608033013500453,1.0
refined,100000,0.25,494.8168092155145,0.025470513650194468,1.0
refined,100000,0.25,519.4641198313342,0.024876684905919755,1.0
refined,100000,0.25,545.3391371646278,0.024297690405111202,1.0
refined,100000,0.25,572.5030144912078,0.023734137050363924,1.0
refined,100000,0.25,601.0199511915373,0.023184666189860453,1.0
refined,100000,0.25,630.9573444801937,0.02265012671497382,1.0
refined,100000,0.35,0.1,1.0,1.0
refined,100000,0.35,0.10498109808656175,0.9956255585776218,1.0
refined,100000,0.35,0.11021030955460301,0.991077711253151,1.0
refined,100000,0.35,0.11569999317502112,0.98633700744114,1.0
refined,100000,0.35,0.12146312332121417,0.9814081233942035,1.0
refined,100000,0.35,0.1275133206328453,0.9762788002023189,1.0
refined,100000,0.35,0.13386488420699932,0.9709460834024902,1.0
refined,100000,0.35,0.14053282539281228,0.965406114281192,1.0
refined,100000,0.35,0.14753290326944482,0.9596472766898195,1.0
refined,100000,0.35,0.1548816618912481,0.9536753854563105,1.0
refined,100000,0.35,0.16259646938814815,0.9474691160804384,1.0
refined,100000,0.35,0.17069555901365815,0.9410452749598719,1.0
refined,100000,0.35,0.1791980722375334,0.9343717926514742,1.0
refined,100000,0.35,0.18812410398491272,0.9274778022405543,1.0
refined,100000,0.35,0.19749475012886664,0.9203194952055942,1.0
refined,100000,0.35,0.2073321573485955,0.9129396473603683,1.0
refined,100000,0.35,0.2176595754711136,0.9052817988926539,1.0
refined,100000,0.35,0.2285014124201237,0.8974032406312653,1.0
refined,100000,0.35,0.23988329190194904,0.8892352147591398,1.0
refined,100000,0.35,0.25183211396485844,0.8808435736374471,1.0
refined,100000,0.35,0.26437611857491,0.8721648804078269,1.0
refined,100000,0.35,0.277544952358571,0.8632562173437975,1.0
refined,100000,0.35,0.29136973866985255,0.8540663572308429,1.0
refined,100000,0.35,0.30588315114755654,0.8446426724042743,1.0
refined,100000,0.35,0.3211194909364823,0.8349474817818432,1.0
refined,100000,0.35,0.33711476775509625,0.8250176552141186,1.0
refined,100000,0.35,0.35390678500126244,0.814830198058682,1.0
refined,100000,0.35,0.37153522909717257,0.8044108874923935,1.0
refined,100000,0.35,0.39004176328463463,0.793752274550185,1.0
refined,100000,0.35,0.4094701260923973,0.7828687127764871,1.0
refined,100000,0.35,0.42986623470822766,0.7717687862961838,1.0
refined,100000,0.35,0.45127829350005433,0.7604554082824186,1.0
refined,100000,0.35,0.473756907942654,0.7489532201842208,1.0
refined,100000,0.35,0.49735520421913965,0.7372540404628373,1.0
refined,100000,0.35,0.5221289547799146,0.7253980444721623,1.0
refined,100000,0.35,0.5481367101558418,0.7133666992907995,1.0
refined,100000,0.35,0.5754399373371569,0.7012145752584467,1.0
refined,100000,0.35,0.6041031650451701,0.6889139444493615,1.0
refined,100000,0.35,0.6341941362400942,0.6765319782891784,1.0
refined,100000,0.35,0.6657839682254364,0.6640333114662471,1.0
refined,100000,0.35,0.6989473207273484,0.6514952694132443,1.0
refined,100000,0.35,0.7337625723461731,0.6388767626433622,1.0
refined,100000,0.35,0.7703120057972147,0.6262577283347682,1.0
refined,100000,0.35,0.8086820023785352,0.613607030612452,1.0
refined,100000,0.35,0.8489632461253815,0.6009909075195053,1.0
refined,100000,0.35,0.8912509381337457,0.5883928932707653,1.0
refined,100000,0.35,0.9356450215595893,0.5758651472154404,1.0
refined,100000,0.35,0.9822504178255043,0.5634035353069152,1.0
refined,100000,0.35,1.0311772745930554,0.5510439161787803,0.9999150328071501
refined,100000,0.35,1.0825412260868696,0.5387805523210895,0.9995002631263928
refined,100000,0.35,1.1364636663857248,0.5266419564818511,0.9987607018712575
refined,100000,0.35,1.1930720363265337,0.514638984718732,0.9977067855928767
refined,100000,0.35,1.252500124699298,0.5027925492659879,0.9963703930698277
refined,100000,0.35,1.314888384444878,0.49111664093544927,0.9947704141248751
refined,100000,0.35,1.3803842646028852,0.4796245200646938,0.9929246399659575
refined,100000,0.35,1.449142558794219,0.4683303737263529,0.9908582749991005
refined,100000,0.35,1.5213257710618697,0.4572415626845445,0.9885786995217547
refined,100000,0.35,1.5971044999346033,0.4463701729785658,0.9861156048190721
refined,100000,0.35,1.6766578416212374,0.43571919919717017,0.983468770598699
refined,100000,0.35,1.7601738132884204,0.4252971566929555,0.9806707391773244
refined,100000,0.35,1.8478497974222907,0.41510391629145016,0.9777158733723897
refined,100000,0.35,1.9398930083242285,0.405143848501445,0.9746380821020824
refined,100000,0.35,2.036520981843212,0.395414630490834,0.971428013886549
refined,100000,0.35,2.1379620895022327,0.38591673835311885,0.9681196282106121
refined,100000,0.35,2.244456078233844,0.3766463016172267,0.9647011700823341
refined,100000,0.35,2.3562546370004687,0.36760074458688274,0.9612042549572757
refined,100000,0.35,2.473621991638621,0.3587751710701804,0.9576195968532834
refined,100000,0.35,2.5968355293329033,0.35016507125636276,0.9539718431655109
refined,100000,0.35,2.7261864541956613,0.3417648294878775,0.9502559060061747
refined,100000,0.35,2.861980475501707,0.33356918437255084,0.9464896658562764
refined,100000,0.35,3.004538530204693,0.3255721960488671,0.9426712959965388
refined,100000,0.35,3.1541975414427297,0.3177685863706257,0.9388133444821608
refined,100000,0.35,3.311311214825911,0.31015256816261966,0.9349161732977164
refined,100000,0.35,3.476250874387709,0.30271917987832836,0.9309882017901163
refined,100000,0.35,3.649406340175921,0.29546316952212004,0.9270312384214767
refined,100000,0.35,3.831186849557289,0.28837995660256865,0.9230505591902265
refined,100000,0.35,4.022022024413192,0.28146501598038376,0.9190489448372932
refined,100000,0.35,4.22236288651233,0.2747140663015146,0.9150293116688604
refined,100000,0.35,4.432682923460089,0.2681233146276258,0.9109951252455654
refined,100000,0.35,4.653479207743908,0.2616886461110772,0.9069475471429554
refined,100000,0.35,4.885273571519389,0.2554068889154744,0.9028905485131216
refined,100000,0.35,5.1286138399136485,0.24927397264307627,0.8988239909294626
refined,100000,0.35,5.384075125760731,0.24328720511592689,0.894752222050779
refined,100000,0.35,5.652261188829045,0.23744247712517183,0.8906741390002701
refined,100000,0.35,5.933805862753281,0.2317374665419266,0.886594356024778
refined,100000,0.35,6.229374553043173,0.22616798385304845,0.8825110522077769
refined,100000,0.35,6.539665809709571,0.22073202116838786,0.8784290090388105
refined,100000,0.35,6.865412978224548,0.21542529760434898,0.874345870623332
refined,100000,0.35,7.207385932717452,0.21024603819268023,0.870266317636047
refined,100000,0.35,7.566392895503165,0.2051900810652512,0.8661881449430712
refined,100000,0.35,7.943282347242818,0.20025564387360634,0.8621152524568921
refined,100000,0.35,8.338945032251527,0.19543888403662132,0.8580460722298483
refined,100000,0.35,8.754316063692443,0.19073789865487287,0.8539835318384279
refined,100000,0.35,9.190377133632595,0.18614920233316232,0.8499266889045285
refined,100000,0.35,9.648158833183777,0.18167078330272507,0.8458776698201832
refined,100000,0.35,10.128743088211932,0.17729950490725446,0.8418360406772626
refined,100000,0.35,10.633265716371616,0.17303325027174077,0.8378032681341243
refined,100000,0.35,11.162919111508824,0.16886922189506362,0.8337793310128575
refined,100000,0.35,11.718955061776631,0.16480519791833034,0.8297651528432919
refined,100000,0.35,12.30268770812381,0.16083871072069925,0.8257610461748637
refined,100000,0.35,12.91549665014884,0.1569674323242553,0.8217674876153528
refined,100000,0.35,13.558830206659357,0.15318921695851226,0.8177850579148119
refined,100000,0.35,14.234208838643415,0.14950162885103271,0.8138138664047389
refined,100000,0.35,14.943228742742294,0.145902837338591,0.8098547076459898
refined,100000,0.35,15.687565623717566,0.14239029665786876,0.8059073898552979
refined,100000,0.35,16.46897865482869,0.13896248547048368,0.8019728763129632
refined,100000,0.35,17.289314635480615,0.1356167452722537,0.7980507291802043
refined,100000,0.35,17.78279410038923,0.13371678046699897,0.7957861144862551
refined,100000,0.35,18.15051235596819,0.13235185896052376,0.7941420431386773
refined,100000,0.35,19.054607179632484,0.129165052062172,0.7902461801106345
refined,100000,0.35,19.109529749704404,0.1289787954917045,0.7900159393304449
refined,100000,0.35,20.003735853259002,0.12605540718405855,0.7863643353765489
refined,100000,0.35,20.53525026457146,0.12440870223197065,0.7842755709186834
refined,100000,0.35,21.000141557086565,0.12302003030048525,0.7824957086804295
refined,100000,0.35,22.04617920636185,0.12005825171743126,0.7786415293554343
refined,100000,0.35,22.0673406908459,0.12000047853958166,0.7785655673376026
refined,100000,0.35,23.144321016969926,0.11716719796393181,0.7748009902047182
refined,100000,0.35,23.71373705661655,0.11574805622105404,0.7728862304222274
refined,100000,0.35,24.29716234829391,0.11434624220628031,0.7709751721381156
refined,100000,0.35,25.482967479793466,0.11164643648973745,0.7672385261331305
refined,100000,0.35,25.507427837113593,0.111592747428746,0.7671634425801942
refined,100000,0.35,26.777977837039188,0.1089059545142387,0.7633666163446501
refined,100000,0.35,27.384196342643612,0.10769031275777581,0.7616229031011056
refined,100000,0.35,28.11181517869986,0.10628351613978439,0.7595842548446142
refined,100000,0.35,29.42727176209282,0.10387442067841293,0.7560396572091218
refined,100000,0.35,29.51209226666387,0.1037245378508555,0.7558169446606889
refined,100000,0.35,30.982118529862987,0.10122695828447366,0.7520644117663389
refined,100000,0.35,31.622776601683793,0.10019348695766235,0.7504889312861555
refined,100000,0.35,32.5253682431303,0.09878974440134354,0.7483270466894227
refined,100000,0.35,33.982083289425596,0.09664322116194943,0.7449713423395842
refined,100000,0.35,34.145488738336006,0.0964111174883527,0.744604715101687
refined,100000,0.35,35.84630902452844,0.09408990253400616,0.7408976387195414
refined,100000,0.35,36.51741272548377,0.09321902169505582,0.7394871275126327
refined,100000,0.35,37.63184883745225,0.0918246005400418,0.7372058020563397
refined,100000,0.35,39.24189758484536,0.08991628368744935,0.7340363951817056
refined,100000,0.35,39.50632813983238,0.08961389103811948,0.7335292809404629
refined,100000,0.35,41.47417709487639,0.08745655214459706,0.7298681614083048
refined,100000,0.35,42.169650342858226,0.08673043315715363,0.728619166396421
refined,100000,0.35,43.540046536566486,0.08535111438716639,0.7262223925281388
refined,100000,0.35,45.31583637600818,0.08365779740076225,0.7232358086048805
refined,100000,0.35,45.708818961487516,0.08329663069671298,0.7225921476861842
refined,100000,0.35,47.98562006816812,0.08129147901572602,0.718977264965899
refined,100000,0.35,48.69675251658631,0.08069439024338755,0.7178864033114101
refined,100000,0.35,50.37583087120846,0.07933498505943276,0.7153779937405478
refined,100000,0.35,52.32991146814947,0.07783617875835697,0.7125709197252416
refined,100000,0.35,52.88510041882383,0.0774253705932273,0.7117940739101473
refined,100000,0.35,55.5193591438621,0.07556223232952042,0.7082258219911172
refined,100000,0.35,56.23413251903491,0.0750792040830939,0.7072892825595816
refined,100000,0.35,58.28483287984838,0.07374363227381125,0.70467288985351
refined,100000,0.35,60.42963902381328,0.07242033055842226,0.7020416790296954
refined,100000,0.35,61.18805757518219,0.07196943656714831,0.7011356545721233
refined,100000,0.35,64.23589474026393,0.0702375438984912,0.6976136877735797
refined,100000,0.35,64.93816315762113,0.0698561084253075,0.6968280741178301
refined,100000,0.35,67.435547664057,0.06854805571138685,0.6941074102162871
refined,100000,0.35,69.78305848598663,0.06738299958317326,0.6916483307706465
refined,100000,0.35,70.79457843841381,0.06689880212353258,0.6906163558834891
refined,100000,0.35,74.32092583039913,0.0652899449272231,0.6871409231213044
refined,100000,0.35,74.98942093324558,0.06499758676668528,0.6865022972567525
refined,100000,0.35,78.02292404485208,0.0637195014474244,0.6836807035277662
refined,100000,0.35,80.58421877614818,0.06269720026474002,0.681390031048904
refined,100000,0.35,81.90932242152977,0.062187465730180434,0.680235994819064
refined,100000,0.35,85.98930611338423,0.0606921161079562,0.676806468206906
refined,100000,0.35,86.59643233600653,0.060478857606255154,0.6763114094023703
refined,100000,0.35,90.27251779484578,0.05923327568632309,0.6733923287547325
refined,100000,0.35,93.0572040929699,0.058339448094433886,0.6712662117015428
refined,100000,0.35,94.76908045141592,0.05780948282069014,0.6699933216838799
refined,100000,0.35,99.4896213044336,0.05642038651970922,0.6666095653733695
refined,100000,0.35,100.0,0.056276032285388106,0.6662542256468753
refined,100000,0.35,104.44529692755633,0.0550647843304276,0.6632408751380509
refined,100000,0.35,107.46078283213176,0.05428634421169329,0.6612754149075843
refined,100000,0.35,109.64781961431851,0.05374214805999359,0.6598872867906802
refined,100000,0.35,115.10948505908407,0.052451533747888565,0.6565486833857958
refined,100000,0.35,115.47819846894582,0.05236780857513833,0.6563295886012059
refined,100000,0.35,120.84320141681312,0.051192232961756234,0.6532250205692467
refined,100000,0.35,124.09377607517196,0.050517683515893815,0.651416455349298
refined,100000,0.35,126.86251981032602,0.049963559644501485,0.6499162482638176
refined,100000,0.35,133.1816663571621,0.04876462216873254,0.6466222427345487
refined,100000,0.35,133.3521432163324,0.048733452415801605,0.6465357524993313
refined,100000,0.35,139.81557579172983,0.04759499187868515,0.6433430213392947
refined,100000,0.35,143.30125702369628,0.04701319892366055,0.6416873730337098
refined,100000,0.35,146.77992676220705,0.04645359109645354,0.640078380216671
refined,100000,0.35,153.9926526059492,0.04535470293172526,0.6368710689681768
refined,100000,0.35,154.09117888561602,0.04534024812718261,0.6368284061413029
refined,100000,0.35,161.76661164864794,0.04425369650683231,0.6335928129082484
refined,100000,0.35,165.48170999431815,0.04375554090134475,0.6320864822982311
refined,100000,0.35,169.82436524617444,0.043194021094918995,0.6303717600887523
refined,100000,0.35,177.82794100389228,0.042213571900184134,0.6273333062436258
refined,100000,0.35,178.28348345396734,0.04215976404806759,0.6271648754880389
refined,100000,0.35,187.16395863694845,0.04115126637666315,0.6239723962339123
refined,100000,0.35,191.09529749704404,0.040727182317741334,0.6226113782653238
refined,100000,0.35,196.4867789993468,0.0401668764330615,0.6207938590951246
refined,100000,0.35,205.3525026457146,0.039294462541212764,0.6179203999199974
refined,100000,0.35,206.27397818843016,0.03920717389579732,0.6176295786982101
refined,100000,0.35,216.54868736904876,0.03827036222947268,0.6144790128815073
refined,100000,0.35,220.673406908459,0.037913264151771715,0.6132599462916763
refined,100000,0.35,227.33518989206314,0.03735711259791439,0.6113425064144269
refined,100000,0.35,237.13737056616552,0.0365817817044081,0.6086296727342878
refined,100000,0.35,238.65897868585807,0.036465785234549124,0.6082195454415807
refined,100000,0.35,250.5468165065873,0.0355968551620764,0.6051104012703333
refined,100000,0.35,254.82967479793464,0.03529866386219903,0.6040293727250561
refined,100000,0.35,263.02679918953817,0.03474893440786931,0.6020146261182834
refined,100000,0.35,273.8419634264361,0.0340622732559309,0.5994587024469679
refined,100000,0.35,276.128422051113,0.03392229955473518,0.5989324130987754
refined,100000,0.35,289.88264959835425,0.033115814334898366,0.5958633862056271
refined,100000,0.35,294.2727176209282,0.03287070001151232,0.5949171673368778
refined,100000,0.35,304.32198871077225,0.03232955480109455,0.5928076542612375
refined,100000,0.35,316.22776601683796,0.031722439956538,0.5904043923876275
refined,100000,0.35,319.4805654674313,0.03156263619369313,0.5897649200902618
refined,100000,0.35,335.394205800866,0.03081493219414994,0.586735200780154
refined,100000,0.35,352.1005201684521,0.030085809196079984,0.5837182863914269
refined,100000,0.35,369.6389924413366,0.029374936963477965,0.5807140935040397
refined,100000,0.35,388.0510732210183,0.028681932473139486,0.577722509168284
refined,100000,0.35,407.380277804113,0.02800626037266921,0.5747433393780838
refined,100000,0.35,427.67228902684343,0.02734778737282858,0.5717765792706475
refined,100000,0.35,448.97506523231453,0.026705772212017004,0.5688219129003406
refined,100000,0.35,471.3389536157405,0.02608033013500453,0.5658794559178842
refined,100000,0.35,494.8168092155145,0.025470513650194468,0.5629487578542934
refined,100000,0.35,519.4641198313342,0.024876684905919755,0.5600300686033426
refined,100000,0.35,545.3391371646278,0.024297690405111202,0.5571227894231466
refined,100000,0.35,572.5030144912078,0.023734137050363924,0.5542273194379261
refined,100000,0.35,601.0199511915373,0.023184666189860453,0.5513428968091245
refined,100000,0.35,630.9573444801937,0.02265012671497382,0.5484700860658012
refined,100000,0.5,0.1,1.0,1.0
refined,100000,0.5,0.10498109808656175,0.9956255585776218,1.0
refined,100000,0.5,0.11021030955460301,0.991077711253151,1.0
refined,100000,0.5,0.11569999317502112,0.98633700744114,1.0
refined,100000,0.5,0.12146312332121417,0.9814081233942035,1.0
refined,100000,0.5,0.1275133206328453,0.9762788002023189,1.0
refined,100000,0.5,0.13386488420699932,0.9709460834024902,1.0
refined,100000,0.5,0.14053282539281228,0.965406114281192,1.0
refined,100000,0.5,0.14753290326944482,0.9596472766898195,1.0
refined,100000,0.5,0.1548816618912481,0.9536753854563105,1.0
refined,100000,0.5,0.16259646938814815,0.9474691160804384,1.0
refined,100000,0.5,0.17069555901365815,0.9410452749598719,1.0
refined,100000,0.5,0.1791980722375334,0.9343717926514742,1.0
refined,100000,0.5,0.18812410398491272,0.9274778022405543,1.0
refined,100000,0.5,0.19749475012886664,0.9203194952055942,1.0
refined,100000,0.5,0.2073321573485955,0.9129396473603683,1.0
refined,100000,0.5,0.2176595754711136,0.9052817988926539,1.0
refined,100000,0.5,0.2285014124201237,0.8974032406312653,1.0
refined,100000,0.5,0.23988329190194904,0.8892352147591398,1.0
refined,100000,0.5,0.25183211396485844,0.8808435736374471,1.0
refined,100000,0.5,0.26437611857491,0.8721648804078269,1.0
refined,100000,0.5,0.277544952358571,0.8632562173437975,1.0
refined,100000,0.5,0.29136973866985255,0.8540663572308429,1.0
refined,100000,0.5,0.30588315114755654,0.8446426724042743,1.0
refined,100000,0.5,0.3211194909364823,0.8349474817818432,1.0
refined,100000,0.5,0.33711476775509625,0.8250176552141186,1.0
refined,100000,0.5,0.35390678500126244,0.814830198058682,1.0
refined,100000,0.5,0.37153522909717257,0.8044108874923935,1.0
refined,100000,0.5,0.39004176328463463,0.793752274550185,1.0
refined,100000,0.5,0.4094701260923973,0.7828687127764871,1.0
refined,100000,0.5,0.42986623470822766,0.7717687862961838,1.0
refined,100000,0.5,0.45127829350005433,0.7604554082824186,1.0
refined,100000,0.5,0.473756907942654,0.7489532201842208,1.0
refined,100000,0.5,0.49735520421913965,0.7372540404628373,1.0
refined,100000,0.5,0.5221289547799146,0.7253980444721623,1.0
refined,100000,0.5,0.5481367101558418,0.7133666992907995,1.0
refined,100000,0.5,0.5754399373371569,0.7012145752584467,1.0
refined,100000,0.5,0.6041031650451701,0.6889139444493615,1.0
refined,100000,0.5,0.6341941362400942,0.6765319782891784,1.0
refined,100000,0.5,0.6657839682254364,0.6640333114662471,1.0
refined,100000,0.5,0.6989473207273484,0.6514952694132443,1.0
refined,100000,0.5,0.7337625723461731,0.6388767626433622,1.0
refined,100000,0.5,0.7703120057972147,0.6262577283347682,1.0
refined,100000,0.5,0.8086820023785352,0.613607030612452,1.0
refined,100000,0.5,0.8489632461253815,0.6009909075195053,1.0
refined,100000,0.5,0.8912509381337457,0.5883928932707653,1.0
refined,100000,0.5,0.9356450215595893,0.5758651472154404,1.0
refined,100000,0.5,0.9822504178255043,0.5634035353069152,1.0
refined,100000,0.5,1.0311772745930554,0.5510439161787803,0.9997880131550015
refined,100000,0.5,1.0825412260868696,0.5387805523210895,0.9987559144591668
refined,100000,0.5,1.1364636663857248,0.5266419564818511,0.9969221812675405
refined,100000,0.5,1.1930720363265337,0.514638984718732,0.9943190558698444
refined,100000,0.5,1.252500124699298,0.5027925492659879,0.9910313858283053
refined,100000,0.5,1.314888384444878,0.49111664093544927,0.9871114214830732
refined,100000,0.5,1.3803842646028852,0.4796245200646938,0.9826085452015598
refined,100000,0.5,1.449142558794219,0.4683303737263529,0.9775893547567328
refined,100000,0.5,1.5213257710618697,0.4572415626845445,0.9720773313131356
refined,100000,0.5,1.5971044999346033,0.4463701729785658,0.966148733927871
refined,100000,0.5,1.6766578416212374,0.43571919919717017,0.9598083085194731
refined,100000,0.5,1.7601738132884204,0.4252971566929555,0.9531378841898088
refined,100000,0.5,1.8478497974222907,0.41510391629145016,0.9461289401097555
refined,100000,0.5,1.9398930083242285,0.405143848501445,0.9388652372179453
refined,100000,0.5,2.036520981843212,0.395414630490834,0.931329186431701
refined,100000,0.5,2.1379620895022327,0.38591673835311885,0.9236033179065807
refined,100000,0.5,2.244456078233844,0.3766463016172267,0.9156641668663601
refined,100000,0.5,2.3562546370004687,0.36760074458688274,0.9075875130682595
refined,100000,0.5,2.473621991638621,0.3587751710701804,0.8993552221686482
refined,100000,0.5,2.5968355293329033,0.35016507125636276,0.8910259024988296
refined,100000,0.5,2.7261864541956613,0.3417648294878775,0.8825905612907143
refined,100000,0.5,2.861980475501707,0.33356918437255084,0.874091441849261
refined,100000,0.5,3.004538530204693,0.3255721960488671,0.86552642165824
refined,100000,0.5,3.1541975414427297,0.3177685863706257,0.856924952726696
refined,100000,0.5,3.311311214825911,0.31015256816261966,0.8482892935045206
refined,100000,0.5,3.476250874387709,0.30271917987832836,0.8396390881963091
refined,100000,0.5,3.649406340175921,0.29546316952212004,0.8309793102715743
refined,100000,0.5,3.831186849557289,0.28837995660256865,0.8223222218500595
refined,100000,0.5,4.022022024413192,0.28146501598038376,0.8136744957377449
refined,100000,0.5,4.22236288651233,0.2747140663015146,0.8050429235413935
refined,100000,0.5,4.432682923460089,0.2681233146276258,0.7964352998206693
refined,100000,0.5,4.653479207743908,0.2616886461110772,0.7878544040025538
refined,100000,0.5,4.885273571519389,0.2554068889154744,0.7793088163790408
refined,100000,0.5,5.1286138399136485,0.24927397264307627,0.7707983848136071
refined,100000,0.5,5.384075125760731,0.24328720511592689,0.762332241272741
refined,100000,0.5,5.652261188829045,0.23744247712517183,0.7539080868371741
refined,100000,0.5,5.933805862753281,0.2317374665419266,0.7455354029946141
refined,100000,0.5,6.229374553043173,0.22616798385304845,0.7372103111020106
refined,100000,0.5,6.539665809709571,0.22073202116838786,0.728942456221003
refined,100000,0.5,6.865412978224548,0.21542529760434898,0.7207267951114561
refined,100000,0.5,7.207385932717452,0.21024603819268023,0.7125726072664403
refined,100000,0.5,7.566392895503165,0.2051900810652512,0.7044751051988665
refined,100000,0.5,7.943282347242818,0.20025564387360634,0.6964418455691666
refined,100000,0.5,8.338945032251527,0.19543888403662132,0.6884692866168282
refined,100000,0.5,8.754316063692443,0.19073789865487287,0.6805629130110407
refined,100000,0.5,9.190377133632595,0.18614920233316232,0.6727204003137036
refined,100000,0.5,9.648158833183777,0.18167078330272507,0.6649455422380273
refined,100000,0.5,10.128743088211932,0.17729950490725446,0.6572369925406403
refined,100000,0.5,10.633265716371616,0.17303325027174077,0.6495971657431712
refined,100000,0.5,11.162919111508824,0.16886922189506362,0.6420255012172187
refined,100000,0.5,11.718955061776631,0.16480519791833034,0.6345232886008435
refined,100000,0.5,12.30268770812381,0.16083871072069925,0.6270905962402838
refined,100000,0.5,12.91549665014884,0.1569674323242553,0.6197277965104422
refined,100000,0.5,13.558830206659357,0.15318921695851226,0.6124354586870091
refined,100000,0.5,14.234208838643415,0.14950162885103271,0.6052132080020597
refined,100000,0.5,14.943228742742294,0.145902837338591,0.5980620099854858
refined,100000,0.5,15.687565623717566,0.14239029665786876,0.5909808826299524
refined,100000,0.5,16.46897865482869,0.13896248547048368,0.5839711023155596
refined,100000,0.5,17.289314635480615,0.1356167452722537,0.5770311950779229
refined,100000,0.5,17.78279410038923,0.13371678046699897,0.573045925566099
refined,100000,0.5,18.15051235596819,0.13235185896052376,0.5701626786277724
refined,100000,0.5,19.054607179632484,0.129165052062172,0.563363682053766
refined,100000,0.5,19.109529749704404,0.1289787954917045,0.5629633413405016
refined,100000,0.5,20.003735853259002,0.12605540718405855,0.5566359079891036
refined,100000,0.5,20.53525026457146,0.12440870223197065,0.5530349623418066
refined,100000,0.5,21.000141557086565,0.12302003030048525,0.5499771667784759
refined,100000,0.5,22.04617920636185,0.12005825171743126,0.5433892202140425
refined,100000,0.5,22.0673406908459,0.12000047853958166,0.5432598289217264
refined,100000,0.5,23.144321016969926,0.11716719796393181,0.5368698648160233
refined,100000,0.5,23.71373705661655,0.11574805622105404,0.5336364786230493
refined,100000,0.5,24.29716234829391,0.11434624220628031,0.5304205703186132
refined,100000,0.5,25.482967479793466,0.11164643648973745,0.5241647386162168
refined,100000,0.5,25.507427837113593,0.111592747428746,0.5240394743483908
refined,100000,0.5,26.777977837039188,0.1089059545142387,0.5177275294464799
refined,100000,0.5,27.384196342643612,0.10769031275777581,0.5148434318844682
refined,100000,0.5,28.11181517869986,0.10628351613978439,0.51148325346383
refined,100000,0.5,29.42727176209282,0.10387442067841293,0.505671091650721
refined,100000,0.5,29.51209226666387,0.1037245378508555,0.5053071583437159
refined,100000,0.5,30.982118529862987,0.10122695828447366,0.49919808656123155
refined,100000,0.5,31.622776601683793,0.10019348695766235,0.4966459648012081
refined,100000,0.5,32.5253682431303,0.09878974440134354,0.4931561741405285
refined,100000,0.5,33.982083289425596,0.09664322116194943,0.48776723478416206
refined,100000,0.5,34.145488738336006,0.0964111174883527,0.4871805415998879
refined,100000,0.5,35.84630902452844,0.09408990253400616,0.4812710035109946
refined,100000,0.5,36.51741272548377,0.09321902169505582,0.4790333622140077
refined,100000,0.5,37.63184883745225,0.0918246005400418,0.47542691963175154
refined,100000,0.5,39.24189758484536,0.08991628368744935,0.47044257599307127
refined,100000,0.5,39.50632813983238,0.08961389103811948,0.4696478287566411
refined,100000,0.5,41.47417709487639,0.08745655214459706,0.463933297820671
refined,100000,0.5,42.169650342858226,0.08673043315715363,0.46199295672445156
refined,100000,0.5,43.540046536566486,0.08535111438716639,0.45828262791630286
refined,100000,0.5,45.31583637600818,0.08365779740076225,0.45368328513675754
refined,100000,0.5,45.708818961487516,0.08329663069671298,0.4526955669623911
refined,100000,0.5,47.98562006816812,0.08129147901572602,0.4471712098301039
refined,100000,0.5,48.69675251658631,0.08069439024338755,0.4455118089995403
refined,100000,0.5,50.37583087120846,0.07933498505943276,0.4417094643566454
refined,100000,0.5,52.32991146814947,0.07783617875835697,0.4374765834970834
refined,100000,0.5,52.88510041882383,0.0774253705932273,0.4363092449326928
refined,100000,0.5,55.5193591438621,0.07556223232952042,0.43097060273661447
refined,100000,0.5,56.23413251903491,0.0750792040830939,0.4295756060380482
refined,100000,0.5,58.28483287984838,0.07374363227381125,0.42569229240945844
refined,100000,0.5,60.42963902381328,0.07242033055842226,0.421807417253489
refined,100000,0.5,61.18805757518219,0.07196943656714831,0.4204744958225004
refined,100000,0.5,64.23589474026393,0.0702375438984912,0.4153158242128777
refined,100000,0.5,64.93816315762113,0.0698561084253075,0.41417015297613446
refined,100000,0.5,67.435547664057,0.06854805571138685,0.4102165568837521
refined,100000,0.5,69.78305848598663,0.06738299958317326,0.40666178115845913
refined,100000,0.5,70.79457843841381,0.06689880212353258,0.40517524630456936
refined,100000,0.5,74.32092583039913,0.0652899449272231,0.4001921395806306
refined,100000,0.5,74.98942093324558,0.06499758676668528,0.39928027483194567
refined,100000,0.5,78.02292404485208,0.0637195014474244,0.3952659173704937
refined,100000,0.5,80.58421877614818,0.06269720026474002,0.3920240469604249
refined,100000,0.5,81.90932242152977,0.062187465730180434,0.39039664193957685
refined,100000,0.5,85.98930611338423,0.0606921161079562,0.38558316516776797
refined,100000,0.5,86.59643233600653,0.060478857606255154,0.38489119101379937
refined,100000,0.5,90.27251779484578,0.05923327568632309,0.38082538083750495
refined,100000,0.5,93.0572040929699,0.058339448094433886,0.3778796448958958
refined,100000,0.5,94.76908045141592,0.05780948282069014,0.37612230061888013
refined,100000,0.5,99.4896213044336,0.05642038651970922,0.3714736626465318
refined,100000,0.5,100.0,0.056276032285388106,0.3709873990333101
refined,100000,0.5,104.44529692755633,0.0550647843304276,0.36687862978156033
refined,100000,0.5,107.46078283213176,0.05428634421169329,0.36421281504758285
refined,100000,0.5,109.64781961431851,0.05374214805999359,0.3623367941904358
refined,100000,0.5,115.10948505908407,0.052451533747888565,0.35784746388144395
refined,100000,0.5,115.47819846894582,0.05236780857513833,0.3575539897141569
refined,100000,0.5,120.84320141681312,0.051192232961756234,0.3534100918886456
refined,100000,0.5,124.09377607517196,0.050517683515893815,0.35100886489089284
refined,100000,0.5,126.86251981032602,0.049963559644501485,0.3490241276714614
refined,100000,0.5,133.1816663571621,0.04876462216873254,0.3446888893857617
refined,100000,0.5,133.3521432163324,0.048733452415801605,0.34457547528105603
refined,100000,0.5,139.81557579172983,0.04759499187868515,0.3404039664379683
refined,100000,0.5,143.30125702369628,0.04701319892366055,0.3382521801202306
refined,100000,0.5,146.77992676220705,0.04645359109645354,0.33616854399696516
refined,100000,0.5,153.9926526059492,0.04535470293172526,0.3320371069669653
refined,100000,0.5,154.09117888561602,0.04534024812718261,0.33198235197865433
refined,100000,0.5,161.76661164864794,0.04425369650683231,0.32784444227418436
refined,100000,0.5,165.48170999431815,0.04375554090134475,0.325928218672577
refined,100000,0.5,169.82436524617444,0.043194021094918995,0.32375468782544803
refined,100000,0.5,177.82794100389228,0.042213571900184134,0.31992361170999467
refined,100000,0.5,178.28348345396734,0.04215976404806759,0.31971200492392193
refined,100000,0.5,187.16395863694845,0.04115126637666315,0.315716413898851
refined,100000,0.5,191.09529749704404,0.040727182317741334,0.314021675085466
refined,100000,0.5,196.4867789993468,0.0401668764330615,0.31176669121686595
refined,100000,0.5,205.3525026457146,0.039294462541212764,0.30822058471226654
refined,100000,0.5,206.27397818843016,0.03920717389579732,0.30786299990580723
refined,100000,0.5,216.54868736904876,0.03827036222947268,0.3040040029569896
refined,100000,0.5,220.673406908459,0.037913264151771715,0.30251833249496385
refined,100000,0.5,227.33518989206314,0.03735711259791439,0.3001899195160998
refined,100000,0.5,237.13737056616552,0.0365817817044081,0.2969130913099167
refined,100000,0.5,238.65897868585807,0.036465785234549124,0.29641948804364954
refined,100000,0.5,250.5468165065873,0.0355968551620764,0.29269280375052814
refined,100000,0.5,254.82967479793464,0.03529866386219903,0.2914033028686261
refined,100000,0.5,263.02679918953817,0.03474893440786931,0.2890087436619205
refined,100000,0.5,273.8419634264361,0.0340622732559309,0.2859872040262912
refined,100000,0.5,276.128422051113,0.03392229955473518,0.285367275106303
refined,100000,0.5,289.88264959835425,0.033115814334898366,0.28176741915696485
refined,100000,0.5,294.2727176209282,0.03287070001151232,0.2806628186276542
refined,100000,0.5,304.32198871077225,0.03232955480109455,0.2782090096055568
refined,100000,0.5,316.22776601683796,0.031722439956538,0.27542840986909833
refined,100000,0.5,319.4805654674313,0.03156263619369313,0.2746912186694631
refined,100000,0.5,335.394205800866,0.03081493219414994,0.2712137393436956
refined,100000,0.5,352.1005201684521,0.030085809196079984,0.26777590362158243
refined,100000,0.5,369.6389924413366,0.029374936963477965,0.26437725493603315
refined,100000,0.5,388.0510732210183,0.028681932473139486,0.2610172951471195
refined,100000,0.5,407.380277804113,0.02800626037266921,0.25769540795704
refined,100000,0.5,427.67228902684343,0.02734778737282858,0.2544112765606396
refined,100000,0.5,448.97506523231453,0.026705772212017004,0.2511641134681881
refined,100000,0.5,471.3389536157405,0.02608033013500453,0.24795379596329847
refined,100000,0.5,494.8168092155145,0.025470513650194468,0.24477935273493476
refined,100000,0.5,519.4641198313342,0.024876684905919755,0.24164086908924642
refined,100000,0.5,545.3391371646278,0.024297690405111202,0.2385371762412024
refined,100000,0.5,572.5030144912078,0.023734137050363924,0.23546858250554584
refined,100000,0.5,601.0199511915373,0.023184666189860453,0.23243370711979758
refined,100000,0.5,630.9573444801937,0.02265012671497382,0.22943309728937641
refined,100000,0.65,0.1,1.0,1.0
refined,100000,0.65,0.10498109808656175,0.9956255585776218,1.0
refined,100000,0.65,0.11021030955460301,0.991077711253151,1.0
refined,100000,0.65,0.11569999317502112,0.98633700744114,1.0
refined,100000,0.65,0.12146312332121417,0.9814081233942035,1.0
refined,100000,0.65,0.1275133206328453,0.9762788002023189,1.0
refined,100000,0.65,0.13386488420699932,0.9709460834024902,1.0
refined,100000,0.65,0.14053282539281228,0.965406114281192,1.0
refined,100000,0.65,0.14753290326944482,0.9596472766898195,1.0
refined,100000,0.65,0.1548816618912481,0.9536753854563105,1.0
refined,100000,0.65,0.16259646938814815,0.9474691160804384,1.0
refined,100000,0.65,0.17069555901365815,0.9410452749598719,1.0
refined,100000,0.65,0.1791980722375334,0.9343717926514742,1.0
refined,100000,0.65,0.18812410398491272,0.9274778022405543,1.0
refined,100000,0.65,0.19749475012886664,0.9203194952055942,1.0
refined,100000,0.65,0.2073321573485955,0.9129396473603683,1.0
refined,100000,0.65,0.2176595754711136,0.9052817988926539,1.0
refined,100000,0.65,0.2285014124201237,0.8974032406312653,1.0
refined,100000,0.65,0.23988329190194904,0.8892352147591398,1.0
refined,100000,0.65,0.25183211396485844,0.8808435736374471,1.0
refined,100000,0.65,0.26437611857491,0.8721648804078269,1.0
refined,100000,0.65,0.277544952358571,0.8632562173437975,1.0
refined,100000,0.65,0.29136973866985255,0.8540663572308429,1.0
refined,100000,0.65,0.30588315114755654,0.8446426724042743,1.0
refined,100000,0.65,0.3211194909364823,0.8349474817818432,1.0
refined,100000,0.65,0.33711476775509625,0.8250176552141186,1.0
refined,100000,0.65,0.35390678500126244,0.814830198058682,1.0
refined,100000,0.65,0.37153522909717257,0.8044108874923935,1.0
refined,100000,0.65,0.39004176328463463,0.793752274550185,1.0
refined,100000,0.65,0.4094701260923973,0.7828687127764871,1.0
refined,100000,0.65,0.42986623470822766,0.7717687862961838,1.0
refined,100000,0.65,0.45127829350005433,0.7604554082824186,1.0
refined,100000,0.65,0.473756907942654,0.7489532201842208,1.0
refined,100000,0.65,0.49735520421913965,0.7372540404628373,1.0
refined,100000,0.65,0.5221289547799146,0.7253980444721623,1.0
refined,100000,0.65,0.5481367101558418,0.7133666992907995,1.0
refined,100000,0.65,0.5754399373371569,0.7012145752584467,1.0
refined,100000,0.65,0.6041031650451701,0.6889139444493615,1.0
refined,100000,0.65,0.6341941362400942,0.6765319782891784,1.0
refined,100000,0.65,0.6657839682254364,0.6640333114662471,1.0
refined,100000,0.65,0.6989473207273484,0.6514952694132443,1.0
refined,100000,0.65,0.7337625723461731,0.6388767626433622,1.0
refined,100000,0.65,0.7703120057972147,0.6262577283347682,1.0
refined,100000,0.65,0.8086820023785352,0.613607030612452,1.0
refined,100000,0.65,0.8489632461253815,0.6009909075195053,1.0
refined,100000,0.65,0.8912509381337457,0.5883928932707653,1.0
refined,100000,0.65,0.9356450215595893,0.5758651472154404,1.0
refined,100000,0.65,0.9822504178255043,0.5634035353069152,1.0
refined,100000,0.65,1.0311772745930554,0.5510439161787803,0.999661508555614
refined,100000,0.65,1.0825412260868696,0.5387805523210895,0.9980178206251923
refined,100000,0.65,1.1364636663857248,0.5266419564818511,0.9951078515134081
refined,100000,0.65,1.1930720363265337,0.514638984718732,0.9909927137399721
refined,100000,0.65,1.252500124699298,0.5027925492659879,0.9858159679793266
refined,100000,0.65,1.314888384444878,0.49111664093544927,0.9796686950661242
refined,100000,0.65,1.3803842646028852,0.4796245200646938,0.9726370683162864
refined,100000,0.65,1.449142558794219,0.4683303737263529,0.9648326416138747
refined,100000,0.65,1.5213257710618697,0.4572415626845445,0.9563001078058788
refined,100000,0.65,1.5971044999346033,0.4463701729785658,0.9471638683472339
refined,100000,0.65,1.6766578416212374,0.43571919919717017,0.9374388395521507
refined,100000,0.65,1.7601738132884204,0.4252971566929555,0.9272557744299103
refined,100000,0.65,1.8478497974222907,0.41510391629145016,0.916608600435507
refined,100000,0.65,1.9398930083242285,0.405143848501445,0.9056287650942945
refined,100000,0.65,2.036520981843212,0.395414630490834,0.8942958628808787
refined,100000,0.65,2.1379620895022327,0.38591673835311885,0.8827372233102163
refined,100000,0.65,2.244456078233844,0.3766463016172267,0.87092311663688
refined,100000,0.65,2.3562546370004687,0.36760074458688274,0.8589686811357674
refined,100000,0.65,2.473621991638621,0.3587751710701804,0.8468513538455698
refined,100000,0.65,2.5968355293329033,0.35016507125636276,0.83465916900195
refined,100000,0.65,2.7261864541956613,0.3417648294878775,0.8223821026286484
refined,100000,0.65,2.861980475501707,0.33356918437255084,0.8100828553704819
refined,100000,0.65,3.004538530204693,0.3255721960488671,0.7977604613958033
refined,100000,0.65,3.1541975414427297,0.3177685863706257,0.7854580019047034
refined,100000,0.65,3.311311214825911,0.31015256816261966,0.7731799133872467
refined,100000,0.65,3.476250874387709,0.30271917987832836,0.7609544009824291
refined,100000,0.65,3.649406340175921,0.29546316952212004,0.7487889514428642
refined,100000,0.65,3.831186849557289,0.28837995660256865,0.736700721485992
refined,100000,0.65,4.022022024413192,0.28146501598038376,0.7246988971252666
refined,100000,0.65,4.22236288651233,0.2747140663015146,0.7127925730322369
refined,100000,0.65,4.432682923460089,0.2681233146276258,0.7009919336221115
refined,100000,0.65,4.653479207743908,0.2616886461110772,0.6893002610393015
refined,100000,0.65,4.885273571519389,0.2554068889154744,0.6777283749864284
refined,100000,0.65,5.1286138399136485,0.24927397264307627,0.666275386633931
refined,100000,0.65,5.384075125760731,0.24328720511592689,0.6549525127595452
refined,100000,0.65,5.652261188829045,0.23744247712517183,0.6437558653743027
refined,100000,0.65,5.933805862753281,0.2317374665419266,0.632696845255879
refined,100000,0.65,6.229374553043173,0.22616798385304845,0.6217693970960648
refined,100000,0.65,6.539665809709571,0.22073202116838786,0.610984901788927
refined,100000,0.65,6.865412978224548,0.21542529760434898,0.6003357356728144
refined,100000,0.65,7.207385932717452,0.21024603819268023,0.5898326147760677
refined,100000,0.65,7.566392895503165,0.2051900810652512,0.5794682032988206
refined,100000,0.65,7.943282347242818,0.20025564387360634,0.5692508607817467
refined,100000,0.65,8.338945032251527,0.19543888403662132,0.5591748088625156
refined,100000,0.65,8.754316063692443,0.19073789865487287,0.5492456662068208
refined,100000,0.65,9.190377133632595,0.18614920233316232,0.539459171972742
refined,100000,0.65,9.648158833183777,0.18167078330272507,0.5298187399488319
refined,100000,0.65,10.128743088211932,0.17729950490725446,0.5203213227259091
refined,100000,0.65,10.633265716371616,0.17303325027174077,0.5109685624279372
refined,100000,0.65,11.162919111508824,0.16886922189506362,0.5017583844012378
refined,100000,0.65,11.718955061776631,0.16480519791833034,0.4926910079028762
refined,100000,0.65,12.30268770812381,0.16083871072069925,0.4837651383837738
refined,100000,0.65,12.91549665014884,0.1569674323242553,0.4749798532578769
refined,100000,0.65,13.558830206659357,0.15318921695851226,0.46633448304236347
refined,100000,0.65,14.234208838643415,0.14950162885103271,0.45782719058049026
refined,100000,0.65,14.943228742742294,0.145902837338591,0.4494578067136984
refined,100000,0.65,15.687565623717566,0.14239029665786876,0.4412237642160737
refined,100000,0.65,16.46897865482869,0.13896248547048368,0.43312529409856937
refined,100000,0.65,17.289314635480615,0.1356167452722537,0.4251592491533784
refined,100000,0.65,17.78279410038923,0.13371678046699897,0.42060811856450403
refined,100000,0.65,18.15051235596819,0.13235185896052376,0.41732618030822377
refined,100000,0.65,19.054607179632484,0.129165052062172,0.4096224824948883
refined,100000,0.65,19.109529749704404,0.1289787954917045,0.40917043499816325
refined,100000,0.65,20.003735853259002,0.12605540718405855,0.40204896241388033
refined,100000,0.65,20.53525026457146,0.12440870223197065,0.3980155489172777
refined,100000,0.65,21.000141557086565,0.12302003030048525,0.3946016563966527
refined,100000,0.65,22.04617920636185,0.12005825171743126,0.3872814771743736
refined,100000,0.65,22.0673406908459,0.12000047853958166,0.3871381742584137
refined,100000,0.65,23.144321016969926,0.11716719796393181,0.3800844790772129
refined,100000,0.65,23.71373705661655,0.11574805622105404,0.3765324923913972
refined,100000,0.65,24.29716234829391,0.11434624220628031,0.37301125302323973
refined,100000,0.65,25.482967479793466,0.11164643648973745,0.36619435941943446
refined,100000,0.65,25.507427837113593,0.111592747428746,0.36605830934879924
refined,100000,0.65,26.777977837039188,0.1089059545142387,0.3592256426258454
refined,100000,0.65,27.384196342643612,0.10769031275777581,0.3561184887560546
refined,100000,0.65,28.11181517869986,0.10628351613978439,0.352510269158984
refined,100000,0.65,29.42727176209282,0.10387442067841293,0.34629933171697025
refined,100000,0.65,29.51209226666387,0.1037245378508555,0.3459116822776136
refined,100000,0.65,30.982118529862987,0.10122695828447366,0.33942733780575546
refined,100000,0.65,31.622776601683793,0.10019348695766235,0.33673108292683457
refined,100000,0.65,32.5253682431303,0.09878974440134354,0.33305630737580844
refined,100000,0.65,33.982083289425596,0.09664322116194943,0.3274091940528899
refined,100000,0.65,34.145488738336006,0.0964111174883527,0.3267964308259061
refined,100000,0.65,35.84630902452844,0.09408990253400616,0.3206464245042483
refined,100000,0.65,36.51741272548377,0.09321902169505582,0.31832832344424583
refined,100000,0.65,37.63184883745225,0.0918246005400418,0.3146044660331037
refined,100000,0.65,39.24189758484536,0.08991628368744935,0.30948294165693335
refined,100000,0.65,39.50632813983238,0.08961389103811948,0.3086689717621127
refined,100000,0.65,41.47417709487639,0.08745655214459706,0.3028384187619056
refined,100000,0.65,42.169650342858226,0.08673043315715363,0.3008674346848562
refined,100000,0.65,43.540046536566486,0.08535111438716639,0.2971109692092644
refined,100000,0.65,45.31583637600818,0.08365779740076225,0.29247716160962306
refined,100000,0.65,45.708818961487516,0.08329663069671298,0.2914853680302787
refined,100000,0.65,47.98562006816812,0.08129147901572602,0.28595956098814035
refined,100000,0.65,48.69675251658631,0.08069439024338755,0.28430691761343546
refined,100000,0.65,50.37583087120846,0.07933498505943276,0.28053253504637005
refined,100000,0.65,52.32991146814947,0.07783617875835697,0.2763513554028862
refined,100000,0.65,52.88510041882383,0.0774253705932273,0.2752020504183024
refined,100000,0.65,55.5193591438621,0.07556223232952042,0.26996731523983797
refined,100000,0.65,56.23413251903491,0.0750792040830939,0.2686051533191577
refined,100000,0.65,58.28483287984838,0.07374363227381125,0.264825929130777
refined,100000,0.65,60.42963902381328,0.07242033055842226,0.2610637676230699
refined,100000,0.65,61.18805757518219,0.07196943656714831,0.2597773047828323
refined,100000,0.65,64.23589474026393,0.0702375438984912,0.2548189011069621
refined,100000,0.65,64.93816315762113,0.0698561084253075,0.2537222418944418
refined,100000,0.65,67.435547664057,0.06854805571138685,0.24995029217984124
refined,100000,0.65,69.78305848598663,0.06738299958317326,0.24657550233389836
refined,100000,0.65,70.79457843841381,0.06689880212353258,0.24516890230908037
refined,100000,0.65,74.32092583039913,0.0652899449272231,0.24047430232340744
refined,100000,0.65,74.98942093324558,0.06499758676668528,0.23961857465345116
refined,100000,0.65,78.02292404485208,0.0637195014474244,0.23586411644050656
refined,100000,0.65,80.58421877614818,0.06269720026474002,0.23284712598856033
refined,100000,0.65,81.90932242152977,0.062187465730180434,0.23133771898452343
refined,100000,0.65,85.98930611338423,0.0606921161079562,0.22689298726400894
refined,100000,0.65,86.59643233600653,0.060478857606255154,0.22625650972697633
refined,100000,0.65,90.27251779484578,0.05923327568632309,0.2225291186873495
refined,100000,0.65,93.0572040929699,0.058339448094433886,0.2198419716407152
refined,100000,0.65,94.76908045141592,0.05780948282069014,0.21824422784253844
refined,100000,0.65,99.4896213044336,0.05642038651970922,0.21403735094386866
refined,100000,0.65,100.0,0.056276032285388106,0.2135989100788765
refined,100000,0.65,104.44529692755633,0.0550647843304276,0.20990682705124697
refined,100000,0.65,107.46078283213176,0.05428634421169329,0.20752326614666042
refined,100000,0.65,109.64781961431851,0.05374214805999359,0.20585154351808352
refined,100000,0.65,115.10948505908407,0.052451533747888565,0.20187005372786107
refined,100000,0.65,115.47819846894582,0.05236780857513833,0.20161073047199016
refined,100000,0.65,120.84320141681312,0.051192232961756234,0.19796110552588334
refined,100000,0.65,124.09377607517196,0.050517683515893815,0.19585688341941107
refined,100000,0.65,126.86251981032602,0.049963559644501485,0.19412345885559146
refined,100000,0.65,133.1816663571621,0.04876462216873254,0.19035572877269408
refined,100000,0.65,133.3521432163324,0.048733452415801605,0.19025750034972225
refined,100000,0.65,139.81557579172983,0.04759499187868515,0.186656876179194
refined,100000,0.65,143.30125702369628,0.04701319892366055,0.1848088253039749
refined,100000,0.65,146.77992676220705,0.04645359109645354,0.18302538771839102
refined,100000,0.65,153.9926526059492,0.04535470293172526,0.1795068912124175
refined,100000,0.65,154.09117888561602,0.04534024812718261,0.1794604216219158
refined,100000,0.65,161.76661164864794,0.04425369650683231,0.17596033840500305
refined,100000,0.65,165.48170999431815,0.04375554090134475,0.1743476083281012
refined,100000,0.65,169.82436524617444,0.043194021094918995,0.17252449180057067
refined,100000,0.65,177.82794100389228,0.042213571900184134,0.16932712168719702
refined,100000,0.65,178.28348345396734,0.04215976404806759,0.16915111660013793
refined,100000,0.65,187.16395863694845,0.04115126637666315,0.165839761848721
refined,100000,0.65,191.09529749704404,0.040727182317741334,0.16444198738219648
refined,100000,0.65,196.4867789993468,0.0401668764330615,0.162588535324051
refined,100000,0.65,205.3525026457146,0.039294462541212764,0.15968857404768655
refined,100000,0.65,206.27397818843016,0.03920717389579732,0.15939717030659284
refined,100000,0.65,216.54868736904876,0.03827036222947268,0.15626368186550796
refined,100000,0.65,220.673406908459,0.037913264151771715,0.1550631072616064
refined,100000,0.65,227.33518989206314,0.03735711259791439,0.15318788337801598
refined,100000,0.65,237.13737056616552,0.0365817817044081,0.15056209019238775
refined,100000,0.65,238.65897868585807,0.036465785234549124,0.15016791436161236
refined,100000,0.65,250.5468165065873,0.0355968551620764,0.14720346181788854
refined,100000,0.65,254.82967479793464,0.03529866386219903,0.14618238928741428
refined,100000,0.65,263.02679918953817,0.03474893440786931,0.1442928580137443
refined,100000,0.65,273.8419634264361,0.0340622732559309,0.1419206965814446
refined,100000,0.65,276.128422051113,0.03392229955473518,0.14143566249467177
refined,100000,0.65,289.88264959835425,0.033115814334898366,0.13863040102101065
refined,100000,0.65,294.2727176209282,0.03287070001151232,0.1377735334259655
refined,100000,0.65,304.32198871077225,0.03232955480109455,0.13587650319632397
refined,100000,0.65,316.22776601683796,0.031722439956538,0.13373774825885987
refined,100000,0.65,319.4805654674313,0.03156263619369313,0.133172690320865
refined,100000,0.65,335.394205800866,0.03081493219414994,0.1305182583073232
refined,100000,0.65,352.1005201684521,0.030085809196079984,0.12791212722802095
refined,100000,0.65,369.6389924413366,0.029374936963477965,0.12535345442918713
refined,100000,0.65,388.0510732210183,0.028681932473139486,0.12284136305868622
refined,100000,0.65,407.380277804113,0.02800626037266921,0.12037486602866702
refined,100000,0.65,427.67228902684343,0.02734778737282858,0.11795329482152025
refined,100000,0.65,448.97506523231453,0.026705772212017004,0.11557551119269883
refined,100000,0.65,471.3389536157405,0.02608033013500453,0.1132410610525869
refined,100000,0.65,494.8168092155145,0.025470513650194468,0.11094864756626721
refined,100000,0.65,519.4641198313342,0.024876684905919755,0.10869803786973904
refined,100000,0.65,545.3391371646278,0.024297690405111202,0.1064877685484839
refined,100000,0.65,572.5030144912078,0.023734137050363924,0.10431783532169177
refined,100000,0.65,601.0199511915373,0.023184666189860453,0.10218659982250791
refined,100000,0.65,630.9573444801937,0.02265012671497382,0.10009429410765722
refined,100000,0.75,0.1,1.0,1.0
refined,100000,0.75,0.10498109808656175,0.9956255585776218,1.0
refined,100000,0.75,0.11021030955460301,0.991077711253151,1.0
refined,100000,0.75,0.11569999317502112,0.98633700744114,1.0
refined,100000,0.75,0.12146312332121417,0.9814081233942035,1.0
refined,100000,0.75,0.1275133206328453,0.9762788002023189,1.0
refined,100000,0.75,0.13386488420699932,0.9709460834024902,1.0
refined,100000,0.75,0.14053282539281228,0.965406114281192,1.0
refined,100000,0.75,0.14753290326944482,0.9596472766898195,1.0
refined,100000,0.75,0.1548816618912481,0.9536753854563105,1.0
refined,100000,0.75,0.16259646938814815,0.9474691160804384,1.0
refined,100000,0.75,0.17069555901365815,0.9410452749598719,1.0
refined,100000,0.75,0.1791980722375334,0.9343717926514742,1.0
refined,100000,0.75,0.18812410398491272,0.9274778022405543,1.0
refined,100000,0.75,0.19749475012886664,0.9203194952055942,1.0
refined,100000,0.75,0.2073321573485955,0.9129396473603683,1.0
refined,100000,0.75,0.2176595754711136,0.9052817988926539,1.0
refined,100000,0.75,0.2285014124201237,0.8974032406312653,1.0
refined,100000,0.75,0.23988329190194904,0.8892352147591398,1.0
refined,100000,0.75,0.25183211396485844,0.8808435736374471,1.0
refined,100000,0.75,0.26437611857491,0.8721648804078269,1.0
refined,100000,0.75,0.277544952358571,0.8632562173437975,1.0
refined,100000,0.75,0.29136973866985255,0.8540663572308429,1.0
refined,100000,0.75,0.30588315114755654,0.8446426724042743,1.0
refined,100000,0.75,0.3211194909364823,0.8349474817818432,1.0
refined,100000,0.75,0.33711476775509625,0.8250176552141186,1.0
refined,100000,0.75,0.35390678500126244,0.814830198058682,1.0
refined,100000,0.75,0.37153522909717257,0.8044108874923935,1.0
refined,100000,0.75,0.39004176328463463,0.793752274550185,1.0
refined,100000,0.75,0.4094701260923973,0.7828687127764871,1.0
refined,100000,0.75,0.42986623470822766,0.7717687862961838,1.0
refined,100000,0.75,0.45127829350005433,0.7604554082824186,1.0
refined,100000,0.75,0.473756907942654,0.7489532201842208,1.0
refined,100000,0.75,0.49735520421913965,0.7372540404628373,1.0
refined,100000,0.75,0.5221289547799146,0.7253980444721623,1.0
refined,100000,0.75,0.5481367101558418,0.7133666992907995,1.0
refined,100000,0.75,0.5754399373371569,0.7012145752584467,1.0
refined,100000,0.75,0.6041031650451701,0.6889139444493615,1.0
refined,100000,0.75,0.6341941362400942,0.6765319782891784,1.0
refined,100000,0.75,0.6657839682254364,0.6640333114662471,1.0
refined,100000,0.75,0.6989473207273484,0.6514952694132443,1.0
refined,100000,0.75,0.7337625723461731,0.6388767626433622,1.0
refined,100000,0.75,0.7703120057972147,0.6262577283347682,1.0
refined,100000,0.75,0.8086820023785352,0.613607030612452,1.0
refined,100000,0.75,0.8489632461253815,0.6009909075195053,1.0
refined,100000,0.75,0.8912509381337457,0.5883928932707653,1.0
refined,100000,0.75,0.9356450215595893,0.5758651472154404,1.0
refined,100000,0.75,0.9822504178255043,0.5634035353069152,1.0
refined,100000,0.75,1.0311772745930554,0.5510439161787803,0.9995774570179633
refined,100000,0.75,1.0825412260868696,0.5387805523210895,0.9975292037013335
refined,100000,0.75,1.1364636663857248,0.5266419564818511,0.9939115616518917
refined,100000,0.75,1.1930720363265337,0.514638984718732,0.988808643952792
refined,100000,0.75,1.252500124699298,0.5027925492659879,0.9824061120614467
refined,100000,0.75,1.314888384444878,0.49111664093544927,0.9748236778575945
refined,100000,0.75,1.3803842646028852,0.4796245200646938,0.966174575017131
refined,100000,0.75,1.449142558794219,0.4683303737263529,0.9566019302687216
refined,100000,0.75,1.5213257710618697,0.4572415626845445,0.9461669490499314
refined,100000,0.75,1.5971044999346033,0.4463701729785658,0.9350265808442574
refined,100000,0.75,1.6766578416212374,0.43571919919717017,0.9232048462751817
refined,100000,0.75,1.7601738132884204,0.4252971566929555,0.9108644795816587
refined,100000,0.75,1.8478497974222907,0.41510391629145016,0.8980033527857556
refined,100000,0.75,1.9398930083242285,0.405143848501445,0.8847830859463267
refined,100000,0.75,2.036520981843212,0.395414630490834,0.8711836948913777
refined,100000,0.75,2.1379620895022327,0.38591673835311885,0.8573599076168621
refined,100000,0.75,2.244456078233844,0.3766463016172267,0.843280087870208
refined,100000,0.75,2.3562546370004687,0.36760074458688274,0.8290826192938776
refined,100000,0.75,2.473621991638621,0.3587751710701804,0.814743711245615
refined,100000,0.75,2.5968355293329033,0.35016507125636276,0.8003681859496291
refined,100000,0.75,2.7261864541956613,0.3417648294878775,0.7859462706434913
refined,100000,0.75,2.861980475501707,0.33356918437255084,0.7715518334700159
refined,100000,0.75,3.004538530204693,0.3255721960488671,0.7571849202738704
refined,100000,0.75,3.1541975414427297,0.3177685863706257,0.7428955929464198
refined,100000,0.75,3.311311214825911,0.31015256816261966,0.7286894283410997
refined,100000,0.75,3.476250874387709,0.30271917987832836,0.7145985909489014
refined,100000,0.75,3.649406340175921,0.29546316952212004,0.7006315120602062
refined,100000,0.75,3.831186849557289,0.28837995660256865,0.6868072007889774
refined,100000,0.75,4.022022024413192,0.28146501598038376,0.6731354793783629
refined,100000,0.75,4.22236288651233,0.2747140663015146,0.6596258749440435
refined,100000,0.75,4.432682923460089,0.2681233146276258,0.6462889042770253
refined,100000,0.75,4.653479207743908,0.2616886461110772,0.6331273546106327
refined,100000,0.75,4.885273571519389,0.2554068889154744,0.6201521209873538
refined,100000,0.75,5.1286138399136485,0.24927397264307627,0.6073612301150285
refined,100000,0.75,5.384075125760731,0.24328720511592689,0.5947657628814028
refined,100000,0.75,5.652261188829045,0.23744247712517183,0.5823603810744273
refined,100000,0.75,5.933805862753281,0.2317374665419266,0.5701561688535084
refined,100000,0.75,6.229374553043173,0.22616798385304845,0.558145401014322
refined,100000,0.75,6.539665809709571,0.22073202116838786,0.5463389799436902
refined,100000,0.75,6.865412978224548,0.21542529760434898,0.5347274888736664
refined,100000,0.75,7.207385932717452,0.21024603819268023,0.5233209925753646
refined,100000,0.75,7.566392895503165,0.2051900810652512,0.5121103851087669
refined,100000,0.75,7.943282347242818,0.20025564387360634,0.5011031384411551
refined,100000,0.75,8.338945032251527,0.19543888403662132,0.4902918054621599
refined,100000,0.75,8.754316063692443,0.19073789865487287,0.4796809112916216
refined,100000,0.75,9.190377133632595,0.18614920233316232,0.46926462077964703
refined,100000,0.75,9.648158833183777,0.18167078330272507,0.45904512165647243
refined,100000,0.75,10.128743088211932,0.17729950490725446,0.4490178681233125
refined,100000,0.75,10.633265716371616,0.17303325027174077,0.4391831983220226
refined,100000,0.75,11.162919111508824,0.16886922189506362,0.42953760349452796
refined,100000,0.75,11.718955061776631,0.16480519791833034,0.420079960809922
refined,100000,0.75,12.30268770812381,0.16083871072069925,0.4108075986932911
refined,100000,0.75,12.91549665014884,0.1569674323242553,0.40171824302970965
refined,100000,0.75,13.558830206659357,0.15318921695851226,0.3928099001561713
refined,100000,0.75,14.234208838643415,0.14950162885103271,0.38407939235767613
refined,100000,0.75,14.943228742742294,0.145902837338591,0.37552527695485294
refined,100000,0.75,15.687565623717566,0.14239029665786876,0.36714367144489024
refined,100000,0.75,16.46897865482869,0.13896248547048368,0.35893358314689605
refined,100000,0.75,17.289314635480615,0.1356167452722537,0.35089058463163486
refined,100000,0.75,17.78279410038923,0.13371678046699897,0.346310284811766
refined,100000,0.75,18.15051235596819,0.13235185896052376,0.34301405295296283
refined,100000,0.75,19.054607179632484,0.129165052062172,0.3352991442747469
refined,100000,0.75,19.109529749704404,0.1289787954917045,0.3348474205265772
refined,100000,0.75,20.003735853259002,0.12605540718405855,0.32774554165522407
refined,100000,0.75,20.53525026457146,0.12440870223197065,0.3237353718816397
refined,100000,0.75,21.000141557086565,0.12302003030048525,0.3203480880167598
refined,100000,0.75,22.04617920636185,0.12005825171743126,0.3131066214349227
refined,100000,0.75,22.0673406908459,0.12000047853958166,0.31296515322081575
refined,100000,0.75,23.144321016969926,0.11716719796393181,0.3060160557042037
refined,100000,0.75,23.71373705661655,0.11574805622105404,0.3025273588681474
refined,100000,0.75,24.29716234829391,0.11434624220628031,0.29907594961812173
refined,100000,0.75,25.482967479793466,0.11164643648973745,0.2924144087804945
refined,100000,0.75,25.507427837113593,0.111592747428746,0.29228173312227607
refined,100000,0.75,26.777977837039188,0.1089059545142387,0.28563240743725676
refined,100000,0.75,27.384196342643612,0.10769031275777581,0.2826176797983774
refined,100000,0.75,28.11181517869986,0.10628351613978439,0.2791239684165654
refined,100000,0.75,29.42727176209282,0.10387442067841293,0.27312840275829625
refined,100000,0.75,29.51209226666387,0.1037245378508555,0.27275495689207924
refined,100000,0.75,30.982118529862987,0.10122695828447366,0.26652186597364136
refined,100000,0.75,31.622776601683793,0.10019348695766235,0.2639376672319174
refined,100000,0.75,32.5253682431303,0.09878974440134354,0.26042285657837966
refined,100000,0.75,33.982083289425596,0.09664322116194943,0.25503796055736894
refined,100000,0.75,34.145488738336006,0.0964111174883527,0.254454861651217
refined,100000,0.75,35.84630902452844,0.09408990253400616,0.24861572871572934
refined,100000,0.75,36.51741272548377,0.09321902169505582,0.24642107822906695
refined,100000,0.75,37.63184883745225,0.0918246005400418,0.24290278255155826
refined,100000,0.75,39.24189758484536,0.08991628368744935,0.23807873826913323
refined,100000,0.75,39.50632813983238,0.08961389103811948,0.23731361212079077
refined,100000,0.75,41.47417709487639,0.08745655214459706,0.23184589397222405
refined,100000,0.75,42.169650342858226,0.08673043315715363,0.23000268434015886
refined,100000,0.75,43.540046536566486,0.08535111438716639,0.22649700351636026
refined,100000,0.75,45.31583637600818,0.08365779740076225,0.22218576193103054
refined,100000,0.75,45.708818961487516,0.08329663069671298,0.22126493571218225
refined,100000,0.75,47.98562006816812,0.08129147901572602,0.2161468891535763
refined,100000,0.75,48.69675251658631,0.08069439024338755,0.21462034754527495
refined,100000,0.75,50.37583087120846,0.07933498505943276,0.2111411495347991
refined,100000,0.75,52.32991146814947,0.07783617875835697,0.20729877558165696
refined,100000,0.75,52.88510041882383,0.0774253705932273,0.2062447683812983
refined,100000,0.75,55.5193591438621,0.07556223232952042,0.20145629927353056
refined,100000,0.75,56.23413251903491,0.0750792040830939,0.20021350768518983
refined,100000,0.75,58.28483287984838,0.07374363227381125,0.19677267050645247
refined,100000,0.75,60.42963902381328,0.07242033055842226,0.19335789808542067
refined,100000,0.75,61.18805757518219,0.07196943656714831,0.19219268479776402
refined,100000,0.75,64.23589474026393,0.0702375438984912,0.18771316604147156
refined,100000,0.75,64.93816315762113,0.0698561084253075,0.1867249736313489
refined,100000,0.75,67.435547664057,0.06854805571138685,0.1833331199679622
refined,100000,0.75,69.78305848598663,0.06738299958317326,0.18030773287029112
refined,100000,0.75,70.79457843841381,0.06689880212353258,0.1790493732250251
refined,100000,0.75,74.32092583039913,0.0652899449272231,0.17486096418780525
refined,100000,0.75,74.98942093324558,0.06499758676668528,0.17409936557000688
refined,100000,0.75,78.02292404485208,0.0637195014474244,0.17076496053068047
refined,100000,0.75,80.58421877614818,0.06269720026474002,0.16809380200757174
refined,100000,0.75,81.90932242152977,0.062187465730180434,0.16676023393396583
refined,100000,0.75,85.98930611338423,0.0606921161079562,0.16284414574884534
refined,100000,0.75,86.59643233600653,0.060478857606255154,0.16228473411137354
refined,100000,0.75,90.27251779484578,0.05923327568632309,0.1590154195002346
refined,100000,0.75,93.0572040929699,0.058339448094433886,0.15666582438579033
refined,100000,0.75,94.76908045141592,0.05780948282069014,0.15527169214305533
refined,100000,0.75,99.4896213044336,0.05642038651970922,0.15161155389467873
refined,100000,0.75,100.0,0.056276032285388106,0.15123096934197777
refined,100000,0.75,104.44529692755633,0.0550647843304276,0.14803290213866277
refined,100000,0.75,107.46078283213176,0.05428634421169329,0.14597469129030174
refined,100000,0.75,109.64781961431851,0.05374214805999359,0.14453420544146484
refined,100000,0.75,115.10948505908407,0.052451533747888565,0.14111360898667477
refined,100000,0.75,115.47819846894582,0.05236780857513833,0.14089132870422136
refined,100000,0.75,120.84320141681312,0.051192232961756234,0.13776946857959624
refined,100000,0.75,124.09377607517196,0.050517683515893815,0.13597517866406733
refined,100000,0.75,126.86251981032602,0.049963559644501485,0.13450016683635063
refined,100000,0.75,133.1816663571621,0.04876462216873254,0.13130395328304936
refined,100000,0.75,133.3521432163324,0.048733452415801605,0.13122080433073252
refined,100000,0.75,139.81557579172983,0.04759499187868515,0.12817943962549982
refined,100000,0.75,143.30125702369628,0.04701319892366055,0.12662330488937892
refined,100000,0.75,146.77992676220705,0.04645359109645354,0.12512477348857712
refined,100000,0.75,153.9926526059492,0.04535470293172526,0.12217762792051116
refined,100000,0.75,154.09117888561602,0.04534024812718261,0.12213878914551021
refined,100000,0.75,161.76661164864794,0.04425369650683231,0.11921953485200931
refined,100000,0.75,165.48170999431815,0.04375554090134475,0.11787865996542633
refined,100000,0.75,169.82436524617444,0.043194021094918995,0.11636606256312482
refined,100000,0.75,177.82794100389228,0.042213571900184134,0.11372158261142382
refined,100000,0.75,178.28348345396734,0.04215976404806759,0.11357632207314323
refined,100000,0.75,187.16395863694845,0.04115126637666315,0.11084957960008669
refined,100000,0.75,191.09529749704404,0.040727182317741334,0.10970204081569397
refined,100000,0.75,196.4867789993468,0.0401668764330615,0.10818368595342409
refined,100000,0.75,205.3525026457146,0.039294462541212764,0.10581554603363866
refined,100000,0.75,206.27397818843016,0.03920717389579732,0.10557810736534824
refined,100000,0.75,216.54868736904876,0.03827036222947268,0.10303063029638401
refined,100000,0.75,220.673406908459,0.037913264151771715,0.1020575233743213
refined,100000,0.75,227.33518989206314,0.03735711259791439,0.10054081591840201
refined,100000,0.75,237.13737056616552,0.0365817817044081,0.09842372382144511
refined,100000,0.75,238.65897868585807,0.036465785234549124,0.09810659873350783
refined,100000,0.75,250.5468165065873,0.0355968551620764,0.09572743163042695
refined,100000,0.75,254.82967479793464,0.03529866386219903,0.09491030001272228
refined,100000,0.75,263.02679918953817,0.03474893440786931,0.09340146155131844
refined,100000,0.75,273.8419634264361,0.0340622732559309,0.09151328010116254
refined,100000,0.75,276.128422051113,0.03392229955473518,0.09112803289927032
refined,100000,0.75,289.88264959835425,0.033115814334898366,0.08890550259721135
refined,100000,0.75,294.2727176209282,0.03287070001151232,0.08822857590305448
refined,100000,0.75,304.32198871077225,0.03232955480109455,0.08673310522440623
refined,100000,0.75,316.22776601683796,0.031722439956538,0.0850524608194816
refined,100000,0.75,319.4805654674313,0.03156263619369313,0.08460940634228399
refined,100000,0.75,335.394205800866,0.03081493219414994,0.08253352837460642
refined,100000,0.75,352.1005201684521,0.030085809196079984,0.08050424517541442
refined,100000,0.75,369.6389924413366,0.029374936963477965,0.07852056382215336
refined,100000,0.75,388.0510732210183,0.028681932473139486,0.07658146699542123
refined,100000,0.75,407.380277804113,0.02800626037266921,0.0746858425063535
refined,100000,0.75,427.67228902684343,0.02734778737282858,0.07283288316024093
refined,100000,0.75,448.97506523231453,0.026705772212017004,0.07102135298184836
refined,100000,0.75,471.3389536157405,0.02608033013500453,0.06925065684567669
refined,100000,0.75,494.8168092155145,0.025470513650194468,0.06751943000183716
refined,100000,0.75,519.4641198313342,0.024876684905919755,0.06582729186176806
refined,100000,0.75,545.3391371646278,0.024297690405111202,0.06417274358258575
refined,100000,0.75,572.5030144912078,0.023734137050363924,0.06255562197160784
refined,100000,0.75,601.0199511915373,0.023184666189860453,0.06097428859275366
refined,100000,0.75,630.9573444801937,0.02265012671497382,0.05942880075480952
refined,100000,0.9,0.1,1.0,1.0
refined,100000,0.9,0.10498109808656175,0.9956255585776218,1.0
refined,100000,0.9,0.11021030955460301,0.991077711253151,1.0
refined,100000,0.9,0.11569999317502112,0.98633700744114,1.0
refined,100000,0.9,0.12146312332121417,0.9814081233942035,1.0
refined,100000,0.9,0.1275133206328453,0.9762788002023189,1.0
refined,100000,0.9,0.13386488420699932,0.9709460834024902,1.0
refined,100000,0.9,0.14053282539281228,0.965406114281192,1.0
refined,100000,0.9,0.14753290326944482,0.9596472766898195,1.0
refined,100000,0.9,0.1548816618912481,0.9536753854563105,1.0
refined,100000,0.9,0.16259646938814815,0.9474691160804384,1.0
refined,100000,0.9,0.17069555901365815,0.9410452749598719,1.0
refined,100000,0.9,0.1791980722375334,0.9343717926514742,1.0
refined,100000,0.9,0.18812410398491272,0.9274778022405543,1.0
refined,100000,0.9,0.19749475012886664,0.9203194952055942,1.0
refined,100000,0.9,0.2073321573485955,0.9129396473603683,1.0
refined,100000,0.9,0.2176595754711136,0.9052817988926539,1.0
refined,100000,0.9,0.2285014124201237,0.8974032406312653,1.0
refined,100000,0.9,0.23988329190194904,0.8892352147591398,1.0
refined,100000,0.9,0.25183211396485844,0.8808435736374471,1.0
refined,100000,0.9,0.26437611857491,0.8721648804078269,1.0
refined,100000,0.9,0.277544952358571,0.8632562173437975,1.0
refined,100000,0.9,0.29136973866985255,0.8540663572308429,1.0
refined,100000,0.9,0.30588315114755654,0.8446426724042743,1.0
refined,100000,0.9,0.3211194909364823,0.8349474817818432,1.0
refined,100000,0.9,0.33711476775509625,0.8250176552141186,1.0
refined,100000,0.9,0.35390678500126244,0.814830198058682,1.0
refined,100000,0.9,0.37153522909717257,0.8044108874923935,1.0
refined,100000,0.9,0.39004176328463463,0.793752274550185,1.0
refined,100000,0.9,0.4094701260923973,0.7828687127764871,1.0
refined,100000,0.9,0.42986623470822766,0.7717687862961838,1.0
refined,100000,0.9,0.45127829350005433,0.7604554082824186,1.0
refined,100000,0.9,0.473756907942654,0.7489532201842208,1.0
refined,100000,0.9,0.49735520421913965,0.7372540404628373,1.0
refined,100000,0.9,0.5221289547799146,0.7253980444721623,1.0
refined,100000,0.9,0.5481367101558418,0.7133666992907995,1.0
refined,100000,0.9,0.5754399373371569,0.7012145752584467,1.0
refined,100000,0.9,0.6041031650451701,0.6889139444493615,1.0
refined,100000,0.9,0.6341941362400942,0.6765319782891784,1.0
refined,100000,0.9,0.6657839682254364,0.6640333114662471,1.0
refined,100000,0.9,0.6989473207273484,0.6514952694132443,1.0
refined,100000,0.9,0.7337625723461731,0.6388767626433622,1.0
refined,100000,0.9,0.7703120057972147,0.6262577283347682,1.0
refined,100000,0.9,0.8086820023785352,0.613607030612452,1.0
refined,100000,0.9,0.8489632461253815,0.6009909075195053,1.0
refined,100000,0.9,0.8912509381337457,0.5883928932707653,1.0
refined,100000,0.9,0.9356450215595893,0.5758651472154404,1.0
refined,100000,0.9,0.9822504178255043,0.5634035353069152,1.0
refined,100000,0.9,1.0311772745930554,0.5510439161787803,0.9994518050962766
refined,100000,0.9,1.0825412260868696,0.5387805523210895,0.9968014032535301
refined,100000,0.9,1.1364636663857248,0.5266419564818511,0.992136761505242
refined,100000,0.9,1.1930720363265337,0.514638984718732,0.9855818758411795
refined,100000,0.9,1.252500124699298,0.5027925492659879,0.9773896637801414
refined,100000,0.9,1.314888384444878,0.49111664093544927,0.9677264840594975
refined,100000,0.9,1.3803842646028852,0.4796245200646938,0.9567494659655061
refined,100000,0.9,1.449142558794219,0.4683303737263529,0.9446509860644567
refined,100000,0.9,1.5213257710618697,0.4572415626845445,0.9315199446373843
refined,100000,0.9,1.5971044999346033,0.4463701729785658,0.9175622460929512
refined,100000,0.9,1.6766578416212374,0.43571919919717017,0.902818310748497
refined,100000,0.9,1.7601738132884204,0.4252971566929555,0.8874973649796992
refined,100000,0.9,1.8478497974222907,0.41510391629145016,0.8716058400741657
refined,100000,0.9,1.9398930083242285,0.405143848501445,0.8553477234492809
refined,100000,0.9,2.036520981843212,0.395414630490834,0.8387062322613081
refined,100000,0.9,2.1379620895022327,0.38591673835311885,0.8218731276663327
refined,100000,0.9,2.244456078233844,0.3766463016172267,0.804816416615541
refined,100000,0.9,2.3562546370004687,0.36760074458688274,0.7877046039104946
refined,100000,0.9,2.473621991638621,0.3587751710701804,0.7705138126117679
refined,100000,0.9,2.5968355293329033,0.35016507125636276,0.7533695974206495
refined,100000,0.9,2.7261864541956613,0.3417648294878775,0.7362632749466695
refined,100000,0.9,2.861980475501707,0.33356918437255084,0.7192815904149626
refined,100000,0.9,3.004538530204693,0.3255721960488671,0.7024259292297491
refined,100000,0.9,3.1541975414427297,0.3177685863706257,0.6857535381664456
refined,100000,0.9,3.311311214825911,0.31015256816261966,0.669270857578913
refined,100000,0.9,3.476250874387709,0.30271917987832836,0.6530132797204474
refined,100000,0.9,3.649406340175921,0.29546316952212004,0.6369893297310663
refined,100000,0.9,3.831186849557289,0.28837995660256865,0.6212186246273323
refined,100000,0.9,4.022022024413192,0.28146501598038376,0.6057102967614675
refined,100000,0.9,4.22236288651233,0.2747140663015146,0.5904728426024983
refined,100000,0.9,4.432682923460089,0.2681233146276258,0.57551542708976
refined,100000,0.9,4.653479207743908,0.2616886461110772,0.5608388503017654
refined,100000,0.9,4.885273571519389,0.2554068889154744,0.5464521454577981
refined,100000,0.9,5.1286138399136485,0.24927397264307627,0.5323508444856958
refined,100000,0.9,5.384075125760731,0.24328720511592689,0.5185437830026749
refined,100000,0.9,5.652261188829045,0.23744247712517183,0.5050229021774241
refined,100000,0.9,5.933805862753281,0.2317374665419266,0.4917967457110484
refined,100000,0.9,6.229374553043173,0.22616798385304845,0.47885481362581245
refined,100000,0.9,6.539665809709571,0.22073202116838786,0.46620523378291046
refined,100000,0.9,6.865412978224548,0.21542529760434898,0.45383586464681436
refined,100000,0.9,7.207385932717452,0.21024603819268023,0.4417538237672627
refined,100000,0.9,7.566392895503165,0.2051900810652512,0.42994735978459053
refined,100000,0.9,7.943282347242818,0.20025564387360634,0.41842092487422483
refined,100000,0.9,8.338945032251527,0.19543888403662132,0.4071644812096734
refined,100000,0.9,8.754316063692443,0.19073789865487287,0.3961795679745509
refined,100000,0.9,9.190377133632595,0.18614920233316232,0.38545779976523303
refined,100000,0.9,9.648158833183777,0.18167078330272507,0.37499847784783585
refined,100000,0.9,10.128743088211932,0.17729950490725446,0.36479454542525885
refined,100000,0.9,10.633265716371616,0.17303325027174077,0.35484359641059293
refined,100000,0.9,11.162919111508824,0.16886922189506362,0.3451396538367841
refined,100000,0.9,11.718955061776631,0.16480519791833034,0.33567901844053183
refined,100000,0.9,12.30268770812381,0.16083871072069925,0.32645659890136164
refined,100000,0.9,12.91549665014884,0.1569674323242553,0.3174677257232007
refined,100000,0.9,13.558830206659357,0.15318921695851226,0.3087080404679833
refined,100000,0.9,14.234208838643415,0.14950162885103271,0.30017215583983514
refined,100000,0.9,14.943228742742294,0.145902837338591,0.2918563259782133
refined,100000,0.9,15.687565623717566,0.14239029665786876,0.28375464355957614
refined,100000,0.9,16.46897865482869,0.13896248547048368,0.2758638805618432
refined,100000,0.9,17.289314635480615,0.1356167452722537,0.268177764565421
refined,100000,0.9,17.78279410038923,0.13371678046699897,0.2638203909016221
refined,100000,0.9,18.15051235596819,0.13235185896052376,0.2606935106418795
refined,100000,0.9,19.054607179632484,0.129165052062172,0.25340460233316714
refined,100000,0.9,19.109529749704404,0.1289787954917045,0.25297911281200575
refined,100000,0.9,20.003735853259002,0.12605540718405855,0.24630863865643535
refined,100000,0.9,20.53525026457146,0.12440870223197065,0.24255799802757713
refined,100000,0.9,21.000141557086565,0.12302003030048525,0.23939895327900962
refined,100000,0.9,22.04617920636185,0.12005825171743126,0.23267339299282597
refined,100000,0.9,22.0673406908459,0.12000047853958166,0.2325423896576872
refined,100000,0.9,23.144321016969926,0.11716719796393181,0.2261254820935239
refined,100000,0.9,23.71373705661655,0.11574805622105404,0.22291754745079484
refined,100000,0.9,24.29716234829391,0.11434624220628031,0.2197529284132792
refined,100000,0.9,25.482967479793466,0.11164643648973745,0.21367063026563943
refined,100000,0.9,25.507427837113593,0.111592747428746,0.21354983697873756
refined,100000,0.9,26.777977837039188,0.1089059545142387,0.20751353073473186
refined,100000,0.9,27.384196342643612,0.10769031275777581,0.20478814377503746
refined,100000,0.9,28.11181517869986,0.10628351613978439,0.20163873265972151
refined,100000,0.9,29.42727176209282,0.10387442067841293,0.1962567354781777
refined,100000,0.9,29.51209226666387,0.1037245378508555,0.19592246703352253
refined,100000,0.9,30.982118529862987,0.10122695828447366,0.1903600075000723
refined,100000,0.9,31.622776601683793,0.10019348695766235,0.1880631938731413
refined,100000,0.9,32.5253682431303,0.09878974440134354,0.18494814917419047
refined,100000,0.9,33.982083289425596,0.09664322116194943,0.180195794347744
refined,100000,0.9,34.145488738336006,0.0964111174883527,0.17968265982201617
refined,100000,0.9,35.84630902452844,0.09408990253400616,0.17456016120528994
refined,100000,0.9,36.51741272548377,0.09321902169505582,0.17264244994980166
refined,100000,0.9,37.63184883745225,0.0918246005400418,0.16957686756230722
refined,100000,0.9,39.24189758484536,0.08991628368744935,0.16539124676609918
refined,100000,0.9,39.50632813983238,0.08961389103811948,0.1647292718823134
refined,100000,0.9,41.47417709487639,0.08745655214459706,0.16001399462027496
refined,100000,0.9,42.169650342858226,0.08673043315715363,0.1584305272751565
refined,100000,0.9,43.540046536566486,0.08535111438716639,0.1554274353390924
refined,100000,0.9,45.31583637600818,0.08365779740076225,0.15174982721671382
refined,100000,0.9,45.708818961487516,0.08329663069671298,0.15096658662858842
refined,100000,0.9,47.98562006816812,0.08129147901572602,0.14662778236634477
refined,100000,0.9,48.69675251658631,0.08069439024338755,0.14533848591344675
refined,100000,0.9,50.37583087120846,0.07933498505943276,0.1424083583682267
refined,100000,0.9,52.32991146814947,0.07783617875835697,0.13918601392009228
refined,100000,0.9,52.88510041882383,0.0774253705932273,0.1383046042965383
refined,100000,0.9,55.5193591438621,0.07556223232952042,0.13431417463198958
refined,100000,0.9,56.23413251903491,0.0750792040830939,0.13328223436869427
refined,100000,0.9,58.28483287984838,0.07374363227381125,0.13043333111636737
refined,100000,0.9,60.42963902381328,0.07242033055842226,0.12761794772569915
refined,100000,0.9,61.18805757518219,0.07196943656714831,0.12666002599702988
refined,100000,0.9,64.23589474026393,0.0702375438984912,0.12299050511638397
refined,100000,0.9,64.93816315762113,0.0698561084253075,0.12218385009201876
refined,100000,0.9,67.435547664057,0.06854805571138685,0.11942297348782036
refined,100000,0.9,69.78305848598663,0.06738299958317326,0.11697078872837091
refined,100000,0.9,70.79457843841381,0.06689880212353258,0.11595375113165202
refined,100000,0.9,74.32092583039913,0.0652899449272231,0.11258114134699417
refined,100000,0.9,74.98942093324558,0.06499758676668528,0.11196994843998831
refined,100000,0.9,78.02292404485208,0.0637195014474244,0.10930174422198846
refined,100000,0.9,80.58421877614818,0.06269720026474002,0.1071733272718709
refined,100000,0.9,81.90932242152977,0.062187465730180434,0.1061137813930043
refined,100000,0.9,85.98930611338423,0.0606921161079562,0.10301417548199336
refined,100000,0.9,86.59643233600653,0.060478857606255154,0.10257286678243316
refined,100000,0.9,90.27251779484578,0.05923327568632309,0.10000107874417154
refined,100000,0.9,93.0572040929699,0.058339448094433886,0.09816062952771423
refined,100000,0.9,94.76908045141592,0.05780948282069014,0.09707171655549737
refined,100000,0.9,99.4896213044336,0.05642038651970922,0.0942241811044738
refined,100000,0.9,100.0,0.056276032285388106,0.09392902518598104
refined,100000,0.9,104.44529692755633,0.0550647843304276,0.0914559833485358
refined,100000,0.9,107.46078283213176,0.05428634421169329,0.08987114763644644
refined,100000,0.9,109.64781961431851,0.05374214805999359,0.08876516222403504
refined,100000,0.9,115.10948505908407,0.052451533747888565,0.086149499377002
refined,100000,0.9,115.47819846894582,0.05236780857513833,0.08598005578198793
refined,100000,0.9,120.84320141681312,0.051192232961756234,0.08360698519695849
refined,100000,0.9,124.09377607517196,0.050517683515893815,0.08224889400266709
refined,100000,0.9,126.86251981032602,0.049963559644501485,0.08113565913468712
refined,100000,0.9,133.1816663571621,0.04876462216873254,0.07873346595539081
refined,100000,0.9,133.3521432163324,0.048733452415801605,0.07867115740076247
refined,100000,0.9,139.81557579172983,0.04759499187868515,0.07639869181185838
refined,100000,0.9,143.30125702369628,0.04701319892366055,0.07524092077436914
refined,100000,0.9,146.77992676220705,0.04645359109645354,0.0741292372579044
refined,100000,0.9,153.9926526059492,0.04535470293172526,0.07195223027120437
refined,100000,0.9,154.09117888561602,0.04534024812718261,0.0719236256289541
refined,100000,0.9,161.76661164864794,0.04425369650683231,0.06977971340068052
refined,100000,0.9,165.48170999431815,0.04375554090134475,0.0687991796721684
refined,100000,0.9,169.82436524617444,0.043194021094918995,0.0676962529789052
refined,100000,0.9,177.82794100389228,0.042213571900184134,0.06577621710517957
refined,100000,0.9,178.28348345396734,0.04215976404806759,0.06567105581001582
refined,100000,0.9,187.16395863694845,0.04115126637666315,0.06370309650570258
refined,100000,0.9,191.09529749704404,0.040727182317741334,0.062878283533593
refined,100000,0.9,196.4867789993468,0.0401668764330615,0.06179013961564263
refined,100000,0.9,205.3525026457146,0.039294462541212764,0.060100289277423516
refined,100000,0.9,206.27397818843016,0.03920717389579732,0.059931365732374176
refined,100000,0.9,216.54868736904876,0.03827036222947268,0.058124521263706874
refined,100000,0.9,220.673406908459,0.037913264151771715,0.057437153751367244
refined,100000,0.9,227.33518989206314,0.03735711259791439,0.056368898634084015
refined,100000,0.9,237.13737056616552,0.0365817817044081,0.05488415779157961
refined,100000,0.9,238.65897868585807,0.036465785234549124,0.05466240720614924
refined,100000,0.9,250.5468165065873,0.0355968551620764,0.05300427399271868
refined,100000,0.9,254.82967479793464,0.03529866386219903,0.05243700052103218
refined,100000,0.9,263.02679918953817,0.03474893440786931,0.051392623693766924
refined,100000,0.9,273.8419634264361,0.0340622732559309,0.05009134414004325
refined,100000,0.9,276.128422051113,0.03392229955473518,0.049826616768446824
refined,100000,0.9,289.88264959835425,0.033115814334898366,0.04830458769580214
refined,100000,0.9,294.2727176209282,0.03287070001151232,0.04784282142545061
refined,100000,0.9,304.32198871077225,0.03232955480109455,0.046825628556917104
refined,100000,0.9,316.22776601683796,0.031722439956538,0.045687438878526755
refined,100000,0.9,319.4805654674313,0.03156263619369313,0.04538827896419138
refined,100000,0.9,335.394205800866,0.03081493219414994,0.043991560228497005
refined,100000,0.9,352.1005201684521,0.030085809196079984,0.04263421325401015
refined,100000,0.9,369.6389924413366,0.029374936963477965,0.04131518572731153
refined,100000,0.9,388.0510732210183,0.028681932473139486,0.040033416704119404
refined,100000,0.9,407.380277804113,0.02800626037266921,0.03878777703043937
refined,100000,0.9,427.67228902684343,0.02734778737282858,0.037577401375120716
refined,100000,0.9,448.97506523231453,0.026705772212017004,0.03640108026143234
refined,100000,0.9,471.3389536157405,0.02608033013500453,0.03525814193630109
refined,100000,0.9,494.8168092155145,0.025470513650194468,0.03414729294767895
refined,100000,0.9,519.4641198313342,0.024876684905919755,0.033068053489256975
refined,100000,0.9,545.3391371646278,0.024297690405111202,0.03201904240770242
refined,100000,0.9,572.5030144912078,0.023734137050363924,0.03099997051285592
refined,100000,0.9,601.0199511915373,0.023184666189860453,0.03000936525175753
refined,100000,0.9,630.9573444801937,0.02265012671497382,0.029047126911662752
refined,100000,1.0,0.1,1.0,1.0
refined,100000,1.0,0.10498109808656175,0.9956255585776218,1.0
refined,100000,1.0,0.11021030955460301,0.991077711253151,1.0
refined,100000,1.0,0.11569999317502112,0.98633700744114,1.0
refined,100000,1.0,0.12146312332121417,0.9814081233942035,1.0
refined,100000,1.0,0.1275133206328453,0.9762788002023189,1.0
refined,100000,1.0,0.13386488420699932,0.9709460834024902,1.0
refined,100000,1.0,0.14053282539281228,0.965406114281192,1.0
refined,100000,1.0,0.14753290326944482,0.9596472766898195,1.0
refined,100000,1.0,0.1548816618912481,0.9536753854563105,1.0
refined,100000,1.0,0.16259646938814815,0.9474691160804384,1.0
refined,100000,1.0,0.17069555901365815,0.9410452749598719,1.0
refined,100000,1.0,0.1791980722375334,0.9343717926514742,1.0
refined,100000,1.0,0.18812410398491272,0.9274778022405543,1.0
refined,100000,1.0,0.19749475012886664,0.9203194952055942,1.0
refined,100000,1.0,0.2073321573485955,0.9129396473603683,1.0
refined,100000,1.0,0.2176595754711136,0.9052817988926539,1.0
refined,100000,1.0,0.2285014124201237,0.8974032406312653,1.0
refined,100000,1.0,0.23988329190194904,0.8892352147591398,1.0
refined,100000,1.0,0.25183211396485844,0.8808435736374471,1.0
refined,100000,1.0,0.26437611857491,0.8721648804078269,1.0
refined,100000,1.0,0.277544952358571,0.8632562173437975,1.0
refined,100000,1.0,0.29136973866985255,0.8540663572308429,1.0
refined,100000,1.0,0.30588315114755654,0.8446426724042743,1.0
refined,100000,1.0,0.3211194909364823,0.8349474817818432,1.0
refined,100000,1.0,0.33711476775509625,0.8250176552141186,1.0
refined,100000,1.0,0.35390678500126244,0.814830198058682,1.0
refined,100000,1.0,0.37153522909717257,0.8044108874923935,1.0
refined,100000,1.0,0.39004176328463463,0.793752274550185,1.0
refined,100000,1.0,0.4094701260923973,0.7828687127764871,1.0
refined,100000,1.0,0.42986623470822766,0.7717687862961838,1.0
refined,100000,1.0,0.45127829350005433,0.7604554082824186,1.0
refined,100000,1.0,0.473756907942654,0.7489532201842208,1.0
refined,100000,1.0,0.49735520421913965,0.7372540404628373,1.0
refined,100000,1.0,0.5221289547799146,0.7253980444721623,1.0
refined,100000,1.0,0.5481367101558418,0.7133666992907995,1.0
refined,100000,1.0,0.5754399373371569,0.7012145752584467,1.0
refined,100000,1.0,0.6041031650451701,0.6889139444493615,1.0
refined,100000,1.0,0.6341941362400942,0.6765319782891784,1.0
refined,100000,1.0,0.6657839682254364,0.6640333114662471,1.0
refined,100000,1.0,0.6989473207273484,0.6514952694132443,1.0
refined,100000,1.0,0.7337625723461731,0.6388767626433622,1.0
refined,100000,1.0,0.7703120057972147,0.6262577283347682,1.0
refined,100000,1.0,0.8086820023785352,0.613607030612452,1.0
refined,100000,1.0,0.8489632461253815,0.6009909075195053,1.0
refined,100000,1.0,0.8912509381337457,0.5883928932707653,1.0
refined,100000,1.0,0.9356450215595893,0.5758651472154404,1.0
refined,100000,1.0,0.9822504178255043,0.5634035353069152,1.0
refined,100000,1.0,1.0311772745930554,0.5510439161787803,0.9993683196303444
refined,100000,1.0,1.0825412260868696,0.5387805523210895,0.9963195944110217
refined,100000,1.0,1.1364636663857248,0.5266419564818511,0.990966501288401
refined,100000,1.0,1.1930720363265337,0.514638984718732,0.9834630719949485
refined,100000,1.0,1.252500124699298,0.5027925492659879,0.9741096116952557
refined,100000,1.0,1.314888384444878,0.49111664093544927,0.9631058147249554
refined,100000,1.0,1.3803842646028852,0.4796245200646938,0.9506400085465975
refined,100000,1.0,1.449142558794219,0.4683303737263529,0.9369383905519728
refined,100000,1.0,1.5213257710618697,0.4572415626845445,0.9221099411267883
refined,100000,1.0,1.5971044999346033,0.4463701729785658,0.9063930120662701
refined,100000,1.0,1.6766578416212374,0.43571919919717017,0.8898404037258155
refined,100000,1.0,1.7601738132884204,0.4252971566929555,0.8726910997450043
refined,100000,1.0,1.8478497974222907,0.41510391629145016,0.854958586187919
refined,100000,1.0,1.9398930083242285,0.405143848501445,0.836872969179351
refined,100000,1.0,2.036520981843212,0.395414630490834,0.8184208857079249
refined,100000,1.0,2.1379620895022327,0.38591673835311885,0.7998159495467564
refined,100000,1.0,2.244456078233844,0.3766463016172267,0.7810271724139171
refined,100000,1.0,2.3562546370004687,0.36760074458688274,0.7622399218419228
refined,100000,1.0,2.473621991638621,0.3587751710701804,0.7434310592103387
refined,100000,1.0,2.5968355293329033,0.35016507125636276,0.7247369792985027
refined,100000,1.0,2.7261864541956613,0.3417648294878775,0.7061499114717591
refined,100000,1.0,2.861980475501707,0.33356918437255084,0.6877626147567517
refined,100000,1.0,3.004538530204693,0.3255721960488671,0.669577053894189
refined,100000,1.0,3.1541975414427297,0.3177685863706257,0.65165311163725
refined,100000,1.0,3.311311214825911,0.31015256816261966,0.6339971353397557
refined,100000,1.0,3.476250874387709,0.30271917987832836,0.6166449192641299
refined,100000,1.0,3.649406340175921,0.29546316952212004,0.5996041493577061
refined,100000,1.0,3.831186849557289,0.28837995660256865,0.5828934742192339
refined,100000,1.0,4.022022024413192,0.28146501598038376,0.5665205249315761
refined,100000,1.0,4.22236288651233,0.2747140663015146,0.5504920754311557
refined,100000,1.0,4.432682923460089,0.2681233146276258,0.5348152747012624
refined,100000,1.0,4.653479207743908,0.2616886461110772,0.5194888585279116
refined,100000,1.0,4.885273571519389,0.2554068889154744,0.5045194750505396
refined,100000,1.0,5.1286138399136485,0.24927397264307627,0.48990050735254514
refined,100000,1.0,5.384075125760731,0.24328720511592689,0.4756381503168589
refined,100000,1.0,5.652261188829045,0.23744247712517183,0.46172226102135044
refined,100000,1.0,5.933805862753281,0.2317374665419266,0.4481585654965051
refined,100000,1.0,6.229374553043173,0.22616798385304845,0.43493462529025
refined,100000,1.0,6.539665809709571,0.22073202116838786,0.42205562871466007
refined,100000,1.0,6.865412978224548,0.21542529760434898,0.40950768224881984
refined,100000,1.0,7.207385932717452,0.21024603819268023,0.3972949223672931
refined,100000,1.0,7.566392895503165,0.2051900810652512,0.38540394037639913
refined,100000,1.0,7.943282347242818,0.20025564387360634,0.37383633780559034
refined,100000,1.0,8.338945032251527,0.19543888403662132,0.3625804147963374
refined,100000,1.0,8.754316063692443,0.19073789865487287,0.3516350901972456
refined,100000,1.0,9.190377133632595,0.18614920233316232,0.3409902978400504
refined,100000,1.0,9.648158833183777,0.18167078330272507,0.33064296306960206
refined,100000,1.0,10.128743088211932,0.17729950490725446,0.3205843413612911
refined,100000,1.0,10.633265716371616,0.17303325027174077,0.3108098978244329
refined,100000,1.0,11.162919111508824,0.16886922189506362,0.30131197267884263
refined,100000,1.0,11.718955061776631,0.16480519791833034,0.2920849796521375
refined,100000,1.0,12.30268770812381,0.16083871072069925,0.28312216046346006
refined,100000,1.0,12.91549665014884,0.1569674323242553,0.27441718991153
refined,100000,1.0,13.558830206659357,0.15318921695851226,0.26596406810925677
refined,100000,1.0,14.234208838643415,0.14950162885103271,0.25775596983109444
refined,100000,1.0,14.943228742742294,0.145902837338591,0.24978754157860708
refined,100000,1.0,15.687565623717566,0.14239029665786876,0.2420516407529171
refined,100000,1.0,16.46897865482869,0.13896248547048368,0.23454347242961077
refined,100000,1.0,17.289314635480615,0.1356167452722537,0.2272557158051761
refined,100000,1.0,17.78279410038923,0.13371678046699897,0.22313557121494446
refined,100000,1.0,18.15051235596819,0.13235185896052376,0.22018406535471297
refined,100000,1.0,19.054607179632484,0.129165052062172,0.2133211273598158
refined,100000,1.0,19.109529749704404,0.1289787954917045,0.212921244419011
refined,100000,1.0,20.003735853259002,0.12605540718405855,0.2066630308308686
refined,100000,1.0,20.53525026457146,0.12440870223197065,0.20315334623888617
refined,100000,1.0,21.000141557086565,0.12302003030048525,0.2002023879567623
refined,100000,1.0,22.04617920636185,0.12005825171743126,0.1939356442302476
refined,100000,1.0,22.0673406908459,0.12000047853958166,0.19381380242600846
refined,100000,1.0,23.144321016969926,0.11716719796393181,0.1878556985672467
refined,100000,1.0,23.71373705661655,0.11574805622105404,0.18488475818459263
refined,100000,1.0,24.29716234829391,0.11434624220628031,0.18195898800871213
refined,100000,1.0,25.482967479793466,0.11164643648973745,0.17635021256887254
refined,100000,1.0,25.507427837113593,0.111592747428746,0.17623901540304865
refined,100000,1.0,26.777977837039188,0.1089059545142387,0.17069200454454156
refined,100000,1.0,27.384196342643612,0.10769031275777581,0.16819388749079217
refined,100000,1.0,28.11181517869986,0.10628351613978439,0.16531208425504385
refined,100000,1.0,29.42727176209282,0.10387442067841293,0.16039988497110294
refined,100000,1.0,29.51209226666387,0.1037245378508555,0.1600953356344044
refined,100000,1.0,30.982118529862987,0.10122695828447366,0.15503644950505802
refined,100000,1.0,31.622776601683793,0.10019348695766235,0.1529526788314862
refined,100000,1.0,32.5253682431303,0.09878974440134354,0.15013141916789582
refined,100000,1.0,33.982083289425596,0.09664322116194943,0.14583820982935736
refined,100000,1.0,34.145488738336006,0.0964111174883527,0.14537544349909212
refined,100000,1.0,35.84630902452844,0.09408990253400616,0.14076447031342887
refined,100000,1.0,36.51741272548377,0.09321902169505582,0.13904235466875858
refined,100000,1.0,37.63184883745225,0.0918246005400418,0.13629416082681586
refined,100000,1.0,39.24189758484536,0.08991628368744935,0.13255135884103195
refined,100000,1.0,39.50632813983238,0.08961389103811948,0.1319604495585036
refined,100000,1.0,41.47417709487639,0.08745655214459706,0.1277594211444323
refined,100000,1.0,42.169650342858226,0.08673043315715363,0.1263518957630691
refined,100000,1.0,43.540046536566486,0.08535111438716639,0.12368702085173643
refined,100000,1.0,45.31583637600818,0.08365779740076225,0.12043182488761511
refined,100000,1.0,45.708818961487516,0.08329663069671298,0.11973972345100113
refined,100000,1.0,47.98562006816812,0.08129147901572602,0.1159135024436489
refined,100000,1.0,48.69675251658631,0.08069439024338755,0.1147790429952403
refined,100000,1.0,50.37583087120846,0.07933498505943276,0.1122051941433383
refined,100000,1.0,52.32991146814947,0.07783617875835697,0.10938177661395722
refined,100000,1.0,52.88510041882383,0.0774253705932273,0.10861081249869241
refined,100000,1.0,55.5193591438621,0.07556223232952042,0.10512753070190727
refined,100000,1.0,56.23413251903491,0.0750792040830939,0.10422868901835315
refined,100000,1.0,58.28483287984838,0.07374363227381125,0.10175141112632619
refined,100000,1.0,60.42963902381328,0.07242033055842226,0.09930941842213595
refined,100000,1.0,61.18805757518219,0.07196943656714831,0.09847994247704334
refined,100000,1.0,64.23589474026393,0.0702375438984912,0.0953092401348137
refined,100000,1.0,64.93816315762113,0.0698561084253075,0.09461368059657906
refined,100000,1.0,67.435547664057,0.06854805571138685,0.09223706726084438
refined,100000,1.0,69.78305848598663,0.06738299958317326,0.09013146986913936
refined,100000,1.0,70.79457843841381,0.06689880212353258,0.08925966153396428
refined,100000,1.0,74.32092583039913,0.0652899449272231,0.08637492902845306
refined,100000,1.0,74.98942093324558,0.06499758676668528,0.08585320491347044
refined,100000,1.0,78.02292404485208,0.0637195014474244,0.08357939559259804
refined,100000,1.0,80.58421877614818,0.06269720026474002,0.08177011549415608
refined,100000,1.0,81.90932242152977,0.062187465730180434,0.08087095706692465
refined,100000,1.0,85.98930611338423,0.0606921161079562,0.07824645908559806
refined,100000,1.0,86.59643233600653,0.060478857606255154,0.07787351614810464
refined,100000,1.0,90.27251779484578,0.05923327568632309,0.07570379283160089
refined,100000,1.0,93.0572040929699,0.058339448094433886,0.07415494473908525
refined,100000,1.0,94.76908045141592,0.05780948282069014,0.07324010423657881
refined,100000,1.0,99.4896213044336,0.05642038651970922,0.07085328318616384
refined,100000,1.0,100.0,0.056276032285388106,0.07060634371747075
refined,100000,1.0,104.44529692755633,0.0550647843304276,0.06854075876625494
refined,100000,1.0,107.46078283213176,0.05428634421169329,0.06722033558643792
refined,100000,1.0,109.64781961431851,0.05374214805999359,0.06630042111685874
refined,100000,1.0,115.10948505908407,0.052451533747888565,0.06412996738223865
refined,100000,1.0,115.47819846894582,0.05236780857513833,0.06398961780471184
refined,100000,1.0,120.84320141681312,0.051192232961756234,0.06202728803497175
refined,100000,1.0,124.09377607517196,0.050517683515893815,0.06090705614801567
refined,100000,1.0,126.86251981032602,0.049963559644501485,0.059990334981671944
refined,100000,1.0,133.1816663571621,0.04876462216873254,0.058016997907306515
refined,100000,1.0,133.3521432163324,0.048733452415801605,0.05796590141899985
refined,100000,1.0,139.81557579172983,0.04759499187868515,0.05610547177530781
refined,100000,1.0,143.30125702369628,0.04701319892366055,0.05515997709655369
refined,100000,1.0,146.77992676220705,0.04645359109645354,0.05425364339087397
refined,100000,1.0,153.9926526059492,0.04535470293172526,0.05248316408186636
refined,100000,1.0,154.09117888561602,0.04534024812718261,0.05245994047781549
refined,100000,1.0,161.76661164864794,0.04425369650683231,0.050722244084589835
refined,100000,1.0,165.48170999431815,0.04375554090134475,0.049929459074358744
refined,100000,1.0,169.82436524617444,0.043194021094918995,0.04903920564770741
refined,100000,1.0,177.82794100389228,0.042213571900184134,0.047493228651897264
refined,100000,1.0,178.28348345396734,0.04215976404806759,0.047408696953152175
refined,100000,1.0,187.16395863694845,0.04115126637666315,0.045829585208013834
refined,100000,1.0,191.09529749704404,0.040727182317741334,0.04516932217518809
refined,100000,1.0,196.4867789993468,0.0401668764330615,0.04429972893292909
refined,100000,1.0,205.3525026457146,0.039294462541212764,0.04295262639799968
refined,100000,1.0,206.27397818843016,0.03920717389579732,0.04281819529721209
refined,100000,1.0,216.54868736904876,0.03827036222947268,0.041382851699794755
refined,100000,1.0,220.673406908459,0.037913264151771715,0.04083809473144317
refined,100000,1.0,227.33518989206314,0.03735711259791439,0.03999288362114433
refined,100000,1.0,237.13737056616552,0.0365817817044081,0.038821041689143805
refined,100000,1.0,238.65897868585807,0.036465785234549124,0.03864631856277236
refined,100000,1.0,250.5468165065873,0.0355968551620764,0.037342308420043366
refined,100000,1.0,254.82967479793464,0.03529866386219903,0.03689718740253158
refined,100000,1.0,263.02679918953817,0.03474893440786931,0.036079083440079304
refined,100000,1.0,273.8419634264361,0.0340622732559309,0.035062269639391665
refined,100000,1.0,276.128422051113,0.03392229955473518,0.03485575901744211
refined,100000,1.0,289.88264959835425,0.033115814334898366,0.033670761870427744
refined,100000,1.0,294.2727176209282,0.03287070001151232,0.033312047192519685
refined,100000,1.0,304.32198871077225,0.03232955480109455,0.03252316763368564
refined,100000,1.0,316.22776601683796,0.031722439956538,0.03164263823149863
refined,100000,1.0,319.4805654674313,0.03156263619369313,0.0314115940089
refined,100000,1.0,335.394205800866,0.03081493219414994,0.030335073351813253
refined,100000,1.0,352.1005201684521,0.030085809196079984,0.029292409552563414
refined,100000,1.0,369.6389924413366,0.029374936963477965,0.02828258798473578
refined,100000,1.0,388.0510732210183,0.028681932473139486,0.027304594536868905
refined,100000,1.0,407.380277804113,0.02800626037266921,0.026357363782944395
refined,100000,1.0,427.67228902684343,0.02734778737282858,0.025440059940661095
refined,100000,1.0,448.97506523231453,0.026705772212017004,0.024551562919406526
refined,100000,1.0,471.3389536157405,0.02608033013500453,0.023691212035662584
refined,100000,1.0,494.8168092155145,0.025470513650194468,0.022857828686937264
refined,100000,1.0,519.4641198313342,0.024876684905919755,0.02205092441541456
refined,100000,1.0,545.3391371646278,0.024297690405111202,0.021269258342864635
refined,100000,1.0,572.5030144912078,0.023734137050363924,0.02051251163846931
refined,100000,1.0,601.0199511915373,0.023184666189860453,0.01977937753583531
refined,100000,1.0,630.9573444801937,0.02265012671497382,0.019069704420791204
refined,100000,1.1,0.1,1.0,1.0
refined,100000,1.1,0.10498109808656175,0.9956255585776218,1.0
refined,100000,1.1,0.11021030955460301,0.991077711253151,1.0
refined,100000,1.1,0.11569999317502112,0.98633700744114,1.0
refined,100000,1.1,0.12146312332121417,0.9814081233942035,1.0
refined,100000,1.1,0.1275133206328453,0.9762788002023189,1.0
refined,100000,1.1,0.13386488420699932,0.9709460834024902,1.0
refined,100000,1.1,0.14053282539281228,0.965406114281192,1.0
refined,100000,1.1,0.14753290326944482,0.9596472766898195,1.0
refined,100000,1.1,0.1548816618912481,0.9536753854563105,1.0
refined,100000,1.1,0.16259646938814815,0.9474691160804384,1.0
refined,100000,1.1,0.17069555901365815,0.9410452749598719,1.0
refined,100000,1.1,0.1791980722375334,0.9343717926514742,1.0
refined,100000,1.1,0.18812410398491272,0.9274778022405543,1.0
refined,100000,1.1,0.19749475012886664,0.9203194952055942,1.0
refined,100000,1.1,0.2073321573485955,0.9129396473603683,1.0
refined,100000,1.1,0.2176595754711136,0.9052817988926539,1.0
refined,100000,1.1,0.2285014124201237,0.8974032406312653,1.0
refined,100000,1.1,0.23988329190194904,0.8892352147591398,1.0
refined,100000,1.1,0.25183211396485844,0.8808435736374471,1.0
refined,100000,1.1,0.26437611857491,0.8721648804078269,1.0
refined,100000,1.1,0.277544952358571,0.8632562173437975,1.0
refined,100000,1.1,0.29136973866985255,0.8540663572308429,1.0
refined,100000,1.1,0.30588315114755654,0.8446426724042743,1.0
refined,100000,1.1,0.3211194909364823,0.8349474817818432,1.0
refined,100000,1.1,0.33711476775509625,0.8250176552141186,1.0
refined,100000,1.1,0.35390678500126244,0.814830198058682,1.0
refined,100000,1.1,0.37153522909717257,0.8044108874923935,1.0
refined,100000,1.1,0.39004176328463463,0.793752274550185,1.0
refined,100000,1.1,0.4094701260923973,0.7828687127764871,1.0
refined,100000,1.1,0.42986623470822766,0.7717687862961838,1.0
refined,100000,1.1,0.45127829350005433,0.7604554082824186,1.0
refined,100000,1.1,0.473756907942654,0.7489532201842208,1.0
refined,100000,1.1,0.49735520421913965,0.7372540404628373,1.0
refined,100000,1.1,0.5221289547799146,0.7253980444721623,1.0
refined,100000,1.1,0.5481367101558418,0.7133666992907995,1.0
refined,100000,1.1,0.5754399373371569,0.7012145752584467,1.0
refined,100000,1.1,0.6041031650451701,0.6889139444493615,1.0
refined,100000,1.1,0.6341941362400942,0.6765319782891784,1.0
refined,100000,1.1,0.6657839682254364,0.6640333114662471,1.0
refined,100000,1.1,0.6989473207273484,0.6514952694132443,1.0
refined,100000,1.1,0.7337625723461731,0.6388767626433622,1.0
refined,100000,1.1,0.7703120057972147,0.6262577283347682,1.0
refined,100000,1.1,0.8086820023785352,0.613607030612452,1.0
refined,100000,1.1,0.8489632461253815,0.6009909075195053,1.0
refined,100000,1.1,0.8912509381337457,0.5883928932707653,1.0
refined,100000,1.1,0.9356450215595893,0.5758651472154404,1.0
refined,100000,1.1,0.9822504178255043,0.5634035353069152,1.0
refined,100000,1.1,1.0311772745930554,0.5510439161787803,0.9992850592671342
refined,100000,1.1,1.0825412260868696,0.5387805523210895,0.9958404787490558
refined,100000,1.1,1.1364636663857248,0.5266419564818511,0.9898064744692843
refined,100000,1.1,1.1930720363265337,0.514638984718732,0.9813697617651336
refined,100000,1.1,1.252500124699298,0.5027925492659879,0.9708799302020024
refined,100000,1.1,1.314888384444878,0.49111664093544927,0.9585716257446543
refined,100000,1.1,1.3803842646028852,0.4796245200646938,0.9446657197400617
refined,100000,1.1,1.449142558794219,0.4683303737263529,0.9294228199028434
refined,100000,1.1,1.5213257710618697,0.4572415626845445,0.9129730362015708
refined,100000,1.1,1.5971044999346033,0.4463701729785658,0.8955868211240499
refined,100000,1.1,1.6766578416212374,0.43571919919717017,0.8773302405670458
refined,100000,1.1,1.7601738132884204,0.4252971566929555,0.8584708807531582
refined,100000,1.1,1.8478497974222907,0.41510391629145016,0.8390300748012658
refined,100000,1.1,1.9398930083242285,0.405143848501445,0.8192622320490219
refined,100000,1.1,2.036520981843212,0.395414630490834,0.7991581489643022
refined,100000,1.1,2.1379620895022327,0.38591673835311885,0.7789509725883412
refined,100000,1.1,2.244456078233844,0.3766463016172267,0.7586114329055268
refined,100000,1.1,2.3562546370004687,0.36760074458688274,0.738339198050044
refined,100000,1.1,2.473621991638621,0.3587751710701804,0.7181122691562424
refined,100000,1.1,2.5968355293329033,0.35016507125636276,0.6980755412860602
refined,100000,1.1,2.7261864541956613,0.3417648294878775,0.6782221398223672
refined,100000,1.1,2.861980475501707,0.33356918437255084,0.6586488482642758
refined,100000,1.1,3.004538530204693,0.3255721960488671,0.6393578664118165
refined,100000,1.1,3.1541975414427297,0.3177685863706257,0.6204100751196423
refined,100000,1.1,3.311311214825911,0.31015256816261966,0.6018111688623652
refined,100000,1.1,3.476250874387709,0.30271917987832836,0.5835960419099333
refined,100000,1.1,3.649406340175921,0.29546316952212004,0.5657708556840045
refined,100000,1.1,3.831186849557289,0.28837995660256865,0.5483522962423261
refined,100000,1.1,4.022022024413192,0.28146501598038376,0.5313457485531906
refined,100000,1.1,4.22236288651233,0.2747140663015146,0.5147555422618124
refined,100000,1.1,4.432682923460089,0.2681233146276258,0.49858604995137595
refined,100000,1.1,4.653479207743908,0.2616886461110772,0.4828334555420212
refined,100000,1.1,4.885273571519389,0.2554068889154744,0.4675012730671333
refined,100000,1.1,5.1286138399136485,0.24927397264307627,0.45258044645233725
refined,100000,1.1,5.384075125760731,0.24328720511592689,0.43807380819274166
refined,100000,1.1,5.652261188829045,0.23744247712517183,0.42396900499449836
refined,100000,1.1,5.933805862753281,0.2317374665419266,0.4102682605254197
refined,100000,1.1,6.229374553043173,0.22616798385304845,0.3969572070216452
refined,100000,1.1,6.539665809709571,0.22073202116838786,0.38403745152765906
refined,100000,1.1,6.865412978224548,0.21542529760434898,0.37149346903380687
refined,100000,1.1,7.207385932717452,0.21024603819268023,0.35932583849334093
refined,100000,1.1,7.566392895503165,0.2051900810652512,0.3475196493293109
refined,100000,1.1,7.943282347242818,0.20025564387360634,0.3360732054775341
refined,100000,1.1,8.338945032251527,0.19543888403662132,0.3249732797354889
refined,100000,1.1,8.754316063692443,0.19073789865487287,0.31421586699735155
refined,100000,1.1,9.190377133632595,0.18614920233316232,0.30378933003949554
refined,100000,1.1,9.648158833183777,0.18167078330272507,0.29368803460823617
refined,100000,1.1,10.128743088211932,0.17729950490725446,0.28390164010300173
refined,100000,1.1,10.633265716371616,0.17303325027174077,0.27442339896644996
refined,100000,1.1,11.162919111508824,0.16886922189506362,0.26524404721245476
refined,100000,1.1,11.718955061776631,0.16480519791833034,0.2563561102723359
refined,100000,1.1,12.30268770812381,0.16083871072069925,0.24775123206429928
refined,100000,1.1,12.91549665014884,0.1569674323242553,0.23942149825247566
refined,100000,1.1,13.558830206659357,0.15318921695851226,0.23135932975623438
refined,100000,1.1,14.234208838643415,0.14950162885103271,0.2235565852981466
refined,100000,1.1,14.943228742742294,0.145902837338591,0.21600636084796324
refined,100000,1.1,15.687565623717566,0.14239029665786876,0.20870044501813562
refined,100000,1.1,16.46897865482869,0.13896248547048368,0.20163252910386026
refined,100000,1.1,17.289314635480615,0.1356167452722537,0.19479444589946485
refined,100000,1.1,17.78279410038923,0.13371678046699897,0.19093835654000446
refined,100000,1.1,18.15051235596819,0.13235185896052376,0.1881804191549349
refined,100000,1.1,19.054607179632484,0.129165052062172,0.18178240761253686
refined,100000,1.1,19.109529749704404,0.1289787954917045,0.1814102478762839
refined,100000,1.1,20.003735853259002,0.12605540718405855,0.175595117322186
refined,100000,1.1,20.53525026457146,0.12440870223197065,0.1723417631491291
refined,100000,1.1,21.000141557086565,0.12302003030048525,0.169610689863208
refined,100000,1.1,22.04617920636185,0.12005825171743126,0.16382421798585806
refined,100000,1.1,22.0673406908459,0.12000047853958166,0.16371190864947271
refined,100000,1.1,23.144321016969926,0.11716719796393181,0.15822822928106112
refined,100000,1.1,23.71373705661655,0.11574805622105404,0.15550024526938386
refined,100000,1.1,24.29716234829391,0.11434624220628031,0.15281795624334094
refined,100000,1.1,25.482967479793466,0.11164643648973745,0.14768808047670245
refined,100000,1.1,25.507427837113593,0.111592747428746,0.14758653670982136
refined,100000,1.1,26.777977837039188,0.1089059545142387,0.14252918902026995
refined,100000,1.1,27.384196342643612,0.10769031275777581,0.14025687356657113
refined,100000,1.1,28.11181517869986,0.10628351613978439,0.13763966467829822
refined,100000,1.1,29.42727176209282,0.10387442067841293,0.13318871518034628
refined,100000,1.1,29.51209226666387,0.1037245378508555,0.13291321716909943
refined,100000,1.1,30.982118529862987,0.10122695828447366,0.12834415271293761
refined,100000,1.1,31.622776601683793,0.10019348695766235,0.1264663082583149
refined,100000,1.1,32.5253682431303,0.09878974440134354,0.12392779546210131
refined,100000,1.1,33.982083289425596,0.09664322116194943,0.12007374978826561
refined,100000,1.1,34.145488738336006,0.0964111174883527,0.11965895649146151
refined,100000,1.1,35.84630902452844,0.09408990253400616,0.11553305536302272
refined,100000,1.1,36.51741272548377,0.09321902169505582,0.11399540001320181
refined,100000,1.1,37.63184883745225,0.0918246005400418,0.11154536554249136
refined,100000,1.1,39.24189758484536,0.08991628368744935,0.10821618560193655
refined,100000,1.1,39.50632813983238,0.08961389103811948,0.10769141833048552
refined,100000,1.1,41.47417709487639,0.08745655214459706,0.10396691317726353
refined,100000,1.1,42.169650342858226,0.08673043315715363,0.10272162833465971
refined,100000,1.1,43.540046536566486,0.08535111438716639,0.10036750290561475
refined,100000,1.1,45.31583637600818,0.08365779740076225,0.09749838349823739
refined,100000,1.1,45.708818961487516,0.08329663069671298,0.0968892815324917
refined,100000,1.1,47.98562006816812,0.08129147901572602,0.09352802811889742
refined,100000,1.1,48.69675251658631,0.08069439024338755,0.09253339093670837
refined,100000,1.1,50.37583087120846,0.07933498505943276,0.09028020396245952
refined,100000,1.1,52.32991146814947,0.07783617875835697,0.08781407391452711
refined,100000,1.1,52.88510041882383,0.0774253705932273,0.08714171518079668
refined,100000,1.1,55.5193591438621,0.07556223232952042,0.08410936650839038
refined,100000,1.1,56.23413251903491,0.0750792040830939,0.08332840409459401
refined,100000,1.1,58.28483287984838,0.07374363227381125,0.08117918896642438
refined,100000,1.1,60.42963902381328,0.07242033055842226,0.07906528720277002
refined,100000,1.1,61.18805757518219,0.07196943656714831,0.07834830976708757
refined,100000,1.1,64.23589474026393,0.0702375438984912,0.07561288044324327
refined,100000,1.1,64.93816315762113,0.0698561084253075,0.07501389209093791
refined,100000,1.1,67.435547664057,0.06854805571138685,0.07297031537288429
refined,100000,1.1,69.78305848598663,0.06738299958317326,0.07116378496449324
refined,100000,1.1,70.79457843841381,0.06689880212353258,0.07041693090483594
refined,100000,1.1,74.32092583039913,0.0652899449272231,0.06795032552354519
refined,100000,1.1,74.98942093324558,0.06499758676668528,0.06750502647378288
refined,100000,1.1,78.02292404485208,0.0637195014474244,0.06556709864995754
refined,100000,1.1,80.58421877614818,0.06269720026474002,0.06402845397111016
refined,100000,1.1,81.90932242152977,0.062187465730180434,0.06326491230910775
refined,100000,1.1,85.98930611338423,0.0606921161079562,0.06104066857362847
refined,100000,1.1,86.59643233600653,0.060478857606255154,0.06072512847122595
refined,100000,1.1,90.27251779484578,0.05923327568632309,0.05889209057286085
refined,100000,1.1,93.0572040929699,0.058339448094433886,0.05758642623477962
refined,100000,1.1,94.76908045141592,0.05780948282069014,0.05681636500606609
refined,100000,1.1,99.4896213044336,0.05642038651970922,0.05481127238733171
refined,100000,1.1,100.0,0.056276032285388106,0.05460416733100462
refined,100000,1.1,104.44529692755633,0.0550647843304276,0.05287426803579701
refined,100000,1.1,107.46078283213176,0.05428634421169329,0.051770821163514606
refined,100000,1.1,109.64781961431851,0.05374214805999359,0.051003185168038555
refined,100000,1.1,115.10948505908407,0.052451533747888565,0.04919573347522751
refined,100000,1.1,115.47819846894582,0.05236780857513833,0.04907903614511835
refined,100000,1.1,120.84320141681312,0.051192232961756234,0.04744979348687272
refined,100000,1.1,124.09377607517196,0.050517683515893815,0.04652170079933097
refined,100000,1.1,126.86251981032602,0.049963559644501485,0.04576331656140905
refined,100000,1.1,133.1816663571621,0.04876462216873254,0.04413422464730678
refined,100000,1.1,133.3521432163324,0.048733452415801605,0.04409210491946356
refined,100000,1.1,139.81557579172983,0.04759499187868515,0.04256069942597019
refined,100000,1.1,143.30125702369628,0.04701319892366055,0.041784082470185106
refined,100000,1.1,146.77992676220705,0.04645359109645354,0.04104069802741187
refined,100000,1.1,153.9926526059492,0.04535470293172526,0.039591603144577145
refined,100000,1.1,154.09117888561602,0.04534024812718261,0.039572622314744746
refined,100000,1.1,161.76661164864794,0.04425369650683231,0.03815445814654664
refined,100000,1.1,165.48170999431815,0.04375554090134475,0.03750880957483867
refined,100000,1.1,169.82436524617444,0.043194021094918995,0.03678481849161582
refined,100000,1.1,177.82794100389228,0.042213571900184134,0.0355302130794866
refined,100000,1.1,178.28348345396734,0.04215976404806759,0.035461711370651856
refined,100000,1.1,187.16395863694845,0.04115126637666315,0.034183952725811886
refined,100000,1.1,191.09529749704404,0.040727182317741334,0.0336507807593883
refined,100000,1.1,196.4867789993468,0.0401668764330615,0.03294956614212993
refined,100000,1.1,205.3525026457146,0.039294462541212764,0.03186557653193435
refined,100000,1.1,206.27397818843016,0.03920717389579732,0.03175755612674315
refined,100000,1.1,216.54868736904876,0.03827036222947268,0.030605976603571478
refined,100000,1.1,220.673406908459,0.037913264151771715,0.030169777842856762
refined,100000,1.1,227.33518989206314,0.03735711259791439,0.029493953115917272
refined,100000,1.1,237.13737056616552,0.0365817817044081,0.028558908357048687
refined,100000,1.1,238.65897868585807,0.036465785234549124,0.028419689477584
refined,100000,1.1,250.5468165065873,0.0355968551620764,0.027382307536177472
refined,100000,1.1,254.82967479793464,0.03529866386219903,0.027028871733193054
refined,100000,1.1,263.02679918953817,0.03474893440786931,0.02638019406372615
refined,100000,1.1,273.8419634264361,0.0340622732559309,0.025575634994405926
refined,100000,1.1,276.128422051113,0.03392229955473518,0.025412462073519982
refined,100000,1.1,289.88264959835425,0.033115814334898366,0.024477675214583054
refined,100000,1.1,294.2727176209282,0.03287070001151232,0.024195226324902844
refined,100000,1.1,304.32198871077225,0.03232955480109455,0.023574932545415303
refined,100000,1.1,316.22776601683796,0.031722439956538,0.0228840071407267
refined,100000,1.1,319.4805654674313,0.03156263619369313,0.022702969154444027
refined,100000,1.1,335.394205800866,0.03081493219414994,0.02186086508843134
refined,100000,1.1,352.1005201684521,0.030085809196079984,0.0210475220054922
refined,100000,1.1,369.6389924413366,0.029374936963477965,0.020261995986929567
refined,100000,1.1,388.0510732210183,0.028681932473139486,0.019503350888265714
refined,100000,1.1,407.380277804113,0.02800626037266921,0.018770614010747443
refined,100000,1.1,427.67228902684343,0.02734778737282858,0.0180630074657732
refined,100000,1.1,448.97506523231453,0.026705772212017004,0.017379525132841283
refined,100000,1.1,471.3389536157405,0.02608033013500453,0.01671954380408287
refined,100000,1.1,494.8168092155145,0.025470513650194468,0.016082019501643986
refined,100000,1.1,519.4641198313342,0.024876684905919755,0.015466480426234082
refined,100000,1.1,545.3391371646278,0.024297690405111202,0.014871840547113031
refined,100000,1.1,572.5030144912078,0.023734137050363924,0.014297776440641041
refined,100000,1.1,601.0199511915373,0.023184666189860453,0.013743156103818465
refined,100000,1.1,630.9573444801937,0.02265012671497382,0.013207801629522488
refined,100000,1.5,0.1,1.0,1.0
refined,100000,1.5,0.10498109808656175,0.9956255585776218,1.0
refined,100000,1.5,0.11021030955460301,0.991077711253151,1.0
refined,100000,1.5,0.11569999317502112,0.98633700744114,1.0
refined,100000,1.5,0.12146312332121417,0.9814081233942035,1.0
refined,100000,1.5,0.1275133206328453,0.9762788002023189,1.0
refined,100000,1.5,0.13386488420699932,0.9709460834024902,1.0
refined,100000,1.5,0.14053282539281228,0.965406114281192,1.0
refined,100000,1.5,0.14753290326944482,0.9596472766898195,1.0
refined,100000,1.5,0.1548816618912481,0.9536753854563105,1.0
refined,100000,1.5,0.16259646938814815,0.9474691160804384,1.0
refined,100000,1.5,0.17069555901365815,0.9410452749598719,1.0
refined,100000,1.5,0.1791980722375334,0.9343717926514742,1.0
refined,100000,1.5,0.18812410398491272,0.9274778022405543,1.0
refined,100000,1.5,0.19749475012886664,0.9203194952055942,1.0
refined,100000,1.5,0.2073321573485955,0.9129396473603683,1.0
refined,100000,1.5,0.2176595754711136,0.9052817988926539,1.0
refined,100000,1.5,0.2285014124201237,0.8974032406312653,1.0
refined,100000,1.5,0.23988329190194904,0.8892352147591398,1.0
refined,100000,1.5,0.25183211396485844,0.8808435736374471,1.0
refined,100000,1.5,0.26437611857491,0.8721648804078269,1.0
refined,100000,1.5,0.277544952358571,0.8632562173437975,1.0
refined,100000,1.5,0.29136973866985255,0.8540663572308429,1.0
refined,100000,1.5,0.30588315114755654,0.8446426724042743,1.0
refined,100000,1.5,0.3211194909364823,0.8349474817818432,1.0
refined,100000,1.5,0.33711476775509625,0.8250176552141186,1.0
refined,100000,1.5,0.35390678500126244,0.814830198058682,1.0
refined,100000,1.5,0.37153522909717257,0.8044108874923935,1.0
refined,100000,1.5,0.39004176328463463,0.793752274550185,1.0
refined,100000,1.5,0.4094701260923973,0.7828687127764871,1.0
refined,100000,1.5,0.42986623470822766,0.7717687862961838,1.0
refined,100000,1.5,0.45127829350005433,0.7604554082824186,1.0
refined,100000,1.5,0.473756907942654,0.7489532201842208,1.0
refined,100000,1.5,0.49735520421913965,0.7372540404628373,1.0
refined,100000,1.5,0.5221289547799146,0.7253980444721623,1.0
refined,100000,1.5,0.5481367101558418,0.7133666992907995,1.0
refined,100000,1.5,0.5754399373371569,0.7012145752584467,1.0
refined,100000,1.5,0.6041031650451701,0.6889139444493615,1.0
refined,100000,1.5,0.6341941362400942,0.6765319782891784,1.0
refined,100000,1.5,0.6657839682254364,0.6640333114662471,1.0
refined,100000,1.5,0.6989473207273484,0.6514952694132443,1.0
refined,100000,1.5,0.7337625723461731,0.6388767626433622,1.0
refined,100000,1.5,0.7703120057972147,0.6262577283347682,1.0
refined,100000,1.5,0.8086820023785352,0.613607030612452,1.0
refined,100000,1.5,0.8489632461253815,0.6009909075195053,1.0
refined,100000,1.5,0.8912509381337457,0.5883928932707653,1.0
refined,100000,1.5,0.9356450215595893,0.5758651472154404,1.0
refined,100000,1.5,0.9822504178255043,0.5634035353069152,1.0
refined,100000,1.5,1.0311772745930554,0.5510439161787803,0.9989542538116253
refined,100000,1.5,1.0825412260868696,0.5387805523210895,0.9939506095883085
refined,100000,1.5,1.1364636663857248,0.5266419564818511,0.9852667088860976
refined,100000,1.5,1.1930720363265337,0.514638984718732,0.9732446763621095
refined,100000,1.5,1.252500124699298,0.5027925492659879,0.9584478998348389
refined,100000,1.5,1.314888384444878,0.49111664093544927,0.941264254211418
refined,100000,1.5,1.3803842646028852,0.4796245200646938,0.9220551356155057
refined,100000,1.5,1.449142558794219,0.4683303737263529,0.9012217071803611
refined,100000,1.5,1.5213257710618697,0.4572415626845445,0.8789854984229027
refined,100000,1.5,1.5971044999346033,0.4463701729785658,0.8557392228200236
refined,100000,1.5,1.6766578416212374,0.43571919919717017,0.8316070323099684
refined,100000,1.5,1.7601738132884204,0.4252971566929555,0.8069574190433948
refined,100000,1.5,1.8478497974222907,0.41510391629145016,0.7818471651987445
refined,100000,1.5,1.9398930083242285,0.405143848501445,0.7566087868630618
refined,100000,1.5,2.036520981843212,0.395414630490834,0.7312533876768332
refined,100000,1.5,2.1379620895022327,0.38591673835311885,0.7060692869803572
refined,100000,1.5,2.244456078233844,0.3766463016172267,0.6810377483931552
refined,100000,1.5,2.3562546370004687,0.36760074458688274,0.6563913515420539
refined,100000,1.5,2.473621991638621,0.3587751710701804,0.6321139901074028
refined,100000,1.5,2.5968355293329033,0.35016507125636276,0.6083630410521463
refined,100000,1.5,2.7261864541956613,0.3417648294878775,0.5851334806122112
refined,100000,1.5,2.861980475501707,0.33356918437255084,0.5625204780750437
refined,100000,1.5,3.004538530204693,0.3255721960488671,0.5405232702421658
refined,100000,1.5,3.1541975414427297,0.3177685863706257,0.5191927149289934
refined,100000,1.5,3.311311214825911,0.31015256816261966,0.49852681981750335
refined,100000,1.5,3.476250874387709,0.30271917987832836,0.4785462774751711
refined,100000,1.5,3.649406340175921,0.29546316952212004,0.45924564948190616
refined,100000,1.5,3.831186849557289,0.28837995660256865,0.4406261851959535
refined,100000,1.5,4.022022024413192,0.28146501598038376,0.42267885217336143
refined,100000,1.5,4.22236288651233,0.2747140663015146,0.40539317760398463
refined,100000,1.5,4.432682923460089,0.2681233146276258,0.388757350673081
refined,100000,1.5,4.653479207743908,0.2616886461110772,0.3727544278562882
refined,100000,1.5,4.885273571519389,0.2554068889154744,0.3573708034516402
refined,100000,1.5,5.1286138399136485,0.24927397264307627,0.3425864305611123
refined,100000,1.5,5.384075125760731,0.24328720511592689,0.32838665609484874
refined,100000,1.5,5.652261188829045,0.23744247712517183,0.3147503738296345
refined,100000,1.5,5.933805862753281,0.2317374665419266,0.30166231945442323
refined,100000,1.5,6.229374553043173,0.22616798385304845,0.28910151679510127
refined,100000,1.5,6.539665809709571,0.22073202116838786,0.2770523179207708
refined,100000,1.5,6.865412978224548,0.21542529760434898,0.2654945530919446
refined,100000,1.5,7.207385932717452,0.21024603819268023,0.25441227867139377
refined,100000,1.5,7.566392895503165,0.2051900810652512,0.24378670157770607
refined,100000,1.5,7.943282347242818,0.20025564387360634,0.2336016024256234
refined,100000,1.5,8.338945032251527,0.19543888403662132,0.2238396610963134
refined,100000,1.5,8.754316063692443,0.19073789865487287,0.21448479775327334
refined,100000,1.5,9.190377133632595,0.18614920233316232,0.20552097119787563
refined,100000,1.5,9.648158833183777,0.18167078330272507,0.19693267049274285
refined,100000,1.5,10.128743088211932,0.17729950490725446,0.18870495322858427
refined,100000,1.5,10.633265716371616,0.17303325027174077,0.1808231456605915
refined,100000,1.5,11.162919111508824,0.16886922189506362,0.173273278020754
refined,100000,1.5,11.718955061776631,0.16480519791833034,0.16604166277527366
refined,100000,1.5,12.30268770812381,0.16083871072069925,0.15911521000863757
refined,100000,1.5,12.91549665014884,0.1569674323242553,0.15248128409655667
refined,100000,1.5,13.558830206659357,0.15318921695851226,0.14612760466138364
refined,100000,1.5,14.234208838643415,0.14950162885103271,0.1400425979640568
refined,100000,1.5,14.943228742742294,0.145902837338591,0.1342147389134965
refined,100000,1.5,15.687565623717566,0.14239029665786876,0.1286334892699574
refined,100000,1.5,16.46897865482869,0.13896248547048368,0.12328803628256864
refined,100000,1.5,17.289314635480615,0.1356167452722537,0.11816882764303414
refined,100000,1.5,17.78279410038923,0.13371678046699897,0.11530447529544087
refined,100000,1.5,18.15051235596819,0.13235185896052376,0.11326572758003334
refined,100000,1.5,19.054607179632484,0.129165052062172,0.10857010609696609
refined,100000,1.5,19.109529749704404,0.1289787954917045,0.10829837066435279
refined,100000,1.5,20.003735853259002,0.12605540718405855,0.10407247395958713
refined,100000,1.5,20.53525026457146,0.12440870223197065,0.10172569011856494
refined,100000,1.5,21.000141557086565,0.12302003030048525,0.09976505227318096
refined,100000,1.5,22.04617920636185,0.12005825171743126,0.09563900018248334
refined,100000,1.5,22.0673406908459,0.12000047853958166,0.09555936472270372
refined,100000,1.5,23.144321016969926,0.11716719796393181,0.09168722825942158
refined,100000,1.5,23.71373705661655,0.11574805622105404,0.08977411359087953
refined,100000,1.5,24.29716234829391,0.11434624220628031,0.08790163361235916
refined,100000,1.5,25.482967479793466,0.11164643648973745,0.08434570449041158
refined,100000,1.5,25.507427837113593,0.111592747428746,0.0842756306234934
refined,100000,1.5,26.777977837039188,0.1089059545142387,0.08080190205424824
refined,100000,1.5,27.384196342643612,0.10769031275777581,0.07925170919528725
refined,100000,1.5,28.11181517869986,0.10628351613978439,0.0774742988533896
refined,100000,1.5,29.42727176209282,0.10387442067841293,0.07447116601997351
refined,100000,1.5,29.51209226666387,0.1037245378508555,0.07428622328674303
refined,100000,1.5,30.982118529862987,0.10122695828447366,0.07123193773466246
refined,100000,1.5,31.622776601683793,0.10019348695766235,0.06998449261353702
refined,100000,1.5,32.5253682431303,0.09878974440134354,0.06830549833750088
refined,100000,1.5,33.982083289425596,0.09664322116194943,0.06577298855883632
refined,100000,1.5,34.145488738336006,0.0964111174883527,0.06550155723501568
refined,100000,1.5,35.84630902452844,0.09408990253400616,0.06281476088394077
refined,100000,1.5,36.51741272548377,0.09321902169505582,0.06181935755583298
refined,100000,1.5,37.63184883745225,0.0918246005400418,0.06024013203882926
refined,100000,1.5,39.24189758484536,0.08991628368744935,0.05810745152429114
refined,100000,1.5,39.50632813983238,0.08961389103811948,0.05777284699594895
refined,100000,1.5,41.47417709487639,0.08745655214459706,0.055408281835298924
refined,100000,1.5,42.169650342858226,0.08673043315715363,0.054622166496652656
refined,100000,1.5,43.540046536566486,0.08535111438716639,0.05314208591007176
refined,100000,1.5,45.31583637600818,0.08365779740076225,0.05134914341691636
refined,100000,1.5,45.708818961487516,0.08329663069671298,0.05096997271314366
refined,100000,1.5,47.98562006816812,0.08129147901572602,0.048888011892134674
refined,100000,1.5,48.69675251658631,0.08069439024338755,0.04827508630539359
refined,100000,1.5,50.37583087120846,0.07933498505943276,0.04689223948116985
refined,100000,1.5,52.32991146814947,0.07783617875835697,0.045387582018513256
refined,100000,1.5,52.88510041882383,0.0774253705932273,0.044979096800452756
refined,100000,1.5,55.5193591438621,0.07556223232952042,0.04314492836342207
refined,100000,1.5,56.23413251903491,0.0750792040830939,0.042675002846363636
refined,100000,1.5,58.28483287984838,0.07374363227381125,0.041386502657831975
refined,100000,1.5,60.42963902381328,0.07242033055842226,0.04012635031552851
refined,100000,1.5,61.18805757518219,0.07196943656714831,0.03970045926918758
refined,100000,1.5,64.23589474026393,0.0702375438984912,0.038083853341767164
refined,100000,1.5,64.93816315762113,0.0698561084253075,0.03773141507340535
refined,100000,1.5,67.435547664057,0.06854805571138685,0.03653360963409891
refined,100000,1.5,69.78305848598663,0.06738299958317326,0.035480656469622125
refined,100000,1.5,70.79457843841381,0.06689880212353258,0.03504702438135457
refined,100000,1.5,74.32092583039913,0.0652899449272231,0.03362130659380233
refined,100000,1.5,74.98942093324558,0.06499758676668528,0.03336512687719599
refined,100000,1.5,78.02292404485208,0.0637195014474244,0.032253949785311264
refined,100000,1.5,80.58421877614818,0.06269720026474002,0.0313764089754526
refined,100000,1.5,81.90932242152977,0.062187465730180434,0.030942437199277088
refined,100000,1.5,85.98930611338423,0.0606921161079562,0.029684444801591745
refined,100000,1.5,86.59643233600653,0.060478857606255154,0.029506661771349432
refined,100000,1.5,90.27251779484578,0.05923327568632309,0.028477695935000942
refined,100000,1.5,93.0572040929699,0.058339448094433886,0.027748543267975795
refined,100000,1.5,94.76908045141592,0.05780948282069014,0.02732004351263047
refined,100000,1.5,99.4896213044336,0.05642038651970922,0.026209420116607412
refined,100000,1.5,100.0,0.056276032285388106,0.026095165146336682
refined,100000,1.5,104.44529692755633,0.0550647843304276,0.025143850191883026
refined,100000,1.5,107.46078283213176,0.05428634421169329,0.024540084395538595
refined,100000,1.5,109.64781961431851,0.05374214805999359,0.024121447733275642
refined,100000,1.5,115.10948505908407,0.052451533747888565,0.023140403380996436
refined,100000,1.5,115.47819846894582,0.05236780857513833,0.023077272484859565
refined,100000,1.5,120.84320141681312,0.051192232961756234,0.022198987507375346
refined,100000,1.5,124.09377607517196,0.050517683515893815,0.02170106669473904
refined,100000,1.5,126.86251981032602,0.049963559644501485,0.02129555168933122
refined,100000,1.5,133.1816663571621,0.04876462216873254,0.020428500196539388
refined,100000,1.5,133.3521432163324,0.048733452415801605,0.020406159437037132
refined,100000,1.5,139.81557579172983,0.04759499187868515,0.019596340367201422
refined,100000,1.5,143.30125702369628,0.04701319892366055,0.019187615261047675
refined,100000,1.5,146.77992676220705,0.04645359109645354,0.018797590216382346
refined,100000,1.5,153.9926526059492,0.04535470293172526,0.01804079179889712
refined,100000,1.5,154.09117888561602,0.04534024812718261,0.018030907760051514
refined,100000,1.5,161.76661164864794,0.04425369650683231,0.017294906720597848
refined,100000,1.5,165.48170999431815,0.04375554090134475,0.016961308394495948
refined,100000,1.5,169.82436524617444,0.043194021094918995,0.01658839081112784
refined,100000,1.5,177.82794100389228,0.042213571900184134,0.015945071552562855
refined,100000,1.5,178.28348345396734,0.04215976404806759,0.01591005333689383
refined,100000,1.5,187.16395863694845,0.04115126637666315,0.015258838842355309
refined,100000,1.5,191.09529749704404,0.040727182317741334,0.01498829673404415
refined,100000,1.5,196.4867789993468,0.0401668764330615,0.014633505819200863
refined,100000,1.5,205.3525026457146,0.039294462541212764,0.014087402326950068
refined,100000,1.5,206.27397818843016,0.03920717389579732,0.014033132637056632
refined,100000,1.5,216.54868736904876,0.03827036222947268,0.013456536936041912
refined,100000,1.5,220.673406908459,0.037913264151771715,0.013238987072606059
refined,100000,1.5,227.33518989206314,0.03735711259791439,0.012902905558128404
refined,100000,1.5,237.13737056616552,0.0365817817044081,0.012439891488966636
refined,100000,1.5,238.65897868585807,0.036465785234549124,0.012371147970226494
refined,100000,1.5,250.5468165065873,0.0355968551620764,0.011860511184441465
refined,100000,1.5,254.82967479793464,0.03529866386219903,0.011687210292863555
refined,100000,1.5,263.02679918953817,0.03474893440786931,0.01137000625579192
refined,100000,1.5,273.8419634264361,0.0340622732559309,0.010978174765208203
refined,100000,1.5,276.128422051113,0.03392229955473518,0.010898928363826261
refined,100000,1.5,289.88264959835425,0.033115814334898366,0.010446388224923551
refined,100000,1.5,294.2727176209282,0.03287070001151232,0.010310132818282615
refined,100000,1.5,304.32198871077225,0.03232955480109455,0.010011718460362534
refined,100000,1.5,316.22776601683796,0.031722439956538,0.009680645339187189
refined,100000,1.5,319.4805654674313,0.03156263619369313,0.009594127481168512
refined,100000,1.5,335.394205800866,0.03081493219414994,0.009192975774261286
refined,100000,1.5,352.1005201684521,0.030085809196079984,0.008807567456049001
refined,100000,1.5,369.6389924413366,0.029374936963477965,0.008437282338086103
refined,100000,1.5,388.0510732210183,0.028681932473139486,0.008081518244244069
refined,100000,1.5,407.380277804113,0.02800626037266921,0.007739666702459197
refined,100000,1.5,427.67228902684343,0.02734778737282858,0.0074112172477655575
refined,100000,1.5,448.97506523231453,0.026705772212017004,0.0070955663582358405
refined,100000,1.5,471.3389536157405,0.02608033013500453,0.006792293291967156
refined,100000,1.5,494.8168092155145,0.025470513650194468,0.006500793473156408
refined,100000,1.5,519.4641198313342,0.024876684905919755,0.006220733905890082
refined,100000,1.5,545.3391371646278,0.024297690405111202,0.005951503649334826
refined,100000,1.5,572.5030144912078,0.023734137050363924,0.0056928554865223234
refined,100000,1.5,601.0199511915373,0.023184666189860453,0.005444167433788918
refined,100000,1.5,630.9573444801937,0.02265012671497382,0.00520527609120445
refined,100000,2.5,0.1,1.0,1.0
refined,100000,2.5,0.10498109808656175,0.9956255585776218,1.0
refined,100000,2.5,0.11021030955460301,0.991077711253151,1.0
refined,100000,2.5,0.11569999317502112,0.98633700744114,1.0
refined,100000,2.5,0.12146312332121417,0.9814081233942035,1.0
refined,100000,2.5,0.1275133206328453,0.9762788002023189,1.0
refined,100000,2.5,0.13386488420699932,0.9709460834024902,1.0
refined,100000,2.5,0.14053282539281228,0.965406114281192,1.0
refined,100000,2.5,0.14753290326944482,0.9596472766898195,1.0
refined,100000,2.5,0.1548816618912481,0.9536753854563105,1.0
refined,100000,2.5,0.16259646938814815,0.9474691160804384,1.0
refined,100000,2.5,0.17069555901365815,0.9410452749598719,1.0
refined,100000,2.5,0.1791980722375334,0.9343717926514742,1.0
refined,100000,2.5,0.18812410398491272,0.9274778022405543,1.0
refined,100000,2.5,0.19749475012886664,0.9203194952055942,1.0
refined,100000,2.5,0.2073321573485955,0.9129396473603683,1.0
refined,100000,2.5,0.2176595754711136,0.9052817988926539,1.0
refined,100000,2.5,0.2285014124201237,0.8974032406312653,1.0
refined,100000,2.5,0.23988329190194904,0.8892352147591398,1.0
refined,100000,2.5,0.25183211396485844,0.8808435736374471,1.0
refined,100000,2.5,0.26437611857491,0.8721648804078269,1.0
refined,100000,2.5,0.277544952358571,0.8632562173437975,1.0
refined,100000,2.5,0.29136973866985255,0.8540663572308429,1.0
refined,100000,2.5,0.30588315114755654,0.8446426724042743,1.0
refined,100000,2.5,0.3211194909364823,0.8349474817818432,1.0
refined,100000,2.5,0.33711476775509625,0.8250176552141186,1.0
refined,100000,2.5,0.35390678500126244,0.814830198058682,1.0
refined,100000,2.5,0.37153522909717257,0.8044108874923935,1.0
refined,100000,2.5,0.39004176328463463,0.793752274550185,1.0
refined,100000,2.5,0.4094701260923973,0.7828687127764871,1.0
refined,100000,2.5,0.42986623470822766,0.7717687862961838,1.0
refined,100000,2.5,0.45127829350005433,0.7604554082824186,1.0
refined,100000,2.5,0.473756907942654,0.7489532201842208,1.0
refined,100000,2.5,0.49735520421913965,0.7372540404628373,1.0
refined,100000,2.5,0.5221289547799146,0.7253980444721623,1.0
refined,100000,2.5,0.5481367101558418,0.7133666992907995,1.0
refined,100000,2.5,0.5754399373371569,0.7012145752584467,1.0
refined,100000,2.5,0.6041031650451701,0.6889139444493615,1.0
refined,100000,2.5,0.6341941362400942,0.6765319782891784,1.0
refined,100000,2.5,0.6657839682254364,0.6640333114662471,1.0
refined,100000,2.5,0.6989473207273484,0.6514952694132443,1.0
refined,100000,2.5,0.7337625723461731,0.6388767626433622,1.0
refined,100000,2.5,0.7703120057972147,0.6262577283347682,1.0
refined,100000,2.5,0.8086820023785352,0.613607030612452,1.0
refined,100000,2.5,0.8489632461253815,0.6009909075195053,1.0
refined,100000,2.5,0.8912509381337457,0.5883928932707653,1.0
refined,100000,2.5,0.9356450215595893,0.5758651472154404,1.0
refined,100000,2.5,0.9822504178255043,0.5634035353069152,1.0
refined,100000,2.5,1.0311772745930554,0.5510439161787803,0.998142632939259
refined,100000,2.5,1.0825412260868696,0.5387805523210895,0.9894063261908417
refined,100000,2.5,1.1364636663857248,0.5266419564818511,0.9745862345834416
refined,100000,2.5,1.1930720363265337,0.514638984718732,0.9545569325609788
refined,100000,2.5,1.252500124699298,0.5027925492659879,0.930497724911947
refined,100000,2.5,1.314888384444878,0.49111664093544927,0.9032337141134542
refined,100000,2.5,1.3803842646028852,0.4796245200646938,0.8735069082830388
refined,100000,2.5,1.449142558794219,0.4683303737263529,0.8420521213687117
refined,100000,2.5,1.5213257710618697,0.4572415626845445,0.8093225342115287
refined,100000,2.5,1.5971044999346033,0.4463701729785658,0.7759457899531884
refined,100000,2.5,1.6766578416212374,0.43571919919717017,0.7421827775718285
refined,100000,2.5,1.7601738132884204,0.4252971566929555,0.7085478535796746
refined,100000,2.5,1.8478497974222907,0.41510391629145016,0.6751749171340637
refined,100000,2.5,1.9398930083242285,0.405143848501445,0.6424648263371937
refined,100000,2.5,2.036520981843212,0.395414630490834,0.610469925864901
refined,100000,2.5,2.1379620895022327,0.38591673835311885,0.5794819385245245
refined,100000,2.5,2.244456078233844,0.3766463016172267,0.5495036496169452
refined,100000,2.5,2.3562546370004687,0.36760074458688274,0.5207220416093903
refined,100000,2.5,2.473621991638621,0.3587751710701804,0.49312583584875563
refined,100000,2.5,2.5968355293329033,0.35016507125636276,0.46680092589214417
refined,100000,2.5,2.7261864541956613,0.3417648294878775,0.4417298967734373
refined,100000,2.5,2.861980475501707,0.33356918437255084,0.41792858286393586
refined,100000,2.5,3.004538530204693,0.3255721960488671,0.3953694311328166
refined,100000,2.5,3.1541975414427297,0.3177685863706257,0.3740269222771866
refined,100000,2.5,3.311311214825911,0.31015256816261966,0.3538623548588053
refined,100000,2.5,3.476250874387709,0.30271917987832836,0.3348293802985268
refined,100000,2.5,3.649406340175921,0.29546316952212004,0.31688042071423084
refined,100000,2.5,3.831186849557289,0.28837995660256865,0.2999619629123841
refined,100000,2.5,4.022022024413192,0.28146501598038376,0.28402115040129755
refined,100000,2.5,4.22236288651233,0.2747140663015146,0.2690055360286015
refined,100000,2.5,4.432682923460089,0.2681233146276258,0.2548604456900968
refined,100000,2.5,4.653479207743908,0.2616886461110772,0.2415387569836488
refined,100000,2.5,4.885273571519389,0.2554068889154744,0.22898652248854443
refined,100000,2.5,5.1286138399136485,0.24927397264307627,0.21716358084556273
refined,100000,2.5,5.384075125760731,0.24328720511592689,0.20601819189572423
refined,100000,2.5,5.652261188829045,0.23744247712517183,0.1955172703826879
refined,100000,2.5,5.933805862753281,0.2317374665419266,0.18561195022453056
refined,100000,2.5,6.229374553043173,0.22616798385304845,0.17627560091408087
refined,100000,2.5,6.539665809709571,0.22073202116838786,0.1674624473747164
refined,100000,2.5,6.865412978224548,0.21542529760434898,0.15915143541082782
refined,100000,2.5,7.207385932717452,0.21024603819268023,0.15130051674378245
refined,100000,2.5,7.566392895503165,0.2051900810652512,0.14389154880987529
refined,100000,2.5,7.943282347242818,0.20025564387360634,0.13688818506403144
refined,100000,2.5,8.338945032251527,0.19543888403662132,0.13027318757049644
refined,100000,2.5,8.754316063692443,0.19073789865487287,0.12401628832582934
refined,100000,2.5,9.190377133632595,0.18614920233316232,0.11810085591471396
refined,100000,2.5,9.648158833183777,0.18167078330272507,0.11250184630220463
refined,100000,2.5,10.128743088211932,0.17729950490725446,0.1072033549952024
refined,100000,2.5,10.633265716371616,0.17303325027174077,0.10218477187950559
refined,100000,2.5,11.162919111508824,0.16886922189506362,0.09743101142189095
refined,100000,2.5,11.718955061776631,0.16480519791833034,0.09292518427994673
refined,100000,2.5,12.30268770812381,0.16083871072069925,0.08865308434060783
refined,100000,2.5,12.91549665014884,0.1569674323242553,0.0846009153941945
refined,100000,2.5,13.558830206659357,0.15318921695851226,0.080755384032062
refined,100000,2.5,14.234208838643415,0.14950162885103271,0.07710524620794577
refined,100000,2.5,14.943228742742294,0.145902837338591,0.07363813277433592
refined,100000,2.5,15.687565623717566,0.14239029665786876,0.07034489243473976
refined,100000,2.5,16.46897865482869,0.13896248547048368,0.06721407446986635
refined,100000,2.5,17.289314635480615,0.1356167452722537,0.06423823417232218
refined,100000,2.5,17.78279410038923,0.13371678046699897,0.06258199236398822
refined,100000,2.5,18.15051235596819,0.13235185896052376,0.061406819553055964
refined,100000,2.5,19.054607179632484,0.129165052062172,0.05871377046479267
refined,100000,2.5,19.109529749704404,0.1289787954917045,0.05855842407036571
refined,100000,2.5,20.003735853259002,0.12605540718405855,0.05614940328154163
refined,100000,2.5,20.53525026457146,0.12440870223197065,0.05481799782890407
refined,100000,2.5,21.000141557086565,0.12302003030048525,0.053708775686656975
refined,100000,2.5,22.04617920636185,0.12005825171743126,0.051383114392550396
refined,100000,2.5,22.0673406908459,0.12000047853958166,0.05133840426127431
refined,100000,2.5,23.144321016969926,0.11716719796393181,0.04916813502070053
refined,100000,2.5,23.71373705661655,0.11574805622105404,0.04809964519726275
refined,100000,2.5,24.29716234829391,0.11434624220628031,0.04705622819366708
refined,100000,2.5,25.482967479793466,0.11164643648973745,0.04508216047819626
refined,100000,2.5,25.507427837113593,0.111592747428746,0.0450433376226045
refined,100000,2.5,26.777977837039188,0.1089059545142387,0.04312309670764432
refined,100000,2.5,27.384196342643612,0.10769031275777581,0.04226896160773336
refined,100000,2.5,28.11181517869986,0.10628351613978439,0.04129160760386723
refined,100000,2.5,29.42727176209282,0.10387442067841293,0.03964468412885765
refined,100000,2.5,29.51209226666387,0.1037245378508555,0.03954352997408815
refined,100000,2.5,30.982118529862987,0.10122695828447366,0.037875154733089916
refined,100000,2.5,31.622776601683793,0.10019348695766235,0.03719540350506504
refined,100000,2.5,32.5253682431303,0.09878974440134354,0.03628198774468803
refined,100000,2.5,33.982083289425596,0.09664322116194943,0.034907636168763335
refined,100000,2.5,34.145488738336006,0.0964111174883527,0.034760528668267246
refined,100000,2.5,35.84630902452844,0.09408990253400616,0.03330698015969683
refined,100000,2.5,36.51741272548377,0.09321902169505582,0.03276953015733132
refined,100000,2.5,37.63184883745225,0.0918246005400418,0.03191806243539542
refined,100000,2.5,39.24189758484536,0.08991628368744935,0.030770316777259853
refined,100000,2.5,39.50632813983238,0.08961389103811948,0.03059055119604102
refined,100000,2.5,41.47417709487639,0.08745655214459706,0.029321392662103016
refined,100000,2.5,42.169650342858226,0.08673043315715363,0.028900139095313367
refined,100000,2.5,43.540046536566486,0.08535111438716639,0.028107833235371884
refined,100000,2.5,45.31583637600818,0.08365779740076225,0.027149544387888535
refined,100000,2.5,45.708818961487516,0.08329663069671298,0.026947045716703186
refined,100000,2.5,47.98562006816812,0.08129147901572602,0.02583666266105834
refined,100000,2.5,48.69675251658631,0.08069439024338755,0.025510120496621373
refined,100000,2.5,50.37583087120846,0.07933498505943276,0.024774080378203157
refined,100000,2.5,52.32991146814947,0.07783617875835697,0.023974183644296092
refined,100000,2.5,52.88510041882383,0.0774253705932273,0.023757247784751644
refined,100000,2.5,55.5193591438621,0.07556223232952042,0.022783778970105185
refined,100000,2.5,56.23413251903491,0.0750792040830939,0.02253464172349356
refined,100000,2.5,58.28483287984838,0.07374363227381125,0.021851881629266597
refined,100000,2.5,60.42963902381328,0.07242033055842226,0.021184755573920015
refined,100000,2.5,61.18805757518219,0.07196943656714831,0.020959380037282555
refined,100000,2.5,64.23589474026393,0.0702375438984912,0.020104693164926503
refined,100000,2.5,64.93816315762113,0.0698561084253075,0.019918454235421268
refined,100000,2.5,67.435547664057,0.06854805571138685,0.019285852338124174
refined,100000,2.5,69.78305848598663,0.06738299958317326,0.01873016011934549
refined,100000,2.5,70.79457843841381,0.06689880212353258,0.01850143152407325
refined,100000,2.5,74.32092583039913,0.0652899449272231,0.017749683813126707
refined,100000,2.5,74.98942093324558,0.06499758676668528,0.017614692385986005
refined,100000,2.5,78.02292404485208,0.0637195014474244,0.01702927851711584
refined,100000,2.5,80.58421877614818,0.06269720026474002,0.01656717008127581
refined,100000,2.5,81.90932242152977,0.062187465730180434,0.016338694631695662
refined,100000,2.5,85.98930611338423,0.0606921161079562,0.0156766854573799
refined,100000,2.5,86.59643233600653,0.060478857606255154,0.015583144160459738
refined,100000,2.5,90.27251779484578,0.05923327568632309,0.015041917391942305
refined,100000,2.5,93.0572040929699,0.058339448094433886,0.014658501202054969
refined,100000,2.5,94.76908045141592,0.05780948282069014,0.014433230885021313
refined,100000,2.5,99.4896213044336,0.05642038651970922,0.013849447492990538
refined,100000,2.5,100.0,0.056276032285388106,0.013789405070751298
refined,100000,2.5,104.44529692755633,0.0550647843304276,0.013289496276056953
refined,100000,2.5,107.46078283213176,0.05428634421169329,0.012972270394673574
refined,100000,2.5,109.64781961431851,0.05374214805999359,0.012752326913227328
refined,100000,2.5,115.10948505908407,0.052451533747888565,0.01223695724440664
refined,100000,2.5,115.47819846894582,0.05236780857513833,0.012203792167494152
refined,100000,2.5,120.84320141681312,0.051192232961756234,0.01174244236806081
refined,100000,2.5,124.09377607517196,0.050517683515893815,0.011480893318333428
refined,100000,2.5,126.86251981032602,0.049963559644501485,0.011267888105061068
refined,100000,2.5,133.1816663571621,0.04876462216873254,0.010812435876563557
refined,100000,2.5,133.3521432163324,0.048733452415801605,0.010800700468413887
refined,100000,2.5,139.81557579172983,0.04759499187868515,0.010375277975618847
refined,100000,2.5,143.30125702369628,0.04701319892366055,0.010160547766231797
refined,100000,2.5,146.77992676220705,0.04645359109645354,0.009955626053078414
refined,100000,2.5,153.9926526059492,0.04535470293172526,0.009557951258524537
refined,100000,2.5,154.09117888561602,0.04534024812718261,0.009552756859522012
refined,100000,2.5,161.76661164864794,0.04425369650683231,0.009165938686568068
refined,100000,2.5,165.48170999431815,0.04375554090134475,0.008990579945518707
refined,100000,2.5,169.82436524617444,0.043194021094918995,0.008794530382901808
refined,100000,2.5,177.82794100389228,0.042213571900184134,0.008456261151977612
refined,100000,2.5,178.28348345396734,0.04215976404806759,0.008437845381731195
refined,100000,2.5,187.16395863694845,0.04115126637666315,0.008095322051875317
refined,100000,2.5,191.09529749704404,0.040727182317741334,0.007952992507244152
refined,100000,2.5,196.4867789993468,0.0401668764330615,0.007766309215137854
refined,100000,2.5,205.3525026457146,0.039294462541212764,0.007478888681146425
refined,100000,2.5,206.27397818843016,0.03920717389579732,0.007450320860874282
refined,100000,2.5,216.54868736904876,0.03827036222947268,0.007146736510345498
refined,100000,2.5,220.673406908459,0.037913264151771715,0.007032163972020803
refined,100000,2.5,227.33518989206314,0.03735711259791439,0.006855131785645291
refined,100000,2.5,237.13737056616552,0.0365817817044081,0.006611163353567003
refined,100000,2.5,238.65897868585807,0.036465785234549124,0.006574933962206773
refined,100000,2.5,250.5468165065873,0.0355968551620764,0.0063057532533462805
refined,100000,2.5,254.82967479793464,0.03529866386219903,0.006214370338082129
refined,100000,2.5,263.02679918953817,0.03474893440786931,0.006047070446736008
refined,100000,2.5,273.8419634264361,0.0340622732559309,0.0058403422494401605
refined,100000,2.5,276.128422051113,0.03392229955473518,0.005798522392709157
refined,100000,2.5,289.88264959835425,0.033115814334898366,0.005559642942981861
refined,100000,2.5,294.2727176209282,0.03287070001151232,0.005487697305323529
refined,100000,2.5,304.32198871077225,0.03232955480109455,0.005330088749592
refined,100000,2.5,316.22776601683796,0.031722439956538,0.0051551681493693735
refined,100000,2.5,319.4805654674313,0.03156263619369313,0.005109446070493892
refined,100000,2.5,335.394205800866,0.03081493219414994,0.004897385472803537
refined,100000,2.5,352.1005201684521,0.030085809196079984,0.004693544812344467
refined,100000,2.5,369.6389924413366,0.029374936963477965,0.004497603491476677
refined,100000,2.5,388.0510732210183,0.028681932473139486,0.004309250050760528
refined,100000,2.5,407.380277804113,0.02800626037266921,0.004128168336649314
refined,100000,2.5,427.67228902684343,0.02734778737282858,0.003954096591402972
refined,100000,2.5,448.97506523231453,0.026705772212017004,0.0037867193050156824
refined,100000,2.5,471.3389536157405,0.02608033013500453,0.003625823394275036
refined,100000,2.5,494.8168092155145,0.025470513650194468,0.003471090701598907
refined,100000,2.5,519.4641198313342,0.024876684905919755,0.0033223557651643524
refined,100000,2.5,545.3391371646278,0.024297690405111202,0.003179294931338617
refined,100000,2.5,572.5030144912078,0.023734137050363924,0.0030417892923362945
refined,100000,2.5,601.0199511915373,0.023184666189860453,0.002909507238127237
refined,100000,2.5,630.9573444801937,0.02265012671497382,0.0027823753396686423
refined,100000,2.0,0.1,1.0,1.0
refined,100000,2.0,0.10498109808656175,0.9956255585776218,1.0
refined,100000,2.0,0.11021030955460301,0.991077711253151,1.0
refined,100000,2.0,0.11569999317502112,0.98633700744114,1.0
refined,100000,2.0,0.12146312332121417,0.9814081233942035,1.0
refined,100000,2.0,0.1275133206328453,0.9762788002023189,1.0
refined,100000,2.0,0.13386488420699932,0.9709460834024902,1.0
refined,100000,2.0,0.14053282539281228,0.965406114281192,1.0
refined,100000,2.0,0.14753290326944482,0.9596472766898195,1.0
refined,100000,2.0,0.1548816618912481,0.9536753854563105,1.0
refined,100000,2.0,0.16259646938814815,0.9474691160804384,1.0
refined,100000,2.0,0.17069555901365815,0.9410452749598719,1.0
refined,100000,2.0,0.1791980722375334,0.9343717926514742,1.0
refined,100000,2.0,0.18812410398491272,0.9274778022405543,1.0
refined,100000,2.0,0.19749475012886664,0.9203194952055942,1.0
refined,100000,2.0,0.2073321573485955,0.9129396473603683,1.0
refined,100000,2.0,0.2176595754711136,0.9052817988926539,1.0
refined,100000,2.0,0.2285014124201237,0.8974032406312653,1.0
refined,100000,2.0,0.23988329190194904,0.8892352147591398,1.0
refined,100000,2.0,0.25183211396485844,0.8808435736374471,1.0
refined,100000,2.0,0.26437611857491,0.8721648804078269,1.0
refined,100000,2.0,0.277544952358571,0.8632562173437975,1.0
refined,100000,2.0,0.29136973866985255,0.8540663572308429,1.0
refined,100000,2.0,0.30588315114755654,0.8446426724042743,1.0
refined,100000,2.0,0.3211194909364823,0.8349474817818432,1.0
refined,100000,2.0,0.33711476775509625,0.8250176552141186,1.0
refined,100000,2.0,0.35390678500126244,0.814830198058682,1.0
refined,100000,2.0,0.37153522909717257,0.8044108874923935,1.0
refined,100000,2.0,0.39004176328463463,0.793752274550185,1.0
refined,100000,2.0,0.4094701260923973,0.7828687127764871,1.0
refined,100000,2.0,0.42986623470822766,0.7717687862961838,1.0
refined,100000,2.0,0.45127829350005433,0.7604554082824186,1.0
refined,100000,2.0,0.473756907942654,0.7489532201842208,1.0
refined,100000,2.0,0.49735520421913965,0.7372540404628373,1.0
refined,100000,2.0,0.5221289547799146,0.7253980444721623,1.0
refined,100000,2.0,0.5481367101558418,0.7133666992907995,1.0
refined,100000,2.0,0.5754399373371569,0.7012145752584467,1.0
refined,100000,2.0,0.6041031650451701,0.6889139444493615,1.0
refined,100000,2.0,0.6341941362400942,0.6765319782891784,1.0
refined,100000,2.0,0.6657839682254364,0.6640333114662471,1.0
refined,100000,2.0,0.6989473207273484,0.6514952694132443,1.0
refined,100000,2.0,0.7337625723461731,0.6388767626433622,1.0
refined,100000,2.0,0.7703120057972147,0.6262577283347682,1.0
refined,100000,2.0,0.8086820023785352,0.613607030612452,1.0
refined,100000,2.0,0.8489632461253815,0.6009909075195053,1.0
refined,100000,2.0,0.8912509381337457,0.5883928932707653,1.0
refined,100000,2.0,0.9356450215595893,0.5758651472154404,1.0
refined,100000,2.0,0.9822504178255043,0.5634035353069152,1.0
refined,100000,2.0,1.0311772745930554,0.5510439161787803,0.9985457221871313
refined,100000,2.0,1.0825412260868696,0.5387805523210895,0.9916468628771234
refined,100000,2.0,1.1364636663857248,0.5266419564818511,0.9798105099712673
refined,100000,2.0,1.1930720363265337,0.514638984718732,0.9636222200026912
refined,100000,2.0,1.252500124699298,0.5027925492659879,0.9439422463962815
refined,100000,2.0,1.314888384444878,0.49111664093544927,0.9213711722704115
refined,100000,2.0,1.3803842646028852,0.4796245200646938,0.8964594110780227
refined,100000,2.0,1.449142558794219,0.4683303737263529,0.8697813813209454
refined,100000,2.0,1.5213257710618697,0.4572415626845445,0.8416777050058707
refined,100000,2.0,1.5971044999346033,0.4463701729785658,0.8126731036794689
refined,100000,2.0,1.6766578416212374,0.43571919919717017,0.7829649955415648
refined,100000,2.0,1.7601738132884204,0.4252971566929555,0.753013924765401
refined,100000,2.0,1.8478497974222907,0.41510391629145016,0.7229201109712947
refined,100000,2.0,1.9398930083242285,0.405143848501445,0.6930710849250847
refined,100000,2.0,2.036520981843212,0.395414630490834,0.6635025479506941
refined,100000,2.0,2.1379620895022327,0.38591673835311885,0.6345248584266093
refined,100000,2.0,2.244456078233844,0.3766463016172267,0.606132731308143
refined,100000,2.0,2.3562546370004687,0.36760074458688274,0.57855370000378
refined,100000,2.0,2.473621991638621,0.3587751710701804,0.5517767111255399
refined,100000,2.0,2.5968355293329033,0.35016507125636276,0.5259363396447544
refined,100000,2.0,2.7261864541956613,0.3417648294878775,0.5010241049497907
refined,100000,2.0,2.861980475501707,0.33356918437255084,0.47710378333241893
refined,100000,2.0,3.004538530204693,0.3255721960488671,0.4541634198133198
refined,100000,2.0,3.1541975414427297,0.3177685863706257,0.4322201710621541
refined,100000,2.0,3.311311214825911,0.31015256816261966,0.41125489378950897
refined,100000,2.0,3.476250874387709,0.30271917987832836,0.3912564032716043
refined,100000,2.0,3.649406340175921,0.29546316952212004,0.3721982243283684
refined,100000,2.0,3.831186849557289,0.28837995660256865,0.3540539220545665
refined,100000,2.0,4.022022024413192,0.28146501598038376,0.33679145255457404
refined,100000,2.0,4.22236288651233,0.2747140663015146,0.32037788077770857
refined,100000,2.0,4.432682923460089,0.2681233146276258,0.3047778894227476
refined,100000,2.0,4.653479207743908,0.2616886461110772,0.2899574084816554
refined,100000,2.0,4.885273571519389,0.2554068889154744,0.27587981003872786
refined,100000,2.0,5.1286138399136485,0.24927397264307627,0.2625128321771454
refined,100000,2.0,5.384075125760731,0.24328720511592689,0.24981984147504752
refined,100000,2.0,5.652261188829045,0.23744247712517183,0.23777175631475914
refined,100000,2.0,5.933805862753281,0.2317374665419266,0.2263326513291233
refined,100000,2.0,6.229374553043173,0.22616798385304845,0.21547708525374856
refined,100000,2.0,6.539665809709571,0.22073202116838786,0.2051701950446323
refined,100000,2.0,6.865412978224548,0.21542529760434898,0.19539017059976574
refined,100000,2.0,7.207385932717452,0.21024603819268023,0.1861037721924705
refined,100000,2.0,7.566392895503165,0.2051900810652512,0.17729153779947135
refined,100000,2.0,7.943282347242818,0.20025564387360634,0.1689232644118293
refined,100000,2.0,8.338945032251527,0.19543888403662132,0.16098062948398353
refined,100000,2.0,8.754316063692443,0.19073789865487287,0.15343708879405
refined,100000,2.0,9.190377133632595,0.18614920233316232,0.14627516899227264
refined,100000,2.0,9.648158833183777,0.18167078330272507,0.13947178369531812
refined,100000,2.0,10.128743088211932,0.17729950490725446,0.13301029808807302
refined,100000,2.0,10.633265716371616,0.17303325027174077,0.12687080610687992
refined,100000,2.0,11.162919111508824,0.16886922189506362,0.12103751588765059
refined,100000,2.0,11.718955061776631,0.16480519791833034,0.11549338390764899
refined,100000,2.0,12.30268770812381,0.16083871072069925,0.1102234668646965
refined,100000,2.0,12.91549665014884,0.1569674323242553,0.10521325544811207
refined,100000,2.0,13.558830206659357,0.15318921695851226,0.1004486572758909
refined,100000,2.0,14.234208838643415,0.14950162885103271,0.09591737841863086
refined,100000,2.0,14.943228742742294,0.145902837338591,0.09160617526845237
refined,100000,2.0,15.687565623717566,0.14239029665786876,0.08750467117450451
refined,100000,2.0,16.46897865482869,0.13896248547048368,0.08360046392438596
refined,100000,2.0,17.289314635480615,0.1356167452722537,0.07988482206826938
refined,100000,2.0,17.78279410038923,0.13371678046699897,0.07781523317762859
refined,100000,2.0,18.15051235596819,0.13235185896052376,0.07634617176455023
refined,100000,2.0,19.054607179632484,0.129165052062172,0.07297718263322935
refined,100000,2.0,19.109529749704404,0.1289787954917045,0.07278277234283172
refined,100000,2.0,20.003735853259002,0.12605540718405855,0.06976709066299724
refined,100000,2.0,20.53525026457146,0.12440870223197065,0.06809944879444313
refined,100000,2.0,21.000141557086565,0.12302003030048525,0.06670975038386368
refined,100000,2.0,22.04617920636185,0.12005825171743126,0.06379526550194672
refined,100000,2.0,22.0673406908459,0.12000047853958166,0.06373920795878438
refined,100000,2.0,23.144321016969926,0.11716719796393181,0.06101824207771653
refined,100000,2.0,23.71373705661655,0.11574805622105404,0.0596784162450409
refined,100000,2.0,24.29716234829391,0.11434624220628031,0.058369932268194515
refined,100000,2.0,25.482967479793466,0.11164643648973745,0.05589394883149305
refined,100000,2.0,25.507427837113593,0.111592747428746,0.05584525525371995
refined,100000,2.0,26.777977837039188,0.1089059545142387,0.05343673398489981
refined,100000,2.0,27.384196342643612,0.10769031275777581,0.05236537977548533
refined,100000,2.0,28.11181517869986,0.10628351613978439,0.051139513764565665
refined,100000,2.0,29.42727176209282,0.10387442067841293,0.049074067984016964
refined,100000,2.0,29.51209226666387,0.1037245378508555,0.04894720327571224
refined,100000,2.0,30.982118529862987,0.10122695828447366,0.0468551917366881
refined,100000,2.0,31.622776601683793,0.10019348695766235,0.046002991017207326
refined,100000,2.0,32.5253682431303,0.09878974440134354,0.04485801213470576
refined,100000,2.0,33.982083289425596,0.09664322116194943,0.04313563202379611
refined,100000,2.0,34.145488738336006,0.0964111174883527,0.0429513097702161
refined,100000,2.0,35.84630902452844,0.09408990253400616,0.04113040185146098
refined,100000,2.0,36.51741272548377,0.09321902169505582,0.04045731494942213
refined,100000,2.0,37.63184883745225,0.0918246005400418,0.039391197016196575
refined,100000,2.0,39.24189758484536,0.08991628368744935,0.03795462707774094
refined,100000,2.0,39.50632813983238,0.08961389103811948,0.03772967567579031
refined,100000,2.0,41.47417709487639,0.08745655214459706,0.03614201287164454
refined,100000,2.0,42.169650342858226,0.08673043315715363,0.03561523744169586
refined,100000,2.0,43.540046536566486,0.08535111438716639,0.03462474807695234
refined,100000,2.0,45.31583637600818,0.08365779740076225,0.03342728412595901
refined,100000,2.0,45.708818961487516,0.08329663069671298,0.03317432230831376
refined,100000,2.0,47.98562006816812,0.08129147901572602,0.03178774478782299
refined,100000,2.0,48.69675251658631,0.08069439024338755,0.031380149970702584
refined,100000,2.0,50.37583087120846,0.07933498505943276,0.03046171922825805
refined,100000,2.0,52.32991146814947,0.07783617875835697,0.02946410760184373
refined,100000,2.0,52.88510041882383,0.0774253705932273,0.029193648234741985
refined,100000,2.0,55.5193591438621,0.07556223232952042,0.027980492669496815
refined,100000,2.0,56.23413251903491,0.0750792040830939,0.02767015886275817
refined,100000,2.0,58.28483287984838,0.07374363227381125,0.026819983398332407
refined,100000,2.0,60.42963902381328,0.07242033055842226,0.02598972257363864
refined,100000,2.0,61.18805757518219,0.07196943656714831,0.02570933113506631
refined,100000,2.0,64.23589474026393,0.0702375438984912,0.024646539602268296
refined,100000,2.0,64.93816315762113,0.0698561084253075,0.024415054566114595
refined,100000,2.0,67.435547664057,0.06854805571138685,0.023629068877004545
refined,100000,2.0,69.78305848598663,0.06738299958317326,0.022939034911792198
refined,100000,2.0,70.79457843841381,0.06689880212353258,0.02265512416762916
refined,100000,2.0,74.32092583039913,0.0652899449272231,0.021722441219212164
refined,100000,2.0,74.98942093324558,0.06499758676668528,0.021555044106907565
refined,100000,2.0,78.02292404485208,0.0637195014474244,0.020829344288356387
refined,100000,2.0,80.58421877614818,0.06269720026474002,0.020256823023746776
refined,100000,2.0,81.90932242152977,0.062187465730180434,0.019973859776751226
refined,100000,2.0,85.98930611338423,0.0606921161079562,0.01915441387125452
refined,100000,2.0,86.59643233600653,0.060478857606255154,0.019038672843397348
refined,100000,2.0,90.27251779484578,0.05923327568632309,0.01836927749006423
refined,100000,2.0,93.0572040929699,0.058339448094433886,0.017895330466279235
refined,100000,2.0,94.76908045141592,0.05780948282069014,0.01761698243845334
refined,100000,2.0,99.4896213044336,0.05642038651970922,0.016896004652153598
refined,100000,2.0,100.0,0.056276032285388106,0.016821885982711053
refined,100000,2.0,104.44529692755633,0.0550647843304276,0.016204983510869714
refined,100000,2.0,107.46078283213176,0.05428634421169329,0.01581373498000575
refined,100000,2.0,109.64781961431851,0.05374214805999359,0.015542566178920808
refined,100000,2.0,115.10948505908407,0.052451533747888565,0.014907500180060937
refined,100000,2.0,115.47819846894582,0.05236780857513833,0.014866646215707734
refined,100000,2.0,120.84320141681312,0.051192232961756234,0.014298575018410196
refined,100000,2.0,124.09377607517196,0.050517683515893815,0.013976689905039261
refined,100000,2.0,126.86251981032602,0.049963559644501485,0.013714645836506395
refined,100000,2.0,133.1816663571621,0.04876462216873254,0.013154619787971434
refined,100000,2.0,133.3521432163324,0.048733452415801605,0.013140195471759472
refined,100000,2.0,139.81557579172983,0.04759499187868515,0.012617458258443449
refined,100000,2.0,143.30125702369628,0.04701319892366055,0.012353747649734757
refined,100000,2.0,146.77992676220705,0.04645359109645354,0.012102164953321346
refined,100000,2.0,153.9926526059492,0.04535470293172526,0.011614177773057743
refined,100000,2.0,154.09117888561602,0.04534024812718261,0.011607805479440925
refined,100000,2.0,161.76661164864794,0.04425369650683231,0.0111334620670349
refined,100000,2.0,165.48170999431815,0.04375554090134475,0.010918522325608561
refined,100000,2.0,169.82436524617444,0.043194021094918995,0.010678302045833777
refined,100000,2.0,177.82794100389228,0.042213571900184134,0.01026401763794625
refined,100000,2.0,178.28348345396734,0.04215976404806759,0.01024147076638415
refined,100000,2.0,187.16395863694845,0.04115126637666315,0.0098222344468619
refined,100000,2.0,191.09529749704404,0.040727182317741334,0.00964811085962737
refined,100000,2.0,196.4867789993468,0.0401668764330615,0.009419788391487088
refined,100000,2.0,205.3525026457146,0.039294462541212764,0.009068409971976247
refined,100000,2.0,206.27397818843016,0.03920717389579732,0.00903349344933688
refined,100000,2.0,216.54868736904876,0.03827036222947268,0.00866258722495334
refined,100000,2.0,220.673406908459,0.037913264151771715,0.008522658331387595
refined,100000,2.0,227.33518989206314,0.03735711259791439,0.008306510356418294
refined,100000,2.0,237.13737056616552,0.0365817817044081,0.008008762367282657
refined,100000,2.0,238.65897868585807,0.036465785234549124,0.007964558475445594
refined,100000,2.0,250.5468165065873,0.0355968551620764,0.007636222603455767
refined,100000,2.0,254.82967479793464,0.03529866386219903,0.007524800563822223
refined,100000,2.0,263.02679918953817,0.03474893440786931,0.007320862232609996
refined,100000,2.0,273.8419634264361,0.0340622732559309,0.007068954012590234
refined,100000,2.0,276.128422051113,0.03392229955473518,0.007018007874036966
refined,100000,2.0,289.88264959835425,0.033115814334898366,0.0067270827126077485
refined,100000,2.0,294.2727176209282,0.03287070001151232,0.006639488035846042
refined,100000,2.0,304.32198871077225,0.03232955480109455,0.006447647356028731
refined,100000,2.0,316.22776601683796,0.031722439956538,0.006234809134974034
refined,100000,2.0,319.4805654674313,0.03156263619369313,0.006179188194360711
refined,100000,2.0,335.394205800866,0.03081493219414994,0.0059212878270114375
refined,100000,2.0,352.1005201684521,0.030085809196079984,0.0056734951181519715
refined,100000,2.0,369.6389924413366,0.029374936963477965,0.005435407661229505
refined,100000,2.0,388.0510732210183,0.028681932473139486,0.005206635881360964
refined,100000,2.0,407.380277804113,0.02800626037266921,0.004986786321610147
refined,100000,2.0,427.67228902684343,0.02734778737282858,0.004775529921604281
refined,100000,2.0,448.97506523231453,0.026705772212017004,0.00457247695233833
refined,100000,2.0,471.3389536157405,0.02608033013500453,0.004377357726153844
refined,100000,2.0,494.8168092155145,0.025470513650194468,0.004189781732916591
refined,100000,2.0,519.4641198313342,0.024876684905919755,0.004009537449011983
refined,100000,2.0,545.3391371646278,0.024297690405111202,0.0038362296943817145
refined,100000,2.0,572.5030144912078,0.023734137050363924,0.0036697038542047753
refined,100000,2.0,601.0199511915373,0.023184666189860453,0.003509556733117839
refined,100000,2.0,630.9573444801937,0.02265012671497382,0.0033556893363832726
