regime,alpha,beta,p,q_clean,width,ambient_dimension,eta,theta,schedule_label,iteration,intrinsic_time,batch,true_sgd_noisy_centered,true_sgd_noisy_centered_se,finite_w_noisy_centered,de_noisy_centered,true_sgd_noise_gap,true_sgd_noise_gap_se,finite_w_noise_gap,de_noise_gap
FB1,0.2,0.4,0.20000000000000018,0.5000000000000004,512,1024,0.01894645708137998,0.0,linear accumulation,0,0.0,16,3.4201531255601743,2.780994506169197e-17,3.4201531255601747,3.401425986936229,0.0,0.0,0.0,0.0
FB1,0.2,0.4,0.20000000000000018,0.5000000000000004,512,1024,0.01894645708137998,0.0,linear accumulation,1,0.01894645708137998,16,3.359394712366867,0.0010696982189124693,3.3596368175357965,3.3411765574033865,0.020955674719630266,0.0002486476111623959,0.02092588073156254,0.020937499510305702
FB1,0.2,0.4,0.20000000000000018,0.5000000000000004,512,1024,0.01894645708137998,0.0,linear accumulation,2,0.03789291416275996,16,3.3021714642894358,0.001480277975280948,3.3015624215223633,3.2833847337345934,0.041507635764548696,0.00034985250268171954,0.0414784464450033,0.04150277001769938
FB1,0.2,0.4,0.20000000000000018,0.5000000000000004,512,1024,0.01894645708137998,0.0,linear accumulation,3,0.05683937124413994,16,3.248091954426882,0.0017516063170475054,3.245828017470941,3.2279473216140886,0.06205496290751505,0.0004575207069921703,0.06166639559681739,0.061704435962959846
FB1,0.2,0.4,0.20000000000000018,0.5000000000000004,512,1024,0.01894645708137998,0.0,linear accumulation,4,0.07578582832551992,16,3.195052431737578,0.0019458472182686123,3.1923360599651436,3.174765571044678,0.08181972331578632,0.0005226380772634929,0.08149817617365276,0.08155087500701594
FB1,0.2,0.4,0.20000000000000018,0.5000000000000004,512,1024,0.01894645708137998,0.0,linear accumulation,5,0.0947322854068999,16,3.1427539840243734,0.0021121794740629617,3.1409931862,3.12374498089673,0.1009632183132958,0.0006106254868905239,0.10098199414780587,0.10105022631657626
FB1,0.2,0.4,0.20000000000000018,0.5000000000000004,512,1024,0.01894645708137998,0.0,linear accumulation,6,0.11367874248827987,16,3.092248239439029,0.002241622604434475,3.091710032534633,3.0747951121935513,0.12005317573582577,0.0006821283795031255,0.12012582161389024,0.12021039853857031
FB1,0.2,0.4,0.20000000000000018,0.5000000000000004,512,1024,0.01894645708137998,0.0,linear accumulation,7,0.13262519956965985,16,3.0435641912369253,0.0023821639731304543,3.04440105923098,3.0278294097377567,0.1384521557150343,0.0007621864524700149,0.13893740461961054,0.13903907747599037
FB1,0.2,0.4,0.20000000000000018,0.5000000000000004,512,1024,0.01894645708137998,0.0,linear accumulation,8,0.15157165665103983,16,2.9991954730048667,0.0024979414119323555,2.9989843830084815,2.9827650317012955,0.15735679908613903,0.0008440416196986926,0.15742427070302484,0.15754373347719047
FB1,0.2,0.4,0.20000000000000018,0.5000000000000004,512,1024,0.01894645708137998,0.0,linear accumulation,9,0.17051811373241982,16,2.9553935525838155,0.0026380444164631244,2.9553816170616063,2.9395226868190694,0.1750766445019169,0.0009078087424244038,0.1755937361481512,0.17573162855018676
FB1,0.2,0.4,0.20000000000000018,0.5000000000000004,512,1024,0.01894645708137998,0.0,linear accumulation,10,0.1894645708137998,16,2.9142788885110926,0.002707781795597862,2.9135177182031295,2.8980264788424686,0.1929195699842765,0.0009417635052091563,0.19345291297027287,0.193609823213015
FB1,0.2,0.4,0.20000000000000018,0.5000000000000004,512,1024,0.01894645708137998,0.0,linear accumulation,11,0.20841102789517976,16,2.8740849277337057,0.002734052627141578,2.8733208408115143,2.8582037579248913,0.21066368078766165,0.0009881582545160097,0.21100871564181467,0.21118518309073334
FB1,0.2,0.4,0.20000000000000018,0.5000000000000004,512,1024,0.01894645708137998,0.0,linear accumulation,12,0.22735748497655975,16,2.8344481380197055,0.0028162072607431105,2.834722197275372,2.8199849786262225,0.22740147332744814,0.001039158525988295,0.2282678675692037,0.22846438526921087
FB1,0.2,0.4,0.20000000000000018,0.5000000000000004,512,1024,0.01894645708137998,0.0,linear accumulation,13,0.24630394205793973,16,2.796698538226514,0.002850252905871761,2.7976559246420107,2.78330356423756,0.24442447368781733,0.0011045323957844016,0.24523690733068762,0.2454539244154175
FB1,0.2,0.4,0.20000000000000018,0.5000000000000004,512,1024,0.01894645708137998,0.0,linear accumulation,14,0.2652503991393197,16,2.7620202615188445,0.0028739017933648763,2.7620589571903933,2.7480957771410908,0.2609683345564371,0.0011935647880618077,0.26192219468466366,0.26216011867351746
FB1,0.2,0.4,0.20000000000000018,0.5000000000000004,512,1024,0.01894645708137998,0.0,linear accumulation,15,0.2841968562206997,16,2.727314500323036,0.0029129448181925096,2.7278709046615957,2.7143005949329897,0.2772654287437841,0.0012743365770959262,0.27832991635766835,0.278589115345682
FB1,0.2,0.4,0.20000000000000018,0.5000000000000004,512,1024,0.01894645708137998,0.0,linear accumulation,16,0.30314331330207966,16,2.694377873419477,0.002929948727007161,2.6950339358919844,2.681859592049641,0.29347280071364473,0.001297434174476426,0.2944660916207949,0.2947468963661607
FB1,0.2,0.4,0.20000000000000018,0.5000000000000004,512,1024,0.01894645708137998,0.0,linear accumulation,17,0.32208977038345965,16,2.66406438294818,0.002984253373404202,2.66349266760596,2.6507168266492855,0.3091432884614307,0.0013622273181442001,0.3103365776629355,0.3106392835767933
FB1,0.2,0.4,0.20000000000000018,0.5000000000000004,512,1024,0.01894645708137998,0.0,linear accumulation,18,0.34103622746483964,16,2.6343747770129498,0.0029970827133817568,2.633194058136139,2.6208187325125025,0.3251245828306717,0.0014385812710970293,0.32594707476889456,0.32627194381179986
FB1,0.2,0.4,0.20000000000000018,0.5000000000000004,512,1024,0.01894645708137998,0.0,linear accumulation,19,0.3599826845462196,16,2.6055112118732646,0.003013581530595418,2.6040873058494305,2.592114015735674,0.3399248754176123,0.0014767420286666841,0.34130313131008405,0.3416503937993665
FB1,0.2,0.4,0.20000000000000018,0.5000000000000004,512,1024,0.01894645708137998,0.0,linear accumulation,20,0.3789291416275996,16,2.5766662397625995,0.003029114435697347,2.5761237520675255,2.5645535560018855,0.35443246361805836,0.0015423287379176742,0.35641014855518544,0.35678000488721984
FB1,0.2,0.4,0.20000000000000018,0.5000000000000004,512,1024,0.01894645708137998,0.0,linear accumulation,21,0.39787559870897954,16,2.5481887004309924,0.0030420547578094165,2.5492567882799304,2.5380903122234795,0.3684613796259361,0.0015874540886269637,0.37127338530786064,0.371666007599094
FB1,0.2,0.4,0.20000000000000018,0.5000000000000004,512,1024,0.01894645708137998,0.0,linear accumulation,22,0.4168220557903595,16,2.5218605045155633,0.0030508442683969727,2.523441767456838,2.51267923235988,0.3825900554910877,0.0016657465770786935,0.38589796237829516,0.38631349602870213
FB1,0.2,0.4,0.20000000000000018,0.5000000000000004,512,1024,0.01894645708137998,0.0,linear accumulation,23,0.4357685128717395,16,2.4982330942379445,0.003069240688369306,2.498635919277894,2.488277167223167,0.397777133696753,0.0017091721463523349,0.40028886689507526,0.40072743207754824
FB1,0.2,0.4,0.20000000000000018,0.5000000000000004,512,1024,0.01894645708137998,0.0,linear accumulation,24,0.4547149699531195,16,2.474660259551995,0.0030479606598949284,2.4747982691012465,2.464842788092453,0.4125284231899295,0.0017411418238575797,0.4144509564636344,0.4149126495426604
FB1,0.2,0.4,0.20000000000000018,0.5000000000000004,512,1024,0.01894645708137998,0.0,linear accumulation,25,0.4736614270344995,16,2.4506969583282476,0.0030402749509665047,2.451889560505258,2.4423365079662025,0.42610511905425996,0.0017840422338675623,0.4283889631772408,0.42887385806006456
FB1,0.2,0.4,0.20000000000000018,0.5000000000000004,512,1024,0.01894645708137998,0.0,linear accumulation,26,0.49260788411587947,16,2.42785870946947,0.0030218060404666202,2.4298721812428337,2.420720406289396,0.4391298879845355,0.0017965027508664267,0.4421074974862559,0.4426156469095883
FB1,0.2,0.4,0.20000000000000018,0.5000000000000004,512,1024,0.01894645708137998,0.0,linear accumulation,27,0.5115543411972594,16,2.4051960120867335,0.0029991634090262443,2.4087100924555926,2.3999581569998463,0.4516761076696168,0.0018076408609836885,0.455611051931153,0.45614248868634644
FB1,0.2,0.4,0.20000000000000018,0.5000000000000004,512,1024,0.01894645708137998,0.0,linear accumulation,28,0.5305007982786394,16,2.3851140000555895,0.002998157182909317,2.388368761002031,2.3800149597450155,0.46450121858959237,0.001853559621183295,0.4689040047445633,0.46945874284404276
FB1,0.2,0.4,0.20000000000000018,0.5000000000000004,512,1024,0.01894645708137998,0.0,linear accumulation,29,0.5494472553600194,16,2.36636537953897,0.0030173386749060074,2.36881509476042,2.360857474127438,0.47827044610548874,0.0019046406022086033,0.4819906233273943,0.4825686591150114
FB1,0.2,0.4,0.20000000000000018,0.5000000000000004,512,1024,0.01894645708137998,0.0,linear accumulation,30,0.5683937124413994,16,2.347643220323916,0.0030181057102510126,2.350017380773497,2.342453756843272,0.4906147470329387,0.0019486691531270793,0.4948750676038655,0.4954763808117237
FB1,0.2,0.4,0.20000000000000018,0.5000000000000004,512,1024,0.01894645708137998,0.0,linear accumulation,31,0.5873401695227793,16,2.3281482283634265,0.0030257033665669892,2.331945226108017,2.324773201584625,0.5019552558562224,0.0019825517762880173,0.5075613932601003,0.508185948014281
FB1,0.2,0.4,0.20000000000000018,0.5000000000000004,512,1024,0.01894645708137998,0.0,linear accumulation,32,0.6062866266041593,16,2.3107862104837986,0.003005510656975386,2.3145695013079823,2.307786481582177,0.5143186562503238,0.0020052024401316483,0.5200535548707291,0.5207013006482466
FB1,0.2,0.4,0.20000000000000018,0.5000000000000004,512,1024,0.01894645708137998,0.0,linear accumulation,33,0.6252330836855393,16,2.2943521605361,0.0029934205769199572,2.2978622863258287,2.2914654946701956,0.5266479253339094,0.002027684891273918,0.5323554089177749,0.5330262814569776
FB1,0.2,0.4,0.20000000000000018,0.5000000000000004,512,1024,0.01894645708137998,0.0,linear accumulation,34,0.6441795407669193,16,2.2790154611209097,0.003017252905967861,2.281796818821104,2.2757833107613616,0.53979272802038,0.0020867103151696585,0.5444707167059154,0.5451646388724565
FB1,0.2,0.4,0.20000000000000018,0.5000000000000004,512,1024,0.01894645708137998,0.0,linear accumulation,35,0.6631259978482993,16,2.2631152615038084,0.0030322612753747105,2.2663474447211334,2.260714121623937,0.5515584646701142,0.002147571789399709,0.5564031471780551,0.5571200297884589
FB1,0.2,0.4,0.20000000000000018,0.5000000000000004,512,1024,0.01894645708137998,0.0,linear accumulation,36,0.6820724549296793,16,2.2475632684768345,0.0030438417070757584,2.2514895709429474,2.2462331928586288,0.5627338434336054,0.002191838222264444,0.5681562796349757,0.5688960222397338
FB1,0.2,0.4,0.20000000000000018,0.5000000000000004,512,1024,0.01894645708137998,0.0,linear accumulation,37,0.7010189120110593,16,2.233490178135243,0.003056366251193628,2.2371996201803004,2.2323168179771686,0.5740867382403463,0.0022149685951053802,0.5797336063626851,0.5804960979907334
FB1,0.2,0.4,0.20000000000000018,0.5000000000000004,512,1024,0.01894645708137998,0.0,linear accumulation,38,0.7199653690924392,16,2.22014987413497,0.0030533994460094386,2.223454987663922,2.2189422744890295,0.5861478297539853,0.0022466156757421575,0.5911385351709326,0.5919236550372767
FB1,0.2,0.4,0.20000000000000018,0.5000000000000004,512,1024,0.01894645708137998,0.0,linear accumulation,39,0.7389118261738192,16,2.206479199439009,0.0030610634550343957,2.210233999807307,2.206087781906927,0.5972027298606115,0.002277594263708226,0.602374391846227,0.6031820100243985
FB1,0.2,0.4,0.20000000000000018,0.5000000000000004,512,1024,0.01894645708137998,0.0,linear accumulation,40,0.7578582832551992,16,2.19466927836082,0.003069405822648289,2.197515874654285,2.19373246158579,0.6090465340572718,0.002316788702840155,0.6134444225225504,0.6142744005835148
FB1,0.2,0.4,0.20000000000000018,0.5000000000000004,512,1024,0.01894645708137998,0.0,linear accumulation,41,0.7768047403365791,16,2.1820741598197246,0.003072254863451125,2.185280684048405,2.1818562983137135,0.6197415364200308,0.002349864924683233,0.6243517959728392,0.6252039875918861
FB1,0.2,0.4,0.20000000000000018,0.5000000000000004,512,1024,0.01894645708137998,0.0,linear accumulation,42,0.7957511974179591,16,2.1711953693861066,0.0030729619637397446,2.1735093174477313,2.170440103577101,0.6309559270842253,0.00237464072007429,0.6350996058241769,0.6359738573572714
FB1,0.2,0.4,0.20000000000000018,0.5000000000000004,512,1024,0.01894645708137998,0.0,linear accumulation,43,0.8146976544993391,16,2.1598132044438247,0.003085487752875441,2.1621834473121395,2.1594654804256757,0.6420837739182041,0.0023958144527097235,0.6456908726995282,0.6465870237305229
FB1,0.2,0.4,0.20000000000000018,0.5000000000000004,512,1024,0.01894645708137998,0.0,linear accumulation,44,0.833644111580719,16,2.149027234672984,0.003078287251730926,2.151285495993422,2.1489147898664194,0.6526170856675988,0.0024089795085049095,0.6561285462887254,0.6570464301487814
FB1,0.2,0.4,0.20000000000000018,0.5000000000000004,512,1024,0.01894645708137998,0.0,linear accumulation,45,0.852590568662099,16,2.1387102294635585,0.003069405380113802,2.140798604061697,2.138771118718651,0.662962379327311,0.002420277890575444,0.6664155073513196,0.6673549516118111
FB1,0.2,0.4,0.20000000000000018,0.5000000000000004,512,1024,0.01894645708137998,0.0,linear accumulation,46,0.871537025743479,16,2.127335952469316,0.0031003628950697004,2.1307066000045536,2.1290182488655414,0.6721770382088613,0.0024846852058785793,0.6765545696537947,0.6775153965939305
FB1,0.2,0.4,0.20000000000000018,0.5000000000000004,512,1024,0.01894645708137998,0.0,linear accumulation,47,0.890483482824859,16,2.1178757938954607,0.0031002415794417187,2.1209939712382755,2.1196406278402384,0.6824608923357369,0.0025036475537495106,0.68654848184355,0.6875305088938766
FB1,0.2,0.4,0.20000000000000018,0.5000000000000004,512,1024,0.01894645708137998,0.0,linear accumulation,48,0.909429939906239,16,2.1098153607609844,0.0031181401838315166,2.111645836373143,2.11062334068757,0.6934637734405054,0.0025491663407902487,0.6963999292619619,0.6974029694248667
FB1,0.2,0.4,0.20000000000000018,0.5000000000000004,512,1024,0.01894645708137998,0.0,linear accumulation,49,0.928376396987619,16,2.099783615483239,0.0031203033260102726,2.102647918677482,2.101952083044932,0.7023942365272664,0.002562360303204616,0.7061115356987376,0.7071353979470204
FB1,0.2,0.4,0.20000000000000018,0.5000000000000004,512,1024,0.01894645708137998,0.0,linear accumulation,50,0.947322854068999,16,2.0899697486000592,0.0031354357693467714,2.0939865206875496,2.093613135388517,0.710983878557669,0.0025967314553280657,0.7156858650896951,0.7167303547442292
FB1,0.2,0.4,0.20000000000000018,0.5000000000000004,512,1024,0.01894645708137998,0.0,linear accumulation,51,0.966269311150379,16,2.0822596826079183,0.003143524773303737,2.085648499912763,2.0855933383934135,0.7212497733246758,0.002627358809694704,0.7251254231600133,0.7261903422474663
FB1,0.2,0.4,0.20000000000000018,0.5000000000000004,512,1024,0.01894645708137998,0.0,linear accumulation,52,0.9852157682317589,16,2.0746265527135557,0.003119719376111281,2.0776212455880065,2.0778800693584754,0.7308611561206864,0.0026143659501622635,0.7344326590149199,0.7355178066064685
FB1,0.2,0.4,0.20000000000000018,0.5000000000000004,512,1024,0.01894645708137998,0.0,linear accumulation,53,1.0041622253131388,16,2.067556824030616,0.003132907172348443,2.06989265642693,2.070461219648984,0.7406969788750092,0.0026570593914536974,0.7436099666797044,0.7447151392116281
FB1,0.2,0.4,0.20000000000000018,0.5000000000000004,512,1024,0.01894645708137998,0.0,linear accumulation,54,1.0231086823945188,16,2.0612668294559953,0.003139420533847771,2.0624511193322093,2.063325173112299,0.7502758579480066,0.002669540306820111,0.7526596865908719,0.7537846781678773
FB1,0.2,0.4,0.20000000000000018,0.5000000000000004,512,1024,0.01894645708137998,0.0,linear accumulation,55,1.0420551394758988,16,2.054177507998647,0.0031273565944790103,2.055285489020704,2.0564607854236505,0.759578097038718,0.0026685700786254684,0.761584107040184,0.7627287097222687
FB1,0.2,0.4,0.20000000000000018,0.5000000000000004,512,1024,0.01894645708137998,0.0,linear accumulation,56,1.0610015965572788,16,2.0468516148165543,0.0031160038404730687,2.0483850685233325,2.0498573643211646,0.7681739056952834,0.0026623856827720496,0.7703854655732607,0.7715494696468913
FB1,0.2,0.4,0.20000000000000018,0.5000000000000004,512,1024,0.01894645708137998,0.0,linear accumulation,57,1.0799480536386588,16,2.039615449465131,0.0030912600553517524,2.0417395905212734,2.0435046506910295,0.7764992552214509,0.0026503835558729367,0.7790659503443582,0.7802491445787001
FB1,0.2,0.4,0.20000000000000018,0.5000000000000004,512,1024,0.01894645708137998,0.0,linear accumulation,58,1.0988945107200387,16,2.0339577239076916,0.0031258790740192857,2.0353391994818177,2.037392800465471,0.7854850134530084,0.002703261501140134,0.7876277014288692,0.7888298733177771
FB1,0.2,0.4,0.20000000000000018,0.5000000000000004,512,1024,0.01894645708137998,0.0,linear accumulation,59,1.1178409678014187,16,2.0275503841934057,0.003112806735431348,2.0291744345588354,2.031512367297854,0.7934904831675059,0.002703097911144202,0.7960728120950367,0.7972937480854779
FB1,0.2,0.4,0.20000000000000018,0.5000000000000004,512,1024,0.01894645708137998,0.0,linear accumulation,60,1.1367874248827987,16,2.0228972753180465,0.0031190820205627585,2.023236213224378,2.0258542859808317,0.803395188639902,0.0027216831191032268,0.8044033300363134,0.8056428157438684
FB1,0.2,0.4,0.20000000000000018,0.5000000000000004,512,1024,0.01894645708137998,0.0,linear accumulation,61,1.1557338819641787,16,2.0152362401795854,0.0030939604898863548,2.0175158155994266,2.0204098565749815,0.8095625460508714,0.0027084203501557057,0.8126212585657463,0.8138790789778001
FB1,0.2,0.4,0.20000000000000018,0.5000000000000004,512,1024,0.01894645708137998,0.0,linear accumulation,62,1.1746803390455587,16,2.009748899919338,0.003121119853367254,2.012004869453225,2.015170729216811,0.8178552183759744,0.0027423242117781826,0.8207285577737056,0.8220044974409201
FB1,0.2,0.4,0.20000000000000018,0.5000000000000004,512,1024,0.01894645708137998,0.0,linear accumulation,63,1.1936267961269387,16,2.005433155893443,0.0031275092058685784,2.0066953358420037,2.0101288895764124,0.8268301770685317,0.002761921549567189,0.8287271456502375,0.8300209888668619
FB1,0.2,0.4,0.20000000000000018,0.5000000000000004,512,1024,0.01894645708137998,0.0,linear accumulation,64,1.2125732532083187,16,2.000693672101081,0.0031314128412219004,2.001579495359173,2.005276644936358,0.8350756648446515,0.002771474623448696,0.8366188991732642,0.8379304301468226
FB1,0.2,0.4,0.20000000000000018,0.5000000000000004,512,1024,0.01894645708137998,0.0,linear accumulation,65,1.2315197102896986,16,1.9959360246951472,0.003170040082680633,1.99664993497034,2.0006066108646956,0.8426078819075129,0.0028262312856193843,0.8444056553638098,0.8457346583746709
FB1,0.2,0.4,0.20000000000000018,0.5000000000000004,512,1024,0.01894645708137998,0.0,linear accumulation,66,1.2504661673710786,16,1.991112824466345,0.003180677828303653,1.9918995354076539,1.99611169845612,0.850518531528838,0.0028452091806207332,0.8520892123093867,0.8534354718607103
FB1,0.2,0.4,0.20000000000000018,0.5000000000000004,512,1024,0.01894645708137998,0.0,linear accumulation,67,1.2694126244524586,16,1.9867257095116049,0.0031902846953660753,1.9873214590991426,1.9917851021165256,0.858187943189695,0.002861191827390522,0.8596713301566339,0.8610346311151581
FB1,0.2,0.4,0.20000000000000018,0.5000000000000004,512,1024,0.01894645708137998,0.0,linear accumulation,68,1.2883590815338386,16,1.982455689546252,0.0032195446277604924,1.9829091386097608,1.987620287867263,0.8659553818192357,0.002902307909978665,0.8671537320742579,0.8685338598023673
FB1,0.2,0.4,0.20000000000000018,0.5000000000000004,512,1024,0.01894645708137998,0.0,linear accumulation,69,1.3073055386152186,16,1.9780595215767574,0.003202605494446519,1.9786562655719209,1.9836109821464762,0.8737190784400106,0.0028930148079613135,0.8745381051872868,0.8759348456667919
FB1,0.2,0.4,0.20000000000000018,0.5000000000000004,512,1024,0.01894645708137998,0.0,linear accumulation,70,1.3262519956965986,16,1.9733360724743947,0.0031910091893704107,1.9745567800842452,1.9797511610858844,0.8803800182188781,0.002890873277276405,0.8818261014836102,0.8832392414316409
FB1,0.2,0.4,0.20000000000000018,0.5000000000000004,512,1024,0.01894645708137998,0.0,linear accumulation,71,1.3451984527779786,16,1.9694696420205986,0.003212738063849851,1.9706048605582323,1.9760350402423388,0.8876422435590734,0.002924320865788783,0.8890193386937406,0.8904486656711409
FB1,0.2,0.4,0.20000000000000018,0.5000000000000004,512,1024,0.01894645708137998,0.0,linear accumulation,72,1.3641449098593585,16,1.9652208147923944,0.003229517993896644,1.9667949139934233,1.9724570647644089,0.8944436039271859,0.0029526162102180868,0.8961194011447025,0.8975647036572948
FB1,0.2,0.4,0.20000000000000018,0.5000000000000004,512,1024,0.01894645708137998,0.0,linear accumulation,73,1.3830913669407385,16,1.963308377588738,0.00327847041158328,1.963121566662508,1.96901189997511,0.9029267991723955,0.0030117261937287433,0.903127840588909,0.9045889081819822
FB1,0.2,0.4,0.20000000000000018,0.5000000000000004,512,1024,0.01894645708137998,0.0,linear accumulation,74,1.4020378240221185,16,1.9595160609244648,0.0032579196991850043,1.9595796551886409,1.9656944223527297,0.9096878523753856,0.0029918191228131873,0.9100461770088717,0.9115228003552271
FB1,0.2,0.4,0.20000000000000018,0.5000000000000004,512,1024,0.01894645708137998,0.0,linear accumulation,75,1.4209842811034985,16,1.9552003226657608,0.0032500875859306543,1.9561642179980092,1.9624997108925104,0.915837311777849,0.0029911976181849196,0.9168758993985399,0.9183678703804188
FB1,0.2,0.4,0.20000000000000018,0.5000000000000004,512,1024,0.01894645708137998,0.0,linear accumulation,76,1.4399307381848785,16,1.9518836702226303,0.003241778777906795,1.9528704871314464,1.959423038832693,0.9225934062618464,0.0029930661635830615,0.9236184665220518,0.9251255783072481
FB1,0.2,0.4,0.20000000000000018,0.5000000000000004,512,1024,0.01894645708137998,0.0,linear accumulation,77,1.4588771952662585,16,1.9497098585426733,0.003227287193595767,1.949693880399607,1.9564598657291734,0.9300300890716333,0.002986123004116802,0.9302753076506389,0.9317973547630917
FB1,0.2,0.4,0.20000000000000018,0.5000000000000004,512,1024,0.01894645708137998,0.0,linear accumulation,78,1.4778236523476385,16,1.9474369632789568,0.003223794858698479,1.946629993866883,1.9536058298637013,0.9372080626854746,0.002983729464106681,0.9368478232784083,0.9383846016635508
FB1,0.2,0.4,0.20000000000000018,0.5000000000000004,512,1024,0.01894645708137998,0.0,linear accumulation,79,1.4967701094290184,16,1.944917964483563,0.0032456941423300053,1.943674594649917,1.9508567409712263,0.9438628574759709,0.003015040579085432,0.9433373858176901,0.9448886929028237
FB1,0.2,0.4,0.20000000000000018,0.5000000000000004,512,1024,0.01894645708137998,0.0,linear accumulation,80,1.5157165665103984,16,1.9419098243126496,0.0032168737078438333,1.9408236140171664,1.9482085732726218,0.9502366537115068,0.0029900952203041316,0.9497453402746253,0.9513109750245698
FB1,0.2,0.4,0.20000000000000018,0.5000000000000004,512,1024,0.01894645708137998,0.0,linear accumulation,81,1.5346630235917782,16,1.9397166553263752,0.003237449712391124,1.9380731407765852,1.9456574587996331,0.9570773628594745,0.003016874810995689,0.9560730049056305,0.9576527678738948
FB1,0.2,0.4,0.20000000000000018,0.5000000000000004,512,1024,0.01894645708137998,0.0,linear accumulation,82,1.5536094806731582,16,1.937239733035986,0.003264705637519218,1.9354194149390518,1.9431996809994634,0.9635667010121927,0.0030538618346906345,0.9623216718553649,0.9639153652310685
FB1,0.2,0.4,0.20000000000000018,0.5000000000000004,512,1024,0.01894645708137998,0.0,linear accumulation,83,1.5725559377545382,16,1.9344444076069083,0.003284577586850094,1.9328588216457117,1.9408316686069713,0.9695858616828391,0.003082097415416792,0.9684926077767959,0.9701000354275616
FB1,0.2,0.4,0.20000000000000018,0.5000000000000004,512,1024,0.01894645708137998,0.0,linear accumulation,84,1.5915023948359182,16,1.9324708970821913,0.0032934403615020235,1.930387885347927,1.938549989772983,0.9764904134257812,0.0030954263289285702,0.9745870544339392,0.9762080219449658
FB1,0.2,0.4,0.20000000000000018,0.5000000000000004,512,1024,0.01894645708137998,0.0,linear accumulation,85,1.6104488519172981,16,1.9309965280862036,0.003326950999251896,1.92800326422902,1.9363513464377207,0.9833886598682018,0.0031334277290061517,0.9806062292878313,0.9822405439973496
FB1,0.2,0.4,0.20000000000000018,0.5000000000000004,512,1024,0.01894645708137998,0.0,linear accumulation,86,1.6293953089986781,16,1.9293494125722113,0.00332424161222231,1.9257017448574616,1.934232568938833,0.9900332662288386,0.003135056025171169,0.9865513260662663,0.9881987970975666
FB1,0.2,0.4,0.20000000000000018,0.5000000000000004,512,1024,0.01894645708137998,0.0,linear accumulation,87,1.6483417660800581,16,1.926851936851047,0.003294442678109461,1.9234802370616322,1.9321906108439824,0.9957910010219966,0.0031078504860799286,0.9924235153178196,0.9940839536080348
FB1,0.2,0.4,0.20000000000000018,0.5000000000000004,512,1024,0.01894645708137998,0.0,linear accumulation,88,1.667288223161438,16,1.9247306893926468,0.0032959437149554837,1.9213357690166797,1.9302225439983645,1.001952400711944,0.0031163991730077034,0.9982239449506511,0.9998971632764677
FB1,0.2,0.4,0.20000000000000018,0.5000000000000004,512,1024,0.01894645708137998,0.0,linear accumulation,89,1.686234680242818,16,1.922081562686297,0.003319958334710033,1.9192654825344473,1.9283255537779833,1.0072216266162295,0.003148161197771329,1.0039537407565733,1.0056395537570373
FB1,0.2,0.4,0.20000000000000018,0.5000000000000004,512,1024,0.01894645708137998,0.0,linear accumulation,90,1.705181137324198,16,1.9202895554536341,0.003361737869126395,1.9172666285478122,1.9264969345398768,1.013042739016759,0.003195930047185743,1.0096140069208448,1.0113122311174187
FB1,0.2,0.4,0.20000000000000018,0.5000000000000004,512,1024,0.01894645708137998,0.0,linear accumulation,91,1.724127594405578,16,1.9182708270925801,0.003398006576367663,1.9153365627811683,1.9247340852608994,1.0184449681218408,0.0032397886376901953,1.0152058265181387,1.0169162803321627
FB1,0.2,0.4,0.20000000000000018,0.5000000000000004,512,1024,0.01894645708137998,0.0,linear accumulation,92,1.743074051486958,16,1.9159204724174268,0.0033943318259616237,1.9134727415991417,1.9230345053570121,1.023258071889031,0.0032402330907590985,1.0207302619951168,1.0224527657628142
FB1,0.2,0.4,0.20000000000000018,0.5000000000000004,512,1024,0.01894645708137998,0.0,linear accumulation,93,1.762020508568338,16,1.9146090634048656,0.0033928343685842334,1.911672718025971,1.9213957906754002,1.0289504517735146,0.003240795422873893,1.0261883556400269,1.0279227316251918
FB1,0.2,0.4,0.20000000000000018,0.5000000000000004,512,1024,0.01894645708137998,0.0,linear accumulation,94,1.780966965649718,16,1.912841910084698,0.003415523452129514,1.9099341379283155,1.9198156296520592,1.0341171329021268,0.003266017633132277,1.031581130039724,1.0333272024442242
FB1,0.2,0.4,0.20000000000000018,0.5000000000000004,512,1024,0.01894645708137998,0.0,linear accumulation,95,1.799913422731098,16,1.9105510253134588,0.0034168365146145224,1.908254736354567,1.9182917996278168,1.0387629475139182,0.003270124494791588,1.0369095885245054,1.038667183496718
FB1,0.2,0.4,0.20000000000000018,0.5000000000000004,512,1024,0.01894645708137998,0.0,linear accumulation,96,1.818859879812478,16,1.9085643864297328,0.003431029804475158,1.9066323340240456,1.916822163316064,1.0437341551720851,0.003285684075166302,1.042174715601132,1.043943661242437
FB1,0.2,0.4,0.20000000000000018,0.5000000000000004,512,1024,0.01894645708137998,0.0,linear accumulation,97,1.837806336893858,16,1.9061928963444017,0.0034380588773075802,1.9050648339597411,1.9154046654157642,1.0479719930078952,0.003295161223568567,1.0473774773744013,1.0491576037438408
FB1,0.2,0.4,0.20000000000000018,0.5000000000000004,512,1024,0.01894645708137998,0.0,linear accumulation,98,1.856752793975238,16,1.903874071655149,0.003414473901929287,1.9035502182585424,1.914037329363575,1.0525098725864825,0.003272769183835557,1.0525188219576167,1.0543099610748292
FB1,0.2,0.4,0.20000000000000018,0.5000000000000004,512,1024,0.01894645708137998,0.0,linear accumulation,99,1.875699251056618,16,1.9023877855116949,0.0034509641534704394,1.9020865449931534,1.9127182542192025,1.0576724873102854,0.003312109262521265,1.0575996798722942,1.0594016657188237
FB1,0.2,0.4,0.20000000000000018,0.5000000000000004,512,1024,0.01894645708137998,0.0,linear accumulation,100,1.894645708137998,16,1.9007209800926925,0.003482468319548483,1.9006719452401517,1.9114456116783556,1.0620791407134142,0.003346290756807293,1.06262096443743,1.0644336329565105
FB1,0.2,0.4,0.20000000000000018,0.5000000000000004,512,1024,0.01894645708137998,0.0,linear accumulation,101,1.913592165219378,16,1.8990262029151177,0.0034710244613678255,1.8993046202288806,1.910217643207904,1.0668733729361592,0.0033356121939600142,1.0675835721486462,1.0694067612435505
FB1,0.2,0.4,0.20000000000000018,0.5000000000000004,512,1024,0.01894645708137998,0.0,linear accumulation,102,1.932538622300758,16,1.8966906899418778,0.003495947314873257,1.8979828386060962,1.909032657298091,1.0709169615424121,0.003365333189530893,1.0724883830475147,1.0743219325785578
FB1,0.2,0.4,0.20000000000000018,0.5000000000000004,512,1024,0.01894645708137998,0.0,linear accumulation,103,1.9514850793821379,16,1.895190249602705,0.003559342882105969,1.8967049338115125,1.9078890268268611,1.0756572965288917,0.0034346362231051195,1.0773362610813575,1.079180012861635
FB1,0.2,0.4,0.20000000000000018,0.5000000000000004,512,1024,0.01894645708137998,0.0,linear accumulation,104,1.9704315364635179,16,1.8932445582068267,0.00356255424036659,1.8954693015595927,1.906785186531597,1.0798916797333535,0.0034408427632218125,1.0821280544538032,1.0839818522437505
FB1,0.2,0.4,0.20000000000000018,0.5000000000000004,512,1024,0.01894645708137998,0.0,linear accumulation,105,1.9893779935448979,16,1.892571039157481,0.0035556996195106314,1.8942743974231366,1.9057196305837294,1.0852441558014911,0.003435938306376862,1.0868645959663767,1.0887282854672198
FB1,0.2,0.4,0.20000000000000018,0.5000000000000004,512,1024,0.01894645708137998,0.0,linear accumulation,106,2.0083244506262776,16,1.8908877663064927,0.0036000002975096154,1.8931187345144114,1.9046909102619125,1.0897189807945475,0.00348219526144662,1.0915467033513875,1.0934201321975536
FB1,0.2,0.4,0.20000000000000018,0.5000000000000004,512,1024,0.01894645708137998,0.0,linear accumulation,107,2.0272709077076576,16,1.8889591638747412,0.0035894808662055282,1.8920008812597444,1.9036976317196315,1.0933658185284163,0.0034725348664447603,1.0961751795963686,1.0980581973469368
FB1,0.2,0.4,0.20000000000000018,0.5000000000000004,512,1024,0.01894645708137998,0.0,linear accumulation,108,2.0462173647890376,16,1.8867511749825825,0.003561404976457318,1.890919459263681,1.9027384538432732,1.0966921767088733,0.003446088407638611,1.100750813260318,1.1026432713895646
FB1,0.2,0.4,0.20000000000000018,0.5000000000000004,512,1024,0.01894645708137998,0.0,linear accumulation,109,2.0651638218704176,16,1.8850377883803446,0.003570228497641134,1.8898731412589778,1.901812086196887,1.1008328541224304,0.003458187827339092,1.1052743787819836,1.107176130669087
FB1,0.2,0.4,0.20000000000000018,0.5000000000000004,512,1024,0.01894645708137998,0.0,linear accumulation,110,2.0841102789517976,16,1.8835085765372135,0.003541613238568445,1.8888606491388524,1.90091728705,1.1045485425375814,0.00343088432524539,1.1097466367804159,1.111657537698382
FB1,0.2,0.4,0.20000000000000018,0.5000000000000004,512,1024,0.01894645708137998,0.0,linear accumulation,111,2.1030567360331776,16,1.8828735871556186,0.003545254561253566,1.8878807520680767,1.9000528614850234,1.1093413862130492,0.0034363206519892474,1.1141683343480195,1.1160882414518793
FB1,0.2,0.4,0.20000000000000018,0.5000000000000004,512,1024,0.01894645708137998,0.0,linear accumulation,112,2.1220031931145575,16,1.881713839200363,0.003531718045915878,1.8869322646696356,1.8992176595809371,1.1135110871827143,0.0034260575273117183,1.118540205336319,1.1204689776506562
FB1,0.2,0.4,0.20000000000000018,0.5000000000000004,512,1024,0.01894645708137998,0.0,linear accumulation,113,2.1409496501959375,16,1.8806345349262266,0.0035489881425536433,1.8860140452838199,1.8984105746700592,1.1179092811878013,0.0034461421060358976,1.1228629706346425,1.1248004690404982
FB1,0.2,0.4,0.20000000000000018,0.5000000000000004,512,1024,0.01894645708137998,0.0,linear accumulation,114,2.1598961072773175,16,1.878623890785836,0.0034889245839052454,1.8851249942967538,1.8976305416648727,1.1211078002764596,0.0033857917752496258,1.1271373384419365,1.1290834256631375
FB1,0.2,0.4,0.20000000000000018,0.5000000000000004,512,1024,0.01894645708137998,0.0,linear accumulation,115,2.1788425643586975,16,1.8773634852835686,0.0034786359927311806,1.8842640525354852,1.8968765354519932,1.1249272087475317,0.003375618237715507,1.1313640045318962,1.1333185451208576
FB1,0.2,0.4,0.20000000000000018,0.5000000000000004,512,1024,0.01894645708137998,0.0,linear accumulation,116,2.1977890214400775,16,1.876751629970098,0.0035128919019638506,1.8834301997268876,1.8961475693504894,1.1294719991877353,0.0034135104938495964,1.1355436525116114,1.13750651283465
FB1,0.2,0.4,0.20000000000000018,0.5000000000000004,512,1024,0.01894645708137998,0.0,linear accumulation,117,2.2167354785214575,16,1.8756779769307346,0.003540462710231453,1.8826224530177447,1.895442693631891,1.1334968344211362,0.0034448526489969577,1.1396769540739031,1.1416480022961073
FB1,0.2,0.4,0.20000000000000018,0.5000000000000004,512,1024,0.01894645708137998,0.0,linear accumulation,118,2.2356819356028375,16,1.8746683971788052,0.0035514580560027506,1.8818398655534936,1.8947609940993293,1.1374549373883234,0.003458002766763379,1.1437645692435356,1.14574367531323
FB1,0.2,0.4,0.20000000000000018,0.5000000000000004,512,1024,0.01894645708137998,0.0,linear accumulation,119,2.2546283926842174,16,1.874235095855795,0.003558622649563796,1.8810815251132182,1.8941015907233592,1.1418137450519157,0.0034670768763775507,1.1478071466174726,1.1497941822503073
FB1,0.2,0.4,0.20000000000000018,0.5000000000000004,512,1024,0.01894645708137998,0.0,linear accumulation,120,2.2735748497655974,16,1.872703040069656,0.003529885067448836,1.8803465527985737,1.8934636363321342,1.1451092422951985,0.003439397853697798,1.1518053235993422,1.1538001622620528
FB1,0.2,0.4,0.20000000000000018,0.5000000000000004,512,1024,0.01894645708137998,0.0,linear accumulation,121,2.2925213068469774,16,1.8726349828010016,0.0035618437036786395,1.8796341017744378,1.8928463153536792,1.1498991543850938,0.0034743068964412866,1.1557597266282762,1.1577622435221384
FB1,0.2,0.4,0.20000000000000018,0.5000000000000004,512,1024,0.01894645708137998,0.0,linear accumulation,122,2.3114677639283574,16,1.8708442493802055,0.003517954256364368,1.8789433560591644,1.8922488426081217,1.1527991734173404,0.0034304257452917545,1.1596709714022788,1.161681043446291
FB1,0.2,0.4,0.20000000000000018,0.5000000000000004,512,1024,0.01894645708137998,0.0,linear accumulation,123,2.3304142210097374,16,1.869923034130812,0.00354826319166286,1.87827352936241,1.8916704621478249,1.1561693962592023,0.003463664326249416,1.1635396630962727,1.165557168910098
FB1,0.2,0.4,0.20000000000000018,0.5000000000000004,512,1024,0.01894645708137998,0.0,linear accumulation,124,2.3493606780911174,16,1.871164958725469,0.0035597319693586697,1.8776238639685916,1.891110446143452,1.1618212128365337,0.0034768403868032476,1.1673663965749712,1.1693912164616667
FB1,0.2,0.4,0.20000000000000018,0.5000000000000004,512,1024,0.01894645708137998,0.0,linear accumulation,125,2.3683071351724974,16,1.8695697781320044,0.0035483493359465624,1.87699362966411,1.8905680938140788,1.164627377947177,0.003466287668992907,1.1711517566007241,1.173183772529276
FB1,0.2,0.4,0.20000000000000018,0.5000000000000004,512,1024,0.01894645708137998,0.0,linear accumulation,126,2.3872535922538773,16,1.8675206246425207,0.003575543248350107,1.8763821227065594,1.8900427303995517,1.166911466037903,0.003495617708088359,1.17489631803646,1.176935413624166
FB1,0.2,0.4,0.20000000000000018,0.5000000000000004,512,1024,0.01894645708137998,0.0,linear accumulation,127,2.4062000493352573,16,1.8675528654026292,0.003553793381486007,1.8757886648342108,1.889533706173354,1.1710567806478918,0.003474574609892762,1.178600646043877,1.1806467065385804
FB1,0.2,0.4,0.20000000000000018,0.5000000000000004,512,1024,0.01894645708137998,0.0,linear accumulation,128,2.4251465064166373,16,1.8682658331318964,0.0035685507089901025,1.8752126023141353,1.8890403954943307,1.1760345016868845,0.003490352500589184,1.182265296276994,1.184318208539204
FB1,0.2,0.4,0.20000000000000018,0.5000000000000004,512,1024,0.01894645708137998,0.0,linear accumulation,129,2.4440929634980173,16,1.8666202109283612,0.003603985190023055,1.8746533050273995,1.8885621958956889,1.178634460693742,0.003527961905718349,1.1858908150711995,1.1879504675561172
FB1,0.2,0.4,0.20000000000000018,0.5000000000000004,512,1024,0.01894645708137998,0.0,linear accumulation,130,2.4630394205793973,16,1.8662906802716908,0.00363024384413859,1.8741101655898253,1.8880985272097406,1.182483080990517,0.003557157345068271,1.1894777396279135,1.191544022367375
FB1,0.2,0.4,0.20000000000000018,0.5000000000000004,512,1024,0.01894645708137998,0.0,linear accumulation,131,2.4819858776607773,16,1.866759564103925,0.0036182701421635347,1.873582598506888,1.887648830726953,1.18704859679674,0.0035461620895103443,1.1930265981949804,1.1950994027793513
FB1,0.2,0.4,0.20000000000000018,0.5000000000000004,512,1024,0.01894645708137998,0.0,linear accumulation,132,2.5009323347421573,16,1.8660566923566377,0.00361041980928163,1.873070039361354,1.887212568387886,1.190293856807443,0.003540115726004478,1.1965379102429083,1.1986171298029287
FB1,0.2,0.4,0.20000000000000018,0.5000000000000004,512,1024,0.01894645708137998,0.0,linear accumulation,133,2.5198787918235372,16,1.8657363773575617,0.0035866392110828695,1.8725719440323583,1.8867892220067086,1.1939080999468539,0.003516933174229552,1.2000121866370668,1.2020977158256767
FB1,0.2,0.4,0.20000000000000018,0.5000000000000004,512,1024,0.01894645708137998,0.0,linear accumulation,134,2.5388252489049172,16,1.8658892291545635,0.003569184117182465,1.872087787944639,1.8863782925249915,1.1980037150553187,0.003500293610623507,1.203449929805943,1.2055416647801003
FB1,0.2,0.4,0.20000000000000018,0.5000000000000004,512,1024,0.01894645708137998,0.0,linear accumulation,135,2.557771705986297,16,1.8643858497765433,0.0035899290959054203,1.8716170653467235,1.8859792992945625,1.200344843749467,0.0035231372427222975,1.2068516339055713,1.2089494723080714
FB1,0.2,0.4,0.20000000000000018,0.5000000000000004,512,1024,0.01894645708137998,0.0,linear accumulation,136,2.576718163067677,16,1.8646719239531873,0.0036201207466420894,1.871159288616903,1.8855917793882466,1.2043395787074005,0.0035534557127563362,1.2102177849802256,1.212321625921546
FB1,0.2,0.4,0.20000000000000018,0.5000000000000004,512,1024,0.01894645708137998,0.0,linear accumulation,137,2.595664620149057,16,1.8645918897707299,0.003592229883407717,1.8707139875958774,1.885215286937361,1.2080206010323553,0.0035258831788741152,1.213548861119482,1.2156586051596543
FB1,0.2,0.4,0.20000000000000018,0.5000000000000004,512,1024,0.01894645708137998,0.0,linear accumulation,138,2.614611077230437,16,1.8643608034374761,0.0036061500031500226,1.870280708945005,1.8848493924948955,1.211529917988789,0.0035402663066964233,1.216845332611738,1.2189608817422706
FB1,0.2,0.4,0.20000000000000018,0.5000000000000004,512,1024,0.01894645708137998,0.0,linear accumulation,139,2.633557534311817,16,1.8635348154441442,0.003614675046692021,1.869859015529138,1.8844936824233263,1.2145631795969865,0.0035499228181488335,1.2201076620942892,1.222228919720137
FB1,0.2,0.4,0.20000000000000018,0.5000000000000004,512,1024,0.01894645708137998,0.0,linear accumulation,140,2.652503991393197,16,1.8643561814548066,0.0036375354274123415,1.869448485823046,1.8841477583061028,1.2190497047543054,0.0035738881333818966,1.2233363047000436,1.2254631756216543
FB1,0.2,0.4,0.20000000000000018,0.5000000000000004,512,1024,0.01894645708137998,0.0,linear accumulation,141,2.671450448474577,16,1.8646476805124053,0.0036385335615768647,1.8690487133405127,1.883811236381816,1.2229129376736148,0.0035762311473440975,1.226531708200966,1.2286640985963941
FB1,0.2,0.4,0.20000000000000018,0.5000000000000004,512,1024,0.01894645708137998,0.0,linear accumulation,142,2.690396905555957,16,1.8647460978174997,0.0036163120871807288,1.8686593060851755,1.8834837470001813,1.2264756778905685,0.00355484434650818,1.2296943131483375,1.2318321305554476
FB1,0.2,0.4,0.20000000000000018,0.5000000000000004,512,1024,0.01894645708137998,0.0,linear accumulation,143,2.709343362637337,16,1.8642923594762786,0.0036138513014866685,1.8682798860222658,1.8831649340989316,1.229499041908192,0.0035527648431131144,1.2328245530099058,1.2349677063086704
FB1,0.2,0.4,0.20000000000000018,0.5000000000000004,512,1024,0.01894645708137998,0.0,linear accumulation,144,2.728289819718717,16,1.8637729422037268,0.0036349623621343844,1.8679100885704092,1.8828544547007988,1.2323210101911424,0.003574566252232527,1.2359228543040124,1.2380712536989087
FB1,0.2,0.4,0.20000000000000018,0.5000000000000004,512,1024,0.01894645708137998,0.0,linear accumulation,145,2.747236276800097,16,1.8634263505994861,0.0036106550038577474,1.8675495621126939,1.8825519784297768,1.2356419173224258,0.003551483855414712,1.238989636730767,1.2411431937332846
FB1,0.2,0.4,0.20000000000000018,0.5000000000000004,512,1024,0.01894645708137998,0.0,linear accumulation,146,2.766182733881477,16,1.8622240574316065,0.0036738122015211832,1.867197967526244,1.8822571870459046,1.2378646888176281,0.0036161117673870714,1.2420253133003505,1.2441839407116158
FB1,0.2,0.4,0.20000000000000018,0.5000000000000004,512,1024,0.01894645708137998,0.0,linear accumulation,147,2.785129190962857,16,1.8636572067304988,0.003656114573272879,1.8668549777295715,1.8819697739978194,1.2425760666966263,0.0035984786812367905,1.245030290458515,1.2471939023520344
FB1,0.2,0.4,0.20000000000000018,0.5000000000000004,512,1024,0.01894645708137998,0.0,linear accumulation,148,2.804075648044237,16,1.8638741756283967,0.0037063909013109195,1.8665202772469953,1.8816894439923912,1.2459969724750868,0.003650712601530846,1.24800496820935,1.2501734799138875
FB1,0.2,0.4,0.20000000000000018,0.5000000000000004,512,1024,0.01894645708137998,0.0,linear accumulation,149,2.823022105125617,16,1.8628418894633516,0.00371407060807488,1.8661935617894718,1.8814159125807381,1.2481693427418992,0.003659324493039795,1.2509497402353875,1.2531230683179695
FB1,0.2,0.4,0.20000000000000018,0.5000000000000004,512,1024,0.01894645708137998,0.0,linear accumulation,150,2.841968562206997,16,1.863117063666064,0.003766565727001034,1.8658745378511727,1.8811489057599988,1.251653930337489,0.0037131245102069647,1.2538649940151114,1.2560430562641733
FB1,0.2,0.4,0.20000000000000018,0.5000000000000004,512,1024,0.01894645708137998,0.0,linear accumulation,151,2.860915019288377,16,1.8627595705553373,0.003751122525579842,1.8655629223212085,1.8808881595902198,1.254404214088396,0.003698473626675258,1.2567511109379308,1.258933826346608
FB1,0.2,0.4,0.20000000000000018,0.5000000000000004,512,1024,0.01894645708137998,0.0,linear accumulation,152,2.879861476369757,16,1.8606126487309926,0.003751928456045504,1.8652584421098943,1.8806334198257646,1.255446557066636,0.003699926509613802,1.2596084664166889,1.26179575516625
FB1,0.2,0.4,0.20000000000000018,0.5000000000000004,512,1024,0.01894645708137998,0.0,linear accumulation,153,2.898807933451137,16,1.860191887543153,0.0037377342181812994,1.8649608337889945,1.8803844415606807,1.2581134123504087,0.0036869986818284886,1.262437429997759,1.2646292134411956
FB1,0.2,0.4,0.20000000000000018,0.5000000000000004,512,1024,0.01894645708137998,0.0,linear accumulation,154,2.917754390532517,16,1.859663918016225,0.0037740368787141584,1.864669843245394,1.8801409888874623,1.2606187563058309,0.003724264846435447,1.265238365468794,1.267434566114562
FB1,0.2,0.4,0.20000000000000018,0.5000000000000004,512,1024,0.01894645708137998,0.0,linear accumulation,155,2.936700847613897,16,1.8599048126730893,0.0038146990528292925,1.8643852253476827,1.8799028345686901,1.2640353592117375,0.0037658647983539358,1.268011630964186,1.270212172460103
FB1,0.2,0.4,0.20000000000000018,0.5000000000000004,512,1024,0.01894645708137998,0.0,linear accumulation,156,2.955647304695277,16,1.8593819044034898,0.0038391495235556216,1.8641067436251384,1.879669759721041,1.2664594941640646,0.0037907512867913734,1.2707575790682837,1.2729623861855912
FB1,0.2,0.4,0.20000000000000018,0.5000000000000004,512,1024,0.01894645708137998,0.0,linear accumulation,157,2.974593761776657,16,1.8586706685384127,0.0038395216609053372,1.8638341699586372,1.87944155351118,1.2687145821318353,0.0037918492654474296,1.2734765569164375,1.2756855555340227
FB1,0.2,0.4,0.20000000000000018,0.5000000000000004,512,1024,0.01894645708137998,0.0,linear accumulation,158,2.993540218858037,16,1.8587040773251466,0.0038995654572880492,1.863567284283021,1.8792180128630696,1.271790204531902,0.003853501213917958,1.2761689062939108,1.2783820233826917
FB1,0.2,0.4,0.20000000000000018,0.5000000000000004,512,1024,0.01894645708137998,0.0,linear accumulation,159,3.012486675939417,16,1.858860001564616,0.00388988906487948,1.8633058743004811,1.878998942176259,1.274751259615751,0.003844396123664131,1.2788349637327145,1.2810521273401967
FB1,0.2,0.4,0.20000000000000018,0.5000000000000004,512,1024,0.01894645708137998,0.0,linear accumulation,160,3.031433133020797,16,1.858943868308617,0.003924881584657339,1.8630497352045337,1.8787841530547071,1.277652065374395,0.003880422273686419,1.281475060606419,1.2836961998414163
FB1,0.2,0.4,0.20000000000000018,0.5000000000000004,512,1024,0.01894645708137998,0.0,linear accumulation,161,3.0503795901021764,16,1.8579944881222508,0.0039775294254332984,1.8627986694141754,1.8785734640457505,1.2794547641894476,0.003934688321081318,1.284089523222984,1.2863145682405122
FB1,0.2,0.4,0.20000000000000018,0.5000000000000004,512,1024,0.01894645708137998,0.0,linear accumulation,162,3.0693260471835564,16,1.8567980129466592,0.003937817953368419,1.8625524863178267,1.8783667003888007,1.2809485411389887,0.003894819206977585,1.2866786729156598,1.2889075549020002
FB1,0.2,0.4,0.20000000000000018,0.5000000000000004,512,1024,0.01894645708137998,0.0,linear accumulation,163,3.0882725042649364,16,1.856189306976249,0.003962788927097422,1.8623110020266895,1.8781636937734105,1.2831346740739922,0.0039200410192813,1.289242826132004,1.291475477289939
FB1,0.2,0.4,0.20000000000000018,0.5000000000000004,512,1024,0.01894645708137998,0.0,linear accumulation,164,3.1072189613463164,16,1.856484479471896,0.003952549789323935,1.8620740391371553,1.8779642821063325,1.2861908652849172,0.0039101893075237665,1.291782294521056,1.294018648055279
FB1,0.2,0.4,0.20000000000000018,0.5000000000000004,512,1024,0.01894645708137998,0.0,linear accumulation,165,3.1261654184276964,16,1.857324557486943,0.0038948492657472898,1.8618414265019128,1.8777683092872326,1.28982265330711,0.0038521480883983716,1.2942973850187203,1.296537375121417
FB1,0.2,0.4,0.20000000000000018,0.5000000000000004,512,1024,0.01894645708137998,0.0,linear accumulation,166,3.1451118755090763,16,1.8569063298635768,0.003926737714814643,1.861612999009433,1.8775756249927151,1.2920651923212427,0.003884411977242844,1.296788399931391,1.2990319617679962
FB1,0.2,0.4,0.20000000000000018,0.5000000000000004,512,1024,0.01894645708137998,0.0,linear accumulation,167,3.1640583325904563,16,1.856869395862403,0.003919297827221686,1.8613885973714974,1.877386084468347,1.294700674692368,0.003877548439166816,1.2992556370178656,1.3015027067129965
FB1,0.2,0.4,0.20000000000000018,0.5000000000000004,512,1024,0.01894645708137998,0.0,linear accumulation,168,3.1830047896718363,16,1.8572855569991025,0.003928226054644403,1.8611680679184763,1.8771995483283588,1.2977394747232767,0.003886583284749752,1.3016993895695879,1.3039499041931453
FB1,0.2,0.4,0.20000000000000018,0.5000000000000004,512,1024,0.01894645708137998,0.0,linear accumulation,169,3.2019512467532163,16,1.8575177909693537,0.003942405065070495,1.8609512624020494,1.8770158823627505,1.300518331437492,0.0039012108199002315,1.3041199464892554,1.3063738440427062
FB1,0.2,0.4,0.20000000000000018,0.5000000000000004,512,1024,0.01894645708137998,0.0,linear accumulation,170,3.2208977038345963,16,1.8575409603291893,0.00394846508011718,1.8607380378050955,1.8768349573514937,1.3031091475318397,0.003907505998532193,1.3065175923678325,1.3087748117706623
FB1,0.2,0.4,0.20000000000000018,0.5000000000000004,512,1024,0.01894645708137998,0.0,linear accumulation,171,3.2398441609159763,16,1.8577066645018503,0.003888264148269461,1.8605282561584748,1.8766566488855714,1.3057109920730472,0.0038471575750227654,1.3088926075600051,1.311153088636347
FB1,0.2,0.4,0.20000000000000018,0.5000000000000004,512,1024,0.01894645708137998,0.0,linear accumulation,172,3.2587906179973563,16,1.8568319947240033,0.003929553531320369,1.8603217843644417,1.876480837194591,1.3074261345802978,0.003889392126175594,1.3112452682581144,1.3135089517235483
FB1,0.2,0.4,0.20000000000000018,0.5000000000000004,512,1024,0.01894645708137998,0.0,linear accumulation,173,3.2777370750787362,16,1.8580534108496585,0.003944103656081203,1.8601184940264406,1.87630740698072,1.3111152742897603,0.003904398812141853,1.3135758465646017,1.31584267401313
FB1,0.2,0.4,0.20000000000000018,0.5000000000000004,512,1024,0.01894645708137998,0.0,linear accumulation,174,3.2966835321601162,16,1.8564490090373411,0.003916277827043957,1.8599182612850407,1.8761362472586995,1.3119753550885425,0.0038765543856517396,1.3158846105630018,1.3181545244541943
FB1,0.2,0.4,0.20000000000000018,0.5000000000000004,512,1024,0.01894645708137998,0.0,linear accumulation,175,3.315629989241496,16,1.8574770374316243,0.0038815791796905745,1.859720966659781,1.875967251201708,1.315532630865159,0.0038422558206556386,1.3181718243875162,1.3204447680338283
FB1,0.2,0.4,0.20000000000000018,0.5000000000000004,512,1024,0.01894645708137998,0.0,linear accumulation,176,3.334576446322876,16,1.8565956122757057,0.003888835654674746,1.859526494896699,1.8758003159928522,1.3172705645351643,0.003850286761824702,1.3204377482912,1.3227136658454608
FB1,0.2,0.4,0.20000000000000018,0.5000000000000004,512,1024,0.01894645708137998,0.0,linear accumulation,177,3.353522903404256,16,1.856240587313505,0.003921547303917044,1.859334734821335,1.8756353426820693,1.3193467754262018,0.0038835836071010195,1.3226826387127915,1.3249614751558634
FB1,0.2,0.4,0.20000000000000018,0.5000000000000004,512,1024,0.01894645708137998,0.0,linear accumulation,178,3.372469360485636,16,1.856124221800287,0.003924600308982502,1.859145579197003,1.875472236048234,1.3216533227991554,0.003887145436768326,1.32490674834222,1.3271884494708224
FB1,0.2,0.4,0.20000000000000018,0.5000000000000004,512,1024,0.01894645708137998,0.0,linear accumulation,179,3.391415817567016,16,1.8566050371558613,0.0039234640738066776,1.8589589245881308,1.8753109044662852,1.3245326107636255,0.003886478925603526,1.3271103261848165,1.3293948385995227
FB1,0.2,0.4,0.20000000000000018,0.5000000000000004,512,1024,0.01894645708137998,0.0,linear accumulation,180,3.410362274648396,16,1.8572886603827117,0.003919743140960189,1.8587746712284843,1.8751512597791595,1.327694339372385,0.003883113457695924,1.3292936176242587,1.3315808887176548
FB1,0.2,0.4,0.20000000000000018,0.5000000000000004,512,1024,0.01894645708137998,0.0,linear accumulation,181,3.429308731729776,16,1.8580666740525067,0.003924042128895128,1.8585927228940848,1.8749932171743795,1.3308023295895635,0.003887716355634371,1.3314568644842804,1.3337468424292935
FB1,0.2,0.4,0.20000000000000018,0.5000000000000004,512,1024,0.01894645708137998,0.0,linear accumulation,182,3.448255188811156,16,1.8577269011055533,0.003914517408932107,1.8584129867806576,1.874836695065094,1.3328391930836538,0.0038784112234386625,1.3336003050891718,1.3358929388275589
FB1,0.2,0.4,0.20000000000000018,0.5000000000000004,512,1024,0.01894645708137998,0.0,linear accumulation,183,3.467201645892536,16,1.857036247341846,0.003955076076837262,1.8582353733854295,1.8746816149754202,1.3344211679979916,0.003919614199664379,1.3357241743230952,1.3380194135540944
FB1,0.2,0.4,0.20000000000000018,0.5000000000000004,512,1024,0.01894645708137998,0.0,linear accumulation,184,3.486148102973916,16,1.8583099945462402,0.003980272863452064,1.8580597963931256,1.8745279014299228,1.3378802404197554,0.0039457626608296855,1.3378287036882468,1.3401264988573935
FB1,0.2,0.4,0.20000000000000018,0.5000000000000004,512,1024,0.01894645708137998,0.0,linear accumulation,185,3.505094560055296,16,1.858412388674203,0.003959027167230735,1.8578861725659999,1.8743754818470688,1.3403205227743205,0.00392487020579816,1.339914121361887,1.342214423649986
FB1,0.2,0.4,0.20000000000000018,0.5000000000000004,512,1024,0.01894645708137998,0.0,linear accumulation,186,3.524041017136676,16,1.859765664601435,0.00395464051291631,1.8577144216377606,1.8742242864365197,1.3438538547070975,0.003920658699531925,1.3419806522522657,1.3442834135645252
FB1,0.2,0.4,0.20000000000000018,0.5000000000000004,512,1024,0.01894645708137998,0.0,linear accumulation,187,3.542987474218056,16,1.8596191406175553,0.003964996384273032,1.8575444662112373,1.8740742481001034,1.3459061518070312,0.00393158662894833,1.3440285180534695,1.3463336910087857
FB1,0.2,0.4,0.20000000000000018,0.5000000000000004,512,1024,0.01894645708137998,0.0,linear accumulation,188,3.561933931299436,16,1.858142933687625,0.003917579931149259,1.8573762316596567,1.8739253023363505,1.3465570891559093,0.003884506123577314,1.3460579372992043,1.3483654752196124
FB1,0.2,0.4,0.20000000000000018,0.5000000000000004,512,1024,0.01894645708137998,0.0,linear accumulation,189,3.580880388380816,16,1.8576489923763073,0.003941203591646557,1.8572096460313943,1.8737773871484293,1.348303566222313,0.003908822820505222,1.348069125415554,1.3503789823158185
FB1,0.2,0.4,0.20000000000000018,0.5000000000000004,512,1024,0.01894645708137998,0.0,linear accumulation,190,3.599826845462196,16,1.8582528731023609,0.003942427534328107,1.857044639958073,1.8736304429553963,1.3510950030263182,0.0039104098367231275,1.3500622947727194,1.3523744253500902
FB1,0.2,0.4,0.20000000000000018,0.5000000000000004,512,1024,0.01894645708137998,0.0,linear accumulation,191,3.618773302543576,16,1.8566715002368221,0.003959212364650955,1.8568811465658874,1.8734844125065964,1.3517214545204665,0.00392779082794541,1.3520376547357733,1.3543520143598842
FB1,0.2,0.4,0.20000000000000018,0.5000000000000004,512,1024,0.01894645708137998,0.0,linear accumulation,192,3.637719759624956,16,1.8550868137631453,0.003913479946753157,1.8567191013900326,1.8733392407991203,1.3522521424106497,0.003882194077469973,1.3539954117144448,1.35631195641736
FB1,0.2,0.4,0.20000000000000018,0.5000000000000004,512,1024,0.01894645708137998,0.0,linear accumulation,193,3.656666216706336,16,1.8546112978087486,0.0038676408082714215,1.8565584422921286,1.8731948749982128,1.3539136840623058,0.0038364957223191677,1.355935769211958,1.358254455678374
FB1,0.2,0.4,0.20000000000000018,0.5000000000000004,512,1024,0.01894645708137998,0.0,linear accumulation,194,3.675612673787716,16,1.8537791847103335,0.0038755238140651344,1.8563991093805288,1.8730512643604933,1.3551628697340725,0.003845254547953601,1.3578589278729458,1.36017971343053
FB1,0.2,0.4,0.20000000000000018,0.5000000000000004,512,1024,0.01894645708137998,0.0,linear accumulation,195,3.694559130869096,16,1.8527396157488858,0.0039007566337648926,1.8562410449334044,1.872908360159916,1.3561291826646396,0.003870674193784568,1.3597650855304553,1.362087928140332
FB1,0.2,0.4,0.20000000000000018,0.5000000000000004,512,1024,0.01894645708137998,0.0,linear accumulation,196,3.713505587950476,16,1.853593220121422,0.003877396809902919,1.8560841933245131,1.8727661156163489,1.359147011330187,0.0038476462186327895,1.3616544372520656,1.3639792954994454
FB1,0.2,0.4,0.20000000000000018,0.5000000000000004,512,1024,0.01894645708137998,0.0,linear accumulation,197,3.732452045031856,16,1.853424687269218,0.003887890718588842,1.8559285009515425,1.8726244858266894,1.361060130716662,0.003858491280141899,1.3635271753851417,1.36585400847009
FB1,0.2,0.4,0.20000000000000018,0.5000000000000004,512,1024,0.01894645708137998,0.0,linear accumulation,198,3.751398502113236,16,1.853812599498301,0.003912867984553777,1.8557739161669444,1.8724834276984077,1.363457783222318,0.00388401811724311,1.3653834896012367,1.3677122573295792
FB1,0.2,0.4,0.20000000000000018,0.5000000000000004,512,1024,0.01894645708137998,0.0,linear accumulation,199,3.770344959194616,16,1.8531862924823757,0.003953604604864679,1.8556203892111691,1.872342899885445,1.3648052156813175,0.003925207638344028,1.3672235669396609,1.369554229714029
FB1,0.2,0.4,0.20000000000000018,0.5000000000000004,512,1024,0.01894645708137998,0.0,linear accumulation,200,3.789291416275996,16,1.8545709761998306,0.0039165712045112246,1.8554678721482039,1.8722028627263696,1.368248192625722,0.0038882033788893654,1.3690475918502418,1.3713801106612513
FB1,0.2,0.4,0.20000000000000018,0.5000000000000004,512,1024,0.01894645708137998,0.0,linear accumulation,201,3.808237873357376,16,1.8555221564088944,0.0039422470043785855,1.8553163188033484,1.872063278184715,1.3712841832042446,0.003914126760464803,1.3708557462352848,1.3731900826528476
FB1,0.2,0.4,0.20000000000000018,0.5000000000000004,512,1024,0.01894645708137998,0.0,linear accumulation,202,3.827184330438756,16,1.8537654045304655,0.003906186938640468,1.8551656847031288,1.8719241097914154,1.37141315693644,0.0038784005306254656,1.3726482094907542,1.3749843256555256
FB1,0.2,0.4,0.20000000000000018,0.5000000000000004,512,1024,0.01894645708137998,0.0,linear accumulation,203,3.846130787520136,16,1.8545265282228782,0.003941168246944847,1.8550159270172915,1.871785322589263,1.3741104070012187,0.003913560183773587,1.3744251585466933,1.376763017161643
FB1,0.2,0.4,0.20000000000000018,0.5000000000000004,512,1024,0.01894645708137998,0.0,linear accumulation,204,3.865077244601516,16,1.8552741698910173,0.003967876574153044,1.8548670045027866,1.8716468830793225,1.376785906076595,0.00394089142809361,1.3761867679068969,1.3785263322290142
FB1,0.2,0.4,0.20000000000000018,0.5000000000000004,512,1024,0.01894645708137998,0.0,linear accumulation,205,3.884023701682896,16,1.854920761405019,0.003963142287038245,1.8547188774496806,1.871508759169214,1.3783153867301832,0.003936228787799318,1.3779332096878512,1.3802744435199714
FB1,0.2,0.4,0.20000000000000018,0.5000000000000004,512,1024,0.01894645708137998,0.0,linear accumulation,206,3.9029701587642758,,1.8554943685547367,0.004017614797709059,1.8545715076289224,1.87137092012322,1.380836397913163,0.003991337415576444,1.3796646536569583,1.3820075213397203
FB1,0.2,0.4,0.20000000000000018,0.5000000000000004,512,1024,0.01894645708137998,1.0,logarithmic accumulation,0,0.0,16,3.4201531255601743,2.780994506169197e-17,3.4201531255601747,3.401425986936229,0.0,0.0,0.0,0.0
FB1,0.2,0.4,0.20000000000000018,0.5000000000000004,512,1024,0.01894645708137998,1.0,logarithmic accumulation,1,0.01894645708137998,17,3.359513346517989,0.0011010970580777014,3.3596368175357965,3.3411765574033865,0.021163411028096504,0.00025093770255944564,0.02092588073156254,0.020937499510305702
FB1,0.2,0.4,0.20000000000000018,0.5000000000000004,512,1024,0.01894645708137998,1.0,logarithmic accumulation,2,0.03789291416275996,17,3.300735001020334,0.0015166458400968274,3.3001180216915778,3.281939506945721,0.04104303399786193,0.0003601346270435054,0.04024647321673332,0.04027011227264185
FB1,0.2,0.4,0.20000000000000018,0.5000000000000004,512,1024,0.01894645708137998,1.0,logarithmic accumulation,3,0.05683937124413994,17,3.2425760408171556,0.0017903744273879702,3.242968066882501,3.22508563169797,0.05944919154507056,0.000436684472319937,0.05922346820948379,0.05926007456721426
FB1,0.2,0.4,0.20000000000000018,0.5000000000000004,512,1024,0.01894645708137998,1.0,logarithmic accumulation,4,0.07578582832551992,18,3.1880096261046913,0.0019683487188988536,3.1880886270928586,3.170515405676242,0.07833397517557167,0.0005188763762691705,0.0778648359241404,0.07791529055666739
FB1,0.2,0.4,0.20000000000000018,0.5000000000000004,512,1024,0.01894645708137998,1.0,logarithmic accumulation,5,0.0947322854068999,18,3.1348863402540643,0.0021343907205642865,3.1341094269495384,3.116856650755745,0.09523589085157441,0.0005912249266253139,0.09508071819622421,0.09514522798588106
FB1,0.2,0.4,0.20000000000000018,0.5000000000000004,512,1024,0.01894645708137998,1.0,logarithmic accumulation,6,0.11367874248827987,18,3.082878796986024,0.002240662506683931,3.0822418418042448,3.0653203632923627,0.11255164141449871,0.0006422649088020777,0.11199511241206919,0.1120743781500567
FB1,0.2,0.4,0.20000000000000018,0.5000000000000004,512,1024,0.01894645708137998,1.0,logarithmic accumulation,7,0.13262519956965985,19,3.033983935648908,0.00234978867978002,3.0323989504726603,3.01581861494574,0.12933728802182098,0.0007109104824192022,0.12861489517835856,0.12870956491668706
FB1,0.2,0.4,0.20000000000000018,0.5000000000000004,512,1024,0.01894645708137998,1.0,logarithmic accumulation,8,0.15157165665103983,19,2.9828838733406875,0.0024454094941121487,2.983361998176755,2.9671309776145858,0.14418832176566876,0.0007689502289040592,0.14396268280577484,0.1440728048483379
FB1,0.2,0.4,0.20000000000000018,0.5000000000000004,512,1024,0.01894645708137998,1.0,logarithmic accumulation,9,0.17051811373241982,19,2.936740316955521,0.002506590623099301,2.936209219273625,2.9203354425909978,0.15937285819302452,0.0008295729524447717,0.15904607964401818,0.15917215266888077
FB1,0.2,0.4,0.20000000000000018,0.5000000000000004,512,1024,0.01894645708137998,1.0,logarithmic accumulation,10,0.1894645708137998,20,2.8922301179184697,0.0025417824887923202,2.8908637297282858,2.8753542839687003,0.17428005003139613,0.0008640233514824192,0.17387100872903816,0.17401348981407044
FB1,0.2,0.4,0.20000000000000018,0.5000000000000004,512,1024,0.01894645708137998,1.0,logarithmic accumulation,11,0.20841102789517976,20,2.846503625186064,0.0026011483953858137,2.8462350627377644,2.83109555653695,0.18786185694165003,0.0009203839820926113,0.1875559619194823,0.18771477150406396
FB1,0.2,0.4,0.20000000000000018,0.5000000000000004,512,1024,0.01894645708137998,1.0,logarithmic accumulation,12,0.22735748497655975,20,2.8040621946113227,0.002652320918023376,2.8032894700868694,2.7885253874205063,0.20145233489342607,0.000972106865336929,0.20100926808264108,0.20118473974803713
FB1,0.2,0.4,0.20000000000000018,0.5000000000000004,512,1024,0.01894645708137998,1.0,logarithmic accumulation,13,0.24630394205793973,20,2.763291203500689,0.0027071738414936384,2.7619589003276577,2.7475750248008137,0.21468948323012887,0.0010443525191116852,0.21423601781286356,0.21442845284251524
FB1,0.2,0.4,0.20000000000000018,0.5000000000000004,512,1024,0.01894645708137998,1.0,logarithmic accumulation,14,0.2652503991393197,21,2.723816927032552,0.002698891803183804,2.722178169436993,2.7081786255561524,0.2276603986256816,0.0010843298763861474,0.22724116334085898,0.22745083243661054
FB1,0.2,0.4,0.20000000000000018,0.5000000000000004,512,1024,0.01894645708137998,1.0,logarithmic accumulation,15,0.2841968562206997,21,2.6826825423841076,0.0026811492585358176,2.6829703774583957,2.669358005549939,0.23934949107065018,0.0011292438198288875,0.23922504310955045,0.23945173518538554
FB1,0.2,0.4,0.20000000000000018,0.5000000000000004,512,1024,0.01894645708137998,1.0,logarithmic accumulation,16,0.30314331330207966,21,2.644885463856137,0.002675081006868678,2.6452079415569436,2.6319856079053334,0.2509979912819057,0.0011614187823807116,0.2510109290051573,0.2512548161789307
FB1,0.2,0.4,0.20000000000000018,0.5000000000000004,512,1024,0.01894645708137998,1.0,logarithmic accumulation,17,0.32208977038345965,22,2.608314815435304,0.002702692080309191,2.608833097086122,2.5960031238971952,0.2630046509117183,0.0011907694067768524,0.26260305822373337,0.2628642895535178
FB1,0.2,0.4,0.20000000000000018,0.5000000000000004,512,1024,0.01894645708137998,1.0,logarithmic accumulation,18,0.34103622746483964,22,2.5720808448109036,0.002672859241535992,2.572962549973317,2.5605261130990806,0.2731576402433436,0.0012107986683676073,0.27327317816141666,0.2735514672273367
FB1,0.2,0.4,0.20000000000000018,0.5000000000000004,512,1024,0.01894645708137998,1.0,logarithmic accumulation,19,0.3599826845462196,22,2.53626988432189,0.0026531925780422937,2.538387232527148,2.526345614387595,0.28370542829509215,0.001236254099752135,0.2837705847615323,0.2840659998668752
FB1,0.2,0.4,0.20000000000000018,0.5000000000000004,512,1024,0.01894645708137998,1.0,logarithmic accumulation,20,0.3789291416275996,23,2.5030541242236297,0.0026457703311253255,2.5050559117082645,2.4934099487515002,0.2939538911270307,0.0012426549668656983,0.29409889014864077,0.29441148277567414
FB1,0.2,0.4,0.20000000000000018,0.5000000000000004,512,1024,0.01894645708137998,1.0,logarithmic accumulation,21,0.39787559870897954,23,2.4699859242931055,0.0026213736974276015,2.4721663572165236,2.4609158583415534,0.3029989661054928,0.0012484998096145194,0.303592081215458,0.30392150748700547
FB1,0.2,0.4,0.20000000000000018,0.5000000000000004,512,1024,0.01894645708137998,1.0,logarithmic accumulation,22,0.4168220557903595,23,2.4391857457935373,0.002641827040416284,2.4404391484194914,2.429584096650496,0.3127084561917962,0.0012854337943522002,0.3129349643155426,0.3132812099030719
FB1,0.2,0.4,0.20000000000000018,0.5000000000000004,512,1024,0.01894645708137998,1.0,logarithmic accumulation,23,0.4357685128717395,23,2.407651605073093,0.0026193841958525228,2.4098288035279056,2.3993688194435543,0.3212632657094462,0.0013024356330858281,0.32213060474630706,0.32249364365584066
FB1,0.2,0.4,0.20000000000000018,0.5000000000000004,512,1024,0.01894645708137998,1.0,logarithmic accumulation,24,0.4547149699531195,24,2.3775191333977013,0.002634934095997323,2.3802917195793514,2.3702260853513244,0.33043510261708764,0.0013408172862526266,0.3311819907010307,0.331561785993543
FB1,0.2,0.4,0.20000000000000018,0.5000000000000004,512,1024,0.01894645708137998,1.0,logarithmic accumulation,25,0.4736614270344995,24,2.3480735647696616,0.0026200208604682815,2.351098833509681,2.3414259201787564,0.33844660673704674,0.0013639886152308576,0.3394773925400168,0.33987354702753864
FB1,0.2,0.4,0.20000000000000018,0.5000000000000004,512,1024,0.01894645708137998,1.0,logarithmic accumulation,26,0.49260788411587947,24,2.3194758076285087,0.002595279578519916,2.3229104947391406,2.3136289343347514,0.34641886043481684,0.0013629482479893447,0.347645215250157,0.34805764002947615
FB1,0.2,0.4,0.20000000000000018,0.5000000000000004,512,1024,0.01894645708137998,1.0,logarithmic accumulation,27,0.5115543411972594,25,2.2922934032308686,0.00256477348997554,2.295687936820925,2.2867960903391196,0.35466396131222155,0.0013834454353808016,0.35568797482714454,0.3561165741917969
FB1,0.2,0.4,0.20000000000000018,0.5000000000000004,512,1024,0.01894645708137998,1.0,logarithmic accumulation,28,0.5305007982786394,25,2.266091768821399,0.002529215772630106,2.268763640554558,2.260259044336192,0.3621531589283884,0.0013841225205761599,0.3630421043743939,0.3634864529228963
FB1,0.2,0.4,0.20000000000000018,0.5000000000000004,512,1024,0.01894645708137998,1.0,logarithmic accumulation,29,0.5494472553600194,25,2.240502032795748,0.0025106219626795504,2.2427443351463587,2.234624828247067,0.36965420275881433,0.001400736253065648,0.37028611401638356,0.37074607435202184
FB1,0.2,0.4,0.20000000000000018,0.5000000000000004,512,1024,0.01894645708137998,1.0,logarithmic accumulation,30,0.5683937124413994,26,2.2165051772576683,0.0024990774384657764,2.2175955167594275,2.2098587242597425,0.3777518444330984,0.0014396715688478972,0.3774221064125954,0.3778975377195123
FB1,0.2,0.4,0.20000000000000018,0.5000000000000004,512,1024,0.01894645708137998,1.0,logarithmic accumulation,31,0.5873401695227793,26,2.191653644078965,0.002491327794660342,2.192703880744322,2.185346678370162,0.38436803482610216,0.00145622864083723,0.3839292030250091,0.3844196616735056
FB1,0.2,0.4,0.20000000000000018,0.5000000000000004,512,1024,0.01894645708137998,1.0,logarithmic accumulation,32,0.6062866266041593,26,2.1667726670512786,0.0024762640133258423,2.168628932887395,2.1616485323838686,0.3898907145927575,0.0014543562931898812,0.39034169548852793,0.3908470075377007
FB1,0.2,0.4,0.20000000000000018,0.5000000000000004,512,1024,0.01894645708137998,1.0,logarithmic accumulation,33,0.6252330836855393,27,2.1433438669952984,0.0024545243418361853,2.145339927744853,2.138733375071927,0.396335243389497,0.0014763535696298972,0.39666132453840136,0.39718131537462803
FB1,0.2,0.4,0.20000000000000018,0.5000000000000004,512,1024,0.01894645708137998,1.0,logarithmic accumulation,34,0.6441795407669193,27,2.1204166089261163,0.0024410637657126615,2.122271546269576,2.116035203771306,0.4014586886268484,0.0014921058045401737,0.4024052266990322,0.4029394426495581
FB1,0.2,0.4,0.20000000000000018,0.5000000000000004,512,1024,0.01894645708137998,1.0,logarithmic accumulation,35,0.6631259978482993,27,2.0985876013802653,0.0024249444006791167,2.0999414752559726,2.094072067312499,0.4072525558230974,0.001511410041403934,0.40806832376976593,0.4086165642194007
FB1,0.2,0.4,0.20000000000000018,0.5000000000000004,512,1024,0.01894645708137998,1.0,logarithmic accumulation,36,0.6820724549296793,27,2.0771934143794737,0.0023894327579460743,2.07832228467847,2.0728164104577806,0.4128136553219241,0.001503881598688046,0.41365203952497576,0.4142141053962876
FB1,0.2,0.4,0.20000000000000018,0.5000000000000004,512,1024,0.01894645708137998,1.0,logarithmic accumulation,37,0.7010189120110593,28,2.056108797109001,0.0023768620216607483,2.0573876427074405,2.0522417875227568,0.41836173287660045,0.0015203200910797045,0.41915776779301805,0.4197334616019507
FB1,0.2,0.4,0.20000000000000018,0.5000000000000004,512,1024,0.01894645708137998,1.0,logarithmic accumulation,38,0.7199653690924392,28,2.0359878591830256,0.002381615892093143,2.036616321470432,2.031826349122268,0.4237731107579812,0.0015458658512200938,0.4241365191032541,0.4247253851409252
FB1,0.2,0.4,0.20000000000000018,0.5000000000000004,512,1024,0.01894645708137998,1.0,logarithmic accumulation,39,0.7389118261738192,28,2.0162254580413403,0.0023714969628261034,2.0164893961693084,2.0120515686898988,0.42904964533009526,0.0015581762890683234,0.4290480846330542,0.429649905422466
FB1,0.2,0.4,0.20000000000000018,0.5000000000000004,512,1024,0.01894645708137998,1.0,logarithmic accumulation,40,0.7578582832551992,29,1.9968331041306127,0.0023389196009049452,1.9969833297491135,1.9928938275249726,0.4340582989438777,0.0015568042390121538,0.4338935826676693,0.43450814407332267
FB1,0.2,0.4,0.20000000000000018,0.5000000000000004,512,1024,0.01894645708137998,1.0,logarithmic accumulation,41,0.7768047403365791,29,1.9782320653927357,0.0023144095456505173,1.9776147908733452,1.9738692221036682,0.43894844149822176,0.001555651681732637,0.4382545705321547,0.4388814189921009
FB1,0.2,0.4,0.20000000000000018,0.5000000000000004,512,1024,0.01894645708137998,1.0,logarithmic accumulation,42,0.7957511974179591,29,1.9605956783468554,0.0022894791234918453,1.9588315113031334,1.9554258945557765,0.44351768366806055,0.001543313315418341,0.4425592275144666,0.4431981337579928
FB1,0.2,0.4,0.20000000000000018,0.5000000000000004,512,1024,0.01894645708137998,1.0,logarithmic accumulation,43,0.8146976544993391,30,1.9421712973125076,0.0022751974731061993,1.9406124229519153,1.9375427220175527,0.4474562542229068,0.0015541770487153869,0.4468084307136809,0.4474591701849699
FB1,0.2,0.4,0.20000000000000018,0.5000000000000004,512,1024,0.01894645708137998,1.0,logarithmic accumulation,44,0.833644111580719,30,1.9242520023026124,0.002248364932464612,1.9225081593331015,1.9197698092521858,0.4516755199949267,0.0015490963115277609,0.4506112724571305,0.45127339798260874
FB1,0.2,0.4,0.20000000000000018,0.5000000000000004,512,1024,0.01894645708137998,1.0,logarithmic accumulation,45,0.852590568662099,30,1.9068405129015504,0.0022340880801512706,1.9049365038034172,1.9025253578504173,0.4558772390125252,0.0015632156164662205,0.4543674484983533,0.4550407243837285
FB1,0.2,0.4,0.20000000000000018,0.5000000000000004,512,1024,0.01894645708137998,1.0,logarithmic accumulation,46,0.871537025743479,30,1.8894461267190663,0.0022194083638339785,1.8878785708527586,1.8857904498251237,0.4589807201525155,0.0015704072030330925,0.4580776248917453,0.458761821218076
FB1,0.2,0.4,0.20000000000000018,0.5000000000000004,512,1024,0.01894645708137998,1.0,logarithmic accumulation,47,0.890483482824859,31,1.8726321221514333,0.0022057767128627996,1.8713162097888907,1.8695469080135068,0.46227286071643786,0.0015730267439761695,0.4617424581593433,0.4624373506064749
FB1,0.2,0.4,0.20000000000000018,0.5000000000000004,512,1024,0.01894645708137998,1.0,logarithmic accumulation,48,0.909429939906239,31,1.8556523534790932,0.0022010646916801567,1.8548315520933458,1.8533763746825247,0.46495783467405905,0.0015994770014429148,0.4649958853737992,0.465701041731557
FB1,0.2,0.4,0.20000000000000018,0.5000000000000004,512,1024,0.01894645708137998,1.0,logarithmic accumulation,49,0.928376396987619,31,1.8388829370713162,0.002181999774952177,1.838815795199148,1.837670479641742,0.4676085962778447,0.0016054234435450463,0.4682118941460364,0.4689270818973784
FB1,0.2,0.4,0.20000000000000018,0.5000000000000004,512,1024,0.01894645708137998,1.0,logarithmic accumulation,50,0.947322854068999,32,1.8236214010265157,0.0021484736601235194,1.823252632743663,1.822412907393125,0.47095526197703425,0.0015885204041000392,0.4713909566511505,0.4721159496962854
FB1,0.2,0.4,0.20000000000000018,0.5000000000000004,512,1024,0.01894645708137998,1.0,logarithmic accumulation,51,0.966269311150379,32,1.8077264354000577,0.002121973607118518,1.8077516503845734,1.8072127877517519,0.4737493974438192,0.0015818480031977824,0.47418961914706004,0.47492399711497874
FB1,0.2,0.4,0.20000000000000018,0.5000000000000004,512,1024,0.01894645708137998,1.0,logarithmic accumulation,52,0.9852157682317589,32,1.793087797289807,0.00209827977281484,1.7926795579596746,1.7924372627688978,0.477394072378329,0.0015615156647585907,0.47695850419554875,0.47770203548642404
FB1,0.2,0.4,0.20000000000000018,0.5000000000000004,512,1024,0.01894645708137998,1.0,logarithmic accumulation,53,1.0041622253131388,33,1.7782743501928913,0.0020833146724299595,1.7780216824940815,1.7780716644985217,0.47982192422910885,0.0015625433383960156,0.4796979229136553,0.48045038294490516
FB1,0.2,0.4,0.20000000000000018,0.5000000000000004,512,1024,0.01894645708137998,1.0,logarithmic accumulation,54,1.0231086823945188,33,1.764037302039696,0.002066662534870284,1.763412469772816,1.7637500125411318,0.48232926437580737,0.0015685341433640694,0.482085002727952,0.4828459849457201
FB1,0.2,0.4,0.20000000000000018,0.5000000000000004,512,1024,0.01894645708137998,1.0,logarithmic accumulation,55,1.0420551394758988,33,1.750105457082463,0.0020479988297340355,1.749196388510594,1.749817205335149,0.4844274415706656,0.0015705014488723219,0.48444910861242607,0.48521838511518844
FB1,0.2,0.4,0.20000000000000018,0.5000000000000004,512,1024,0.01894645708137998,1.0,logarithmic accumulation,56,1.0610015965572788,33,1.7362072339335766,0.002058822064386333,1.7353602134975668,1.7362600341669423,0.4866665426596609,0.001598864870471204,0.486790411107613,0.4875677614304082
FB1,0.2,0.4,0.20000000000000018,0.5000000000000004,512,1024,0.01894645708137998,1.0,logarithmic accumulation,57,1.0799480536386588,34,1.7224550852106066,0.0020472300365395654,1.7218912174544307,1.7230657911210918,0.48881293635499395,0.001605944852901706,0.4891090837308565,0.48989429456124234
FB1,0.2,0.4,0.20000000000000018,0.5000000000000004,512,1024,0.01894645708137998,1.0,logarithmic accumulation,58,1.0988945107200387,34,1.70943800745105,0.0020367864437978345,1.7084470658675273,1.709891741404517,0.4910037956147726,0.0016076221007528648,0.4911010177946551,0.4918937046088292
FB1,0.2,0.4,0.20000000000000018,0.5000000000000004,512,1024,0.01894645708137998,1.0,logarithmic accumulation,59,1.1178409678014187,34,1.695738903704493,0.002026247388822864,1.6953522497822138,1.697062807144932,0.49225024302966336,0.0016089941351020555,0.49307621405183377,0.4938761614368228
FB1,0.2,0.4,0.20000000000000018,0.5000000000000004,512,1024,0.01894645708137998,1.0,logarithmic accumulation,60,1.1367874248827987,35,1.6830360696248787,0.0020099310792718946,1.6825952688914114,1.6845675159798548,0.49421381383645535,0.001598486915234338,0.49503472264804493,0.4958417226477211
FB1,0.2,0.4,0.20000000000000018,0.5000000000000004,512,1024,0.01894645708137998,1.0,logarithmic accumulation,61,1.1557338819641787,35,1.6706295232111605,0.001987194985908514,1.6698542762891804,1.672083644097906,0.49601311829748856,0.0015913728933630784,0.4966896355239113,0.4975033191417159
FB1,0.2,0.4,0.20000000000000018,0.5000000000000004,512,1024,0.01894645708137998,1.0,logarithmic accumulation,62,1.1746803390455587,35,1.6580621347363342,0.001966107737446291,1.6574352121422706,1.6599175559315462,0.4976756951161635,0.001583232039802191,0.4983332071265467,0.4991533657553901
FB1,0.2,0.4,0.20000000000000018,0.5000000000000004,512,1024,0.01894645708137998,1.0,logarithmic accumulation,63,1.1936267961269387,36,1.6463708913192363,0.0019596038127971506,1.645327666096891,1.6480588758073198,0.49970854127716485,0.0015878281476408892,0.49996538022986564,0.5007918128979211
FB1,0.2,0.4,0.20000000000000018,0.5000000000000004,512,1024,0.01894645708137998,1.0,logarithmic accumulation,64,1.2125732532083187,36,1.6339603831804683,0.0019683201623833103,1.633228503803123,1.6362041134528074,0.5009836649705937,0.0016073672339827812,0.5013150320231211,0.5021473859841732
FB1,0.2,0.4,0.20000000000000018,0.5000000000000004,512,1024,0.01894645708137998,1.0,logarithmic accumulation,65,1.2315197102896986,36,1.6220370207272352,0.0019498761409522333,1.6214266649705245,1.6246426248969783,0.5023050362977848,0.0015995630263456045,0.5026581413645606,0.5034962161357472
FB1,0.2,0.4,0.20000000000000018,0.5000000000000004,512,1024,0.01894645708137998,1.0,logarithmic accumulation,66,1.2504661673710786,37,1.6102284353533811,0.0019407285939145637,1.609912708443193,1.6133650088441023,0.5033726230609732,0.0016005362055576836,0.5039945577532987,0.5048381605628184
FB1,0.2,0.4,0.20000000000000018,0.5000000000000004,512,1024,0.01894645708137998,1.0,logarithmic accumulation,67,1.2694126244524586,37,1.5993696305524963,0.001920432242612657,1.598400634351905,1.6020849283973522,0.5049631913994674,0.0015896612966837683,0.5050676794754356,0.5059164742418618
FB1,0.2,0.4,0.20000000000000018,0.5000000000000004,512,1024,0.01894645708137998,1.0,logarithmic accumulation,68,1.2883590815338386,37,1.5881684292584006,0.0019225890519274315,1.5871637621826244,1.591076110533757,0.5059133194067367,0.0016001185392631602,0.5061385231065529,0.5069923184289881
FB1,0.2,0.4,0.20000000000000018,0.5000000000000004,512,1024,0.01894645708137998,1.0,logarithmic accumulation,69,1.3073055386152186,37,1.5766478371086292,0.001914700530127928,1.5761935135006877,1.5803300205509458,0.5065639839865324,0.0016076843109697275,0.5072068572976107,0.5080654694790229
FB1,0.2,0.4,0.20000000000000018,0.5000000000000004,512,1024,0.01894645708137998,1.0,logarithmic accumulation,70,1.3262519956965986,38,1.5659715088436212,0.0018973295553299388,1.5654816172711281,1.5698384318544274,0.5076533543907834,0.0015974407631109064,0.5082724629695394,0.5091357156884695
FB1,0.2,0.4,0.20000000000000018,0.5000000000000004,512,1024,0.01894645708137998,1.0,logarithmic accumulation,71,1.3451984527779786,38,1.5553480554177375,0.0019008299803777054,1.554758199617147,1.5593311491869872,0.5087336965202369,0.0016105183610282266,0.5090921285007117,0.5099597095138912
FB1,0.2,0.4,0.20000000000000018,0.5000000000000004,512,1024,0.01894645708137998,1.0,logarithmic accumulation,72,1.3641449098593585,38,1.5448013805658314,0.0018904905638171875,1.5442823690098813,1.5490676816599471,0.5094999743636912,0.0016081635538099154,0.5099131060979178,0.5107848405101175
FB1,0.2,0.4,0.20000000000000018,0.5000000000000004,512,1024,0.01894645708137998,1.0,logarithmic accumulation,73,1.3830913669407385,39,1.53491958221886,0.0018801801548185542,1.5340465888689474,1.539040539651464,0.5106443304635434,0.0016056919894877524,0.5107351052591989,0.511610825517962
FB1,0.2,0.4,0.20000000000000018,0.5000000000000004,512,1024,0.01894645708137998,1.0,logarithmic accumulation,74,1.4020378240221185,39,1.5247680880602081,0.0018610697539661097,1.5237954086905374,1.5289939667064218,0.5112367582142499,0.0015933160001578592,0.5113272841668977,0.5122066939635664
FB1,0.2,0.4,0.20000000000000018,0.5000000000000004,512,1024,0.01894645708137998,1.0,logarithmic accumulation,75,1.4209842811034985,39,1.5149724846802979,0.0018375204342846836,1.5137746361265014,1.5191741606854845,0.5120468237441709,0.0015769810664034332,0.5119241638652201,0.5128070976401066
FB1,0.2,0.4,0.20000000000000018,0.5000000000000004,512,1024,0.01894645708137998,1.0,logarithmic accumulation,76,1.4399307381848785,40,1.5056868965975405,0.0018421162383636415,1.5039773901609272,1.5095742891815154,0.5131657612052134,0.00158903929361583,0.5125253922846651,0.5134116917303022
FB1,0.2,0.4,0.20000000000000018,0.5000000000000004,512,1024,0.01894645708137998,1.0,logarithmic accumulation,77,1.4588771952662585,40,1.4964036158507823,0.0018353236938448447,1.494161520018973,1.4999519095166534,0.5139996832303707,0.0015890397428390656,0.5129115803792736,0.5138009650254257
FB1,0.2,0.4,0.20000000000000018,0.5000000000000004,512,1024,0.01894645708137998,1.0,logarithmic accumulation,78,1.4778236523476385,40,1.4868595188101827,0.0018128381986759008,1.4845605283951555,1.490540903882453,0.5144748723856678,0.0015700257953324224,0.5133054701969006,0.5141977841399391
FB1,0.2,0.4,0.20000000000000018,0.5000000000000004,512,1024,0.01894645708137998,1.0,logarithmic accumulation,79,1.4967701094290184,40,1.4776100267853431,0.001815278539697256,1.475168120133512,1.4813350266635252,0.5149790461179946,0.0015809751858435566,0.5137066567966486,0.5146017512491206
FB1,0.2,0.4,0.20000000000000018,0.5000000000000004,512,1024,0.01894645708137998,1.0,logarithmic accumulation,80,1.5157165665103984,41,1.4680397781326766,0.0018083578074972958,1.4659782163293829,1.4723282483938438,0.515068803695105,0.0015785434877574585,0.5141147509458233,0.515012483916989
FB1,0.2,0.4,0.20000000000000018,0.5000000000000004,512,1024,0.01894645708137998,1.0,logarithmic accumulation,81,1.5346630235917782,41,1.4584243146210576,0.0018094784412022377,1.456761239158,1.4632907105837183,0.5148127551839394,0.0015871884121500869,0.5143209996088689,0.5152211126965857
FB1,0.2,0.4,0.20000000000000018,0.5000000000000004,512,1024,0.01894645708137998,1.0,logarithmic accumulation,82,1.5536094806731582,41,1.4497416924482305,0.001800475591879416,1.447739405712599,1.4544450002761138,0.5152681401424225,0.0015820805909694514,0.5145372436172275,0.5154395969221994
FB1,0.2,0.4,0.20000000000000018,0.5000000000000004,512,1024,0.01894645708137998,1.0,logarithmic accumulation,83,1.5725559377545382,42,1.4406533317124057,0.0017913108252489425,1.4389071378304727,1.4457855889687505,0.515200338378056,0.00157931112508808,0.514763046793926,0.5156675070828971
FB1,0.2,0.4,0.20000000000000018,0.5000000000000004,512,1024,0.01894645708137998,1.0,logarithmic accumulation,84,1.5915023948359182,42,1.4314999614146595,0.0017906787899334843,1.4300462043710362,1.4370939766537294,0.5149262222308228,0.0015847286776815358,0.5147995280545798,0.515705851347391
FB1,0.2,0.4,0.20000000000000018,0.5000000000000004,512,1024,0.01894645708137998,1.0,logarithmic accumulation,85,1.6104488519172981,42,1.4230225207434826,0.0017802618253501153,1.4213682147553972,1.4285821315126477,0.5152036876743052,0.0015795366114823128,0.5148483862715103,0.515756441680671
FB1,0.2,0.4,0.20000000000000018,0.5000000000000004,512,1024,0.01894645708137998,1.0,logarithmic accumulation,86,1.6293953089986781,43,1.4146914358536682,0.0017705484532833324,1.4128680397417146,1.4202449737279355,0.5154690376930816,0.0015740800583357213,0.5149091452988065,0.5158188084403879
FB1,0.2,0.4,0.20000000000000018,0.5000000000000004,512,1024,0.01894645708137998,1.0,logarithmic accumulation,87,1.6483417660800581,43,1.4064833386871052,0.0017743206474284514,1.404337974378763,1.4118745403429203,0.515661679014898,0.0015855459508597092,0.5147921146982914,0.5157031556865813
FB1,0.2,0.4,0.20000000000000018,0.5000000000000004,512,1024,0.01894645708137998,1.0,logarithmic accumulation,88,1.667288223161438,43,1.3987858334179546,0.0017611471968175842,1.3959797583507765,1.403672918668121,0.5161618162455309,0.00157535959724435,0.5146895582398004,0.5156018551965439
FB1,0.2,0.4,0.20000000000000018,0.5000000000000004,512,1024,0.01894645708137998,1.0,logarithmic accumulation,89,1.686234680242818,43,1.3911261569395452,0.0017511909628848295,1.3877886654363185,1.3956354313008965,0.516594400035387,0.001569977979806202,0.5146009659652615,0.5155144033292504
FB1,0.2,0.4,0.20000000000000018,0.5000000000000004,512,1024,0.01894645708137998,1.0,logarithmic accumulation,90,1.705181137324198,44,1.3830214932942395,0.0017368997261626544,1.379760124602117,1.3877575555228912,0.5165070952456398,0.0015581317751482886,0.514525845322453,0.5154403135529863
FB1,0.2,0.4,0.20000000000000018,0.5000000000000004,512,1024,0.01894645708137998,1.0,logarithmic accumulation,91,1.724127594405578,44,1.3750425413366214,0.0017427844634004405,1.371696420342754,1.3798413263051665,0.516399971044066,0.0015698826927714818,0.5142830938267094,0.5151983824572662
FB1,0.2,0.4,0.20000000000000018,0.5000000000000004,512,1024,0.01894645708137998,1.0,logarithmic accumulation,92,1.743074051486958,44,1.367075256165178,0.001716214253142824,1.3637901778044428,1.3720797059484338,0.5161165648484136,0.0015438794898474171,0.5140561985945505,0.5149722001207733
FB1,0.2,0.4,0.20000000000000018,0.5000000000000004,512,1024,0.01894645708137998,1.0,logarithmic accumulation,93,1.762020508568338,45,1.3589104838644555,0.0017111684732524553,1.3560371719374993,1.3644685167792834,0.5155208801527387,0.0015411800069749658,0.5138446368797045,0.5147612496519981
FB1,0.2,0.4,0.20000000000000018,0.5000000000000004,512,1024,0.01894645708137998,1.0,logarithmic accumulation,94,1.780966965649718,45,1.3507806991337952,0.0016997382247038162,1.3482487728460748,1.3568188887441086,0.5147750355225207,0.0015325389423027499,0.5134753091946526,0.5143923352018404
FB1,0.2,0.4,0.20000000000000018,0.5000000000000004,512,1024,0.01894645708137998,1.0,logarithmic accumulation,95,1.799913422731098,45,1.3432869151089197,0.0016927185654742926,1.3406090088058453,1.3493151762859612,0.51447828061673,0.0015269961044511301,0.5131234953019566,0.5140408350237627
FB1,0.2,0.4,0.20000000000000018,0.5000000000000004,512,1024,0.01894645708137998,1.0,logarithmic accumulation,96,1.818859879812478,46,1.336343366838737,0.0016854224165419646,1.333113966497026,1.3419535123041546,0.5147166786951373,0.0015238218340087619,0.5127886472578256,0.513706206845896
FB1,0.2,0.4,0.20000000000000018,0.5000000000000004,512,1024,0.01894645708137998,1.0,logarithmic accumulation,97,1.837806336893858,46,1.3284881224592275,0.0016832931904822623,1.3255834891535971,1.334553508588177,0.5139703915763897,0.0015251047166015292,0.5123051519013493,0.513222745395269
FB1,0.2,0.4,0.20000000000000018,0.5000000000000004,512,1024,0.01894645708137998,1.0,logarithmic accumulation,98,1.856752793975238,46,1.320850454675989,0.0016973258452678208,1.318193567293764,1.3272914710648278,0.5132318415987212,0.0015441139280261145,0.5118406171965431,0.5127581529120236
FB1,0.2,0.4,0.20000000000000018,0.5000000000000004,512,1024,0.01894645708137998,1.0,logarithmic accumulation,99,1.875699251056618,47,1.3135134649108884,0.001691660459368395,1.310940568898904,1.3201638126103896,0.5127425447511544,0.00154257354508774,0.5113944744104522,0.5123118661402263
FB1,0.2,0.4,0.20000000000000018,0.5000000000000004,512,1024,0.01894645708137998,1.0,logarithmic accumulation,100,1.894645708137998,47,1.306659353966015,0.0016861540131628463,1.30365225153876,1.3129980674811046,0.5125666876395082,0.0015396832234660955,0.5108081235262999,0.5117251969150136
FB1,0.2,0.4,0.20000000000000018,0.5000000000000004,512,1024,0.01894645708137998,1.0,logarithmic accumulation,101,1.913592165219378,47,1.2994013680653915,0.0016810245808125816,1.2964970796076742,1.305963004977757,0.5119717773537495,0.0015387435203106576,0.5102419908866414,0.5111586618792912
FB1,0.2,0.4,0.20000000000000018,0.5000000000000004,512,1024,0.01894645708137998,1.0,logarithmic accumulation,102,1.932538622300758,47,1.2925968351697859,0.0016795302476890802,1.2894716753319169,1.2990552907735486,0.5115824655209872,0.0015399016019145618,0.5096954908574126,0.5106116806732166
FB1,0.2,0.4,0.20000000000000018,0.5000000000000004,512,1024,0.01894645708137998,1.0,logarithmic accumulation,103,1.9514850793821379,48,1.2857462338881644,0.0016654903712490852,1.2825727652721741,1.2922716941817725,0.5110986204598136,0.0015282322463354204,0.5091680560089692,0.5100836908798448
FB1,0.2,0.4,0.20000000000000018,0.5000000000000004,512,1024,0.01894645708137998,1.0,logarithmic accumulation,104,1.9704315364635179,48,1.2790622886816823,0.0016536982373231799,1.27563565248264,1.2854473012024425,0.5108014585063034,0.0015190634842761677,0.5085076860621001,0.5094226075311089
FB1,0.2,0.4,0.20000000000000018,0.5000000000000004,512,1024,0.01894645708137998,1.0,logarithmic accumulation,105,1.9893779935448979,48,1.2721603448482977,0.0016431422150410958,1.2688217986948982,1.2787438682534304,0.5101054574994751,0.0015096070909442164,0.5078680888419445,0.5087822247577837
FB1,0.2,0.4,0.20000000000000018,0.5000000000000004,512,1024,0.01894645708137998,1.0,logarithmic accumulation,106,2.0083244506262776,49,1.2651465291137582,0.0016425559266186004,1.2621281501047366,1.272158382761194,0.5091739061323018,0.0015110259515800461,0.507248681647186,0.5081619646984595
FB1,0.2,0.4,0.20000000000000018,0.5000000000000004,512,1024,0.01894645708137998,1.0,logarithmic accumulation,107,2.0272709077076576,49,1.2582413243166994,0.001646782368807002,1.2553969315203548,1.2655328597024553,0.5082441208433232,0.001518037138518514,0.5065036418764575,0.5074159235643565
FB1,0.2,0.4,0.20000000000000018,0.5000000000000004,512,1024,0.01894645708137998,1.0,logarithmic accumulation,108,2.0462173647890376,49,1.2513425547433612,0.0016402078224266759,1.2487829728311315,1.2590224136706156,0.5071793821594448,0.0015136581722394158,0.5057803569429578,0.5066915715600532
FB1,0.2,0.4,0.20000000000000018,0.5000000000000004,512,1024,0.01894645708137998,1.0,logarithmic accumulation,109,2.0651638218704176,50,1.245230531039589,0.0016326980103284062,1.2422834195664167,1.2526242298496142,0.5068341345524121,0.0015087380853211318,0.5050782320859426,0.5059883185857955
FB1,0.2,0.4,0.20000000000000018,0.5000000000000004,512,1024,0.01894645708137998,1.0,logarithmic accumulation,110,2.0841102789517976,50,1.2386069131065023,0.001626350621311903,1.2357469905119884,1.2461868239926734,0.5059866701091539,0.0015061962948942575,0.5042572551039453,0.5051660745335153
FB1,0.2,0.4,0.20000000000000018,0.5000000000000004,512,1024,0.01894645708137998,1.0,logarithmic accumulation,111,2.1030567360331776,50,1.2327136988469791,0.001621151169835223,1.2293222809895261,1.23985906645718,0.5058231504039512,0.0015036127226685854,0.5034588731022541,0.5043663659763125
FB1,0.2,0.4,0.20000000000000018,0.5000000000000004,512,1024,0.01894645708137998,1.0,logarithmic accumulation,112,2.1220031931145575,50,1.226015000028344,0.001615111704657527,1.2230066177462597,1.2336383220388036,0.504734250433771,0.00149945177377318,0.5026824820895441,0.503588593401632
FB1,0.2,0.4,0.20000000000000018,0.5000000000000004,512,1024,0.01894645708137998,1.0,logarithmic accumulation,113,2.1409496501959375,51,1.2194538888962942,0.0016122622687286224,1.216797406328772,1.2275220336283068,0.5037011594651891,0.0014982692198813284,0.5019274959820925,0.5028321749730749
FB1,0.2,0.4,0.20000000000000018,0.5000000000000004,512,1024,0.01894645708137998,1.0,logarithmic accumulation,114,2.1598961072773175,51,1.2132264270568023,0.0015996951535196514,1.2105495752178475,1.2213649319274293,0.5028385337572397,0.0014879040526743115,0.5010593955315109,0.5019625164033623
FB1,0.2,0.4,0.20000000000000018,0.5000000000000004,512,1024,0.01894645708137998,1.0,logarithmic accumulation,115,2.1788425643586975,51,1.2073928375220648,0.0016020971305848836,1.204405890950599,1.2153100489665993,0.502312135207732,0.0014936157975917602,0.5002140504314594,0.5011155634896559
FB1,0.2,0.4,0.20000000000000018,0.5000000000000004,512,1024,0.01894645708137998,1.0,logarithmic accumulation,116,2.1977890214400775,52,1.201048819989832,0.0015873062220464035,1.1983639164235833,1.2093549834014623,0.5012212599563154,0.0014807017121354074,0.4993908661411657,0.5002907257862447
FB1,0.2,0.4,0.20000000000000018,0.5000000000000004,512,1024,0.01894645708137998,1.0,logarithmic accumulation,117,2.2167354785214575,52,1.1951614326752946,0.001572732479204891,1.192284308461446,1.2033602004249044,0.5004225928681494,0.0014680606018920015,0.4984604799189458,0.49935856843661364
FB1,0.2,0.4,0.20000000000000018,0.5000000000000004,512,1024,0.01894645708137998,1.0,logarithmic accumulation,118,2.2356819356028375,52,1.1892039007211026,0.0015679324502296812,1.186304299286234,1.1974631887071419,0.49964984489293784,0.0014665440442171687,0.49755349387940573,0.49844976670896246
FB1,0.2,0.4,0.20000000000000018,0.5000000000000004,512,1024,0.01894645708137998,1.0,logarithmic accumulation,119,2.2546283926842174,53,1.183619142426791,0.001557436522748369,1.1804215954921757,1.191661689022229,0.4990088166417083,0.001457471057170762,0.4966693073926441,0.4975637239130457
FB1,0.2,0.4,0.20000000000000018,0.5000000000000004,512,1024,0.01894645708137998,1.0,logarithmic accumulation,120,2.2735748497655974,53,1.1775968971665534,0.0015504591246861656,1.1745022492883233,1.1858215677750605,0.4979312016968225,0.0014521203744211919,0.49568342483676875,0.4965758750625727
FB1,0.2,0.4,0.20000000000000018,0.5000000000000004,512,1024,0.01894645708137998,1.0,logarithmic accumulation,121,2.2925213068469774,53,1.1718076369434027,0.0015431198574969497,1.168678271830276,1.1800750838492218,0.49699458747562714,0.0014458121689154705,0.49472147995049864,0.4956119242532104
FB1,0.2,0.4,0.20000000000000018,0.5000000000000004,512,1024,0.01894645708137998,1.0,logarithmic accumulation,122,2.3114677639283574,53,1.1654876457895837,0.0015371815042236861,1.1629475011775483,1.1744201079233272,0.49553641770173545,0.0014418979066691856,0.49378286809522215,0.49467127062945193
FB1,0.2,0.4,0.20000000000000018,0.5000000000000004,512,1024,0.01894645708137998,1.0,logarithmic accumulation,123,2.3304142210097374,54,1.159608233570262,0.0015230929235330922,1.1573078363088087,1.1688545709353588,0.49439448657195173,0.0014291185774667763,0.49286700191380195,0.49375333041344693
FB1,0.2,0.4,0.20000000000000018,0.5000000000000004,512,1024,0.01894645708137998,1.0,logarithmic accumulation,124,2.3493606780911174,54,1.1537754899470196,0.0015081500713357504,1.151630502667156,1.1632495170822157,0.49321338534186465,0.0014147494595721385,0.4918540057833788,0.49273816102643925
FB1,0.2,0.4,0.20000000000000018,0.5000000000000004,512,1024,0.01894645708137998,1.0,logarithmic accumulation,125,2.3683071351724974,54,1.1476604390213505,0.0015029473528962388,1.1460426100043557,1.1577322951579114,0.49176899594937024,0.0014110532909542169,0.4908648337895952,0.4917467840618108
FB1,0.2,0.4,0.20000000000000018,0.5000000000000004,512,1024,0.01894645708137998,1.0,logarithmic accumulation,126,2.3872535922538773,55,1.1423902589132733,0.001495088460879622,1.140542172047828,1.1523009493555965,0.4910352079551474,0.0014043334588700537,0.4898988947769436,0.49077861181490845
FB1,0.2,0.4,0.20000000000000018,0.5000000000000004,512,1024,0.01894645708137998,1.0,logarithmic accumulation,127,2.4062000493352573,55,1.1367668727098255,0.0014937722846378146,1.1350052096136818,1.1468313245854707,0.4898794645663053,0.0014037630800491391,0.4888406611774586,0.48971805223222153
FB1,0.2,0.4,0.20000000000000018,0.5000000000000004,512,1024,0.01894645708137998,1.0,logarithmic accumulation,128,2.4251465064166373,55,1.1315891934631779,0.00148817251376452,1.1295541675663452,1.1414460966741853,0.4891387787385814,0.0013993428460787704,0.4878066516641775,0.488681689002383
FB1,0.2,0.4,0.20000000000000018,0.5000000000000004,512,1024,0.01894645708137998,1.0,logarithmic accumulation,129,2.4440929634980173,56,1.1261179531643721,0.0014907711096402154,1.1241871651229918,1.1361434138458497,0.48805225119276274,0.001403991340226348,0.4867962730491546,0.48766893225805547
FB1,0.2,0.4,0.20000000000000018,0.5000000000000004,512,1024,0.01894645708137998,1.0,logarithmic accumulation,130,2.4630394205793973,56,1.120773486426603,0.001480938701618796,1.1187847554460708,1.1308036584473964,0.4870548719289519,0.001394806633729806,0.485698114750327,0.4865683092630926
FB1,0.2,0.4,0.20000000000000018,0.5000000000000004,512,1024,0.01894645708137998,1.0,logarithmic accumulation,131,2.4819858776607773,56,1.1154007650053108,0.0014744970889843465,1.1134649688340583,1.125545083970676,0.4859891051799893,0.0013896107424689486,0.4846244987102758,0.48549220460750864
FB1,0.2,0.4,0.20000000000000018,0.5000000000000004,512,1024,0.01894645708137998,1.0,logarithmic accumulation,132,2.5009323347421573,57,1.1101710574140151,0.0014630531813418198,1.1082260216587667,1.1203659343765344,0.4849480513205933,0.0013798431099569257,0.4835748312551701,0.4844400278075111
FB1,0.2,0.4,0.20000000000000018,0.5000000000000004,512,1024,0.01894645708137998,1.0,logarithmic accumulation,133,2.5198787918235372,57,1.104920909552992,0.0014704705627101504,1.1029527553048228,1.1151508850943492,0.4839073797980232,0.0013892684259049068,0.48244160376479217,0.4833042102921481
FB1,0.2,0.4,0.20000000000000018,0.5000000000000004,512,1024,0.01894645708137998,1.0,logarithmic accumulation,134,2.5388252489049172,57,1.0999738068669052,0.0014626040798107196,1.09775901831995,1.1100140003996564,0.4830501190472371,0.0013821494069168765,0.4813331633794119,0.4821931595977586
FB1,0.2,0.4,0.20000000000000018,0.5000000000000004,512,1024,0.01894645708137998,1.0,logarithmic accumulation,135,2.557771705986297,57,1.0944514430449346,0.0014623132450415023,1.0926431167167325,1.1049536125216313,0.48156315271629463,0.0013833513278553099,0.48024891729120917,0.48110628597687277
FB1,0.2,0.4,0.20000000000000018,0.5000000000000004,512,1024,0.01894645708137998,1.0,logarithmic accumulation,136,2.576718163067677,58,1.0895038278121136,0.0014619222069372642,1.0876034017373608,1.0999680983483608,0.4806282415314091,0.0013850110852089176,0.47918828901326427,0.48004301582890446
FB1,0.2,0.4,0.20000000000000018,0.5000000000000004,512,1024,0.01894645708137998,1.0,logarithmic accumulation,137,2.595664620149057,58,1.0842958568244492,0.0014427653887952568,1.0825288404471554,1.094946262872984,0.47934565680768315,0.0013668974901527278,0.47804749168470506,0.47889950427440614
FB1,0.2,0.4,0.20000000000000018,0.5000000000000004,512,1024,0.01894645708137998,1.0,logarithmic accumulation,138,2.614611077230437,58,1.079061364217007,0.0014363577303122457,1.0775293376746182,1.089998219155003,0.478014037195765,0.0013610777122387836,0.47693111505104013,0.4777803991432474
FB1,0.2,0.4,0.20000000000000018,0.5000000000000004,512,1024,0.01894645708137998,1.0,logarithmic accumulation,139,2.633557534311817,59,1.0739466169338463,0.0014322119650920905,1.0726033234301158,1.0851224215666526,0.4766937197906172,0.0013584117971265578,0.47583858318409267,0.47668512728974266
FB1,0.2,0.4,0.20000000000000018,0.5000000000000004,512,1024,0.01894645708137998,1.0,logarithmic accumulation,140,2.652503991393197,59,1.0690179916002878,0.0014274242389205668,1.0676436094611756,1.0802115242941404,0.4756038563867172,0.0013551358293302689,0.4746696220882406,0.47551335869752387
FB1,0.2,0.4,0.20000000000000018,0.5000000000000004,512,1024,0.01894645708137998,1.0,logarithmic accumulation,141,2.671450448474577,59,1.063776504156424,0.0014325340544756805,1.0627563356301952,1.0753718685608955,0.4741577133314514,0.001361743032942825,0.47352524496166803,0.4743661626338402
FB1,0.2,0.4,0.20000000000000018,0.5000000000000004,512,1024,0.01894645708137998,1.0,logarithmic accumulation,142,2.690396905555957,60,1.0589271451438336,0.0014371828695855834,1.057940004996567,1.0706019805522753,0.4730870397679802,0.0013680156594618603,0.47240487761152045,0.4732429675839567
FB1,0.2,0.4,0.20000000000000018,0.5000000000000004,512,1024,0.01894645708137998,1.0,logarithmic accumulation,143,2.709343362637337,60,1.0542211749620733,0.001428514870719334,1.0530910777889773,1.0657981672586345,0.47204854725499135,0.0013609666392715792,0.4712115845327268,0.47204678391519533
FB1,0.2,0.4,0.20000000000000018,0.5000000000000004,512,1024,0.01894645708137998,1.0,logarithmic accumulation,144,2.728289819718717,60,1.0492074425394042,0.001431226091385306,1.0483121178590293,1.0610631872981762,0.470680794795495,0.0013649912081042037,0.4700429822083112,0.4708752822593848
FB1,0.2,0.4,0.20000000000000018,0.5000000000000004,512,1024,0.01894645708137998,1.0,logarithmic accumulation,145,2.747236276800097,60,1.0442054773854035,0.001432745404893479,1.043601696130787,1.0563956335346858,0.4692328440351963,0.001367737367685635,0.468898499204556,0.46972789375701574
FB1,0.2,0.4,0.20000000000000018,0.5000000000000004,512,1024,0.01894645708137998,1.0,logarithmic accumulation,146,2.766182733881477,61,1.039697374579855,0.0014344989941823605,1.0389584202954083,1.0517941351040332,0.4682725801076548,0.0013708272115953862,0.46777757944948833,0.4686040647575514
FB1,0.2,0.4,0.20000000000000018,0.5000000000000004,512,1024,0.01894645708137998,1.0,logarithmic accumulation,147,2.785129190962857,61,1.0349813293937953,0.0014377759962325635,1.0342822687274371,1.0471585206653835,0.46704196377290785,0.001374717002269798,0.46658648189421514,0.46741000174797537
FB1,0.2,0.4,0.20000000000000018,0.5000000000000004,512,1024,0.01894645708137998,1.0,logarithmic accumulation,148,2.804075648044237,61,1.0304815937826268,0.0014249602798150657,1.0296724227805505,1.0425881596910762,0.465990177172747,0.0013628245682024804,0.4654196044486956,0.4662401548056889
FB1,0.2,0.4,0.20000000000000018,0.5000000000000004,512,1024,0.01894645708137998,1.0,logarithmic accumulation,149,2.823022105125617,62,1.025862969772636,0.0014181568242072125,1.0251275500754793,1.0380817401479914,0.4647613173248838,0.0013568710874884064,0.46427639331283943,0.4650939724707192
FB1,0.2,0.4,0.20000000000000018,0.5000000000000004,512,1024,0.01894645708137998,1.0,logarithmic accumulation,150,2.841968562206997,62,1.0211533858614272,0.0014007242524680995,1.0205509190333657,1.0335423847779779,0.4633736902672157,0.0013399162408230208,0.46306612852317763,0.46388068404123445
FB1,0.2,0.4,0.20000000000000018,0.5000000000000004,512,1024,0.01894645708137998,1.0,logarithmic accumulation,151,2.860915019288377,62,1.016321498699381,0.001387291931660312,1.0160384750768194,1.0290662210687116,0.4618624776045266,0.0013269857365414606,0.4618801355566524,0.4626916654360189
FB1,0.2,0.4,0.20000000000000018,0.5000000000000004,512,1024,0.01894645708137998,1.0,logarithmic accumulation,152,2.879861476369757,63,1.011986431907073,0.0013813317758585724,1.0115889417955009,1.0246519919050356,0.4608251745803468,0.0013219686338386632,0.46071786379093044,0.46152636829062765
FB1,0.2,0.4,0.20000000000000018,0.5000000000000004,512,1024,0.01894645708137998,1.0,logarithmic accumulation,153,2.898807933451137,63,1.0072656776658624,0.0013795931442214546,1.0071087181429248,1.0202059544397235,0.45934055818732117,0.0013212935780535884,0.45949147147086256,0.46029690175073534
FB1,0.2,0.4,0.20000000000000018,0.5000000000000004,512,1024,0.01894645708137998,1.0,logarithmic accumulation,154,2.917754390532517,63,1.0031733494766482,0.0013791930265553442,1.0026906685320025,1.0158211493419875,0.4585268683013017,0.0013225179116445023,0.45828935888214023,0.4590917148960591
FB1,0.2,0.4,0.20000000000000018,0.5000000000000004,512,1024,0.01894645708137998,1.0,logarithmic accumulation,155,2.936700847613897,63,0.9984263235893391,0.0013679892998573644,0.9983335689083295,1.0114963708491946,0.45704863486219044,0.0013116978312834582,0.45711097936421924,0.4579102632416565
FB1,0.2,0.4,0.20000000000000018,0.5000000000000004,512,1024,0.01894645708137998,1.0,logarithmic accumulation,156,2.955647304695277,64,0.9944064295507741,0.0013612590055369946,0.994036225696743,1.007230443254292,0.45614969246678616,0.0013056636682256054,0.45595580065606456,0.45675201656739534
FB1,0.2,0.4,0.20000000000000018,0.5000000000000004,512,1024,0.01894645708137998,1.0,logarithmic accumulation,157,2.974593761776657,64,0.9899536199984826,0.0013552723976238065,0.9897080629410846,1.0029326520232291,0.45479744481134077,0.0013006477413394727,0.4547387429992067,0.45553184745844016
FB1,0.2,0.4,0.20000000000000018,0.5000000000000004,512,1024,0.01894645708137998,1.0,logarithmic accumulation,158,2.993540218858037,64,0.9856345778295303,0.0013435039683614132,0.9854390231799941,0.9986931100780876,0.45360758203417484,0.0012893362047074158,0.4535454290159641,0.45433542562315427
FB1,0.2,0.4,0.20000000000000018,0.5000000000000004,512,1024,0.01894645708137998,1.0,logarithmic accumulation,159,3.012486675939417,65,0.9811829902601129,0.0013209126513705923,0.9812279592853723,0.9945106872362992,0.4521982664849371,0.0012665289867768948,0.4523753298123075,0.45316222414579016
FB1,0.2,0.4,0.20000000000000018,0.5000000000000004,512,1024,0.01894645708137998,1.0,logarithmic accumulation,160,3.031433133020797,65,0.9772370354492067,0.0013081978323510209,0.9769871329431912,0.9902975102415279,0.45126233497396007,0.001254283069863007,0.45114598236013675,0.4519297338432077
FB1,0.2,0.4,0.20000000000000018,0.5000000000000004,512,1024,0.01894645708137998,1.0,logarithmic accumulation,161,3.0503795901021764,65,0.9728815002668638,0.0013028507856812268,0.9728036858275213,0.9861408858234257,0.4498814100523422,0.001249697124303583,0.44994035075565786,0.45072096441133397
FB1,0.2,0.4,0.20000000000000018,0.5000000000000004,512,1024,0.01894645708137998,1.0,logarithmic accumulation,162,3.0693260471835564,66,0.9687794226465822,0.0012933699883530907,0.9686765144891094,0.9820397265989873,0.4487389228990212,0.0012409397436854448,0.44875791017809613,0.4495353929437336
FB1,0.2,0.4,0.20000000000000018,0.5000000000000004,512,1024,0.01894645708137998,1.0,logarithmic accumulation,163,3.0882725042649364,66,0.9645122610483423,0.001277195371957749,0.9645205872129552,0.9779088694115547,0.44738676096235747,0.001224812518290962,0.44751869616209283,0.44829301024898344
FB1,0.2,0.4,0.20000000000000018,0.5000000000000004,512,1024,0.01894645708137998,1.0,logarithmic accumulation,164,3.1072189613463164,66,0.9607089305666346,0.0012701246234108588,0.9604203729941568,0.9738329431985263,0.44645025376933833,0.001217985218201522,0.4463031359755666,0.4470742877724202
FB1,0.2,0.4,0.20000000000000018,0.5000000000000004,512,1024,0.01894645708137998,1.0,logarithmic accumulation,165,3.1261654184276964,67,0.9562230249788715,0.0012591306806193907,0.9563748095189744,0.9698109008756459,0.4447998924927202,0.0012075954560931785,0.4451107094785304,0.44587870722389394
FB1,0.2,0.4,0.20000000000000018,0.5000000000000004,512,1024,0.01894645708137998,1.0,logarithmic accumulation,166,3.1451118755090763,67,0.952228011655359,0.0012489750131905277,0.9523014485731652,0.965760166160381,0.44361977685148873,0.0011987341439152815,0.4438638395808564,0.44462864814875075
FB1,0.2,0.4,0.20000000000000018,0.5000000000000004,512,1024,0.01894645708137998,1.0,logarithmic accumulation,167,3.1640583325904563,67,0.9481496449374992,0.0012546918766536484,0.9482822069934067,0.9617628109240133,0.44231932171501454,0.0012052843806303832,0.44264053112353874,0.44340215820397627
FB1,0.2,0.4,0.20000000000000018,0.5000000000000004,512,1024,0.01894645708137998,1.0,logarithmic accumulation,168,3.1830047896718363,67,0.9441201401451154,0.0012569401703476217,0.9443160612609593,0.957817826082031,0.4410536331822726,0.001208816252189159,0.441440269167408,0.4421987242357981
FB1,0.2,0.4,0.20000000000000018,0.5000000000000004,512,1024,0.01894645708137998,1.0,logarithmic accumulation,169,3.2019512467532163,68,0.9404239718253002,0.0012694020658936059,0.9404020124570974,0.9539242268064699,0.4400796315809654,0.0012227638855388321,0.4402625520437459,0.4410178462445684
FB1,0.2,0.4,0.20000000000000018,0.5000000000000004,512,1024,0.01894645708137998,1.0,logarithmic accumulation,170,3.2208977038345963,68,0.936468707949514,0.0012734053835656907,0.9364601155710595,0.9500019428845983,0.43882320755182996,0.0012277466020492644,0.4390321016836317,0.4397842039960141
FB1,0.2,0.4,0.20000000000000018,0.5000000000000004,512,1024,0.01894645708137998,1.0,logarithmic accumulation,171,3.2398441609159763,68,0.932870329168817,0.0012561963327813361,0.9325698599800918,0.9461306137506583,0.4379362950714014,0.0012109245886210507,0.4378246170095597,0.4385735378089646
FB1,0.2,0.4,0.20000000000000018,0.5000000000000004,512,1024,0.01894645708137998,1.0,logarithmic accumulation,172,3.2587906179973563,69,0.9288404152518595,0.0012389704768393079,0.9287302813558175,0.9423092884411005,0.43657264277886887,0.001193851481307029,0.4366396008427989,0.43738535212653584
FB1,0.2,0.4,0.20000000000000018,0.5000000000000004,512,1024,0.01894645708137998,1.0,logarithmic accumulation,173,3.2777370750787362,69,0.9248035326051129,0.0012410048412399934,0.9248637907576307,0.938460255987659,0.43518664957501774,0.0011963160039153756,0.4354039576697697,0.436146510524855
FB1,0.2,0.4,0.20000000000000018,0.5000000000000004,512,1024,0.01894645708137998,1.0,logarithmic accumulation,174,3.2966835321601162,69,0.9210784118263212,0.001225856362115708,0.9210475445317698,0.93466081829061,0.4340423234720714,0.0011815119120419603,0.43419117222473574,0.4349305379016572
FB1,0.2,0.4,0.20000000000000018,0.5000000000000004,512,1024,0.01894645708137998,1.0,logarithmic accumulation,175,3.315629989241496,70,0.9173712265728815,0.0012152423190124131,0.9172806111430808,0.9309100564899074,0.43292587428042206,0.0011707722856261638,0.43300075230601687,0.4337369436286458
FB1,0.2,0.4,0.20000000000000018,0.5000000000000004,512,1024,0.01894645708137998,1.0,logarithmic accumulation,176,3.334576446322876,70,0.9135382937465992,0.0012015399563956519,0.9134876553516111,0.9271325163807532,0.43164800564148514,0.0011574202519070407,0.4317616919730763,0.43249468205280633
FB1,0.2,0.4,0.20000000000000018,0.5000000000000004,512,1024,0.01894645708137998,1.0,logarithmic accumulation,177,3.353522903404256,70,0.9094979952283284,0.0011961855168854394,0.9097436012988758,0.9234032633339755,0.43011025257590996,0.0011524213070057785,0.43054535740273625,0.43127515833188196
FB1,0.2,0.4,0.20000000000000018,0.5000000000000004,512,1024,0.01894645708137998,1.0,logarithmic accumulation,178,3.372469360485636,70,0.905933203339012,0.0011941108073285824,0.9060475485753614,0.9197214089605319,0.4290541320665501,0.0011508637681878144,0.4293512617843197,0.43007788717948015
FB1,0.2,0.4,0.20000000000000018,0.5000000000000004,512,1024,0.01894645708137998,1.0,logarithmic accumulation,179,3.391415817567016,71,0.9025085782227287,0.0011925856166338502,0.9023986179184417,0.9160860857279898,0.4280797571980657,0.001149882423293921,0.4281789306643623,0.42890239556301357
FB1,0.2,0.4,0.20000000000000018,0.5000000000000004,512,1024,0.01894645708137998,1.0,logarithmic accumulation,180,3.410362274648396,71,0.898718786936928,0.0011722880196157147,0.8987236616830332,0.912424029671115,0.4267341746407955,0.0011291386492289935,0.4269593750480391,0.4276796558314573
FB1,0.2,0.4,0.20000000000000018,0.5000000000000004,512,1024,0.01894645708137998,1.0,logarithmic accumulation,181,3.429308731729776,71,0.8952380042166845,0.0011714873252649009,0.8950954767156073,0.9088081744719678,0.4256713857446852,0.0011292163405537464,0.4257619411024366,0.4264790518948131
FB1,0.2,0.4,0.20000000000000018,0.5000000000000004,512,1024,0.01894645708137998,1.0,logarithmic accumulation,182,3.448255188811156,72,0.8916293630797356,0.0011663844503250723,0.891513211600423,0.9052376798495934,0.4245069792297389,0.0011245546499103858,0.4245861590518558,0.42530011536396445
FB1,0.2,0.4,0.20000000000000018,0.5000000000000004,512,1024,0.01894645708137998,1.0,logarithmic accumulation,183,3.467201645892536,72,0.888051458443615,0.0011663691210935996,0.887905782456427,0.9016413484888934,0.4233127451290084,0.0011251204965301675,0.4233649574234152,0.4240757372177121
FB1,0.2,0.4,0.20000000000000018,0.5000000000000004,512,1024,0.01894645708137998,1.0,logarithmic accumulation,184,3.486148102973916,72,0.8842816670911524,0.0011672612525629711,0.8843439379065082,0.8980900618753483,0.4219208560446225,0.0011266819839607426,0.42216573848421757,0.42287335639134715
FB1,0.2,0.4,0.20000000000000018,0.5000000000000004,512,1024,0.01894645708137998,1.0,logarithmic accumulation,185,3.505094560055296,73,0.8808457414608916,0.0011640401577989188,0.8808268531017702,0.8945830057294648,0.42081696889942677,0.0011237380662078218,0.4209880375318747,0.42169250953304327
FB1,0.2,0.4,0.20000000000000018,0.5000000000000004,512,1024,0.01894645708137998,1.0,logarithmic accumulation,186,3.524041017136676,73,0.8774292019254342,0.001165686481930662,0.8772854220841013,0.8910509634465396,0.4197076026063554,0.001125774412343123,0.4197666222681655,0.4204679278552024
FB1,0.2,0.4,0.20000000000000018,0.5000000000000004,512,1024,0.01894645708137998,1.0,logarithmic accumulation,187,3.542987474218056,73,0.8737844654333451,0.0011598022144143456,0.8737884302288859,0.8875628494455134,0.4183757427276429,0.0011207183026293536,0.4185670316112189,0.41926518591123796
FB1,0.2,0.4,0.20000000000000018,0.5000000000000004,512,1024,0.01894645708137998,1.0,logarithmic accumulation,188,3.561933931299436,73,0.8701704428770296,0.001159752321770875,0.8703350780550881,0.8841178742783276,0.41706099980703326,0.0011212868892912322,0.4173888062656696,0.418083825719184
FB1,0.2,0.4,0.20000000000000018,0.5000000000000004,512,1024,0.01894645708137998,1.0,logarithmic accumulation,189,3.580880388380816,74,0.8667949843467704,0.0011589036491368079,0.866924584497885,0.8807152666676512,0.4159476517343596,0.0011209337316150328,0.41623149844161683,0.41692340070999606
FB1,0.2,0.4,0.20000000000000018,0.5000000000000004,512,1024,0.01894645708137998,1.0,logarithmic accumulation,190,3.599826845462196,74,0.8632257123282656,0.0011488046210682158,0.863489766760577,0.8772877356114355,0.414597970238593,0.0011108231018342569,0.4150316549125539,0.41572042210231247
FB1,0.2,0.4,0.20000000000000018,0.5000000000000004,512,1024,0.01894645708137998,1.0,logarithmic accumulation,191,3.618773302543576,74,0.8600264193582102,0.0011437642834288635,0.8600975359806675,0.8739023174049922,0.4136037728540596,0.0011062089037336949,0.4138530352593339,0.4145386840267444
FB1,0.2,0.4,0.20000000000000018,0.5000000000000004,512,1024,0.01894645708137998,1.0,logarithmic accumulation,192,3.637719759624956,75,0.8567987684562006,0.0011435341932572525,0.8567471338522975,0.8705582630434979,0.41259622116622185,0.0011065146274561882,0.41269519639797136,0.413377744595828
FB1,0.2,0.4,0.20000000000000018,0.5000000000000004,512,1024,0.01894645708137998,1.0,logarithmic accumulation,193,3.656666216706336,75,0.8531985697959441,0.0011267742846069592,0.8533731956000483,0.8671901021753188,0.4111435419907995,0.0010898143798333988,0.41149637870149625,0.4121758096102325
FB1,0.2,0.4,0.20000000000000018,0.5000000000000004,512,1024,0.01894645708137998,1.0,logarithmic accumulation,194,3.675612673787716,75,0.8502554198102166,0.0011221273770502208,0.8500408246731217,0.8638630598931445,0.41036348491166885,0.0010856276596061716,0.41031862596357727,0.4109949564714843
FB1,0.2,0.4,0.20000000000000018,0.5000000000000004,512,1024,0.01894645708137998,1.0,logarithmic accumulation,195,3.694559130869096,76,0.8469479147502443,0.00112213903986952,0.8467492846066985,0.8605764085711403,0.4091740552826687,0.0010861420261737778,0.40916150013181196,0.4098347482973082
FB1,0.2,0.4,0.20000000000000018,0.5000000000000004,512,1024,0.01894645708137998,1.0,logarithmic accumulation,196,3.713505587950476,76,0.8436349687567763,0.0011240766717980737,0.8434349561183163,0.8572664258918659,0.40799432189497026,0.0010885612161088806,0.40796486870383575,0.4086350189533525
FB1,0.2,0.4,0.20000000000000018,0.5000000000000004,512,1024,0.01894645708137998,1.0,logarithmic accumulation,197,3.732452045031856,76,0.8403403221436971,0.0011096892428319434,0.8401612070759971,0.85399659798532,0.40678303839435853,0.0010741442877345475,0.4067891280120496,0.4074561974729359
FB1,0.2,0.4,0.20000000000000018,0.5000000000000004,512,1024,0.01894645708137998,1.0,logarithmic accumulation,198,3.751398502113236,77,0.8371224786496679,0.0011143070447798217,0.8369273219869058,0.8507662177590907,0.40565676896321323,0.001079312898399436,0.4056338453083944,0.40629785225023013
FB1,0.2,0.4,0.20000000000000018,0.5000000000000004,512,1024,0.01894645708137998,1.0,logarithmic accumulation,199,3.770344959194616,77,0.8341964690295096,0.0011132800170636484,0.8336713583299065,0.8475132421145062,0.40479257001966196,0.001078414515825701,0.40444045215383395,0.40510138211508623
FB1,0.2,0.4,0.20000000000000018,0.5000000000000004,512,1024,0.01894645708137998,1.0,logarithmic accumulation,200,3.789291416275996,77,0.8311167479389729,0.0011095710183065212,0.8304550167253577,0.8442994866794286,0.4037755957332434,0.0010748492242883235,0.40326776216786425,0.4039256325145334
FB1,0.2,0.4,0.20000000000000018,0.5000000000000004,512,1024,0.01894645708137998,1.0,logarithmic accumulation,201,3.808237873357376,77,0.8282838649181288,0.0011062309233417094,0.8272776018289321,0.8411242640939419,0.402959235794508,0.0010722236072604995,0.4021153481327744,0.4027701773441653
FB1,0.2,0.4,0.20000000000000018,0.5000000000000004,512,1024,0.01894645708137998,1.0,logarithmic accumulation,202,3.827184330438756,78,0.8250543333111686,0.001098890371091359,0.8241384340040252,0.8379869025067896,0.40171522223767087,0.0010649464876998985,0.40098279338291976,0.401634600969945
FB1,0.2,0.4,0.20000000000000018,0.5000000000000004,512,1024,0.01894645708137998,1.0,logarithmic accumulation,203,3.846130787520136,78,0.8217432588131661,0.00110614714922679,0.82097720461402,0.834826994888794,0.40040989834074164,0.0010732063853353055,0.39981304646623383,0.4004618200030513
FB1,0.2,0.4,0.20000000000000018,0.5000000000000004,512,1024,0.01894645708137998,1.0,logarithmic accumulation,204,3.865077244601516,78,0.8186431880284306,0.0011031870301685862,0.8178540194497024,0.8317047587200184,0.3992772910775163,0.0010702809854844274,0.3986634070039864,0.3993091649694585
FB1,0.2,0.4,0.20000000000000018,0.5000000000000004,512,1024,0.01894645708137998,1.0,logarithmic accumulation,205,3.884023701682896,79,0.815695128545747,0.001105383151290542,0.8147682169926432,0.828619539891599,0.3982601890445264,0.0010728994853646692,0.39753346315502125,0.39817622504205796
FB1,0.2,0.4,0.20000000000000018,0.5000000000000004,512,1024,0.01894645708137998,1.0,logarithmic accumulation,206,3.9029701587642758,,0.8126369990878433,0.00110435795418118,0.8116610367040509,0.8255124817934156,0.39714117683959843,0.001072210919261318,0.3963676097533547,0.39700736395801844
FB1,0.2,0.4,0.20000000000000018,0.5000000000000004,512,1024,0.01894645708137998,2.0,summable injection,0,0.0,16,3.4201531255601743,2.780994506169197e-17,3.4201531255601747,3.401425986936229,0.0,0.0,0.0,0.0
FB1,0.2,0.4,0.20000000000000018,0.5000000000000004,512,1024,0.01894645708137998,2.0,summable injection,1,0.01894645708137998,17,3.3593948723328344,0.001065271500500986,3.3596368175357965,3.3411765574033865,0.021228984129386202,0.00024529098584071874,0.02092588073156254,0.020937499510305702
FB1,0.2,0.4,0.20000000000000018,0.5000000000000004,512,1024,0.01894645708137998,2.0,summable injection,2,0.03789291416275996,18,3.300101570521215,0.0014217621104015016,3.3001180216915778,3.281939506945721,0.04055103956121858,0.00033322393032186285,0.04024647321673332,0.04027011227264185
FB1,0.2,0.4,0.20000000000000018,0.5000000000000004,512,1024,0.01894645708137998,2.0,summable injection,3,0.05683937124413994,18,3.24247713818188,0.001684843507098046,3.2416868460620036,3.2238036652254616,0.05854437984272814,0.00041847623259606587,0.05812752821452863,0.05816352518470517
FB1,0.2,0.4,0.20000000000000018,0.5000000000000004,512,1024,0.01894645708137998,2.0,summable injection,4,0.07578582832551992,19,3.1842419312978367,0.0019114876162808245,3.1855517918546754,3.167977002963102,0.0756019029593638,0.00047914857660764286,0.07569177286468598,0.07574095099740606
FB1,0.2,0.4,0.20000000000000018,0.5000000000000004,512,1024,0.01894645708137998,2.0,summable injection,5,0.0947322854068999,20,3.128717230405341,0.00201472158054254,3.130476325585206,3.1132211691243286,0.0919888478446212,0.000527308166098781,0.09196454236647798,0.09202711907841675
FB1,0.2,0.4,0.20000000000000018,0.5000000000000004,512,1024,0.01894645708137998,2.0,summable injection,6,0.11367874248827987,20,3.0756985274799833,0.002131921490633178,3.0765085989116536,3.059583238504165,0.10730600969493159,0.0005839200643167245,0.10706752873476669,0.10714366775328794
FB1,0.2,0.4,0.20000000000000018,0.5000000000000004,512,1024,0.01894645708137998,2.0,summable injection,7,0.13262519956965985,21,3.0243764392753834,0.002291146688513626,3.0246070896843835,3.0080212524114676,0.1218579153134515,0.0006414996203571335,0.12190696219761674,0.12199722404644549
FB1,0.2,0.4,0.20000000000000018,0.5000000000000004,512,1024,0.01894645708137998,2.0,summable injection,8,0.15157165665103983,22,2.9728925132095934,0.0023427999976103277,2.9737630749500146,2.9575249557848764,0.13608471812473577,0.0006926483671485402,0.13568772482906868,0.13579217861644266
FB1,0.2,0.4,0.20000000000000018,0.5000000000000004,512,1024,0.01894645708137998,2.0,summable injection,9,0.17051811373241982,22,2.9239517962800066,0.0023952839129054763,2.9239997075464914,2.9081165994145595,0.1483992183826768,0.000718402378227202,0.14850203528360614,0.1486207063261315
FB1,0.2,0.4,0.20000000000000018,0.5000000000000004,512,1024,0.01894645708137998,2.0,summable injection,10,0.1894645708137998,23,2.876145622033584,0.0024405964156009037,2.8760946635941242,2.8605735159686683,0.16157489209329912,0.0007661651741814277,0.16109666278999157,0.16122990867772602
FB1,0.2,0.4,0.20000000000000018,0.5000000000000004,512,1024,0.01894645708137998,2.0,summable injection,11,0.20841102789517976,24,2.828983318944672,0.002481295990921688,2.8292097385672066,2.81405620166729,0.17338285680694812,0.0007996044731099766,0.17281050495219444,0.1729582779714837
FB1,0.2,0.4,0.20000000000000018,0.5000000000000004,512,1024,0.01894645708137998,2.0,summable injection,12,0.22735748497655975,25,2.7829497608234575,0.0025310740666269565,2.7833529902416494,2.7685719627533976,0.18433804989624503,0.0008307535942889893,0.18371524644637377,0.18387746395493543
FB1,0.2,0.4,0.20000000000000018,0.5000000000000004,512,1024,0.01894645708137998,2.0,summable injection,13,0.24630394205793973,25,2.7378318271608446,0.002565785239819102,2.738525971742334,2.724121646807511,0.1945981399754903,0.0008526580665657311,0.19387463942867628,0.19405118711781794
FB1,0.2,0.4,0.20000000000000018,0.5000000000000004,512,1024,0.01894645708137998,2.0,summable injection,14,0.2652503991393197,26,2.6949059228987804,0.002572696363845199,2.6953162531205974,2.6812925831433567,0.2045991306472436,0.0008870280295653612,0.20386478035433475,0.20405580691841893
FB1,0.2,0.4,0.20000000000000018,0.5000000000000004,512,1024,0.01894645708137998,2.0,summable injection,15,0.2841968562206997,27,2.6518605161891187,0.002540994256247291,2.6530693336630566,2.6394292333426144,0.2136074505587319,0.0009028669454601806,0.21316997943155006,0.2133753217736793
FB1,0.2,0.4,0.20000000000000018,0.5000000000000004,512,1024,0.01894645708137998,2.0,summable injection,16,0.30314331330207966,28,2.6094697001729186,0.002513242589188444,2.6117798892202035,2.598525689961014,0.22198536393088383,0.0009311334393298569,0.22184130256482976,0.222060773020728
FB1,0.2,0.4,0.20000000000000018,0.5000000000000004,512,1024,0.01894645708137998,2.0,summable injection,17,0.32208977038345965,28,2.5684014104841935,0.002485914938989955,2.5714391531091287,2.558572640313207,0.2295347065240057,0.0009546443565846841,0.22992476402593293,0.23015815302023146
FB1,0.2,0.4,0.20000000000000018,0.5000000000000004,512,1024,0.01894645708137998,2.0,summable injection,18,0.34103622746483964,29,2.529986579239267,0.002468361569003972,2.532506053459238,2.5200288625911265,0.2375279794412139,0.0009873662416843567,0.23787813427616988,0.23812544745191877
FB1,0.2,0.4,0.20000000000000018,0.5000000000000004,512,1024,0.01894645708137998,2.0,summable injection,19,0.3599826845462196,30,2.492162070070829,0.002469935345435762,2.4944558570420705,2.4823687893272326,0.24503166243936395,0.0010199858359762782,0.245287817154054,0.24554881436128467
FB1,0.2,0.4,0.20000000000000018,0.5000000000000004,512,1024,0.01894645708137998,2.0,summable injection,20,0.3789291416275996,31,2.454050947044006,0.002457139887804953,2.45727701888187,2.4455804282699747,0.2519499791823544,0.0010301592691443367,0.25219152643064024,0.252465951053393
FB1,0.2,0.4,0.20000000000000018,0.5000000000000004,512,1024,0.01894645708137998,2.0,summable injection,21,0.39787559870897954,32,2.4165053362858595,0.0024520712415743605,2.420956179315445,2.40965000255854,0.2577235536257506,0.0010432010005023442,0.258623591085503,0.2589111721344166
FB1,0.2,0.4,0.20000000000000018,0.5000000000000004,512,1024,0.01894645708137998,2.0,summable injection,22,0.4168220557903595,33,2.3819636337955687,0.002430224616015664,2.3854785490464807,2.3745623341436226,0.26399124559967485,0.001059408938057733,0.26461535010990933,0.2649158041545906
FB1,0.2,0.4,0.20000000000000018,0.5000000000000004,512,1024,0.01894645708137998,2.0,summable injection,23,0.4357685128717395,33,2.347096989761206,0.0024273759705318197,2.350828228490551,2.340301161580546,0.26958080104984183,0.0010800919850691931,0.27019549017832184,0.27050852312835516
FB1,0.2,0.4,0.20000000000000018,0.5000000000000004,512,1024,0.01894645708137998,2.0,summable injection,24,0.4547149699531195,34,2.314326090878828,0.0023959780288835253,2.317326241837373,2.307187459961725,0.27536667293190215,0.001092976697345585,0.2756919936926524,0.27601747346606886
FB1,0.2,0.4,0.20000000000000018,0.5000000000000004,512,1024,0.01894645708137998,2.0,summable injection,25,0.4736614270344995,35,2.2822008473081006,0.00236653681561759,2.2845915792405864,2.274839622823338,0.2807991076418922,0.0010982057846992692,0.2808047211427047,0.2811423429670023
FB1,0.2,0.4,0.20000000000000018,0.5000000000000004,512,1024,0.01894645708137998,2.0,summable injection,26,0.49260788411587947,36,2.2498929914462718,0.002317315630630227,2.2526085927008186,2.243241711191192,0.2853478070854135,0.0011088255039349623,0.2855578566643736,0.28590730845443674
FB1,0.2,0.4,0.20000000000000018,0.5000000000000004,512,1024,0.01894645708137998,2.0,summable injection,27,0.5115543411972594,37,2.218970671809869,0.002307114979349774,2.22136112578416,2.2123772992108215,0.2898102109512918,0.0011211301723092087,0.2899736913606552,0.29033465508813827
FB1,0.2,0.4,0.20000000000000018,0.5000000000000004,512,1024,0.01894645708137998,2.0,summable injection,28,0.5305007982786394,38,2.187798715677487,0.002281980963557859,2.190832669702211,2.1822296290237144,0.2939358920632739,0.001130484921789427,0.2940728132010806,0.2944449661482152
FB1,0.2,0.4,0.20000000000000018,0.5000000000000004,512,1024,0.01894645708137998,2.0,summable injection,29,0.5494472553600194,39,2.1580534519039447,0.002245517692438557,2.161006493803739,2.152781740117278,0.2974663799649852,0.0011192291849457404,0.2978742732633953,0.29825728916924327
FB1,0.2,0.4,0.20000000000000018,0.5000000000000004,512,1024,0.01894645708137998,2.0,summable injection,30,0.5683937124413994,40,2.1295206392490016,0.0022312902032404014,2.131865754617041,2.124016577284578,0.30123524333782875,0.0011356959850720313,0.30139573182847934,0.30178928193523946
FB1,0.2,0.4,0.20000000000000018,0.5000000000000004,512,1024,0.01894645708137998,2.0,summable injection,31,0.5873401695227793,41,2.1008357019252895,0.0021993966185620624,2.1033935868566997,2.0959170806045986,0.30413207085409494,0.001138208230266191,0.3046535872396672,0.305057341246216
FB1,0.2,0.4,0.20000000000000018,0.5000000000000004,512,1024,0.01894645708137998,2.0,summable injection,32,0.6062866266041593,42,2.073162436665054,0.0021608668140930447,2.0755731792230874,2.0684662602685515,0.3075000635838133,0.0011380209327255364,0.3076630899528672,0.3080767168822823
FB1,0.2,0.4,0.20000000000000018,0.5000000000000004,512,1024,0.01894645708137998,2.0,summable injection,33,0.6252330836855393,43,2.045639457530978,0.002134418433064202,2.0483878373480846,2.0416472586030205,0.31002959145288017,0.0011410198356317813,0.3104384438098433,0.3108616127972329
FB1,0.2,0.4,0.20000000000000018,0.5000000000000004,512,1024,0.01894645708137998,2.0,summable injection,34,0.6441795407669193,44,2.019187323412538,0.002102540904922761,2.0218210358531694,2.0154434012535227,0.31248937870346516,0.0011399349912860032,0.31299289624496696,0.3134252772515179
FB1,0.2,0.4,0.20000000000000018,0.5000000000000004,512,1024,0.01894645708137998,2.0,summable injection,35,0.6631259978482993,45,1.99276924988734,0.00205665010062344,1.995856461168556,1.9898382391747185,0.31427687588028913,0.0011323321998659673,0.31533881887115034,0.31578008332991425
FB1,0.2,0.4,0.20000000000000018,0.5000000000000004,512,1024,0.01894645708137998,2.0,summable injection,36,0.6820724549296793,46,1.9670169762325571,0.0020166849312450888,1.9704780465006477,1.9648155828122227,0.3159440685808982,0.0011355984603686486,0.3174877796722075,0.31793760107076563
FB1,0.2,0.4,0.20000000000000018,0.5000000000000004,512,1024,0.01894645708137998,2.0,summable injection,37,0.7010189120110593,47,1.9419004524758572,0.0019698150369598672,1.9456700001188445,1.940359529644836,0.3173769654432542,0.0011197440122879521,0.3194506078476459,0.3199086622524404
FB1,0.2,0.4,0.20000000000000018,0.5000000000000004,512,1024,0.01894645708137998,2.0,summable injection,38,0.7199653690924392,48,1.917892217966581,0.0019390227502012287,1.9214168279531623,1.9164544860765707,0.31896727167276473,0.0011224931502665696,0.32123745220486766,0.3217034187316519
FB1,0.2,0.4,0.20000000000000018,0.5000000000000004,512,1024,0.01894645708137998,2.0,summable injection,39,0.7389118261738192,49,1.8934745065713747,0.0019172554041613549,1.8977033513443837,1.893085184518189,0.3202010225931779,0.0011229209848267025,0.322857833867359,0.32333139510190495
FB1,0.2,0.4,0.20000000000000018,0.5000000000000004,512,1024,0.01894645708137998,2.0,summable injection,40,0.7578582832551992,50,1.8698892494887334,0.001892859120171465,1.8745147206631332,1.8702366963727728,0.32117543630483697,0.0011130101044932621,0.3243206939612285,0.3248015363341341
FB1,0.2,0.4,0.20000000000000018,0.5000000000000004,512,1024,0.01894645708137998,2.0,summable injection,41,0.7768047403365791,51,1.8473151301161699,0.0018707480505941307,1.8518364254090376,1.847894441534684,0.32249309193010245,0.001120517493350642,0.3256344368528398,0.3261222509720081
FB1,0.2,0.4,0.20000000000000018,0.5000000000000004,512,1024,0.01894645708137998,2.0,summable injection,42,0.7957511974179591,52,1.8253745499689291,0.001851733313730705,1.8296543013124258,1.826044194922677,0.3235423282197234,0.0011202155539997607,0.3268069694343985,0.3273014503784983
FB1,0.2,0.4,0.20000000000000018,0.5000000000000004,512,1024,0.01894645708137998,2.0,summable injection,43,0.8146976544993391,53,1.8035759855701674,0.0018391181552351154,1.8079545348860784,1.8046720904930638,0.3244989341024086,0.0011308680285658788,0.3278457368898501,0.3283465844658368
FB1,0.2,0.4,0.20000000000000018,0.5000000000000004,512,1024,0.01894645708137998,2.0,summable injection,44,0.833644111580719,54,1.7825236345197828,0.0018126955997713084,1.7867236658109702,1.7837646231153415,0.32549736115159567,0.00112087858736173,0.32875775531844353,0.32926467428598905
FB1,0.2,0.4,0.20000000000000018,0.5000000000000004,512,1024,0.01894645708137998,2.0,summable injection,45,0.852590568662099,55,1.7617075459834424,0.0017931475110342227,1.7659485874859362,1.763308648638775,0.32606984036169684,0.0011249264151494051,0.3295496415462407,0.3300623418117203
FB1,0.2,0.4,0.20000000000000018,0.5000000000000004,512,1024,0.01894645708137998,2.0,summable injection,46,0.871537025743479,57,1.7415248210745904,0.0017834599448511902,1.7456165460251385,1.7432913824324225,0.3268146781841129,0.001124897091400594,0.33022764041544916,0.33074583719793943
FB1,0.2,0.4,0.20000000000000018,0.5000000000000004,512,1024,0.01894645708137998,2.0,summable injection,47,0.890483482824859,58,1.7216098932486548,0.0017582398238873203,1.7255990038964404,1.7235841287240459,0.32738275349862445,0.0011159326843726252,0.33069136335702576,0.33121471619814985
FB1,0.2,0.4,0.20000000000000018,0.5000000000000004,512,1024,0.01894645708137998,2.0,summable injection,48,0.909429939906239,59,1.7021249293065859,0.001739114547036955,1.7060062688091475,1.7042973094297866,0.32786138722648495,0.001111788763196568,0.3310582946634607,0.33158652647745146
FB1,0.2,0.4,0.20000000000000018,0.5000000000000004,512,1024,0.01894645708137998,2.0,summable injection,49,0.928376396987619,60,1.6826873151238155,0.0017136065274153814,1.6868262906221418,1.6854188620073765,0.3281125904724729,0.0011114466365588227,0.3313334062667236,0.3318662460969677
FB1,0.2,0.4,0.20000000000000018,0.5000000000000004,512,1024,0.01894645708137998,2.0,summable injection,50,0.947322854068999,61,1.664281902031218,0.0016940289944343049,1.668047378030704,1.6669370879203096,0.3286282843027818,0.0011155487024109188,0.3315214053404563,0.33205858839961155
FB1,0.2,0.4,0.20000000000000018,0.5000000000000004,512,1024,0.01894645708137998,2.0,summable injection,51,0.966269311150379,62,1.6460696031738973,0.0016589144331612823,1.6496581912493224,1.6488406449757025,0.32865143513119394,0.0010966869512734165,0.3316267508629341,0.33216801855718825
FB1,0.2,0.4,0.20000000000000018,0.5000000000000004,512,1024,0.01894645708137998,2.0,summable injection,52,0.9852157682317589,64,1.6282785577174055,0.0016348360759475072,1.6316477343361107,1.6311185393223586,0.32896200344739873,0.0010873255598908495,0.3316536689353422,0.33219876887422606
FB1,0.2,0.4,0.20000000000000018,0.5000000000000004,512,1024,0.01894645708137998,2.0,summable injection,53,1.0041622253131388,65,1.6105987401905302,0.00161637837607527,1.6139137926847096,1.6136684509150228,0.3287423634793514,0.0010836476938343145,0.33152201896644107,0.3320706564684611
FB1,0.2,0.4,0.20000000000000018,0.5000000000000004,512,1024,0.01894645708137998,2.0,summable injection,54,1.0231086823945188,66,1.5933940366175234,0.0015957090418381064,1.5965421553264088,1.5965762896853861,0.32876718371896596,0.001087261526848135,0.3313238949676816,0.33187582722618403
FB1,0.2,0.4,0.20000000000000018,0.5000000000000004,512,1024,0.01894645708137998,2.0,summable injection,55,1.0420551394758988,67,1.576618244555556,0.0015828200466227623,1.5795225839452407,1.5798318314578401,0.32872164376222,0.0010914797134050824,0.3310627037315325,0.33161769446663886
FB1,0.2,0.4,0.20000000000000018,0.5000000000000004,512,1024,0.01894645708137998,2.0,summable injection,56,1.0610015965572788,68,1.560724742990258,0.001561010823133031,1.562845164145331,1.5634251793096858,0.32902857187658746,0.001088998643669428,0.330741681364224,0.3312995007603064
FB1,0.2,0.4,0.20000000000000018,0.5000000000000004,512,1024,0.01894645708137998,2.0,summable injection,57,1.0799480536386588,70,1.5440505819642003,0.001538289502615105,1.546500296181607,1.547346754057072,0.3285022067046898,0.0010812400171337359,0.3303639030816797,0.3309243277176974
FB1,0.2,0.4,0.20000000000000018,0.5000000000000004,512,1024,0.01894645708137998,2.0,summable injection,58,1.0988945107200387,71,1.527602836424238,0.0015145878764872703,1.5304024973469421,1.5315109994741236,0.327743525949167,0.0010743811276208352,0.3298620507886182,0.3304248230392919
FB1,0.2,0.4,0.20000000000000018,0.5000000000000004,512,1024,0.01894645708137998,2.0,summable injection,59,1.1178409678014187,72,1.512060698713472,0.0014962131666786639,1.514622557395533,1.515988827475558,0.327444814575687,0.0010693861099121307,0.3293124251529831,0.3298773317166905
FB1,0.2,0.4,0.20000000000000018,0.5000000000000004,512,1024,0.01894645708137998,2.0,summable injection,60,1.1367874248827987,74,1.4967295411041852,0.0014843491284952828,1.4991515994628986,1.5007713899663135,0.32700965532886045,0.0010709686745830145,0.3287175215951026,0.3292843556271086
FB1,0.2,0.4,0.20000000000000018,0.5000000000000004,512,1024,0.01894645708137998,2.0,summable injection,61,1.1557338819641787,75,1.4815319196208359,0.0014599317295063505,1.483913032008278,1.4857820378691313,0.32629178062275654,0.0010589692603018694,0.3280169157023869,0.32858544045524
FB1,0.2,0.4,0.20000000000000018,0.5000000000000004,512,1024,0.01894645708137998,2.0,summable injection,62,1.1746803390455587,76,1.4667765044023842,0.0014413028096404638,1.468969654610106,1.471083691546362,0.32579634054760165,0.0010527547750385842,0.327278507195918,0.32784852616954135
FB1,0.2,0.4,0.20000000000000018,0.5000000000000004,512,1024,0.01894645708137998,2.0,summable injection,63,1.1936267961269387,77,1.4524694359896668,0.001425681644880023,1.4543132868132158,1.4566682056702867,0.32530648817600144,0.0010510000975502863,0.32650432576192867,0.3270756488420511
FB1,0.2,0.4,0.20000000000000018,0.5000000000000004,512,1024,0.01894645708137998,2.0,summable injection,64,1.2125732532083187,79,1.4381254464756585,0.0014128983609367472,1.4399360154102658,1.4425277038400337,0.32434418282503547,0.0010472179022277294,0.3256963053785391,0.32626874869914535
FB1,0.2,0.4,0.20000000000000018,0.5000000000000004,512,1024,0.01894645708137998,2.0,summable injection,65,1.2315197102896986,80,1.424075993409328,0.0013981021469204556,1.4257707010912584,1.4285950054388645,0.3235814525070241,0.0010491142001987992,0.32480124176409153,0.3253745957830809
FB1,0.2,0.4,0.20000000000000018,0.5000000000000004,512,1024,0.01894645708137998,2.0,summable injection,66,1.2504661673710786,82,1.4102978623136062,0.001385303627878553,1.4118720418145072,1.4149249271230868,0.3227403110399224,0.0010442761998346354,0.32387833691377615,0.3244524278451713
FB1,0.2,0.4,0.20000000000000018,0.5000000000000004,512,1024,0.01894645708137998,2.0,summable injection,67,1.2694126244524586,83,1.3964422965055476,0.0013714359757097394,1.3981776338628178,1.4014550315770853,0.3214362864030429,0.0010392681992020649,0.3228781002096487,0.32345273085079534
FB1,0.2,0.4,0.20000000000000018,0.5000000000000004,512,1024,0.01894645708137998,2.0,summable injection,68,1.2883590815338386,84,1.3831956867336888,0.0013544472304872276,1.384737945016211,1.388235903030465,0.32056066898156177,0.0010335774541646299,0.32185527781915074,0.3224302844972279
FB1,0.2,0.4,0.20000000000000018,0.5000000000000004,512,1024,0.01894645708137998,2.0,summable injection,69,1.3073055386152186,86,1.36992259937144,0.0013361082845596767,1.3715460695152075,1.3752606792011535,0.31952171595547113,0.0010228791773064414,0.3208112137604288,0.32138643879512946
FB1,0.2,0.4,0.20000000000000018,0.5000000000000004,512,1024,0.01894645708137998,2.0,summable injection,70,1.3262519956965986,87,1.356937953703167,0.001321110788051756,1.358545312348522,1.3624726402988423,0.31848232457576353,0.0010217309414631795,0.31970079690165254,0.3202760616449526
FB1,0.2,0.4,0.20000000000000018,0.5000000000000004,512,1024,0.01894645708137998,2.0,summable injection,71,1.3451984527779786,88,1.3439529877426233,0.0013026816097026302,1.3457813286116798,1.3499175550660336,0.31718558377245504,0.0010128535396572783,0.3185735725873185,0.31914872911587844
FB1,0.2,0.4,0.20000000000000018,0.5000000000000004,512,1024,0.01894645708137998,2.0,summable injection,72,1.3641449098593585,90,1.3313239452629146,0.001291827156210356,1.3332477840712582,1.337589135205874,0.3158988074221989,0.001010918894463808,0.3174306323048276,0.31800553840557766
FB1,0.2,0.4,0.20000000000000018,0.5000000000000004,512,1024,0.01894645708137998,2.0,summable injection,73,1.3830913669407385,91,1.3190713890644898,0.0012767457792886828,1.3208929716133102,1.3254356560077933,0.31473672373934414,0.001004801960696072,0.31623068441856444,0.3168051789686676
FB1,0.2,0.4,0.20000000000000018,0.5000000000000004,512,1024,0.01894645708137998,2.0,summable injection,74,1.4020378240221185,93,1.3068326875651213,0.0012586844501315802,1.3087584109989618,1.3134987477645357,0.31333338201795014,0.0009923542804975687,0.3150187738090823,0.3155927239043378
FB1,0.2,0.4,0.20000000000000018,0.5000000000000004,512,1024,0.01894645708137998,2.0,summable injection,75,1.4209842811034985,94,1.2945635328997185,0.0012406609784969204,1.2967956621779027,1.3017299573398504,0.3117439814894661,0.000981556868166518,0.3137561555355618,0.3143294107826274
FB1,0.2,0.4,0.20000000000000018,0.5000000000000004,512,1024,0.01894645708137998,2.0,summable injection,76,1.4399307381848785,96,1.2830184776711462,0.0012291946507192418,1.2850434551881502,1.2901681227008923,0.31059328354986265,0.0009782352834471328,0.31248488048257395,0.3130573170835807
FB1,0.2,0.4,0.20000000000000018,0.5000000000000004,512,1024,0.01894645708137998,2.0,summable injection,77,1.4588771952662585,97,1.2716355496882832,0.0012168565118149907,1.2734563271827768,1.2787677718076704,0.3094624174543441,0.0009711545421693934,0.3111685200338714,0.3117399979580379
FB1,0.2,0.4,0.20000000000000018,0.5000000000000004,512,1024,0.01894645708137998,2.0,summable injection,78,1.4778236523476385,99,1.2602999212294437,0.0012020230484515323,1.2620704972691015,1.2675652290637898,0.30820262234976814,0.000960824773628484,0.309846416572811,0.3104168208809227
FB1,0.2,0.4,0.20000000000000018,0.5000000000000004,512,1024,0.01894645708137998,2.0,summable injection,79,1.4967701094290184,100,1.2489243721943335,0.0011863674040066235,1.250843222873519,1.256517746051434,0.30663715111652734,0.0009523784815388768,0.30848425460786655,0.30905345524193817
FB1,0.2,0.4,0.20000000000000018,0.5000000000000004,512,1024,0.01894645708137998,2.0,summable injection,80,1.5157165665103984,102,1.2378971807831078,0.0011656191837618479,1.2398084550903743,1.245659376507188,0.3053500588571527,0.0009364713193375596,0.30711891862559576,0.3076868092227968
FB1,0.2,0.4,0.20000000000000018,0.5000000000000004,512,1024,0.01894645708137998,2.0,summable injection,81,1.5346630235917782,103,1.22689134631894,0.0011484041050942196,1.2289259430496229,1.2349498665864842,0.3039516800487564,0.0009262934169406326,0.3057180263251416,0.30628448639489403
FB1,0.2,0.4,0.20000000000000018,0.5000000000000004,512,1024,0.01894645708137998,2.0,summable injection,82,1.5536094806731582,105,1.2162405845323119,0.0011306612229136077,1.2182275823879958,1.2244212119021611,0.3025716786745174,0.0009135202000898887,0.3043162251623988,0.30488115661022286
FB1,0.2,0.4,0.20000000000000018,0.5000000000000004,512,1024,0.01894645708137998,2.0,summable injection,83,1.5725559377545382,106,1.2056138442465416,0.0011195780723472052,1.207675409908302,1.2140354487301632,0.3010094944979299,0.0009068578847841962,0.3028829061093686,0.30344619759712294
FB1,0.2,0.4,0.20000000000000018,0.5000000000000004,512,1024,0.01894645708137998,2.0,summable injection,84,1.5915023948359182,108,1.1951210743741458,0.0011016656229179888,1.19729945252316,1.2038227012897795,0.2994816497379709,0.0008921682243696557,0.3014506749855749,0.3020122363607038
FB1,0.2,0.4,0.20000000000000018,0.5000000000000004,512,1024,0.01894645708137998,2.0,summable injection,85,1.6104488519172981,110,1.1852186298404739,0.001083832945839972,1.1870638520033407,1.1937471129009658,0.2982820649087665,0.0008776291674342983,0.29999055341512304,0.3005502820724059
FB1,0.2,0.4,0.20000000000000018,0.5000000000000004,512,1024,0.01894645708137998,2.0,summable injection,86,1.6293953089986781,111,1.175233775470287,0.0010695704964257097,1.176966646223618,1.1838067707446123,0.2968954031100419,0.0008695628785405763,0.29850501763539194,0.29906281471593704
FB1,0.2,0.4,0.20000000000000018,0.5000000000000004,512,1024,0.01894645708137998,2.0,summable injection,87,1.6483417660800581,113,1.165289389957072,0.001059714249622457,1.1670350499957551,1.174028982585668,0.29542403474185114,0.0008658395789499742,0.29702363976340906,0.29757942584996505
FB1,0.2,0.4,0.20000000000000018,0.5000000000000004,512,1024,0.01894645708137998,2.0,summable injection,88,1.667288223161438,114,1.1555618178263312,0.0010463618433223824,1.1572362974390866,1.1643809870445592,0.29401513193399886,0.0008563414645993406,0.29551987429387466,0.29607355875044
FB1,0.2,0.4,0.20000000000000018,0.5000000000000004,512,1024,0.01894645708137998,2.0,summable injection,89,1.686234680242818,116,1.145782629890609,0.0010329042488995844,1.1475961367803167,1.1548886226798132,0.2923976128226684,0.0008473355492974112,0.2940216739014131,0.29457318451514614
FB1,0.2,0.4,0.20000000000000018,0.5000000000000004,512,1024,0.01894645708137998,2.0,summable injection,90,1.705181137324198,118,1.136151716781845,0.0010260752795326806,1.1380835090287063,1.1455208362979314,0.29064695044346545,0.0008434949541113877,0.2925038121906893,0.29305306611803134
FB1,0.2,0.4,0.20000000000000018,0.5000000000000004,512,1024,0.01894645708137998,2.0,summable injection,91,1.724127594405578,119,1.1265045538017624,0.0010190939626979192,1.1286965619304183,1.1362758233000447,0.28892047278502103,0.0008423196987092266,0.29096821403520073,0.2915151317517784
FB1,0.2,0.4,0.20000000000000018,0.5000000000000004,512,1024,0.01894645708137998,2.0,summable injection,92,1.743074051486958,121,1.1174549563736917,0.0010107426967223634,1.1194588126061398,1.127177186953257,0.28754004374163084,0.0008370194072985953,0.28944040484124656,0.2899849237795635
FB1,0.2,0.4,0.20000000000000018,0.5000000000000004,512,1024,0.01894645708137998,2.0,summable injection,93,1.762020508568338,123,1.1082656930677097,0.00099674222497957,1.1103417241902056,1.1181963980692913,0.2859829015265187,0.0008282683925636041,0.2878971398077252,0.2884391877108973
FB1,0.2,0.4,0.20000000000000018,0.5000000000000004,512,1024,0.01894645708137998,2.0,summable injection,94,1.780966965649718,124,1.099434417884659,0.0009905736922187058,1.1013435124857802,1.109331718826894,0.2845852760024592,0.0008249499248963944,0.28634006882497054,0.2868795765185487
FB1,0.2,0.4,0.20000000000000018,0.5000000000000004,512,1024,0.01894645708137998,2.0,summable injection,95,1.799913422731098,126,1.090653653830444,0.000973965689734537,1.0924857487428483,1.1006048025621198,0.283093800040964,0.0008103544282046161,0.2847925898102922,0.2853295037511187
FB1,0.2,0.4,0.20000000000000018,0.5000000000000004,512,1024,0.01894645708137998,2.0,summable injection,96,1.818859879812478,128,1.0818088209974723,0.0009650883108285951,1.0837421323948426,1.0919893577559532,0.28141619565886944,0.000804258692022638,0.28323321361799186,0.2837674713715173
FB1,0.2,0.4,0.20000000000000018,0.5000000000000004,512,1024,0.01894645708137998,2.0,summable injection,97,1.837806336893858,129,1.0731519526821773,0.0009574996947766455,1.0751109565613666,1.0834837224620348,0.2798656387677278,0.0008014022913259474,0.28166335868599385,0.28219490066254604
FB1,0.2,0.4,0.20000000000000018,0.5000000000000004,512,1024,0.01894645708137998,2.0,summable injection,98,1.856752793975238,131,1.0648516444417286,0.0009432830142199164,1.0666120850524816,1.0751078386471247,0.2784652943540486,0.0007902868061521345,0.28010454826399717,0.28063332930382723
FB1,0.2,0.4,0.20000000000000018,0.5000000000000004,512,1024,0.01894645708137998,2.0,summable injection,99,1.875699251056618,133,1.056437737542701,0.0009332892299509703,1.0582212087726348,1.0668374072180555,0.2768978328608982,0.0007804802708830063,0.2785368562949909,0.27906282302803764
FB1,0.2,0.4,0.20000000000000018,0.5000000000000004,512,1024,0.01894645708137998,2.0,summable injection,100,1.894645708137998,135,1.0481520797634047,0.000925385955280297,1.0499367031005313,1.0586708469289243,0.27529850017192475,0.0007751336557099284,0.2769615054607537,0.2774846071279045
FB1,0.2,0.4,0.20000000000000018,0.5000000000000004,512,1024,0.01894645708137998,2.0,summable injection,101,1.913592165219378,136,1.040225903869667,0.0009187796688626249,1.041756954793328,1.0506065873920325,0.27395882318167303,0.0007707071246838777,0.27537964462668807,0.2758998330331333
FB1,0.2,0.4,0.20000000000000018,0.5000000000000004,512,1024,0.01894645708137998,2.0,summable injection,102,1.932538622300758,138,1.0320864584142229,0.0009078887367117294,1.0336997472218614,1.0426624849748511,0.27229878402865837,0.0007624382297858405,0.2738105222189472,0.2743277621439957
FB1,0.2,0.4,0.20000000000000018,0.5000000000000004,512,1024,0.01894645708137998,2.0,summable injection,103,1.9514850793821379,140,1.0240558264100144,0.000905149625490454,1.0257431895655282,1.0348166597885857,0.27064994285205046,0.0007622916094075861,0.272236124180464,0.27275037303007776
FB1,0.2,0.4,0.20000000000000018,0.5000000000000004,512,1024,0.01894645708137998,2.0,summable injection,104,1.9704315364635179,142,1.0162102270596436,0.0008948548832539776,1.0178857550675455,1.027067626269322,0.2691102890225442,0.0007542369760818222,0.2706574437854426,0.27116866130007194
FB1,0.2,0.4,0.20000000000000018,0.5000000000000004,512,1024,0.01894645708137998,2.0,summable injection,105,1.9893779935448979,143,1.0086035982189574,0.000888116871268954,1.0101259316865983,1.0194139130217823,0.2676522363875017,0.0007503542287245493,0.2690754147510709,0.269583562958302
FB1,0.2,0.4,0.20000000000000018,0.5000000000000004,512,1024,0.01894645708137998,2.0,summable injection,106,2.0083244506262776,145,1.0010273836673054,0.0008812411387723836,1.0024797410089064,1.0118716097513165,0.2661448626742643,0.0007462324902486494,0.2675073501306751,0.2680124027497105
FB1,0.2,0.4,0.20000000000000018,0.5000000000000004,512,1024,0.01894645708137998,2.0,summable injection,107,2.0272709077076576,147,0.9935428691267818,0.0008741899437896805,0.9949273768938496,1.0044209216819775,0.2646142206134743,0.0007419706642414302,0.2659368843022729,0.26643880836182077
FB1,0.2,0.4,0.20000000000000018,0.5000000000000004,512,1024,0.01894645708137998,2.0,summable injection,108,2.0462173647890376,149,0.9860411446917441,0.000860718400759343,0.9874674137731165,0.9970604621784018,0.2629653469557432,0.0007302250607521359,0.2643648264657602,0.2648635910614034
FB1,0.2,0.4,0.20000000000000018,0.5000000000000004,512,1024,0.01894645708137998,2.0,summable injection,109,2.0651638218704176,151,0.9786755981006572,0.0008500721278626522,0.9800984424674263,0.9897888604363627,0.2614228278248686,0.000720696277887082,0.2627919373989966,0.2632875136470005
FB1,0.2,0.4,0.20000000000000018,0.5000000000000004,512,1024,0.01894645708137998,2.0,summable injection,110,2.0841102789517976,153,0.9711678780215645,0.0008388630370454072,0.9728190708649831,0.9826047621594084,0.25961144389567087,0.0007104854434418254,0.2612189322628019,0.26171129325315223
FB1,0.2,0.4,0.20000000000000018,0.5000000000000004,512,1024,0.01894645708137998,2.0,summable injection,111,2.1030567360331776,155,0.9640814431897956,0.0008383732691103799,0.9656279244922586,0.9755068301285983,0.2581216681960925,0.00071306040200963,0.25964648322544265,0.2601356039742901
FB1,0.2,0.4,0.20000000000000018,0.5000000000000004,512,1024,0.01894645708137998,2.0,summable injection,112,2.1220031931145575,156,0.956870821974627,0.0008304877416411915,0.9585236469881233,0.9684937446763033,0.2564781713239224,0.0007073021783475211,0.2580752219199297,0.2585610793216049
FB1,0.2,0.4,0.20000000000000018,0.5000000000000004,512,1024,0.01894645708137998,2.0,summable injection,113,2.1409496501959375,158,0.9497738627281794,0.0008172128633773104,0.9515196004258146,0.9615789279275964,0.2548399918337485,0.00069512439201256,0.25651955393238446,0.25700213464372573
FB1,0.2,0.4,0.20000000000000018,0.5000000000000004,512,1024,0.01894645708137998,2.0,summable injection,114,2.1598961072773175,160,0.9429061217395885,0.0008118016643537113,0.944599120009944,0.9547457266438806,0.2533708873897136,0.0006920757738014344,0.25496562029262043,0.25544490531956093
FB1,0.2,0.4,0.20000000000000018,0.5000000000000004,512,1024,0.01894645708137998,2.0,summable injection,115,2.1788425643586975,162,0.9361283998671894,0.0008083675042854641,0.9377609330790175,0.9479929031387907,0.2518454407700862,0.0006912888788293992,0.25341396974200003,0.2538899417636946
FB1,0.2,0.4,0.20000000000000018,0.5000000000000004,512,1024,0.01894645708137998,2.0,summable injection,116,2.1977890214400775,164,0.9292866221846311,0.0008040136569876916,0.9310037849043673,0.9413192371058422,0.2502282571258361,0.0006893624528068153,0.25186511767274844,0.252337760997276
FB1,0.2,0.4,0.20000000000000018,0.5000000000000004,512,1024,0.01894645708137998,2.0,summable injection,117,2.2167354785214575,166,0.9225946763512047,0.0008003476058958218,0.9243264388831075,0.9347235258137181,0.2486502172968168,0.0006875330034981653,0.25031954797900097,0.2507888484990122
FB1,0.2,0.4,0.20000000000000018,0.5000000000000004,512,1024,0.01894645708137998,2.0,summable injection,118,2.2356819356028375,168,0.916209295693613,0.0007943772510623382,0.9177276766765985,0.9282045842475275,0.2473233349589001,0.0006842630218009955,0.2487777147960697,0.24924365994448433
FB1,0.2,0.4,0.20000000000000018,0.5000000000000004,512,1024,0.01894645708137998,2.0,summable injection,119,2.2546283926842174,170,0.9097586127739683,0.0007890408153799486,0.9112062983001337,0.9217612452017097,0.24580320596340874,0.0006807417233868218,0.24724004413558662,0.24770262284143343
FB1,0.2,0.4,0.20000000000000018,0.5000000000000004,512,1024,0.01894645708137998,2.0,summable injection,120,2.2735748497655974,172,0.9033352386961713,0.0007775931541259055,0.9047611221690095,0.9153923593297129,0.24426844680834453,0.0006705843628884164,0.2457069354235792,0.24616613806806323
FB1,0.2,0.4,0.20000000000000018,0.5000000000000004,512,1024,0.01894645708137998,2.0,summable injection,121,2.2925213068469774,174,0.8969614220006583,0.0007729360607580974,0.8983909851056581,0.9090967951550954,0.2427331555063755,0.0006679307700631507,0.24417876294799123,0.24463458132086405
FB1,0.2,0.4,0.20000000000000018,0.5000000000000004,512,1024,0.01894645708137998,2.0,summable injection,122,2.3114677639283574,176,0.8907291051807186,0.0007675596818851818,0.8920947423120643,0.902873439048238,0.241295967775487,0.000664623307197966,0.24265587722166193,0.2431083044779639
FB1,0.2,0.4,0.20000000000000018,0.5000000000000004,512,1024,0.01894645708137998,2.0,summable injection,123,2.3304142210097374,178,0.8845828919523224,0.0007634622635812213,0.8858712673112938,0.8967211951724672,0.23986447150411538,0.0006630217294639624,0.24113860626632172,0.2415876368835566
FB1,0.2,0.4,0.20000000000000018,0.5000000000000004,512,1024,0.01894645708137998,2.0,summable injection,124,2.3493606780911174,180,0.8783103335057391,0.0007594963878011586,0.8797194518615945,0.8906389854030246,0.23819170087958672,0.0006612059535991121,0.23962725682274882,0.2400728865585459
FB1,0.2,0.4,0.20000000000000018,0.5000000000000004,512,1024,0.01894645708137998,2.0,summable injection,125,2.3683071351724974,182,0.8723307225127002,0.0007520412781438436,0.8736382058462013,0.8846257492219891,0.23681115345507475,0.0006553946936385521,0.2381221154918482,0.2385643413421608
FB1,0.2,0.4,0.20000000000000018,0.5000000000000004,512,1024,0.01894645708137998,2.0,summable injection,126,2.3872535922538773,184,0.86622400825736,0.0007463477272869736,0.8676264571416838,0.8786804435919626,0.2352186914105151,0.0006508281558913658,0.23662344981106784,0.23706226996895002
FB1,0.2,0.4,0.20000000000000018,0.5000000000000004,512,1024,0.01894645708137998,2.0,summable injection,127,2.4062000493352573,186,0.8603643832073818,0.0007426226643593969,0.8616831514673982,0.872802042811064,0.23383950167061804,0.0006488943066993282,0.23513150927024545,0.2355669230852456
FB1,0.2,0.4,0.20000000000000018,0.5000000000000004,512,1024,0.01894645708137998,2.0,summable injection,128,2.4251465064166373,188,0.8545297995606872,0.0007351322908803314,0.8558072522183694,0.8669895383515343,0.2324200178401446,0.000643053416773462,0.23364652627068727,0.23407853420889127
FB1,0.2,0.4,0.20000000000000018,0.5000000000000004,512,1024,0.01894645708137998,2.0,summable injection,129,2.4440929634980173,190,0.8487322862895234,0.0007262106437002459,0.8499977402837061,0.8612419386840322,0.23095021350854375,0.0006357437129845755,0.2321687170310091,0.2325973206357615
FB1,0.2,0.4,0.20000000000000018,0.5000000000000004,512,1024,0.01894645708137998,2.0,summable injection,130,2.4630394205793973,192,0.842995711282007,0.0007257883363671777,0.8442536138524437,0.855558269089505,0.22944414382788397,0.0006368470759327386,0.23069828244302248,0.2311234842963502
FB1,0.2,0.4,0.20000000000000018,0.5000000000000004,512,1024,0.01894645708137998,2.0,summable injection,131,2.4819858776607773,194,0.8374744007386149,0.0007178007104968078,0.8385738882085423,0.8499375714603359,0.22819796461397207,0.0006297887275216772,0.22923540888072047,0.22965721256548008
FB1,0.2,0.4,0.20000000000000018,0.5000000000000004,512,1024,0.01894645708137998,2.0,summable injection,132,2.5009323347421573,197,0.8320023571805402,0.0007114968998564276,0.8329575955165887,0.8443789040923062,0.22691221573285913,0.0006245293231158937,0.22778026896520626,0.2281986790279719
FB1,0.2,0.4,0.20000000000000018,0.5000000000000004,512,1024,0.01894645708137998,2.0,summable injection,133,2.5198787918235372,199,0.8264348282407512,0.0007071036991517647,0.8273945040980646,0.8388720453172055,0.225432592540902,0.0006215166258657028,0.22632427165960123,0.226739288571437
FB1,0.2,0.4,0.20000000000000018,0.5000000000000004,512,1024,0.01894645708137998,2.0,summable injection,134,2.5388252489049172,201,0.8209270377514075,0.000697927930351728,0.8218933204449599,0.833425742490391,0.22398441764209653,0.0006136301962836189,0.22487665368713217,0.22528828347089752
FB1,0.2,0.4,0.20000000000000018,0.5000000000000004,512,1024,0.01894645708137998,2.0,summable injection,135,2.557771705986297,203,0.8155587856073819,0.0006912107743418777,0.816453112760033,0.828039088579204,0.22260992461409798,0.0006079448793283171,0.2234375382012071,0.2238457877741017
FB1,0.2,0.4,0.20000000000000018,0.5000000000000004,512,1024,0.01894645708137998,2.0,summable injection,136,2.576718163067677,205,0.8101445420547077,0.000683021910350358,0.8110729657322242,0.8227111925837313,0.2211446931533511,0.0006010883445708457,0.22200703776575126,0.22241191490290055
FB1,0.2,0.4,0.20000000000000018,0.5000000000000004,512,1024,0.01894645708137998,2.0,summable injection,137,2.595664620149057,207,0.8048361956297414,0.0006760324956621889,0.8057519802705286,0.8174411792773935,0.2197219386625654,0.0005950435272486393,0.22058525491400383,0.22098676821296045
FB1,0.2,0.4,0.20000000000000018,0.5000000000000004,512,1024,0.01894645708137998,2.0,summable injection,138,2.614611077230437,210,0.7995455698804419,0.0006696273175460175,0.8004892732364284,0.8122281889461179,0.21826799295457264,0.0005897634855050089,0.21917228267786376,0.21957044152402008
FB1,0.2,0.4,0.20000000000000018,0.5000000000000004,512,1024,0.01894645708137998,2.0,summable injection,139,2.633557534311817,212,0.7943212453669861,0.0006653741318665901,0.7952758226630244,0.8070632087551288,0.21679567866502475,0.0005867735201742661,0.21776050941435504,0.21815531955357986
FB1,0.2,0.4,0.20000000000000018,0.5000000000000004,512,1024,0.01894645708137998,2.0,summable injection,140,2.652503991393197,214,0.7890682370526096,0.0006613540199775738,0.7901192379247377,0.8019538845075171,0.21529724843122056,0.0005844188988341627,0.21635799488396218,0.2167494668700624
FB1,0.2,0.4,0.20000000000000018,0.5000000000000004,512,1024,0.01894645708137998,2.0,summable injection,141,2.671450448474577,216,0.7839820926098666,0.0006583159169684745,0.7850186712612146,0.79689939061172,0.2139164972727297,0.0005831139874834512,0.21496479633527965,0.21535294144426076
FB1,0.2,0.4,0.20000000000000018,0.5000000000000004,512,1024,0.01894645708137998,2.0,summable injection,142,2.690396905555957,218,0.779039967020029,0.0006542094734196022,0.7799732902093048,0.791898916358644,0.21262392863916296,0.0005800362884089312,0.21358096375994265,0.2139657939569429
FB1,0.2,0.4,0.20000000000000018,0.5000000000000004,512,1024,0.01894645708137998,2.0,summable injection,143,2.709343362637337,221,0.7740523436813931,0.0006472201173238592,0.7749822773192718,0.7869516656447118,0.21123238705556463,0.0005733552722795248,0.21220654028135313,0.2125880681885573
FB1,0.2,0.4,0.20000000000000018,0.5000000000000004,512,1024,0.01894645708137998,2.0,summable injection,144,2.728289819718717,223,0.7690122376734236,0.0006411525256027949,0.7700374757351185,0.7820494899888444,0.20979413309478845,0.0005678911965673071,0.2108346174544056,0.21121285235927978
FB1,0.2,0.4,0.20000000000000018,0.5000000000000004,512,1024,0.01894645708137998,2.0,summable injection,145,2.747236276800097,225,0.7641163626765873,0.0006330503601171944,0.7651457212491012,0.7771992583011254,0.208444979714358,0.0005605016398378433,0.20947242483089523,0.20984738029629685
FB1,0.2,0.4,0.20000000000000018,0.5000000000000004,512,1024,0.01894645708137998,2.0,summable injection,146,2.766182733881477,227,0.7593471290521001,0.0006258422484869344,0.7603062304758881,0.7724002073809952,0.20716876093340525,0.0005542057521636175,0.20811997834391677,0.20849166852860368
FB1,0.2,0.4,0.20000000000000018,0.5000000000000004,512,1024,0.01894645708137998,2.0,summable injection,147,2.785129190962857,230,0.7545513862685924,0.000618369841950111,0.7555182342824209,0.767651587897674,0.2058505781009942,0.0005475191664250178,0.20677728874731693,0.20714572837578343
FB1,0.2,0.4,0.20000000000000018,0.5000000000000004,512,1024,0.01894645708137998,2.0,summable injection,148,2.804075648044237,232,0.7497251901401315,0.000615845631351957,0.7507741938282461,0.76294586879487,0.20443626644237564,0.0005460857036434007,0.2054379522554658,0.2058031529367379
FB1,0.2,0.4,0.20000000000000018,0.5000000000000004,512,1024,0.01894645708137998,2.0,summable injection,149,2.823022105125617,234,0.7450744067936089,0.0006111439246605204,0.746080395565599,0.7582893672164626,0.2031244247754404,0.0005422443030289827,0.20410860974569456,0.20447058698719317
FB1,0.2,0.4,0.20000000000000018,0.5000000000000004,512,1024,0.01894645708137998,2.0,summable injection,150,2.841968562206997,237,0.7404381107644653,0.0006061596280808385,0.7414361031958874,0.7536813655788407,0.2018059311235152,0.0005383913233027669,0.20278925035391454,0.20314802017118752
FB1,0.2,0.4,0.20000000000000018,0.5000000000000004,512,1024,0.01894645708137998,2.0,summable injection,151,2.860915019288377,239,0.7357872158857836,0.0005977222168780227,0.7368342092081921,0.7491147637404957,0.20046171571279245,0.0005305332660854642,0.20147382450742685,0.2018293999599213
FB1,0.2,0.4,0.20000000000000018,0.5000000000000004,512,1024,0.01894645708137998,2.0,summable injection,152,2.879861476369757,241,0.7310775805838139,0.0005922045739603895,0.7322806152298362,0.7445954923122452,0.1989898644771858,0.000525671347514858,0.2001685622687359,0.20052096005671752
FB1,0.2,0.4,0.20000000000000018,0.5000000000000004,512,1024,0.01894645708137998,2.0,summable injection,153,2.898807933451137,244,0.7266682412746375,0.0005906543458901811,0.7277746169430283,0.740122864657588,0.19778118074913545,0.0005251984681655196,0.19887343483036307,0.1992226721065038
FB1,0.2,0.4,0.20000000000000018,0.5000000000000004,512,1024,0.01894645708137998,2.0,summable injection,154,2.917754390532517,246,0.7223599977420608,0.0005873548569951366,0.7233095031819877,0.7356901765657766,0.19664594613445732,0.0005229186159737082,0.19758271843719008,0.19792880954100905
FB1,0.2,0.4,0.20000000000000018,0.5000000000000004,512,1024,0.01894645708137998,2.0,summable injection,155,2.936700847613897,248,0.718046775217622,0.0005806697576378974,0.7188908257286577,0.7313030072005685,0.1954392924615867,0.0005170613218678694,0.19630226922682587,0.19664523190072225
FB1,0.2,0.4,0.20000000000000018,0.5000000000000004,512,1024,0.01894645708137998,2.0,summable injection,156,2.955647304695277,251,0.7137273530605344,0.0005748745920967771,0.7145179112484455,0.7269606999276652,0.19422135284167102,0.0005120970410538778,0.1950320435573282,0.1953718959428315
FB1,0.2,0.4,0.20000000000000018,0.5000000000000004,512,1024,0.01894645708137998,2.0,summable injection,157,2.974593761776657,253,0.7094326281181933,0.000572180886870565,0.710184413578453,0.7226569151297523,0.19300969023917827,0.0005108599975490634,0.19376661807558193,0.19410337563013214
FB1,0.2,0.4,0.20000000000000018,0.5000000000000004,512,1024,0.01894645708137998,2.0,summable injection,158,2.993540218858037,256,0.7050858371405804,0.0005676224303956335,0.705895565520017,0.7183969114879474,0.1917271895669342,0.0005068978254839174,0.19251150764792235,0.19284518901203995
FB1,0.2,0.4,0.20000000000000018,0.5000000000000004,512,1024,0.01894645708137998,2.0,summable injection,159,3.012486675939417,258,0.7009071299240348,0.0005654066709281879,0.7016452605682011,0.7141745888051729,0.19054964637033212,0.000505434571958473,0.19126148786979566,0.19159210909480326
FB1,0.2,0.4,0.20000000000000018,0.5000000000000004,512,1024,0.01894645708137998,2.0,summable injection,160,3.031433133020797,261,0.6967830797159612,0.0005608161140081323,0.6974385173101852,0.7099949905799186,0.18937713690690455,0.0005011073637238584,0.190021846393816,0.1903494265771594
FB1,0.2,0.4,0.20000000000000018,0.5000000000000004,512,1024,0.01894645708137998,2.0,summable injection,161,3.0503795901021764,263,0.6926424374417829,0.0005551084980947023,0.693269455943323,0.7058522430805497,0.18817796268520018,0.0004953461229093189,0.18878754709582238,0.18911210283382865
FB1,0.2,0.4,0.20000000000000018,0.5000000000000004,512,1024,0.01894645708137998,2.0,summable injection,162,3.0693260471835564,265,0.6885113177795981,0.0005501149328857593,0.6891428939728546,0.7017511877964956,0.18695644359958874,0.0004908210155654242,0.18756366414148923,0.18788521494631052
FB1,0.2,0.4,0.20000000000000018,0.5000000000000004,512,1024,0.01894645708137998,2.0,summable injection,163,3.0882725042649364,268,0.6844460152413966,0.0005434487759032003,0.685058222336132,0.6976912302831325,0.18578256998615428,0.0004847750422764892,0.18635012537767376,0.1866686910602492
FB1,0.2,0.4,0.20000000000000018,0.5000000000000004,512,1024,0.01894645708137998,2.0,summable injection,164,3.1072189613463164,270,0.6804841441503247,0.0005362618266233435,0.6810098631614345,0.6936667983482261,0.18463832016348158,0.00047776122899176527,0.1851421437632962,0.18545774173397697
FB1,0.2,0.4,0.20000000000000018,0.5000000000000004,512,1024,0.01894645708137998,2.0,summable injection,165,3.1261654184276964,273,0.6766155168093344,0.000534141618644018,0.6770023766862341,0.6896824749212469,0.18357463353316372,0.00047618307604612245,0.1839445174656763,0.18425716786655355
FB1,0.2,0.4,0.20000000000000018,0.5000000000000004,512,1024,0.01894645708137998,2.0,summable injection,166,3.1451118755090763,275,0.6725994458217068,0.0005266138408683636,0.6730303839581715,0.6857328865019128,0.18233826089933108,0.00046899186681391777,0.18275262497075712,0.18306234561916623
FB1,0.2,0.4,0.20000000000000018,0.5000000000000004,512,1024,0.01894645708137998,2.0,summable injection,167,3.1640583325904563,278,0.6686092852531892,0.0005236994891348998,0.6690982713398728,0.6818224413124889,0.18112942782732616,0.00046665786272407023,0.1815710796307179,0.1818778909614784
FB1,0.2,0.4,0.20000000000000018,0.5000000000000004,512,1024,0.01894645708137998,2.0,summable injection,168,3.1830047896718363,280,0.664673634981692,0.0005175648387452718,0.6652008486467116,0.677945954396752,0.17990432729989353,0.00046084663903550756,0.18039541711073076,0.18069933730492252
FB1,0.2,0.4,0.20000000000000018,0.5000000000000004,512,1024,0.01894645708137998,2.0,summable injection,169,3.2019512467532163,283,0.6607973527386777,0.0005157516399521162,0.6613423383429675,0.6741076692814775,0.17873388218746353,0.00045997344597237044,0.1792300764370967,0.17953112618457942
FB1,0.2,0.4,0.20000000000000018,0.5000000000000004,512,1024,0.01894645708137998,2.0,summable injection,170,3.2208977038345963,286,0.6569795383203055,0.0005090842352974445,0.6575177295325357,0.6703025800796152,0.1775598943919689,0.00045338873967910664,0.1780707426624365,0.17836894046601345
FB1,0.2,0.4,0.20000000000000018,0.5000000000000004,512,1024,0.01894645708137998,2.0,summable injection,171,3.2398441609159763,288,0.6531636268897374,0.0005055469482718409,0.65372672271702,0.6665303999712588,0.1763838886600625,0.00045058527450946213,0.1769175531785743,0.1772129176006358
FB1,0.2,0.4,0.20000000000000018,0.5000000000000004,512,1024,0.01894645708137998,2.0,summable injection,172,3.2587906179973563,291,0.6493754265221511,0.0005001515721473893,0.6499732934063914,0.6627951243758599,0.17520740656236597,0.0004454932243982736,0.17577468630310117,0.17606723826288173
FB1,0.2,0.4,0.20000000000000018,0.5000000000000004,512,1024,0.01894645708137998,2.0,summable injection,173,3.2777370750787362,293,0.6456528738728681,0.0004973334561586296,0.6462526955991308,0.6590920120129248,0.17404824251886358,0.0004436161518648363,0.17463804942216055,0.17492780776083558
FB1,0.2,0.4,0.20000000000000018,0.5000000000000004,512,1024,0.01894645708137998,2.0,summable injection,174,3.2966835321601162,296,0.6420050057485134,0.0004926193750059145,0.6425687637073639,0.6554249164886246,0.17294881249419508,0.00043926209761872235,0.1735116704603212,0.17379865627929425
FB1,0.2,0.4,0.20000000000000018,0.5000000000000004,512,1024,0.01894645708137998,2.0,summable injection,175,3.315629989241496,298,0.6384371182420592,0.0004911184330309978,0.6389169093433628,0.651789253927451,0.1719231810198869,0.00043872472227838254,0.17239158831221327,0.17267582069103032
FB1,0.2,0.4,0.20000000000000018,0.5000000000000004,512,1024,0.01894645708137998,2.0,summable injection,176,3.334576446322876,301,0.634854334272908,0.0004900654679352831,0.6353008333944703,0.6481887437253965,0.170849017903788,0.00043841962860177735,0.1712816885252164,0.17156318871181225
FB1,0.2,0.4,0.20000000000000018,0.5000000000000004,512,1024,0.01894645708137998,2.0,summable injection,177,3.353522903404256,304,0.6312167969085257,0.0004872519455715188,0.6317160975983065,0.644618951929281,0.1697005446169523,0.0004362446543122687,0.17017813535553325,0.17045692262928036
FB1,0.2,0.4,0.20000000000000018,0.5000000000000004,512,1024,0.01894645708137998,2.0,summable injection,178,3.372469360485636,306,0.6276695380840916,0.00048290476992457454,0.6281624155011232,0.6410796031789998,0.16859454309948665,0.00043187598621487167,0.16908101972894576,0.16935711337796808
FB1,0.2,0.4,0.20000000000000018,0.5000000000000004,512,1024,0.01894645708137998,2.0,summable injection,179,3.391415817567016,309,0.6241728982844947,0.0004812637325214369,0.6246432856156938,0.6375742135050786,0.1675345140466485,0.0004308185857227052,0.1679940131239392,0.16826743447693435
FB1,0.2,0.4,0.20000000000000018,0.5000000000000004,512,1024,0.01894645708137998,2.0,summable injection,180,3.410362274648396,312,0.6207013650551266,0.00047671002340141073,0.6211544921509763,0.6340985711593538,0.16644684314991348,0.00042707885041667356,0.16691346693170284,0.16718423543774796
FB1,0.2,0.4,0.20000000000000018,0.5000000000000004,512,1024,0.01894645708137998,2.0,summable injection,181,3.429308731729776,314,0.6172375200642022,0.00047299802759794425,0.6176957539399379,0.6306524054562916,0.1653615467152953,0.0004238915963681663,0.16583945501393788,0.16610759011524495
FB1,0.2,0.4,0.20000000000000018,0.5000000000000004,512,1024,0.01894645708137998,2.0,summable injection,182,3.448255188811156,317,0.6137975513751481,0.00047123781292266386,0.6142703836422416,0.6272390456444423,0.1642855247599625,0.00042300816881281095,0.1647754520573159,0.16504097511748475
FB1,0.2,0.4,0.20000000000000018,0.5000000000000004,512,1024,0.01894645708137998,2.0,summable injection,183,3.467201645892536,320,0.6103447056586978,0.00046566030017261464,0.6108743720976862,0.6238544863494591,0.16318204433447614,0.00041772475288847234,0.16371798340452418,0.16398091398868386
FB1,0.2,0.4,0.20000000000000018,0.5000000000000004,512,1024,0.01894645708137998,2.0,summable injection,184,3.486148102973916,323,0.6070837588159654,0.000463375296579175,0.6075074441330173,0.6204984623024823,0.16224360206713978,0.0004159281762479854,0.16266710816663937,0.16292746581777343
FB1,0.2,0.4,0.20000000000000018,0.5000000000000004,512,1024,0.01894645708137998,2.0,summable injection,185,3.505094560055296,325,0.6038082312782083,0.0004625756635622765,0.6041693251262302,0.6171707086044754,0.16125223000637323,0.0004158420777220095,0.16162287951242202,0.16188068375137418
FB1,0.2,0.4,0.20000000000000018,0.5000000000000004,512,1024,0.01894645708137998,2.0,summable injection,186,3.524041017136676,328,0.6004620599031782,0.00045758706223128303,0.6008630942578129,0.6138743198667868,0.16018231651628895,0.0004113092972691198,0.16058852560240405,0.1608437977259989
FB1,0.2,0.4,0.20000000000000018,0.5000000000000004,512,1024,0.01894645708137998,2.0,summable injection,187,3.542987474218056,331,0.5972403864413699,0.0004565250606601045,0.5975850014661245,0.6106055495019063,0.15923180427078856,0.00041102314661090625,0.15956079073839877,0.15981355035075515
FB1,0.2,0.4,0.20000000000000018,0.5000000000000004,512,1024,0.01894645708137998,2.0,summable injection,188,3.561933931299436,333,0.5939085944960818,0.0004510919878143633,0.5943347789508009,0.6073641388986857,0.15812707909950713,0.000405821098278747,0.1585397160962266,0.15878998276403614
FB1,0.2,0.4,0.20000000000000018,0.5000000000000004,512,1024,0.01894645708137998,2.0,summable injection,189,3.580880388380816,336,0.5907845027759941,0.00044672061635975344,0.5911153528168338,0.604153028793333,0.1571878579453656,0.0004014303555907216,0.15752836738181225,0.15777616234616412
FB1,0.2,0.4,0.20000000000000018,0.5000000000000004,512,1024,0.01894645708137998,2.0,summable injection,190,3.599826845462196,339,0.5875917632914285,0.000442465619697679,0.5879231476873836,0.6009686470489838,0.15617625411215408,0.0003974509915701036,0.15652363623318105,0.15676897910834253
FB1,0.2,0.4,0.20000000000000018,0.5000000000000004,512,1024,0.01894645708137998,2.0,summable injection,191,3.618773302543576,342,0.5843385362756153,0.00044068866906909375,0.5847579029041055,0.5978107416939527,0.1551004941223884,0.00039599987656602865,0.1555255534715487,0.15576846382002915
FB1,0.2,0.4,0.20000000000000018,0.5000000000000004,512,1024,0.01894645708137998,2.0,summable injection,192,3.637719759624956,345,0.5811880988830627,0.00043561828902469836,0.5816193589229709,0.5946790617131178,0.15408728640654623,0.00039112671142074165,0.15453414554679673,0.15477464287921044
FB1,0.2,0.4,0.20000000000000018,0.5000000000000004,512,1024,0.01894645708137998,2.0,summable injection,193,3.656666216706336,347,0.5781196171916476,0.0004322758116118518,0.5785072574133879,0.5915733571499873,0.15315232532128187,0.00038794208418892824,0.15354943476289373,0.15378753853759997
FB1,0.2,0.4,0.20000000000000018,0.5000000000000004,512,1024,0.01894645708137998,2.0,summable injection,194,3.675612673787716,350,0.5750217789814246,0.0004293197393772663,0.5754242804665358,0.5884963234877126,0.15217616388501673,0.0003852363859779436,0.15257422924103772,0.15280996043883582
FB1,0.2,0.4,0.20000000000000018,0.5000000000000004,512,1024,0.01894645708137998,2.0,summable injection,195,3.694559130869096,353,0.571936826443924,0.00042734913362149466,0.5723671280931373,0.5854446636367434,0.15119345164733264,0.0003835916907811627,0.151605654202546,0.15183903229027082
FB1,0.2,0.4,0.20000000000000018,0.5000000000000004,512,1024,0.01894645708137998,2.0,summable injection,196,3.713505587950476,356,0.568961944358744,0.00042337771211894054,0.5693355496549865,0.5824181348774923,0.1502760660016198,0.00037985810003453074,0.15064372409820878,0.15087476847646236
FB1,0.2,0.4,0.20000000000000018,0.5000000000000004,512,1024,0.01894645708137998,2.0,summable injection,197,3.732452045031856,359,0.566012317127484,0.00042144001225339,0.5663292959247065,0.5794164957583694,0.1493713505916846,0.00037826231138166967,0.14968844991029917,0.14991717991313747
FB1,0.2,0.4,0.20000000000000018,0.5000000000000004,512,1024,0.01894645708137998,2.0,summable injection,198,3.751398502113236,362,0.5630924044963102,0.0004191472694275124,0.5633481191562808,0.576439506169009,0.148471192325925,0.0003762797796026174,0.14873983933339166,0.14896627422784955
FB1,0.2,0.4,0.20000000000000018,0.5000000000000004,512,1024,0.01894645708137998,2.0,summable injection,199,3.770344959194616,365,0.5601706590242638,0.00041783362424152793,0.5603917731498131,0.5734869274076818,0.14758182629416122,0.000375420234162551,0.14779789694653905,0.14802205593201165
FB1,0.2,0.4,0.20000000000000018,0.5000000000000004,512,1024,0.01894645708137998,2.0,summable injection,200,3.789291416275996,367,0.5572135481885652,0.0004156396714491669,0.557460013310869,0.5705585222432489,0.14661894637358056,0.00037341211044810026,0.1468626243772415,0.14708452658473822
FB1,0.2,0.4,0.20000000000000018,0.5000000000000004,512,1024,0.01894645708137998,2.0,summable injection,201,3.808237873357376,370,0.5542627255958359,0.00041042891613435393,0.5545552225279341,0.5676566854195398,0.1456555946736029,0.0003683018906295628,0.1459365141554047,0.14615618005318418
FB1,0.2,0.4,0.20000000000000018,0.5000000000000004,512,1024,0.01894645708137998,2.0,summable injection,202,3.827184330438756,373,0.5513910398493527,0.00040932936857215803,0.551674442151598,0.5647784607644865,0.14475189392436924,0.00036763844319725254,0.14501698195591217,0.14523443063954602
FB1,0.2,0.4,0.20000000000000018,0.5000000000000004,512,1024,0.01894645708137998,2.0,summable injection,203,3.846130787520136,376,0.5485122156354474,0.0004053514788913552,0.5488174357011602,0.5619236187637676,0.1438294941355169,0.0003642699652829175,0.14410402428889016,0.14431927477221973
FB1,0.2,0.4,0.20000000000000018,0.5000000000000004,512,1024,0.01894645708137998,2.0,summable injection,204,3.865077244601516,379,0.5457786895189161,0.0004026089088594179,0.5459839683861877,0.5590919314690279,0.14301947738620288,0.000361807197558617,0.1431976351956451,0.14341070641030007
FB1,0.2,0.4,0.20000000000000018,0.5000000000000004,512,1024,0.01894645708137998,2.0,summable injection,205,3.884023701682896,382,0.5429225094092167,0.0004001778032308898,0.5431738071474093,0.5562831725411401,0.14206865705273125,0.0003595802919948827,0.1422978063811389,0.14250871717596095
FB1,0.2,0.4,0.20000000000000018,0.5000000000000004,512,1024,0.01894645708137998,2.0,summable injection,206,3.9029701587642758,,0.5401904744891804,0.00039772371402701633,0.5403867206937292,0.5534971172895494,0.14122981197104761,0.00035725549224137446,0.1414045273402437,0.14161329648062615
FB2,0.12,0.65,0.54,2.2500000000000004,512,1024,0.0069830446129513744,0.0,linear accumulation,0,0.0,16,1.8283819497113956,6.952486265422992e-18,1.8283819497113956,1.8186769159814271,0.0,0.0,0.0,0.0
FB2,0.12,0.65,0.54,2.2500000000000004,512,1024,0.0069830446129513744,0.0,linear accumulation,1,0.0069830446129513744,16,1.8186882050819702,0.00036498605006486266,1.8182290711128108,1.8085465840225656,0.015163203195020998,0.00018461133508167077,0.014892540163609119,0.01492623829962724
FB2,0.12,0.65,0.54,2.2500000000000004,512,1024,0.0069830446129513744,0.0,linear accumulation,2,0.013966089225902749,16,1.8095563134867818,0.0005107712976578775,1.8083471111936693,1.7986879999825254,0.029898990088136724,0.0002579719964049395,0.02959482051071596,0.029661927583379273
FB2,0.12,0.65,0.54,2.2500000000000004,512,1024,0.0069830446129513744,0.0,linear accumulation,3,0.020949133838854123,16,1.7999137508329293,0.0006269356451517161,1.798729422278852,1.7890945414037376,0.04468234464606006,0.00032101903409927226,0.044109628749598964,0.044209854050246515
FB2,0.12,0.65,0.54,2.2500000000000004,512,1024,0.0069830446129513744,0.0,linear accumulation,4,0.027932178451805498,16,1.7905923393782277,0.0007098427800867166,1.789369515154018,1.7797597418541509,0.059230611389697374,0.0003741267408072236,0.058439707882669695,0.05857275936886491
FB2,0.12,0.65,0.54,2.2500000000000004,512,1024,0.0069830446129513744,0.0,linear accumulation,5,0.034915223064756876,16,1.7814452390045852,0.000790096724318862,1.7802610553253788,1.770677287295706,0.07372294856909489,0.00043039303122801523,0.07258775697145797,0.07275334143583652
FB2,0.12,0.65,0.54,2.2500000000000004,512,1024,0.0069830446129513744,0.0,linear accumulation,6,0.04189826767770825,16,1.7725916393136154,0.0008542462443241579,1.7713978593675201,1.7618410125370032,0.08798123526920834,0.0004624346747646307,0.08655643188784215,0.0867542551205012
FB2,0.12,0.65,0.54,2.2500000000000004,512,1024,0.0069830446129513744,0.0,linear accumulation,7,0.04888131229065962,16,1.7647574190643325,0.0009212338177096346,1.7627738913572042,1.7532448977682213,0.10177434958384385,0.0005280883801609235,0.10034834605178183,0.10057811299641073
FB2,0.12,0.65,0.54,2.2500000000000004,512,1024,0.0069830446129513744,0.0,linear accumulation,8,0.055864356903610995,16,1.7562248402694745,0.0009932965561902547,1.7543832593911182,1.7448830651763694,0.1157302626327918,0.0005772300270881826,0.11396607115580532,0.11422748605975246
FB2,0.12,0.65,0.54,2.2500000000000004,512,1024,0.0069830446129513744,0.0,linear accumulation,9,0.06284740151656237,16,1.7478337952230425,0.001061348474433446,1.7462202121856005,1.7367497756390207,0.1290732321472663,0.0006202636547072783,0.12741213787649924,0.12770490443496374
FB2,0.12,0.65,0.54,2.2500000000000004,512,1024,0.0069830446129513744,0.0,linear accumulation,10,0.06983044612951375,16,1.7397721406548166,0.0011015482964300747,1.7382791357564105,1.728839425494706,0.1421459020316536,0.0006583288271903511,0.14068903657324336,0.14101285806777508
FB2,0.12,0.65,0.54,2.2500000000000004,512,1024,0.0069830446129513744,0.0,linear accumulation,11,0.07681349074246512,16,1.7324564857216544,0.0011584050052805966,1.7305545501766588,1.7211465433881876,0.15572346636088674,0.0007119081211866845,0.15379921797442775,0.1541537974059142
FB2,0.12,0.65,0.54,2.2500000000000004,512,1024,0.0069830446129513744,0.0,linear accumulation,12,0.0837965353554165,16,1.7245528895712998,0.001194460045800765,1.7230411064110591,1.7136657871888819,0.16832146597960135,0.0007446680795825244,0.16674509385138672,0.16713013406769972
FB2,0.12,0.65,0.54,2.2500000000000004,512,1024,0.0069830446129513744,0.0,linear accumulation,13,0.09077957996836787,16,1.7171956366200587,0.0012225390868750026,1.7157335832246987,1.7063919409807364,0.18119860671952906,0.0007857112827706632,0.17952903768027745,0.17994424149874816
FB2,0.12,0.65,0.54,2.2500000000000004,512,1024,0.0069830446129513744,0.0,linear accumulation,14,0.09776262458131924,16,1.7093875427211178,0.001263676982001743,1.7086268841645835,1.6993199121219011,0.19366275266522132,0.0008167810716674952,0.1921533852921288,0.1925984556170142
FB2,0.12,0.65,0.54,2.2500000000000004,512,1024,0.0069830446129513744,0.0,linear accumulation,15,0.10474566919427061,16,1.702572874880353,0.0013156859080157655,1.7017160346122375,1.6924447283725825,0.2059552772538846,0.0008721433078988501,0.20462043551127962,0.20509507544637895
FB2,0.12,0.65,0.54,2.2500000000000004,512,1024,0.0069830446129513744,0.0,linear accumulation,16,0.11172871380722199,16,1.69614080451292,0.0013462603348616327,1.6949961789056802,1.6857615350894963,0.21845935564766505,0.0009065612882952158,0.21693245078242274,0.21743636373899902
FB2,0.12,0.65,0.54,2.2500000000000004,512,1024,0.0069830446129513744,0.0,linear accumulation,17,0.11871175842017337,16,1.68949845710581,0.001380241879369475,1.6884625775291642,1.6792655924853763,0.23076465188333123,0.0009312009394226134,0.2290916577864668,0.22962454758662193
FB2,0.12,0.65,0.54,2.2500000000000004,512,1024,0.0069830446129513744,0.0,linear accumulation,18,0.12569480303312475,16,1.6833367554601222,0.0014203907073976928,1.6821106043690583,1.6729522729520383,0.2428108206149416,0.0009708451298250108,0.2411002480454233,0.2416618190210731
FB2,0.12,0.65,0.54,2.2500000000000004,512,1024,0.0069830446129513744,0.0,linear accumulation,19,0.13267784764607612,16,1.677495572134521,0.0014463607587300636,1.6759357440343357,1.666817058445511,0.2546595851264787,0.0009974070567946001,0.25296037851652226,0.253550335604112
FB2,0.12,0.65,0.54,2.2500000000000004,512,1024,0.0069830446129513744,0.0,linear accumulation,20,0.1396608922590275,16,1.6717821464113882,0.0014846798251732663,1.6699335892401355,1.6608555379318204,0.26665875317571247,0.0010428034525606527,0.26467417217575734,0.2652922210068552
FB2,0.12,0.65,0.54,2.2500000000000004,512,1024,0.0069830446129513744,0.0,linear accumulation,21,0.14664393687197885,16,1.6660561428042782,0.0015204364761668538,1.6640998382529213,1.655063404891996,0.27839258629684155,0.0010746864919709855,0.276243718591055,0.27688956557895694
FB2,0.12,0.65,0.54,2.2500000000000004,512,1024,0.0069830446129513744,0.0,linear accumulation,22,0.15362698148493023,16,1.6606044747934325,0.0015446635765226666,1.658430292395779,1.6494364548849456,0.2901382758221334,0.001101309553730565,0.28767107448526114,0.2883444269077353
FB2,0.12,0.65,0.54,2.2500000000000004,512,1024,0.0069830446129513744,0.0,linear accumulation,23,0.1606100260978816,16,1.6556406329259215,0.001559689827195416,1.6529208536124478,1.6439705831668507,0.3016394949957,0.0011155421522227884,0.29895826428913336,0.29965883036743113
FB2,0.12,0.65,0.54,2.2500000000000004,512,1024,0.0069830446129513744,0.0,linear accumulation,24,0.167593070710833,16,1.6501925422444705,0.001582978400336515,1.6475675220886927,1.6386617823657752,0.3127975672135542,0.0011429343069174844,0.3101072806845232,0.31083476965877743
FB2,0.12,0.65,0.54,2.2500000000000004,512,1024,0.0069830446129513744,0.0,linear accumulation,25,0.17457611532378436,16,1.6447432070569863,0.0016148615182115427,1.6423663939296749,1.6335061402102027,0.323671134172113,0.0011849772932317581,0.32112008513793056,0.32187420733906014
FB2,0.12,0.65,0.54,2.2500000000000004,512,1024,0.0069830446129513744,0.0,linear accumulation,26,0.18155915993673574,16,1.6398014579411084,0.001647230175530061,1.6373136588920034,1.6284998373102653,0.3346533343110627,0.0012258284699032688,0.33199860842460804,0.33277907534284323
FB2,0.12,0.65,0.54,2.2500000000000004,512,1024,0.0069830446129513744,0.0,linear accumulation,27,0.18854220454968712,16,1.6351537101082032,0.0016456251729796963,1.6324055981691745,1.6236391449904282,0.3456334741461643,0.0012306867876388076,0.3427447511433891,0.343551275493529
FB2,0.12,0.65,0.54,2.2500000000000004,512,1024,0.0069830446129513744,0.0,linear accumulation,28,0.19552524916263847,16,1.6298960468331516,0.0016670352237717113,1.6276385822291493,1.6189204231724514,0.35547750017851837,0.001256682880156924,0.3533603842224117,0.3541926800059235
FB2,0.12,0.65,0.54,2.2500000000000004,512,1024,0.0069830446129513744,0.0,linear accumulation,29,0.20250829377558985,16,1.6249986370644134,0.001700498852020004,1.623009068702841,1.614340118307454,0.36610027077526064,0.0012917574332516183,0.3638473494159065,0.3647051319799688
FB2,0.12,0.65,0.54,2.2500000000000004,512,1024,0.0069830446129513744,0.0,linear accumulation,30,0.20949133838854123,16,1.6204647688522642,0.0017238906164134115,1.6185136003223093,1.6098947613559518,0.37655924458996337,0.0013183369061771527,0.37420745979221093,0.37509044588580615
FB2,0.12,0.65,0.54,2.2500000000000004,512,1024,0.0069830446129513744,0.0,linear accumulation,31,0.2164743830014926,16,1.6161485246542748,0.0017423635188158985,1.6141488029075006,1.60558096581475,0.38700900182903286,0.0013423419374903672,0.3844425002131749,0.3853504080403276
FB2,0.12,0.65,0.54,2.2500000000000004,512,1024,0.0069830446129513744,0.0,linear accumulation,32,0.22345742761444398,16,1.6117491343377268,0.0017687623020438633,1.6099113834003842,1.6013954257896088,0.3970929415462136,0.001381518318092583,0.39455422780511346,0.3954867770753718
FB2,0.12,0.65,0.54,2.2500000000000004,512,1024,0.0069830446129513744,0.0,linear accumulation,33,0.23044047222739536,16,1.6078865745613231,0.001777111849956137,1.6057981279453746,1.5973349141126256,0.40702460651719446,0.001395418545427038,0.40454437242146385,0.40550128439771704
FB2,0.12,0.65,0.54,2.2500000000000004,512,1024,0.0069830446129513744,0.0,linear accumulation,34,0.23742351684034674,16,1.603700775018948,0.0017921118801132144,1.6018059000149458,1.593396280503288,0.4164580557677109,0.001424421085750618,0.414414637097298,0.41539563464101936
FB2,0.12,0.65,0.54,2.2500000000000004,512,1024,0.0069830446129513744,0.0,linear accumulation,35,0.24440656145329812,16,1.5994274898133405,0.0018193132780153945,1.59793163857938,1.589576449772197,0.42594430451781035,0.0014502124378569438,0.4241666984958405,0.4251715061098461
FB2,0.12,0.65,0.54,2.2500000000000004,512,1024,0.0069830446129513744,0.0,linear accumulation,36,0.2513896060662495,16,1.5948571471977884,0.0018321207330290465,1.5941723563196097,1.5858724200664658,0.4352561493425241,0.0014679685527391657,0.43380220734714015,0.4348305512159458
FB2,0.12,0.65,0.54,2.2500000000000004,512,1024,0.0069830446129513744,0.0,linear accumulation,37,0.25837265067920084,16,1.590978265849012,0.0018566388533294768,1.5905251378821368,1.582281261155828,0.44469139597160107,0.001497451039096574,0.4433227888790368,0.4443743969068972
FB2,0.12,0.65,0.54,2.2500000000000004,512,1024,0.0069830446129513744,0.0,linear accumulation,38,0.26535569529215225,16,1.586927176967143,0.0018658447072097042,1.586987138175043,1.5788001127585194,0.4538319941942408,0.0015126773994101495,0.452730043240566,0.45380464508727614
FB2,0.12,0.65,0.54,2.2500000000000004,512,1024,0.0069830446129513744,0.0,linear accumulation,39,0.2723387399051036,16,1.584038407066278,0.0018681332900206255,1.583555580704126,1.5754261829060032,0.4636664055336053,0.0015233017333216184,0.46202554591794043,0.463122873032477
FB2,0.12,0.65,0.54,2.2500000000000004,512,1024,0.0069830446129513744,0.0,linear accumulation,40,0.279321784518055,16,1.581080346143347,0.0018807421520922122,1.5802277559482074,1.5721567463456454,0.47322833883716964,0.0015477768856586342,0.4712108481432425,0.47233063379532064
FB2,0.12,0.65,0.54,2.2500000000000004,512,1024,0.0069830446129513744,0.0,linear accumulation,41,0.28630482913100636,16,1.577734219873939,0.0019081993583397372,1.577001019772707,1.568989142980459,0.4821044387080223,0.0015838243425209532,0.48028747729596344,0.48142945660558195
FB2,0.12,0.65,0.54,2.2500000000000004,512,1024,0.0069830446129513744,0.0,linear accumulation,42,0.2932878737439577,16,1.5742129805223612,0.0019446380536083782,1.5738727918805677,1.5659207763450576,0.4908386935826212,0.0016341492591842217,0.48925693729751757,0.49042084726256335
FB2,0.12,0.65,0.54,2.2500000000000004,512,1024,0.0069830446129513744,0.0,linear accumulation,43,0.3002709183569091,16,1.5709974472448096,0.001961163911053704,1.570840554299663,1.5629491121169838,0.4995812088646796,0.0016530725131385802,0.49812070899886174,0.49930628852084347
FB2,0.12,0.65,0.54,2.2500000000000004,512,1024,0.0069830446129513744,0.0,linear accumulation,44,0.30725396296986046,16,1.568472886805881,0.001969034440514276,1.567901849905824,1.5600716766625855,0.5084687418620885,0.001655214477781722,0.5068802505613451,0.5080872404693213
FB2,0.12,0.65,0.54,2.2500000000000004,512,1024,0.0069830446129513744,0.0,linear accumulation,45,0.31423700758281187,16,1.5656588136336396,0.0020039666620771343,1.5650542809806494,1.5572860556166512,0.5172093774131541,0.0016975284326776708,0.5155369978309132,0.5167651409036798
FB2,0.12,0.65,0.54,2.2500000000000004,512,1024,0.0069830446129513744,0.0,linear accumulation,46,0.3212200521957632,16,1.5631655811161331,0.0020095376222375454,1.5622955078032792,1.5545898924950086,0.5259451599766186,0.0017046293048526614,0.524092364705786,0.5253414056923879
FB2,0.12,0.65,0.54,2.2500000000000004,512,1024,0.0069830446129513744,0.0,linear accumulation,47,0.3282030968087146,16,1.5598750377117825,0.0020180261701882307,1.5596232472753382,1.5519808873393375,0.5337812054438469,0.0017193306928755987,0.5325477434977322,0.5338174291363564
FB2,0.12,0.65,0.54,2.2500000000000004,512,1024,0.0069830446129513744,0.0,linear accumulation,48,0.335186141421666,16,1.5578795204849558,0.00202912191290322,1.5570352715782594,1.5494567953934386,0.542367564590617,0.0017392629608743851,0.5409045052870518,0.5421945843223654
FB2,0.12,0.65,0.54,2.2500000000000004,512,1024,0.0069830446129513744,0.0,linear accumulation,49,0.3421691860346173,16,1.5559481689302395,0.002038955502074525,1.5545294068622355,1.5470154258102369,0.5509720840279662,0.0017579013482689428,0.5491640002713855,0.5504742234703707
FB2,0.12,0.65,0.54,2.2500000000000004,512,1024,0.0069830446129513744,0.0,linear accumulation,50,0.34915223064756873,16,1.553037596001738,0.0020448327843908204,1.552103531966051,1.5446546403888088,0.5586415716676025,0.0017669836940879756,0.5573275581084611,0.5586576782748076
FB2,0.12,0.65,0.54,2.2500000000000004,512,1024,0.0069830446129513744,0.0,linear accumulation,51,0.3561352752605201,16,1.5500155362711197,0.0020658461543336232,1.5497555771670655,1.5423723523407296,0.5659280823250703,0.001796765295094396,0.5653964882528872,0.5667462602399924
FB2,0.12,0.65,0.54,2.2500000000000004,512,1024,0.0069830446129513744,0.0,linear accumulation,52,0.3631183198734715,16,1.548374337815814,0.00205963385683069,1.5474835229606438,1.5401665250850711,0.5745304807391649,0.001792526188752071,0.5733720802871027,0.5747412610097333
FB2,0.12,0.65,0.54,2.2500000000000004,512,1024,0.0069830446129513744,0.0,linear accumulation,53,0.37010136448642283,16,1.5464048721278636,0.0020782776642484955,1.5452853988683377,1.5380351710713813,0.5827255249700386,0.0018190179598124867,0.5812556042465887,0.5826439526912535
FB2,0.12,0.65,0.54,2.2500000000000004,512,1024,0.0069830446129513744,0.0,linear accumulation,54,0.37708440909937424,16,1.544291009822167,0.002090042304276071,1.5431592822741471,1.5359763506299995,0.5904886131374593,0.0018362884726432897,0.5890483109394454,0.5904555881735286
FB2,0.12,0.65,0.54,2.2500000000000004,512,1024,0.0069830446129513744,0.0,linear accumulation,55,0.3840674537123256,16,1.5421998351814286,0.00210521561856004,1.5411032972881882,1.533988170849073,0.5980518641401237,0.0018590869844942754,0.5967514322604368,0.5981774014401402
FB2,0.12,0.65,0.54,2.2500000000000004,512,1024,0.0069830446129513744,0.0,linear accumulation,56,0.39105049832527694,16,1.5403269079488533,0.0021517178621765385,1.5391156136371453,1.5320687844776573,0.6059036626915648,0.001913755475798843,0.6043661814996052,0.6058106078767417
FB2,0.12,0.65,0.54,2.2500000000000004,512,1024,0.0069830446129513744,0.0,linear accumulation,57,0.39803354293822835,16,1.5383021411565807,0.0021622139669191663,1.537194445580853,1.5302163888542955,0.6134619634582866,0.001932063678228074,0.6118937536455494,0.6133564045732377
FB2,0.12,0.65,0.54,2.2500000000000004,512,1024,0.0069830446129513744,0.0,linear accumulation,58,0.4050165875511797,16,1.5365101267329226,0.0021878925442555663,1.535338050854413,1.528429224860489,0.6208977786617255,0.001964286037476586,0.6193353256834686,0.6208159706207674
FB2,0.12,0.65,0.54,2.2500000000000004,512,1024,0.0069830446129513744,0.0,linear accumulation,59,0.4119996321641311,16,1.5349524763535203,0.0022072718671316514,1.5335447296352311,1.5267055758984793,0.6284629323158535,0.0019902087882057197,0.6266920568880612,0.6281904674035876
FB2,0.12,0.65,0.54,2.2500000000000004,512,1024,0.0069830446129513744,0.0,linear accumulation,60,0.41898267677708245,16,1.53225382563665,0.002215850530742986,1.5318128235344017,1.5250437668927788,0.6345340156664194,0.0020018883651317107,0.6339650891113763,0.6354810388859468
FB2,0.12,0.65,0.54,2.2500000000000004,512,1024,0.0069830446129513744,0.0,linear accumulation,61,0.42596572139003386,16,1.530832321135669,0.0022218524460530416,1.5301407146118529,1.5234421633149067,0.6419225887808145,0.0020120724456183137,0.6411555470657043,0.6426888118940405
FB2,0.12,0.65,0.54,2.2500000000000004,512,1024,0.0069830446129513744,0.0,linear accumulation,62,0.4329487660029852,16,1.5284751642401813,0.002242725373331913,1.5285268244147059,1.5218991702307796,0.6483130300234755,0.0020376472969084744,0.6482645386016015,0.6498148963931345
FB2,0.12,0.65,0.54,2.2500000000000004,512,1024,0.0069830446129513744,0.0,linear accumulation,63,0.4399318106159366,16,1.5274831200816417,0.0022550511586615944,1.526969613038296,1.5204132313702488,0.6556803589553853,0.0020510455376563336,0.6552931549811306,0.6568603857599437
FB2,0.12,0.65,0.54,2.2500000000000004,512,1024,0.0069830446129513744,0.0,linear accumulation,64,0.44691485522888796,16,1.5261607686307093,0.0022841422577741985,1.5254675782093226,1.5189828282182545,0.6630200532746213,0.0020843923229107784,0.6622424711464066,0.6638263570503522
FB2,0.12,0.65,0.54,2.2500000000000004,512,1024,0.0069830446129513744,0.0,linear accumulation,65,0.4538978998418393,16,1.5239683951607486,0.0023063396045676036,1.524019254390613,1.5176064791271089,0.6693526402508773,0.002106096917115799,0.6691135459835335,0.6707138712625559
FB2,0.12,0.65,0.54,2.2500000000000004,512,1024,0.0069830446129513744,0.0,linear accumulation,66,0.4608809444547907,16,1.5228760083307327,0.002284634833021989,1.522623211906983,1.516282738449416,0.6766074690682633,0.0020852244290224735,0.6759074225820112,0.6775239735957114
FB2,0.12,0.65,0.54,2.2500000000000004,512,1024,0.0069830446129513744,0.0,linear accumulation,67,0.46786398906774207,16,1.5211129729655952,0.002297528108931411,1.5212780560917083,1.5150101956911413,0.6827179011693236,0.002102030221275534,0.6826251284896976,0.6842576937041706
FB2,0.12,0.65,0.54,2.2500000000000004,512,1024,0.0069830446129513744,0.0,linear accumulation,68,0.4748470336806935,16,1.5195106277007566,0.002289886412172227,1.5199824264531123,1.5137874746843807,0.6889088158220593,0.002095125181282592,0.689267675963403,0.6909160459473794
FB2,0.12,0.65,0.54,2.2500000000000004,512,1024,0.0069830446129513744,0.0,linear accumulation,69,0.4818300782936448,16,1.517744190362817,0.0022894231782221177,1.5187349958608063,1.5126132327793576,0.6951390310031526,0.0021009922667925194,0.6958360622151962,0.6975000296355203
FB2,0.12,0.65,0.54,2.2500000000000004,512,1024,0.0069830446129513744,0.0,linear accumulation,70,0.48881312290659623,16,1.5167238563738472,0.0023138644276596214,1.5175344697511126,1.5114861600552092,0.7018975964635834,0.0021311716845257445,0.7023312696545007,0.7040106292709689
FB2,0.12,0.65,0.54,2.2500000000000004,512,1024,0.0069830446129513744,0.0,linear accumulation,71,0.4957961675195476,16,1.516372437544688,0.0023342632527870743,1.5163795853512239,1.5104049785491318,0.709137483584091,0.002156090935287668,0.7087542661260536,0.7104488147856487
FB2,0.12,0.65,0.54,2.2500000000000004,512,1024,0.0069830446129513744,0.0,linear accumulation,72,0.502779212132499,16,1.5158804996939788,0.0023768164658505815,1.515269110921657,1.509368441503446,0.7158494361999699,0.0022065704351141428,0.7151060051438031,0.7168155417743453
FB2,0.12,0.65,0.54,2.2500000000000004,512,1024,0.0069830446129513744,0.0,linear accumulation,73,0.5097622567454503,16,1.5152092986273185,0.002388318679185713,1.51420184501657,1.5083753326301839,0.7225329357219306,0.002222811925774161,0.7213874261208171,0.7231117517240627
FB2,0.12,0.65,0.54,2.2500000000000004,512,1024,0.0069830446129513744,0.0,linear accumulation,74,0.5167453013584017,16,1.5144648270602294,0.002396661405088617,1.5131766157615258,1.507424465392776,0.7290009914016642,0.002232051095926358,0.7275994545952739,0.7293383722394849
FB2,0.12,0.65,0.54,2.2500000000000004,512,1024,0.0069830446129513744,0.0,linear accumulation,75,0.5237283459713531,16,1.51299229472371,0.002405562245618402,1.5121922801482863,1.506514682304458,0.7346144285762856,0.0022417799077155583,0.7337430024526049,0.7354963172646155
FB2,0.12,0.65,0.54,2.2500000000000004,512,1024,0.0069830446129513744,0.0,linear accumulation,76,0.5307113905843045,16,1.511267831582434,0.002426303519436397,1.5112477233462438,1.505644854242993,0.7399909099216158,0.002266251068285123,0.739818968143859,0.7415864873006613
FB2,0.12,0.65,0.54,2.2500000000000004,512,1024,0.0069830446129513744,0.0,linear accumulation,77,0.5376944351972558,16,1.5108098298109076,0.0024193097913158823,1.5103418580300914,1.504813879781347,0.7465061353729097,0.002261531211004191,0.7458282369003544,0.7476097696202287
FB2,0.12,0.65,0.54,2.2500000000000004,512,1024,0.0069830446129513744,0.0,linear accumulation,78,0.5446774798102072,16,1.509827351390542,0.0024425769770363716,1.5094736237233568,1.5040206845339377,0.7525729213572045,0.002286649643568451,0.7517716809446852,0.7535670384778957
FB2,0.12,0.65,0.54,2.2500000000000004,512,1024,0.0069830446129513744,0.0,linear accumulation,79,0.5516605244231586,16,1.5092316576518332,0.002452341309781601,1.5086419861574223,1.5032642205180995,0.7587161378294979,0.00230012945564723,0.757650159698148,0.7594591553172261
FB2,0.12,0.65,0.54,2.2500000000000004,512,1024,0.0069830446129513744,0.0,linear accumulation,80,0.55864356903611,16,1.5081473105300067,0.0024434745237163743,1.5078459366456674,1.5025434655304135,0.7643650479496434,0.0022927060031966103,0.7634645199846516,0.7652869689742869
FB2,0.12,0.65,0.54,2.2500000000000004,512,1024,0.0069830446129513744,0.0,linear accumulation,81,0.5656266136490613,16,1.5077503073269085,0.0024519449564176323,1.507084491472381,1.5018574225375567,0.7705273707273278,0.00230634884912624,0.7692155962311716,0.7710513158777326
FB2,0.12,0.65,0.54,2.2500000000000004,512,1024,0.0069830446129513744,0.0,linear accumulation,82,0.5726096582620127,16,1.5064038860010573,0.0024724585485748035,1.506356691296095,1.5012051190813316,0.7756336080469783,0.002330056041466285,0.7749042106648141,0.7767530202455158
FB2,0.12,0.65,0.54,2.2500000000000004,512,1024,0.0069830446129513744,0.0,linear accumulation,83,0.5795927028749641,16,1.505329565672637,0.002481831801400632,1.5056616005669947,1.5005856066975525,0.7808654842752192,0.002343335468102715,0.7805311735065443,0.7823928942782837
FB2,0.12,0.65,0.54,2.2500000000000004,512,1024,0.0069830446129513744,0.0,linear accumulation,84,0.5865757474879154,16,1.5047704724912054,0.002471841508532693,1.5049983069580857,1.499997960348466,0.7864241140507936,0.002335657478365217,0.7860972831616444,0.7879717383495203
FB2,0.12,0.65,0.54,2.2500000000000004,512,1024,0.0069830446129513744,0.0,linear accumulation,85,0.5935587921008668,16,1.5050813087042942,0.0024891467008743666,1.5043659208097835,1.4994412778683888,0.7929389241315378,0.0023561350595625607,0.7916033264069545,0.7934903411924903
FB2,0.12,0.65,0.54,2.2500000000000004,512,1024,0.0069830446129513744,0.0,linear accumulation,86,0.6005418367138182,16,1.5048821885976067,0.0025099436720513145,1.5037635745876168,1.4989146794222599,0.7986883376977484,0.0023812242260144102,0.7970500785749562,0.7989494800840422
FB2,0.12,0.65,0.54,2.2500000000000004,512,1024,0.0069830446129513744,0.0,linear accumulation,87,0.6075248813267696,16,1.5049061158640216,0.0025130835965040594,1.5031904223527341,1.49841730697681,0.8045624743387715,0.00238739416917862,0.8024383037347531,0.8043499210253255
FB2,0.12,0.65,0.54,2.2500000000000004,512,1024,0.0069830446129513744,0.0,linear accumulation,88,0.6145079259397209,16,1.5040880829819696,0.002545498108043292,1.5026456392449101,1.4979483237840479,0.8096241854734925,0.0024233539861838443,0.8077687548700044,0.8096924189194746
FB2,0.12,0.65,0.54,2.2500000000000004,512,1024,0.0069830446129513744,0.0,linear accumulation,89,0.6214909705526723,16,1.5032422780639312,0.0025761421276372393,1.5021284209777623,1.4975069138767894,0.8147144049186503,0.0024569818823943555,0.8130421740538651,0.8149777177463179
FB2,0.12,0.65,0.54,2.2500000000000004,512,1024,0.0069830446129513744,0.0,linear accumulation,90,0.6284740151656237,16,1.502260659822928,0.002591196609771341,1.5016379833458884,1.4970922815759384,0.819574647362427,0.0024759502227966156,0.8182592926209848,0.8202065507341568
FB2,0.12,0.65,0.54,2.2500000000000004,512,1024,0.0069830446129513744,0.0,linear accumulation,91,0.635457059778575,16,1.5019779856846234,0.0026209766484234192,1.5011735617436428,1.4967036510092597,0.8247420739231333,0.002509415644539103,0.8234208313366194,0.8253796405286747
FB2,0.12,0.65,0.54,2.2500000000000004,512,1024,0.0069830446129513744,0.0,linear accumulation,92,0.6424401043915264,16,1.5020128487727127,0.00262668092376213,1.500734410695284,1.4963402656413631,0.8302492369237695,0.0025170047217466683,0.8285275005629033,0.8304976993590178
FB2,0.12,0.65,0.54,2.2500000000000004,512,1024,0.0069830446129513744,0.0,linear accumulation,93,0.6494231490044778,16,1.5021996601625238,0.002613955975825111,1.5003198033962173,1.4960013878146545,0.8357227162181752,0.002505397112870413,0.8335800004223352,0.8355614292011047
FB2,0.12,0.65,0.54,2.2500000000000004,512,1024,0.0069830446129513744,0.0,linear accumulation,94,0.6564061936174292,16,1.5028595485070277,0.002618641604945955,1.499929031265077,1.4956862983009875,0.8417561442492539,0.0025126799751126615,0.8385790209585247,0.8405715219382077
FB2,0.12,0.65,0.54,2.2500000000000004,512,1024,0.0069830446129513744,0.0,linear accumulation,95,0.6633892382303805,16,1.5028378071111108,0.0026341513950678317,1.4995614035063962,1.4953942958637745,0.8470337351029944,0.002530822029265127,0.8435252422942501,0.8455286595188587
FB2,0.12,0.65,0.54,2.2500000000000004,512,1024,0.0069830446129513744,0.0,linear accumulation,96,0.670372282843332,16,1.5033628733735283,0.0026376724676316185,1.4992162466836074,1.4951246968303111,0.8527268423941585,0.002535738953266437,0.8484193347868708,0.8504335141121222
FB2,0.12,0.65,0.54,2.2500000000000004,512,1024,0.0069830446129513744,0.0,linear accumulation,97,0.6773553274562834,16,1.5036659145789253,0.002659557828625925,1.4988929043021362,1.4948768346740806,0.8581700135641566,0.0025597420684518894,0.8532619591811453,0.8552867482602832
FB2,0.12,0.65,0.54,2.2500000000000004,512,1024,0.0069830446129513744,0.0,linear accumulation,98,0.6843383720692346,16,1.504071763259216,0.0026752728520115622,1.4985907364023512,1.4946500596068024,0.8634458096688677,0.00257720296700597,0.8580537667594978,0.8600890150289959
FB2,0.12,0.65,0.54,2.2500000000000004,512,1024,0.0069830446129513744,0.0,linear accumulation,99,0.691321416682186,16,1.5040207660024318,0.0026837044061157576,1.4983091191621338,1.494443738180006,0.8685110119622478,0.0025874542345912547,0.8627953994897778,0.8648409581549373
FB2,0.12,0.65,0.54,2.2500000000000004,512,1024,0.0069830446129513744,0.0,linear accumulation,100,0.6983044612951375,16,1.5036934141153682,0.00269272874180404,1.498047444508848,1.494257252895899,0.8730614031307632,0.0025991846401390403,0.8674874901705594,0.869543212191007
FB2,0.12,0.65,0.54,2.2500000000000004,512,1024,0.0069830446129513744,0.0,linear accumulation,101,0.7052875059080889,16,1.5031952596396247,0.002691298678204127,1.4978051197404836,1.4940900018273289,0.877449020725642,0.0025977536476966463,0.8721306625740202,0.8741964026491214
FB2,0.12,0.65,0.54,2.2500000000000004,512,1024,0.0069830446129513744,0.0,linear accumulation,102,0.7122705505210402,16,1.5027984974674609,0.0027044885786070513,1.4975815671557573,1.4939413982466077,0.8818797327529643,0.002612899389508961,0.8767255315864445,0.8788011461406358
FB2,0.12,0.65,0.54,2.2500000000000004,512,1024,0.0069830446129513744,0.0,linear accumulation,103,0.7192535951339916,16,1.5029986112273426,0.0026964320367914713,1.4973762236929686,1.4938108702630148,0.8867803536930856,0.0026056652555344053,0.8812727033463909,0.8833580505144454
FB2,0.12,0.65,0.54,2.2500000000000004,512,1024,0.0069830446129513744,0.0,linear accumulation,104,0.726236639746943,16,1.5026301067612282,0.0027095376240787953,1.4971885405773941,1.493697860468762,0.8911702646289457,0.002619656760343973,0.8857727753805663,0.8878677149927982
FB2,0.12,0.65,0.54,2.2500000000000004,512,1024,0.0069830446129513744,0.0,linear accumulation,105,0.7332196843598943,16,1.5024721465329505,0.0027105826359808635,1.4970179829770252,1.4936018255932324,0.8955847910067403,0.002622218621960289,0.890226336737446,0.8923307303048627
FB2,0.12,0.65,0.54,2.2500000000000004,512,1024,0.0069830446129513744,0.0,linear accumulation,106,0.7402027289728457,16,1.5026596933458958,0.002714058348710598,1.4968640296664522,1.4935222361652962,0.9004740981986992,0.002626291651362601,0.8946339681186786,0.8967476788180898
FB2,0.12,0.65,0.54,2.2500000000000004,512,1024,0.0069830446129513744,0.0,linear accumulation,107,0.7471857735857971,16,1.5017546306705845,0.0027351717519943216,1.4967261726987042,1.4934585761835206,0.9040872648305505,0.002648530917119835,0.8989962420083152,0.9011191346674053
FB2,0.12,0.65,0.54,2.2500000000000004,512,1024,0.0069830446129513744,0.0,linear accumulation,108,0.7541688181987485,16,1.501845317579234,0.0027614972861538596,1.4966039170848542,1.4934103427940895,0.9087254102055737,0.0026779203680471564,0.9033137227999007,0.9054456638822732
FB2,0.12,0.65,0.54,2.2500000000000004,512,1024,0.0069830446129513744,0.0,linear accumulation,109,0.7611518628116998,16,1.5018466497622267,0.0027960232035009057,1.496496780481211,1.4933770459762499,0.9129873057441648,0.0027142469988644933,0.9075869669214649,0.9097278245116638
FB2,0.12,0.65,0.54,2.2500000000000004,512,1024,0.0069830446129513744,0.0,linear accumulation,110,0.7681349074246512,16,1.5015527302861125,0.002797902763860555,1.4964042928839165,1.4933582082351178,0.9169673561345956,0.0027174506280494034,0.9118165229584476,0.9139661667469653
FB2,0.12,0.65,0.54,2.2500000000000004,512,1024,0.0069830446129513744,0.0,linear accumulation,111,0.7751179520376026,16,1.5007977142393296,0.002804474455265163,1.4963259963307736,1.4933533643016692,0.9204044714225387,0.002726010446390253,0.916002931774597,0.9181612330428743
FB2,0.12,0.65,0.54,2.2500000000000004,512,1024,0.0069830446129513744,0.0,linear accumulation,112,0.7821009966505539,16,1.500034063091551,0.002785109041448001,1.4962614446101388,1.4933620608397447,0.9240217643533856,0.002706858101551778,0.9201467266308754,0.9223135582362979
FB2,0.12,0.65,0.54,2.2500000000000004,512,1024,0.0069830446129513744,0.0,linear accumulation,113,0.7890840412635053,16,1.4991684583777793,0.0028262108422540903,1.4962102029767095,1.4933838561599178,0.9273303024473308,0.002750714082359466,0.9242484333024045,0.9264236696633048
FB2,0.12,0.65,0.54,2.2500000000000004,512,1024,0.0069830446129513744,0.0,linear accumulation,114,0.7960670858764567,16,1.4988714803209173,0.002866736698027713,1.496171847874045,1.493418319940052,0.931286557887905,0.00279324872016175,0.9283085701934884,0.9304920872741581
FB2,0.12,0.65,0.54,2.2500000000000004,512,1024,0.0069830446129513744,0.0,linear accumulation,115,0.8030501304894081,16,1.4985225195461438,0.002862189955833181,1.496145966663661,1.4934650329524055,0.9350737287333153,0.002790716005081241,0.932327648450745,0.9345193237464603
FB2,0.12,0.65,0.54,2.2500000000000004,512,1024,0.0069830446129513744,0.0,linear accumulation,116,0.8100331751023594,16,1.4993387581064876,0.002897272456088446,1.4961321573605468,1.4935235867971215,0.9399052603394806,0.0028276980594311506,0.9363061720743774,0.9385058845964489
FB2,0.12,0.65,0.54,2.2500000000000004,512,1024,0.0069830446129513744,0.0,linear accumulation,117,0.8170162197153108,16,1.4994166362706807,0.002896128650170617,1.4961300283749523,1.4935935836419612,0.9439613438888339,0.0028278287911812686,0.9402446380276226,0.9424522682884673
FB2,0.12,0.65,0.54,2.2500000000000004,512,1024,0.0069830446129513744,0.0,linear accumulation,118,0.8239992643282622,16,1.4996878436860253,0.0028924303592682923,1.4961391982602943,1.4936746359681354,0.948072952034573,0.002825673830310542,0.9441435363444028,0.9463589663426492
FB2,0.12,0.65,0.54,2.2500000000000004,512,1024,0.0069830446129513744,0.0,linear accumulation,119,0.8309823089412136,16,1.4999306047044363,0.002883470881641837,1.4961592954670424,1.493766366322087,0.9521161626180616,0.002817280821797567,0.948003350235215,0.9502264634408422
FB2,0.12,0.65,0.54,2.2500000000000004,512,1024,0.0069830446129513744,0.0,linear accumulation,120,0.8379653535541649,16,1.4990772033388153,0.002876081573209853,1.4961899581024425,1.4938684070730939,0.9551044254776669,0.0028106418684018877,0.9518245561912859,0.9540552375308036
FB2,0.12,0.65,0.54,2.2500000000000004,512,1024,0.0069830446129513744,0.0,linear accumulation,121,0.8449483981671163,16,1.4987617929841006,0.0028764438712221715,1.4962308336959385,1.4939804001765538,0.9584576722034509,0.0028121207307805155,0.9556076240870265,0.957845759928698
FB2,0.12,0.65,0.54,2.2500000000000004,512,1024,0.0069830446129513744,0.0,linear accumulation,122,0.8519314427800677,16,1.4995727148797686,0.0028789673156515085,1.4962815789701616,1.4941019969428169,0.9628892913210402,0.0028150666257815244,0.9593530172808101,0.9615984954199239
FB2,0.12,0.65,0.54,2.2500000000000004,512,1024,0.0069830446129513744,0.0,linear accumulation,123,0.858914487393019,16,1.4995377127998941,0.0028750025943191605,1.496341859617353,1.4942328578114417,0.9664696933588457,0.002812289337914412,0.9630611927141078,0.9653139023583006
FB2,0.12,0.65,0.54,2.2500000000000004,512,1024,0.0069830446129513744,0.0,linear accumulation,124,0.8658975320059704,16,1.499321108070659,0.0028912879932030356,1.4964113500810927,1.494372652130747,0.9699041825451611,0.002830059608876838,0.9667326010090056,0.9689924327636421
FB2,0.12,0.65,0.54,2.2500000000000004,512,1024,0.0069830446129513744,0.0,linear accumulation,125,0.8728805766189218,16,1.4984793701070545,0.0028827198361968203,1.4964897333432137,1.4945210579425323,0.9727122014935984,0.00282283272717114,0.9703676865641353,0.9726345324177446
FB2,0.12,0.65,0.54,2.2500000000000004,512,1024,0.0069830446129513744,0.0,linear accumulation,126,0.8798636212318732,16,1.4986308266208903,0.0028615552514827214,1.49657670071577,1.494677761771857,0.976358388595062,0.0028027854270931034,0.9739668876490405,0.9762406409588174
FB2,0.12,0.65,0.54,2.2500000000000004,512,1024,0.0069830446129513744,0.0,linear accumulation,127,0.8868466658448245,16,1.4988814223078002,0.0028401943498594213,1.496671951637953,1.4948424584217492,0.9799578777327266,0.0027815036776418995,0.9775306364970124,0.9798111919743827
FB2,0.12,0.65,0.54,2.2500000000000004,512,1024,0.0069830446129513744,0.0,linear accumulation,128,0.8938297104577759,16,1.4993929628861244,0.0028386831767280903,1.4967751934778253,1.4950148507727388,0.9839317583090723,0.002781855257190954,0.9810593593964142,0.9833466130926695
FB2,0.12,0.65,0.54,2.2500000000000004,512,1024,0.0069830446129513744,0.0,linear accumulation,129,0.9008127550707273,16,1.4999553501158411,0.0028401649146715135,1.4968861413387702,1.4951946495870967,0.9877452554980564,0.0027836281289815882,0.9845534767805242,0.9868473260725271
FB2,0.12,0.65,0.54,2.2500000000000004,512,1024,0.0069830446129513744,0.0,linear accumulation,130,0.9077957996836786,16,1.499834107874358,0.0028385052570001367,1.4970045178705398,1.4953815733176752,0.9910386408237453,0.002782226988697441,0.9880134033159227,0.9903137468918867
FB2,0.12,0.65,0.54,2.2500000000000004,512,1024,0.0069830446129513744,0.0,linear accumulation,131,0.91477884429663,16,1.4994275579334735,0.002829370630207622,1.4971300530847929,1.49557534792124,0.9939350971364411,0.0027733221643645362,0.9914395479894463,0.9937462858347924
FB2,0.12,0.65,0.54,2.2500000000000004,512,1024,0.0069830446129513744,0.0,linear accumulation,132,0.9217618889095814,16,1.4991373126209933,0.0028348385193829816,1.497262484175022,1.4957757066761908,0.9968889057089146,0.0027797902306743263,0.994832314193735,0.9971453475770271
FB2,0.12,0.65,0.54,2.2500000000000004,512,1024,0.0069830446129513744,0.0,linear accumulation,133,0.9287449335225328,16,1.499379840730977,0.002831162481609562,1.4974015553407616,1.4959823900045666,1.0003270669082687,0.002777616082325568,0.9981920998113958,1.0005113312703573
FB2,0.12,0.65,0.54,2.2500000000000004,512,1024,0.0069830446129513744,0.0,linear accumulation,134,0.9357279781354841,16,1.4987619959181364,0.002819536174363659,1.497547017615977,1.4961951452982412,1.0030172465747333,0.0027676038385876537,1.0015192972978073,1.0038446306254216
FB2,0.12,0.65,0.54,2.2500000000000004,512,1024,0.0069830446129513744,0.0,linear accumulation,135,0.9427110227484355,16,1.4971510231279543,0.002836460148430691,1.4976986287015386,1.4964137267492041,1.0045033697319652,0.0027860939142434144,1.0048142937625868,1.0071456339932843
FB2,0.12,0.65,0.54,2.2500000000000004,512,1024,0.0069830446129513744,0.0,linear accumulation,136,0.949694067361387,16,1.4966157876628365,0.0028471251759637755,1.4978561528016827,1.4966378951838375,1.0070586114664273,0.0027973822745061615,1.0080774710497458,1.0104147244456745
FB2,0.12,0.65,0.54,2.2500000000000004,512,1024,0.0069830446129513744,0.0,linear accumulation,137,0.9566771119743382,16,1.497631337479795,0.002829343334327325,1.498019360464364,1.4968674179010963,1.0111391858499446,0.002779887714307629,1.0113092058165503,1.0136522798539414
FB2,0.12,0.65,0.54,2.2500000000000004,512,1024,0.0069830446129513744,0.0,linear accumulation,138,0.9636601565872897,16,1.497891253986157,0.0028146809174314407,1.4981880284254112,1.4971020685144962,1.0144231876965253,0.002764881663354662,1.0145098696111163,1.016858672966737
FB2,0.12,0.65,0.54,2.2500000000000004,512,1024,0.0069830446129513744,0.0,linear accumulation,139,0.9706432012002411,16,1.4988195976049874,0.0028127929496369183,1.4983619394563956,1.4973416267978268,1.018334875215745,0.002763755131420793,1.0176798289487554,1.020034271486455
FB2,0.12,0.65,0.54,2.2500000000000004,512,1024,0.0069830446129513744,0.0,linear accumulation,140,0.9776262458131925,16,1.4984055873700597,0.0028244295168401907,1.4985408822161221,1.4975858785344975,1.0209427460029286,0.002776287736231276,1.0208194453870942,1.023179438144444
FB2,0.12,0.65,0.54,2.2500000000000004,512,1024,0.0069830446129513744,0.0,linear accumulation,141,0.9846092904261438,16,1.4985581107511523,0.002823540219867255,1.498724651105659,1.4978346153704378,1.0239985214402574,0.002775691038693152,1.0239290755999877,1.0262945307750169
FB2,0.12,0.65,0.54,2.2500000000000004,512,1024,0.0069830446129513744,0.0,linear accumulation,142,0.9915923350390952,16,1.4976977325424943,0.002835261695666841,1.4989130461268256,1.4980876346704648,1.0260351129372616,0.002788669063854937,1.0270090714502487,1.0293799023882777
FB2,0.12,0.65,0.54,2.2500000000000004,512,1024,0.0069830446129513744,0.0,linear accumulation,143,0.9985753796520466,16,1.4976396940005667,0.0028465454595838196,1.4991058727440547,1.498344739378038,1.0288124755271535,0.0028007435360428374,1.0300597800612115,1.0324359012417812
FB2,0.12,0.65,0.54,2.2500000000000004,512,1024,0.0069830446129513744,0.0,linear accumulation,144,1.005558424264998,16,1.4980801982600436,0.0028638046931542174,1.499302941749546,1.4986057378783249,1.0320133183214462,0.002819576380740229,1.0330815438871501,1.035462870911052
FB2,0.12,0.65,0.54,2.2500000000000004,512,1024,0.0069830446129513744,0.0,linear accumulation,145,1.0125414688779493,16,1.499183362098785,0.0028849822988976656,1.4995040691316401,1.4988704438644986,1.0359099619048129,0.0028420999171293103,1.0360747007825726,1.0384611503589773
FB2,0.12,0.65,0.54,2.2500000000000004,512,1024,0.0069830446129513744,0.0,linear accumulation,146,1.0195245134909006,16,1.4989295356039771,0.002888744030477426,1.499709075946333,1.4991386762071905,1.0384202779388634,0.0028467583424953346,1.0390395840704034,1.0414310740040924
FB2,0.12,0.65,0.54,2.2500000000000004,512,1024,0.0069830446129513744,0.0,linear accumulation,147,1.026507558103852,16,1.4988724207989756,0.002895699372477293,1.4999177881918568,1.4994102588270302,1.0412079919877468,0.002854193653464378,1.0419765226090854,1.0443729717877823
FB2,0.12,0.65,0.54,2.2500000000000004,512,1024,0.0069830446129513744,0.0,linear accumulation,148,1.0334906027168034,16,1.4998815889149717,0.002897674408428281,1.500130036686257,1.4996850205701946,1.0448537701780691,0.0028565849356319006,1.0448858408586057,1.047287169240411
FB2,0.12,0.65,0.54,2.2500000000000004,512,1024,0.0069830446129513744,0.0,linear accumulation,149,1.040473647329755,16,1.500236206118538,0.0028918858722741234,1.5003456569478932,1.4999627950868988,1.0479259429273182,0.0028514474031649476,1.0477678589454724,1.0501739875464022
FB2,0.12,0.65,0.54,2.2500000000000004,512,1024,0.0069830446129513744,0.0,linear accumulation,150,1.0474566919427062,16,1.4996004222051456,0.0029019666139980934,1.500564489078795,1.5002434207127635,1.0499491867832778,0.0028621489084671332,1.0506228927266583,1.0530337436082864
FB2,0.12,0.65,0.54,2.2500000000000004,512,1024,0.0069830446129513744,0.0,linear accumulation,151,1.0544397365556575,16,1.4994379469171566,0.0029079039349681076,1.500786377650806,1.5005267403529838,1.0523609698203915,0.00286889636032422,1.0534512538525262,1.0558667501097294
FB2,0.12,0.65,0.54,2.2500000000000004,512,1024,0.0069830446129513744,0.0,linear accumulation,152,1.061422781168609,16,1.4999167011236763,0.0029518797058640826,1.5010111715944512,1.5008126013692442,1.0554388016043226,0.002914306704507277,1.0562532498287558,1.0586733155775672
FB2,0.12,0.65,0.54,2.2500000000000004,512,1024,0.0069830446129513744,0.0,linear accumulation,153,1.0684058257815603,16,1.4998953845272927,0.0029385721066727457,1.5012387240904612,1.501100855469308,1.0579863168096901,0.0029021672646842747,1.0590291840772892,1.0614537444428542
FB2,0.12,0.65,0.54,2.2500000000000004,512,1024,0.0069830446129513744,0.0,linear accumulation,154,1.0753888703945116,16,1.5007528472365523,0.0029556877158861536,1.5014688924638917,1.5013913585992218,1.0613563659961924,0.0029201269657160947,1.0617793559963076,1.0642083371009479
FB2,0.12,0.65,0.54,2.2500000000000004,512,1024,0.0069830446129513744,0.0,linear accumulation,155,1.082371915007463,16,1.501609073165009,0.0029311254774158206,1.5017015380807792,1.501683970838076,1.0647329920013162,0.0028959293840596545,1.0645040610192624,1.0669373899706431
FB2,0.12,0.65,0.54,2.2500000000000004,512,1024,0.0069830446129513744,0.0,linear accumulation,156,1.0893549596204144,16,1.50191828943185,0.002947759510291172,1.5019365262472675,1.5019785562952577,1.0674968067731814,0.002913145077798514,1.067203590672968,1.0696411955523746
FB2,0.12,0.65,0.54,2.2500000000000004,512,1024,0.0069830446129513744,0.0,linear accumulation,157,1.0963380042333657,16,1.5020771278637122,0.002961943285121862,1.5021737261111543,1.5022749830101416,1.070113573892775,0.002927808292486132,1.0698782326347787,1.072320042485499
FB2,0.12,0.65,0.54,2.2500000000000004,512,1024,0.0069830446129513744,0.0,linear accumulation,158,1.1033210488463172,16,1.5028368494257238,0.002957855394831936,1.5024130105657942,1.5025731228541608,1.0732906985706439,0.0029243251984211577,1.0725282707888648,1.0749742156046775
FB2,0.12,0.65,0.54,2.2500000000000004,512,1024,0.0069830446129513744,0.0,linear accumulation,159,1.1103040934592685,16,1.5033436108724092,0.002951584297817053,1.5026542561563048,1.5028728514351979,1.0762098683904502,0.002918880676099496,1.0751539852815961,1.0776039959953654
FB2,0.12,0.65,0.54,2.2500000000000004,512,1024,0.0069830446129513744,0.0,linear accumulation,160,1.11728713807222,16,1.5030254024477854,0.0029509512945996704,1.5028973429880228,1.5031740480042546,1.0782533334075424,0.00291855157585236,1.0777556525760574,1.0802096610484377
FB2,0.12,0.65,0.54,2.2500000000000004,512,1024,0.0069830446129513744,0.0,linear accumulation,161,1.1242701826851713,16,1.5030950178847604,0.002931036940175254,1.5031421546371564,1.5034765953643299,1.0806877581767573,0.0028987022104052388,1.080333545505704,1.0827914845139477
FB2,0.12,0.65,0.54,2.2500000000000004,512,1024,0.0069830446129513744,0.0,linear accumulation,162,1.1312532272981226,16,1.503980915229298,0.0029462077035670602,1.50338857806358,1.503780379781468,1.083896386720454,0.002914391523399051,1.0828879333271715,1.085349736554046
FB2,0.12,0.65,0.54,2.2500000000000004,512,1024,0.0069830446129513744,0.0,linear accumulation,163,1.1382362719110741,16,1.504049035630075,0.002957616283787488,1.5036365035257249,1.504085290897921,1.0861477096081118,0.0029257779271980736,1.08541908177226,1.087884683795071
FB2,0.12,0.65,0.54,2.2500000000000004,512,1024,0.0069830446129513744,0.0,linear accumulation,164,1.1452193165240254,16,1.5043924683863343,0.002940983573826201,1.5038858244975088,1.5043912216473778,1.0887542340472947,0.0029092432689384502,1.087927253099098,1.0903965893788201
FB2,0.12,0.65,0.54,2.2500000000000004,512,1024,0.0069830446129513744,0.0,linear accumulation,165,1.1522023611369767,16,1.5050178409337722,0.0029512091584714536,1.504136437587269,1.5046980681722069,1.091659340084274,0.002920198687376934,1.0904127061425073,1.0928857130130192
FB2,0.12,0.65,0.54,2.2500000000000004,512,1024,0.0069830446129513744,0.0,linear accumulation,166,1.1591854057499282,16,1.5060330513431854,0.0029157196976164735,1.5043882424586357,1.505005729742675,1.094947429576356,0.002885044103348787,1.092875696363576,1.0953523110210048
FB2,0.12,0.65,0.54,2.2500000000000004,512,1024,0.0069830446129513744,0.0,linear accumulation,167,1.1661684503628795,16,1.506215551022882,0.002911960925055927,1.5046411417533143,1.5053141086780868,1.097366952340789,0.002881577508391179,1.0953164758984597,1.0977966363906295
FB2,0.12,0.65,0.54,2.2500000000000004,512,1024,0.0069830446129513744,0.0,linear accumulation,168,1.1731514949758308,16,1.506078786592329,0.002924254696898446,1.5048950410157205,1.5056231102698043,1.0993871735274934,0.002894054619851529,1.097735293606415,1.1002189388224024
FB2,0.12,0.65,0.54,2.2500000000000004,512,1024,0.0069830446129513744,0.0,linear accumulation,169,1.1801345395887823,16,1.5062577607915086,0.002918698313652284,1.5051498486194328,1.5059326427061017,1.1016334209270204,0.002888668914734031,1.1001323951170865,1.1026194647768797
FB2,0.12,0.65,0.54,2.2500000000000004,512,1024,0.0069830446129513744,0.0,linear accumulation,170,1.1871175842017336,16,1.507076623567312,0.0029410730514240783,1.5054054756954132,1.5062426169988175,1.1045682919879756,0.002911966690897794,1.1025080228770534,1.1049984575213205
FB2,0.12,0.65,0.54,2.2500000000000004,512,1024,0.0069830446129513744,0.0,linear accumulation,171,1.194100628814685,16,1.506640682788229,0.002939886734016884,1.5056618360619574,1.5065529469117491,1.1061282235291814,0.002911226535500891,1.1048624161956526,1.1073561571756108
FB2,0.12,0.65,0.54,2.2500000000000004,512,1024,0.0069830446129513744,0.0,linear accumulation,172,1.2010836734276364,16,1.5074935230669322,0.0029532842478411127,1.5059188461563346,1.5068635488907667,1.1090542562410208,0.002925218781760063,1.107195811290087,1.1096928007574787
FB2,0.12,0.65,0.54,2.2500000000000004,512,1024,0.0069830446129513744,0.0,linear accumulation,173,1.2080667180405877,16,1.5071931330927417,0.0029662410127301564,1.5061764249680734,1.5071743419955903,1.110777732974494,0.0029381670873950575,1.1095084413298317,1.112008622227004
FB2,0.12,0.65,0.54,2.2500000000000004,512,1024,0.0069830446129513744,0.0,linear accumulation,174,1.2150497626535393,16,1.5066711163870559,0.002949164898567699,1.5064344939738565,1.5074852478332013,1.112236360844011,0.0029212307809188425,1.1118005364803516,1.1143038525304398
FB2,0.12,0.65,0.54,2.2500000000000004,512,1024,0.0069830446129513744,0.0,linear accumulation,175,1.2220328072664906,16,1.5061251304354681,0.002944206315542721,1.50669297707399,1.5077961904928472,1.113731517803879,0.0029164367580389408,1.1140723239461388,1.1165787196433532
FB2,0.12,0.65,0.54,2.2500000000000004,512,1024,0.0069830446129513744,0.0,linear accumulation,176,1.2290158518794418,16,1.5059256495751505,0.0029377001814627946,1.5069518005304023,1.5081070964826002,1.1155692939726367,0.002910234906071207,1.1163240280130826,1.1188334486130977
FB2,0.12,0.65,0.54,2.2500000000000004,512,1024,0.0069830446129513744,0.0,linear accumulation,177,1.2359988964923934,16,1.506277485887356,0.002928544386163003,1.507210892906143,1.5084178946674371,1.1178661187270502,0.002901336558720159,1.1185558700901848,1.1210682616006318
FB2,0.12,0.65,0.54,2.2500000000000004,512,1024,0.0069830446129513744,0.0,linear accumulation,178,1.2429819411053447,16,1.5067890240199633,0.0029487906645252675,1.507470185006344,1.5087285162088004,1.1202985021595258,0.002921904585529072,1.1207680687506254,1.1232833779216849
FB2,0.12,0.65,0.54,2.2500000000000004,512,1024,0.0069830446129513744,0.0,linear accumulation,179,1.249964985718296,16,1.5063583252099422,0.002942482134943325,1.5077296098206077,1.5090388945056123,1.1218356727820007,0.00291587728753779,1.1229608397721988,1.1254790140872954
FB2,0.12,0.65,0.54,2.2500000000000004,512,1024,0.0069830446129513744,0.0,linear accumulation,180,1.2569480303312475,16,1.5061530453177778,0.0029449613183803887,1.5079891024667882,1.5093489651367025,1.1235797299045047,0.0029186892915900233,1.1251343961771196,1.127655383843719
FB2,0.12,0.65,0.54,2.2500000000000004,512,1024,0.0069830446129513744,0.0,linear accumulation,181,1.2639310749441988,16,1.5056220892661365,0.0029277410446807302,1.5082486001361342,1.5096586658046156,1.1249113765746612,0.0029017310301238815,1.1272889482712176,1.1298126982117225
FB2,0.12,0.65,0.54,2.2500000000000004,512,1024,0.0069830446129513744,0.0,linear accumulation,182,1.27091411955715,16,1.5049640909023658,0.002904183787672416,1.5085080420397616,1.5099679362807714,1.1261791627220261,0.0028780418144925225,1.129424703682528,1.1319511655252716
FB2,0.12,0.65,0.54,2.2500000000000004,512,1024,0.0069830446129513744,0.0,linear accumulation,183,1.2778971641701016,16,1.5057717076040005,0.0029074492129668255,1.5087673693564194,1.5102767183519417,1.1288284008584888,0.0028817834376764478,1.1315418673992874,1.1340709914696276
FB2,0.12,0.65,0.54,2.2500000000000004,512,1024,0.0069830446129513744,0.0,linear accumulation,184,1.2848802087830529,16,1.5063481823541833,0.0028899156820427854,1.509026525181528,1.5105849557680182,1.1312524658921004,0.002864138257618398,1.1336406418073424,1.1361723791188576
FB2,0.12,0.65,0.54,2.2500000000000004,512,1024,0.0069830446129513744,0.0,linear accumulation,185,1.2918632533960042,16,1.5068631378222248,0.0029170639912285043,1.5092854544774466,1.5108925941910292,1.1335671011176995,0.002891815637216861,1.1357212267269887,1.1382555289727634
FB2,0.12,0.65,0.54,2.2500000000000004,512,1024,0.0069830446129513744,0.0,linear accumulation,186,1.2988462980089557,16,1.5069587226954884,0.002903765527249063,1.5095441040249535,1.511199581145395,1.135559655985169,0.0028786183352400314,1.1377838194492385,1.1403206389932548
FB2,0.12,0.65,0.54,2.2500000000000004,512,1024,0.0069830446129513744,0.0,linear accumulation,187,1.305829342621907,16,1.5074551154802642,0.002891132072421846,1.509802422375903,1.5115058659693734,1.1377790838514665,0.0028660081628315813,1.139828614771537,1.1423679046401554
FB2,0.12,0.65,0.54,2.2500000000000004,512,1024,0.0069830446129513744,0.0,linear accumulation,188,1.3128123872348585,16,1.5078068936408586,0.00290551488535928,1.5100603598070301,1.5118113997676794,1.1398776036780627,0.0028808970481798766,1.1418558050329264,1.144397518906467
FB2,0.12,0.65,0.54,2.2500000000000004,512,1024,0.0069830446129513744,0.0,linear accumulation,189,1.3197954318478098,16,1.5083265405913115,0.0028951795193562398,1.5103178682748846,1.5121161353652506,1.1421597480244206,0.002870957686445884,1.1438655801486766,1.1464096723530934
FB2,0.12,0.65,0.54,2.2500000000000004,512,1024,0.0069830446129513744,0.0,linear accumulation,190,1.326778476460761,16,1.5092016738886351,0.002881736235750258,1.510574901371854,1.5124200272621233,1.1447158707882858,0.002857531749047516,1.145858127644383,1.1484045531430314
FB2,0.12,0.65,0.54,2.2500000000000004,512,1024,0.0069830446129513744,0.0,linear accumulation,191,1.3337615210737126,16,1.5092572825943231,0.0029253179285092684,1.5108314142832628,1.5127230315894065,1.14643379627282,0.002901545338113968,1.1478336326895437,1.1503823470750447
FB2,0.12,0.65,0.54,2.2500000000000004,512,1024,0.0069830446129513744,0.0,linear accumulation,192,1.340744565686664,16,1.5100143500769563,0.0029439822596032594,1.511087363745517,1.5130251060663151,1.148926530976501,0.002920820336149823,1.1497922781306271,1.152343237616822
FB2,0.12,0.65,0.54,2.2500000000000004,512,1024,0.0069830446129513744,0.0,linear accumulation,193,1.3477276102996152,16,1.5101558758393288,0.002960807474401476,1.5113427080052633,1.5133262099582432,1.1507244104438057,0.0029378535784459815,1.1517342445236303,1.1542874059376278
FB2,0.12,0.65,0.54,2.2500000000000004,512,1024,0.0069830446129513744,0.0,linear accumulation,194,1.3547106549125667,16,1.5106296828495922,0.002999117683406998,1.5115974067795506,1.5136263040358575,1.1528614998757583,0.0029765913211924114,1.1536597101661472,1.1562150309404635
FB2,0.12,0.65,0.54,2.2500000000000004,512,1024,0.0069830446129513744,0.0,linear accumulation,195,1.361693699525518,16,1.5111959865755251,0.002992210576084023,1.511851421216961,1.513925350535178,1.1551687769319778,0.0029697901608711336,1.155568851128945,1.1581262892937338
FB2,0.12,0.65,0.54,2.2500000000000004,512,1024,0.0069830446129513744,0.0,linear accumulation,196,1.3686767441384693,16,1.5116481658788867,0.0030048216091800002,1.5121047138596906,1.514223313118627,1.1572410202313939,0.0029827978869217727,1.1574618412870619,1.1600213554624341
FB2,0.12,0.65,0.54,2.2500000000000004,512,1024,0.0069830446129513744,0.0,linear accumulation,197,1.3756597887514208,16,1.511289578815937,0.00297842766665294,1.5123572486065582,1.5145201568370257,1.158490851501513,0.002956236136204751,1.1593388523504329,1.1619004017388654
FB2,0.12,0.65,0.54,2.2500000000000004,512,1024,0.0069830446129513744,0.0,linear accumulation,198,1.382642833364372,16,1.511935228455234,0.0030085071867290737,1.5126089906769162,1.514815848092515,1.1607365115005202,0.00298689674724006,1.1612000538940506,1.1637635982728856
FB2,0.12,0.65,0.54,2.2500000000000004,512,1024,0.0069830446129513744,0.0,linear accumulation,199,1.3896258779773236,16,1.512463799623864,0.0030227172016457906,1.512859906575448,1.5151103546023732,1.1628631533638618,0.0030014393317762582,1.1630456133876697,1.1656111131016988
FB2,0.12,0.65,0.54,2.2500000000000004,512,1024,0.0069830446129513744,0.0,linear accumulation,200,1.396608922590275,16,1.5130964200380252,0.0030327253656747266,1.513109964057825,1.5154036453637205,1.165089618606284,0.0030117431689958107,1.164875696225061,1.1674431121792002
FB2,0.12,0.65,0.54,2.2500000000000004,512,1024,0.0069830446129513744,0.0,linear accumulation,201,1.4035919672032262,16,1.5122282881840468,0.0030471191026112455,1.5133591320972077,1.5156956906190768,1.165737845741679,0.0030261150998257976,1.1666904657528245,1.1692597594048706
FB2,0.12,0.65,0.54,2.2500000000000004,512,1024,0.0069830446129513744,0.0,linear accumulation,202,1.4105750118161777,16,1.5126921776521696,0.00308496703710056,1.5136073808515667,1.5159864618227652,1.1677671333381074,0.00306435037995583,1.1684900832987655,1.1710612166522427
FB2,0.12,0.65,0.54,2.2500000000000004,512,1024,0.0069830446129513744,0.0,linear accumulation,203,1.417558056429129,16,1.512957133535343,0.003068548447278016,1.5138546816318064,1.5162759316081291,1.1695463075329628,0.0030481030248461893,1.1702747081998432,1.1728476437969322
FB2,0.12,0.65,0.54,2.2500000000000004,512,1024,0.0069830446129513744,0.0,linear accumulation,204,1.4245411010420803,16,1.5133767915470657,0.0030689799237501314,1.514101006870674,1.5165640737555561,1.1715264587465988,0.0030488353132482253,1.1720444978297002,1.174619198744251
FB2,0.12,0.65,0.54,2.2500000000000004,512,1024,0.0069830446129513744,0.0,linear accumulation,205,1.4315241456550318,16,1.5147329124670206,0.0030555734497928677,1.5143463300924278,1.5168508631612774,1.174382024754006,0.003035318027306257,1.173799607625773,1.1763760374564023
FB2,0.12,0.65,0.54,2.2500000000000004,512,1024,0.0069830446129513744,0.0,linear accumulation,206,1.4385071902679831,,1.513884834523267,0.0030277716035192427,1.5145906258832584,1.5171362758069344,1.1750333849374517,0.0030075498734998154,1.1755401911159993,1.1781183139792692
FB2,0.12,0.65,0.54,2.2500000000000004,512,1024,0.0069830446129513744,1.0,logarithmic accumulation,0,0.0,16,1.8283819497113956,6.952486265422992e-18,1.8283819497113956,1.8186769159814271,0.0,0.0,0.0,0.0
FB2,0.12,0.65,0.54,2.2500000000000004,512,1024,0.0069830446129513744,1.0,logarithmic accumulation,1,0.0069830446129513744,17,1.8176966182014862,0.00036519070640223173,1.8182290711128108,1.8085465840225656,0.014830817577084515,0.0001673278942267284,0.014892540163609119,0.01492623829962724
FB2,0.12,0.65,0.54,2.2500000000000004,512,1024,0.0069830446129513744,1.0,logarithmic accumulation,2,0.013966089225902749,17,1.8065834175355404,0.0005080768770864125,1.8073860734469338,1.7977247866309967,0.028506377667464874,0.00024372680761551642,0.028718264078335307,0.028783386548569295
FB2,0.12,0.65,0.54,2.2500000000000004,512,1024,0.0069830446129513744,1.0,logarithmic accumulation,3,0.020949133838854123,17,1.7952912193156472,0.000620234988330054,1.796820014331864,1.7871808008421066,0.04209259498219385,0.00029125908176483496,0.042367227284346436,0.04246349822160745
FB2,0.12,0.65,0.54,2.2500000000000004,512,1024,0.0069830446129513744,1.0,logarithmic accumulation,4,0.027932178451805498,17,1.785700267199452,0.0007023698982148161,1.7865242096829645,1.7769079654143436,0.05573518214639633,0.0003478906262554574,0.05584202116843186,0.05596916350712074
FB2,0.12,0.65,0.54,2.2500000000000004,512,1024,0.0069830446129513744,1.0,logarithmic accumulation,5,0.034915223064756876,17,1.7754796215599968,0.0007869249391715674,1.776492133464138,1.7668997748162725,0.06894831611799337,0.0004007284770184224,0.0691451955451159,0.06930293117920198
FB2,0.12,0.65,0.54,2.2500000000000004,512,1024,0.0069830446129513744,1.0,logarithmic accumulation,6,0.04189826767770825,17,1.7656478448071147,0.0008519851062131037,1.766717413974383,1.7571498756185142,0.08231590085379589,0.0004464344933687291,0.08227925936814234,0.08246730930307294
FB2,0.12,0.65,0.54,2.2500000000000004,512,1024,0.0069830446129513744,1.0,logarithmic accumulation,7,0.04888131229065962,17,1.7564323373820334,0.0009100758306659545,1.757193830221527,1.7476520629691046,0.09528402495017665,0.0004815721563338093,0.09524668142916604,0.09546476592789473
FB2,0.12,0.65,0.54,2.2500000000000004,512,1024,0.0069830446129513744,1.0,logarithmic accumulation,8,0.055864356903610995,17,1.7469889648301238,0.0009729206003339325,1.7479153083810712,1.7384002771503453,0.10775440834668448,0.0005217607404899441,0.10804989104389039,0.10829772976720749
FB2,0.12,0.65,0.54,2.2500000000000004,512,1024,0.0069830446129513744,1.0,logarithmic accumulation,9,0.06284740151656237,18,1.7383645760035353,0.0010195318034233677,1.7388759183381577,1.7293886002152525,0.12073159779486992,0.0005685905959287265,0.12069127872588596,0.12096859086722875
FB2,0.12,0.65,0.54,2.2500000000000004,512,1024,0.0069830446129513744,1.0,logarithmic accumulation,10,0.06983044612951375,18,1.7284845593697973,0.001061565913717397,1.7292181293109041,1.7197575763196111,0.13236469088286623,0.0005985995471910256,0.13239072271674424,0.1326954480063332
FB2,0.12,0.65,0.54,2.2500000000000004,512,1024,0.0069830446129513744,1.0,logarithmic accumulation,11,0.07681349074246512,18,1.7188033642717921,0.0011030043900286661,1.7197992492201428,1.710366473837203,0.143918772001903,0.0006388482829541157,0.1439426698534394,0.14427454068290904
FB2,0.12,0.65,0.54,2.2500000000000004,512,1024,0.0069830446129513744,1.0,logarithmic accumulation,12,0.0837965353554165,18,1.710156159878253,0.0011384504680009254,1.7106135873217472,1.7012096089558648,0.15573682991540316,0.0006707551786524437,0.15534926031092894,0.15570800908922433
FB2,0.12,0.65,0.54,2.2500000000000004,512,1024,0.0069830446129513744,1.0,logarithmic accumulation,13,0.09077957996836787,18,1.701053532688348,0.0011682839283000067,1.7016555864543814,1.6922814298424027,0.1668786732079878,0.0007064336211912232,0.16661260020692073,0.16699795946508142
FB2,0.12,0.65,0.54,2.2500000000000004,512,1024,0.0069830446129513744,1.0,logarithmic accumulation,14,0.09776262458131924,18,1.692043533714238,0.0012093210542537447,1.692919819915546,1.6835765135976029,0.17755010033722482,0.0007417713736192552,0.17773476218088144,0.17814646467247092
FB2,0.12,0.65,0.54,2.2500000000000004,512,1024,0.0069830446129513744,1.0,logarithmic accumulation,15,0.10474566919427061,18,1.6835918663059293,0.0012365227892728546,1.684400988410716,1.675089563281438,0.18855203561628772,0.0007846834583845288,0.18871778596269315,0.18915556476001202
FB2,0.12,0.65,0.54,2.2500000000000004,512,1024,0.0069830446129513744,1.0,logarithmic accumulation,16,0.11172871380722199,18,1.6755678341789624,0.0012735889853142707,1.6760939170738591,1.666815405006828,0.1995944799338305,0.0008075234904047962,0.1995636789311497,0.20002726751736782
FB2,0.12,0.65,0.54,2.2500000000000004,512,1024,0.0069830446129513744,1.0,logarithmic accumulation,17,0.11871175842017337,18,1.6672530366559364,0.0013111479298189498,1.6679935525576572,1.6587489851003951,0.2102373206420245,0.0008568332881655606,0.21027441666248292,0.21076354901982122
FB2,0.12,0.65,0.54,2.2500000000000004,512,1024,0.0069830446129513744,1.0,logarithmic accumulation,18,0.12569480303312475,19,1.6595955851078479,0.001342921475303961,1.6600949601917994,1.6508853673286494,0.2208537806245261,0.0008943724824957178,0.2208519434691028,0.2213663541631922
FB2,0.12,0.65,0.54,2.2500000000000004,512,1024,0.0069830446129513744,1.0,logarithmic accumulation,19,0.13267784764607612,19,1.6507613767247622,0.001356028276832791,1.6516334691284904,1.6424581429548104,0.2303847435082928,0.0009100419253776353,0.23059525874268194,0.2311330782306027
FB2,0.12,0.65,0.54,2.2500000000000004,512,1024,0.0069830446129513744,1.0,logarithmic accumulation,20,0.1396608922590275,19,1.6420245371960502,0.0013748448075370458,1.6433742252595152,1.6342342038874345,0.23946093991631734,0.0009264789527514399,0.24021791408503107,0.24077889111183204
FB2,0.12,0.65,0.54,2.2500000000000004,512,1024,0.0069830446129513744,1.0,logarithmic accumulation,21,0.14664393687197885,19,1.634188437525442,0.0013984365808999055,1.6353124811245876,1.6262087978146649,0.24916842252811608,0.0009570309917697862,0.24972163726725444,0.25030552148508894
FB2,0.12,0.65,0.54,2.2500000000000004,512,1024,0.0069830446129513744,1.0,logarithmic accumulation,22,0.15362698148493023,19,1.6260675730386962,0.0014232700490186658,1.627443599788107,1.618377281950709,0.2583118351676672,0.0009845761693826366,0.2591081288490923,0.2597146708789145
FB2,0.12,0.65,0.54,2.2500000000000004,512,1024,0.0069830446129513744,1.0,logarithmic accumulation,23,0.1606100260978816,19,1.6183689446913303,0.0014490637369624945,1.619763052268239,1.6107351205212592,0.26748333379080735,0.0010072060374071528,0.26837906263763645,0.2690080141279716
FB2,0.12,0.65,0.54,2.2500000000000004,512,1024,0.0069830446129513744,1.0,logarithmic accumulation,24,0.167593070710833,19,1.6103530761040408,0.001463066887236561,1.6122664150259287,1.603277882306667,0.2767418066746893,0.0010252453618532424,0.27753608613790265,0.2781871998207895
FB2,0.12,0.65,0.54,2.2500000000000004,512,1024,0.0069830446129513744,1.0,logarithmic accumulation,25,0.17457611532378436,19,1.6025462993926896,0.0014708841654207088,1.604949367512437,1.5960012382415514,0.28566372453208116,0.0010404893753111156,0.2865808209954117,0.2872538507396099
FB2,0.12,0.65,0.54,2.2500000000000004,512,1024,0.0069830446129513744,1.0,logarithmic accumulation,26,0.18155915993673574,19,1.5958509223745827,0.0014899792196673913,1.5978076897740325,1.588900959069536,0.295037243958322,0.0010695107229793828,0.29551486343092487,0.29620956429247985
FB2,0.12,0.65,0.54,2.2500000000000004,512,1024,0.0069830446129513744,1.0,logarithmic accumulation,27,0.18854220454968712,20,1.5893133324439803,0.0015177070908524014,1.5908372601125098,1.581972913051842,0.3042360743386513,0.001104174898518636,0.30433978466748024,0.30505591293773254
FB2,0.12,0.65,0.54,2.2500000000000004,512,1024,0.0069830446129513744,1.0,logarithmic accumulation,28,0.19552524916263847,20,1.5825812409890359,0.0015411052102393098,1.5833519503430777,1.5745293944685406,0.3127260780177392,0.0011323859252317366,0.3124224041054754,0.31315826325725504
FB2,0.12,0.65,0.54,2.2500000000000004,512,1024,0.0069830446129513744,1.0,logarithmic accumulation,29,0.20250829377558985,20,1.5753331384005875,0.0015504996315935462,1.5760389015295493,1.5672591129970694,0.32070825859851987,0.0011538396072344754,0.3204069368551143,0.3211622976535785
FB2,0.12,0.65,0.54,2.2500000000000004,512,1024,0.0069830446129513744,1.0,logarithmic accumulation,30,0.20949133838854123,20,1.5684879407081898,0.0015663716857636527,1.568894136995576,1.5601580800138306,0.3287395890553423,0.0011740591130236344,0.3282947663755593,0.32906940102761095
FB2,0.12,0.65,0.54,2.2500000000000004,512,1024,0.0069830446129513744,1.0,logarithmic accumulation,31,0.2164743830014926,20,1.5615115828203638,0.0015738460661583326,1.5619137717741038,1.5532223980332145,0.33651576837520547,0.0011836285795865337,0.33608725459466593,0.3368809367799108
FB2,0.12,0.65,0.54,2.2500000000000004,512,1024,0.0069830446129513744,1.0,logarithmic accumulation,32,0.22345742761444398,20,1.5554214022961834,0.0015823049595863018,1.5550940104871396,1.5464482586269068,0.3446368210036098,0.001199602182543561,0.34378574226842706,0.3445982471682684
FB2,0.12,0.65,0.54,2.2500000000000004,512,1024,0.0069830446129513744,1.0,logarithmic accumulation,33,0.23044047222739536,20,1.5493640633945522,0.0015974749578721481,1.5484311452747286,1.5398319403907914,0.35267079820412367,0.0012265821580475392,0.3513915493340898,0.35222265365902244
FB2,0.12,0.65,0.54,2.2500000000000004,512,1024,0.0069830446129513744,1.0,logarithmic accumulation,34,0.23742351684034674,20,1.5427365605688736,0.0016039689474389726,1.5419215537719972,1.5333698069583679,0.3600944605319586,0.0012365524133175244,0.35890597525705953,0.35975545727222963
FB2,0.12,0.65,0.54,2.2500000000000004,512,1024,0.0069830446129513744,1.0,logarithmic accumulation,35,0.24440656145329812,20,1.536398246818921,0.0016234596663342986,1.5355616971331352,1.527058305059611,0.3673386513126976,0.0012633862023948416,0.36633029937170647,0.3671979389207965
FB2,0.12,0.65,0.54,2.2500000000000004,512,1024,0.0069830446129513744,1.0,logarithmic accumulation,36,0.2513896060662495,21,1.5306190752289566,0.0016329080163187883,1.5293481181012334,1.5208939626242262,0.375011658938196,0.0012822300647604742,0.37366578121618604,0.3745513597436848
FB2,0.12,0.65,0.54,2.2500000000000004,512,1024,0.0069830446129513744,1.0,logarithmic accumulation,37,0.25837265067920084,21,1.5240814890319685,0.0016353588583209232,1.5226617148329509,1.514256238650785,0.3818796769625,0.001287921586415728,0.3803378030483786,0.38123978059224056
FB2,0.12,0.65,0.54,2.2500000000000004,512,1024,0.0069830446129513744,1.0,logarithmic accumulation,38,0.26535569529215225,21,1.5175792280208116,0.0016490812963188832,1.5161230067442792,1.507767072967777,0.38853416586798506,0.0013067175636287,0.3869307174691894,0.38784888976879317
FB2,0.12,0.65,0.54,2.2500000000000004,512,1024,0.0069830446129513744,1.0,logarithmic accumulation,39,0.2723387399051036,21,1.5113926865040237,0.0016396350532325895,1.5097286476171892,1.5014231035983372,0.3949672882575549,0.0013107746498158591,0.3934456207779702,0.3943797852956943
FB2,0.12,0.65,0.54,2.2500000000000004,512,1024,0.0069830446129513744,1.0,logarithmic accumulation,40,0.279321784518055,21,1.504748071541023,0.0016484171464134325,1.5034753675800199,1.4952210446363932,0.4012552058867778,0.0013303214829860973,0.39988359244831156,0.40083354837900964
FB2,0.12,0.65,0.54,2.2500000000000004,512,1024,0.0069830446129513744,1.0,logarithmic accumulation,41,0.28630482913100636,21,1.499089247210161,0.0016648760481524534,1.4973599713546544,1.489157684521008,0.4082744578512839,0.0013496950844398927,0.40624569540572025,0.40721124368511286
FB2,0.12,0.65,0.54,2.2500000000000004,512,1024,0.0069830446129513744,1.0,logarithmic accumulation,42,0.2932878737439577,21,1.4927829319844408,0.0016809994624161838,1.4913793365441828,1.4832298843500242,0.41442602748801277,0.0013703106691521332,0.4125329763004553,0.413513919612479
FB2,0.12,0.65,0.54,2.2500000000000004,512,1024,0.0069830446129513744,1.0,logarithmic accumulation,43,0.3002709183569091,21,1.4863565366118574,0.0016980488213944435,1.4855304119601065,1.47743457623211,0.42018318158160783,0.0013884814835347125,0.41874646577561153,0.41974260855876483
FB2,0.12,0.65,0.54,2.2500000000000004,512,1024,0.0069830446129513744,1.0,logarithmic accumulation,44,0.30725396296986046,21,1.4808427581749646,0.0017101128819610933,1.4798102159881765,1.4717687616763346,0.4262462325850569,0.0014107935437243288,0.42488717873053644,0.42589832718326287
FB2,0.12,0.65,0.54,2.2500000000000004,512,1024,0.0069830446129513744,1.0,logarithmic accumulation,45,0.31423700758281187,22,1.4752237072836754,0.0017152772051731507,1.4742158349919574,1.4662295100184068,0.4325223464749414,0.0014209312913776413,0.4309561145796654,0.431982076664811
FB2,0.12,0.65,0.54,2.2500000000000004,512,1024,0.0069830446129513744,1.0,logarithmic accumulation,46,0.3212200521957632,22,1.4691062434593105,0.0017144554679200644,1.4681858255495288,1.4602540589282806,0.43779436237255237,0.0014258031019045792,0.4364295630555258,0.4374689401705491
FB2,0.12,0.65,0.54,2.2500000000000004,512,1024,0.0069830446129513744,1.0,logarithmic accumulation,47,0.3282030968087146,22,1.4633812423695214,0.0017177658193024254,1.4622833443472578,1.4544068604368257,0.4432681775667683,0.0014353873848111118,0.44183985257563924,0.4428924664842524
FB2,0.12,0.65,0.54,2.2500000000000004,512,1024,0.0069830446129513744,1.0,logarithmic accumulation,48,0.335186141421666,22,1.4578223748526304,0.001716930772979185,1.4565055615202924,1.4486850673574818,0.448731565812432,0.0014367397752871735,0.44718784024007785,0.4482535145330704
FB2,0.12,0.65,0.54,2.2500000000000004,512,1024,0.0069830446129513744,1.0,logarithmic accumulation,49,0.3421691860346173,22,1.4515538355476791,0.0017387046094341524,1.4508497109954135,1.4430858962189972,0.45354364691380356,0.001467858701127052,0.4524743702146318,0.45355293030474864
FB2,0.12,0.65,0.54,2.2500000000000004,512,1024,0.0069830446129513744,1.0,logarithmic accumulation,50,0.34915223064756873,22,1.446075679417611,0.0017371743336011744,1.445313089037899,1.4376066258304347,0.45855172041890274,0.0014702472159962847,0.45770027394127877,0.4587915470575802
FB2,0.12,0.65,0.54,2.2500000000000004,512,1024,0.0069830446129513744,1.0,logarithmic accumulation,51,0.3561352752605201,22,1.4402931635131981,0.001744255321073328,1.4398930528317708,1.4322445958786987,0.46336051295200686,0.0014821606639042182,0.4628663703450291,0.463970185526756
FB2,0.12,0.65,0.54,2.2500000000000004,512,1024,0.0069830446129513744,1.0,logarithmic accumulation,52,0.3631183198734715,22,1.4351057041284094,0.0017413135065369682,1.43458701909265,1.4269972055578333,0.4688990824764079,0.00148168122113314,0.46797346603721107,0.46908965412717873
FB2,0.12,0.65,0.54,2.2500000000000004,512,1024,0.0069830446129513744,1.0,logarithmic accumulation,53,0.37010136448642283,22,1.4300285618807802,0.001746429111522013,1.4293924627124643,1.4218619122293765,0.4739898396051358,0.0014943485714015135,0.4730223555152593,0.4741507491528023
FB2,0.12,0.65,0.54,2.2500000000000004,512,1024,0.0069830446129513744,1.0,logarithmic accumulation,54,0.37708440909937424,23,1.4251017776058827,0.0017507425947597321,1.424306915435276,1.4168362301130561,0.47911560947942033,0.0015031339780933084,0.47801382135907133,0.4791542549725609
FB2,0.12,0.65,0.54,2.2500000000000004,512,1024,0.0069830446129513744,1.0,logarithmic accumulation,55,0.3840674537123256,23,1.4203793817178791,0.0017584077549377465,1.4188188941903817,1.4114074624248327,0.48414580027758136,0.0015191661497268101,0.48246867530353565,0.4836198776698567
FB2,0.12,0.65,0.54,2.2500000000000004,512,1024,0.0069830446129513744,1.0,logarithmic accumulation,56,0.39105049832527694,23,1.4151022407562048,0.001769957323305678,1.4134418029598235,1.4060902018528931,0.4884957635477709,0.00153561963431236,0.48687376176425196,0.4880355804197131
FB2,0.12,0.65,0.54,2.2500000000000004,512,1024,0.0069830446129513744,1.0,logarithmic accumulation,57,0.39803354293822835,23,1.4095722868585274,0.0017652924625610334,1.4081732354649406,1.4008820247264158,0.4925223593250807,0.001537580214211428,0.4912297388823513,0.4924020231738788
FB2,0.12,0.65,0.54,2.2500000000000004,512,1024,0.0069830446129513744,1.0,logarithmic accumulation,58,0.4050165875511797,23,1.4037812514611798,0.0017674330402220385,1.4030108389475893,1.3957805609480314,0.4961699131450136,0.0015440707461671708,0.49553725507651614,0.4967198561470084
FB2,0.12,0.65,0.54,2.2500000000000004,512,1024,0.0069830446129513744,1.0,logarithmic accumulation,59,0.4119996321641311,23,1.398706701056542,0.0017751147076901775,1.3979523129616478,1.3907834927969587,0.5003255411314025,0.00155621037112532,0.499796949198345,0.5009897199719129
FB2,0.12,0.65,0.54,2.2500000000000004,512,1024,0.0069830446129513744,1.0,logarithmic accumulation,60,0.41898267677708245,23,1.3937112282937885,0.0017770646253420167,1.3929954081921114,1.3858885537591086,0.504606808394531,0.0015645625953305596,0.5040094506850824,0.5052122458521852
FB2,0.12,0.65,0.54,2.2500000000000004,512,1024,0.0069830446129513744,1.0,logarithmic accumulation,61,0.42596572139003386,23,1.3888808688149457,0.0017824398659091799,1.3881379253011417,1.3810935273835403,0.5087689604500533,0.0015779771683496968,0.5081753797097617,0.5093880557122495
FB2,0.12,0.65,0.54,2.2500000000000004,512,1024,0.0069830446129513744,1.0,logarithmic accumulation,62,0.4329487660029852,23,1.3840328649822298,0.001774187317482487,1.3833777138004508,1.3763962461646797,0.5128340927591302,0.0015738095551008024,0.5122953473288059,0.5135177623448807
FB2,0.12,0.65,0.54,2.2500000000000004,512,1024,0.0069830446129513744,1.0,logarithmic accumulation,63,0.4399318106159366,24,1.3794034290138306,0.0017677649565949912,1.3787126709494157,1.3717945904497049,0.5167672050298264,0.0015701135989208785,0.5163699556271335,0.5176019695562346
FB2,0.12,0.65,0.54,2.2500000000000004,512,1024,0.0069830446129513744,1.0,logarithmic accumulation,64,0.44691485522888796,24,1.3736073666109834,0.0017648654769879923,1.3736748895499726,1.3668195319302825,0.5197190560750442,0.00157120359476016,0.5199591703193654,0.5211996265315394
FB2,0.12,0.65,0.54,2.2500000000000004,512,1024,0.0069830446129513744,1.0,logarithmic accumulation,65,0.4538978998418393,24,1.3689763968853046,0.0017689465347473766,1.3687343351097137,1.3619421329620538,0.5235812932213547,0.0015808874178768455,0.5235098509721677,0.5247586216672974
FB2,0.12,0.65,0.54,2.2500000000000004,512,1024,0.0069830446129513744,1.0,logarithmic accumulation,66,0.4608809444547907,24,1.364672862014803,0.001774247975798144,1.3638889495150348,1.3571603189151609,0.5275375926437875,0.0015942251727761067,0.5270224905247898,0.5282794496180905
FB2,0.12,0.65,0.54,2.2500000000000004,512,1024,0.0069830446129513744,1.0,logarithmic accumulation,67,0.46786398906774207,24,1.3598686979951373,0.0017920584766809057,1.3591367197586948,1.352472060398168,0.5310254388593246,0.001617112313868461,0.5304975748387648,0.5317625979403128
FB2,0.12,0.65,0.54,2.2500000000000004,512,1024,0.0069830446129513744,1.0,logarithmic accumulation,68,0.4748470336806935,24,1.3553510116959049,0.0018024053484578754,1.354475676931208,1.347875372256456,0.5345648936867368,0.0016306682308342437,0.5339355828082165,0.5352085472026448
FB2,0.12,0.65,0.54,2.2500000000000004,512,1024,0.0069830446129513744,1.0,logarithmic accumulation,69,0.4818300782936448,24,1.3511213887789544,0.001798390181907649,1.3499038952351086,1.3433683125930447,0.5382864842669165,0.001628269439476539,0.5373369864683367,0.538617771094701
FB2,0.12,0.65,0.54,2.2500000000000004,512,1024,0.0069830446129513744,1.0,logarithmic accumulation,70,0.48881312290659623,24,1.3461818217919832,0.0018097966983854474,1.34541949102156,1.3389489818113285,0.541294012391675,0.001644213965225105,0.5407022511020683,0.5419907365338811
FB2,0.12,0.65,0.54,2.2500000000000004,512,1024,0.0069830446129513744,1.0,logarithmic accumulation,71,0.4957961675195476,24,1.3412055259602433,0.0018091802593693618,1.3410206218487966,1.3346155216792388,0.5440389388657042,0.0016484015710228196,0.54403183534502,0.5453279037704567
FB2,0.12,0.65,0.54,2.2500000000000004,512,1024,0.0069830446129513744,1.0,logarithmic accumulation,72,0.502779212132499,25,1.3373346680723321,0.0018020697966992334,1.3367054855619016,1.3303661144143422,0.5477714202626922,0.0016463421007365596,0.5473261912886486,0.5486297264909253
FB2,0.12,0.65,0.54,2.2500000000000004,512,1024,0.0069830446129513744,1.0,logarithmic accumulation,73,0.5097622567454503,25,1.3326944895093589,0.0017927818803566483,1.3320444110830896,1.32577004982674,0.5506915912658294,0.0016419765839625412,0.5501798936071569,0.5514898419116956
FB2,0.12,0.65,0.54,2.2500000000000004,512,1024,0.0069830446129513744,1.0,logarithmic accumulation,74,0.5167453013584017,25,1.3281333123499524,0.001778909171410589,1.3274692098168321,1.3212601562539397,0.5534438177261212,0.0016312607760160928,0.5530044734319564,0.5543207300606758
FB2,0.12,0.65,0.54,2.2500000000000004,512,1024,0.0069830446129513744,1.0,logarithmic accumulation,75,0.5237283459713531,25,1.3237484815773455,0.001801037626702578,1.3229781104820477,1.3168346473321622,0.5565489762059078,0.0016581998568516577,0.5558002868131776,0.5571227485595948
FB2,0.12,0.65,0.54,2.2500000000000004,512,1024,0.0069830446129513744,1.0,logarithmic accumulation,76,0.5307113905843045,25,1.31949934081667,0.0017960040577480853,1.3185693800000566,1.3124917750758822,0.5595194975364138,0.0016551145778626937,0.5585676848950392,0.5598962501006292
FB2,0.12,0.65,0.54,2.2500000000000004,512,1024,0.0069830446129513744,1.0,logarithmic accumulation,77,0.5376944351972558,25,1.3146699980449534,0.001788282441309888,1.3142413226494911,1.3082298290365029,0.5618189221496439,0.0016488556202069798,0.5613070139894353,0.5626415825203513
FB2,0.12,0.65,0.54,2.2500000000000004,512,1024,0.0069830446129513744,1.0,logarithmic accumulation,78,0.5446774798102072,25,1.3105506126760949,0.0018013110371856002,1.3099922792402228,1.304047135479732,0.5646334140125079,0.001665158015232567,0.5640186156483457,0.5653590888724902
FB2,0.12,0.65,0.54,2.2500000000000004,512,1024,0.0069830446129513744,1.0,logarithmic accumulation,79,0.5516605244231586,25,1.3061885557164117,0.0017946224938742976,1.305820626305871,1.2999420565812458,0.567221839563124,0.0016611971945673313,0.5667028267350902,0.5680491074995344
FB2,0.12,0.65,0.54,2.2500000000000004,512,1024,0.0069830446129513744,1.0,logarithmic accumulation,80,0.55864356903611,25,1.3016415113736215,0.001806181284234049,1.3017247753144752,1.2959129896402217,0.5694997760802969,0.0016777521983571137,0.5693599794944463,0.5707119721031909
FB2,0.12,0.65,0.54,2.2500000000000004,512,1024,0.0069830446129513744,1.0,logarithmic accumulation,81,0.5656266136490613,26,1.2972997451224182,0.0018084490939024804,1.2977031718969105,1.2919583663103456,0.5718566584477948,0.001679604720250265,0.571990401621647,0.573348011813722
FB2,0.12,0.65,0.54,2.2500000000000004,512,1024,0.0069830446129513744,1.0,logarithmic accumulation,82,0.5726096582620127,26,1.2932220176222622,0.0018252646566810982,1.2933598806088,1.2876812850406698,0.5744362238512812,0.0017005512181929852,0.5742194032763985,0.5755816697862007
FB2,0.12,0.65,0.54,2.2500000000000004,512,1024,0.0069830446129513744,1.0,logarithmic accumulation,83,0.5795927028749641,26,1.2884632604180113,0.0018187826055716212,1.2890930161208651,1.2834808072510726,0.5762625518774953,0.0016966329507205782,0.5764271554644235,0.5777939945959971
FB2,0.12,0.65,0.54,2.2500000000000004,512,1024,0.0069830446129513744,1.0,logarithmic accumulation,84,0.5865757474879154,26,1.284467016132276,0.001825322092606923,1.2849010440877537,1.279355385232959,0.5785002539806077,0.0017064832183249859,0.5786139010875133,0.5799852305461322
FB2,0.12,0.65,0.54,2.2500000000000004,512,1024,0.0069830446129513744,1.0,logarithmic accumulation,85,0.5935587921008668,26,1.2808443082515417,0.0018258596713001615,1.280782462691088,1.2753035039999594,0.5811856581579324,0.0017090410368302725,0.5807798799192003,0.5821556187864367
FB2,0.12,0.65,0.54,2.2500000000000004,512,1024,0.0069830446129513744,1.0,logarithmic accumulation,86,0.6005418367138182,26,1.2773765068922383,0.0018139914326665313,1.2767358019283195,1.2713236805783361,0.583750406804263,0.0016984292127243767,0.5829253286485364,0.5843053973578123
FB2,0.12,0.65,0.54,2.2500000000000004,512,1024,0.0069830446129513744,1.0,logarithmic accumulation,87,0.6075248813267696,26,1.2735086000267972,0.0018059528091320335,1.2727596229174536,1.2674144633130462,0.5860353561004022,0.00169286701991237,0.5850504809232224,0.58643480123583
FB2,0.12,0.65,0.54,2.2500000000000004,512,1024,0.0069830446129513744,1.0,logarithmic accumulation,88,0.6145079259397209,26,1.269740544944547,0.0018287912168930916,1.2688525172172826,1.2635744311891033,0.5882088444687794,0.0017187703924035295,0.5871555673920954,0.5885440623736796
FB2,0.12,0.65,0.54,2.2500000000000004,512,1024,0.0069830446129513744,1.0,logarithmic accumulation,89,0.6214909705526723,26,1.265526650597349,0.0018303939577424648,1.265013106162779,1.259802193167907,0.589821312276595,0.0017221085007071161,0.589240815746986,0.5906334097444808
FB2,0.12,0.65,0.54,2.2500000000000004,512,1024,0.0069830446129513744,1.0,logarithmic accumulation,90,0.6284740151656237,27,1.2617133397125069,0.001825337835956334,1.2612400402153008,1.2560963875381932,0.5918965726739513,0.001719482320579426,0.5913064507639545,0.5927030693829589
FB2,0.12,0.65,0.54,2.2500000000000004,512,1024,0.0069830446129513744,1.0,logarithmic accumulation,91,0.635457059778575,27,1.2576343246138721,0.0018157094198900162,1.2571672995248449,1.252090093673098,0.5935582768055092,0.0017108914716498468,0.593005196973162,0.5944049618362214
FB2,0.12,0.65,0.54,2.2500000000000004,512,1024,0.0069830446129513744,1.0,logarithmic accumulation,92,0.6424401043915264,27,1.2540547214739188,0.0018015891799265807,1.2531630889593384,1.2481524010063083,0.595561460127362,0.0016985024559042303,0.5946892672836499,0.5960921137046205
FB2,0.12,0.65,0.54,2.2500000000000004,512,1024,0.0069830446129513744,1.0,logarithmic accumulation,93,0.6494231490044778,27,1.2498517141886754,0.0017993042045065944,1.2492260704905573,1.2442819599661634,0.5969313975020438,0.00169813523742697,0.5963588113498803,0.5977646758622334
FB2,0.12,0.65,0.54,2.2500000000000004,512,1024,0.0069830446129513744,1.0,logarithmic accumulation,94,0.6564061936174292,27,1.246623489096155,0.0018002917950302602,1.2453549339416674,1.240477449030673,0.5992490941644477,0.0017003328258415593,0.5980139771474333,0.5994227974793257
FB2,0.12,0.65,0.54,2.2500000000000004,512,1024,0.0069830446129513744,1.0,logarithmic accumulation,95,0.6633892382303805,27,1.2428258609181237,0.0018073338871255344,1.2415483963859768,1.236737574126351,0.6009625267074183,0.0017091273452211617,0.5996549109927027,0.601066626042599
FB2,0.12,0.65,0.54,2.2500000000000004,512,1024,0.0069830446129513744,1.0,logarithmic accumulation,96,0.670372282843332,27,1.2389935432789199,0.0018038020013486447,1.2378052015589818,1.2330610680402123,0.6024203108707539,0.0017063900981537398,0.6012817575623615,0.602696307375202
FB2,0.12,0.65,0.54,2.2500000000000004,512,1024,0.0069830446129513744,1.0,logarithmic accumulation,97,0.6773553274562834,27,1.2356223047584693,0.0017991864913461761,1.2341241192834096,1.229446689844615,0.6041999534491701,0.0017032497542828597,0.602894659912601,0.6043119856564957
FB2,0.12,0.65,0.54,2.2500000000000004,512,1024,0.0069830446129513744,1.0,logarithmic accumulation,98,0.6843383720692346,27,1.2321550256965987,0.0017930679390954756,1.2305039449069626,1.225893224334683,0.6058489090761261,0.0016979404810907944,0.6044937594981459,0.6059138034415864
FB2,0.12,0.65,0.54,2.2500000000000004,512,1024,0.0069830446129513744,1.0,logarithmic accumulation,99,0.691321416682186,28,1.228584053642515,0.0018088759467587605,1.2269434987524797,1.2223994814780164,0.6073301435065553,0.0017156576343138384,0.6060791961910457,0.6075019016806216
FB2,0.12,0.65,0.54,2.2500000000000004,512,1024,0.0069830446129513744,1.0,logarithmic accumulation,100,0.6983044612951375,28,1.2243145174178542,0.0018092963500140212,1.2231034129080114,1.2186252513221043,0.6081454888926661,0.0017174345794023472,0.607328245456387,0.6087528084361975
FB2,0.12,0.65,0.54,2.2500000000000004,512,1024,0.0069830446129513744,1.0,logarithmic accumulation,101,0.7052875059080889,28,1.220602895401775,0.0018115769979868074,1.2193252210819034,1.2149128965981806,0.6093755257374944,0.0017214400555574147,0.6085680947264356,0.6099944674304616
FB2,0.12,0.65,0.54,2.2500000000000004,512,1024,0.0069830446129513744,1.0,logarithmic accumulation,102,0.7122705505210402,28,1.2166384941235324,0.0018176896373518043,1.2156077484699226,1.211261232756137,0.6103564220540846,0.0017289678109182467,0.6097988170841402,0.6112269527837094
FB2,0.12,0.65,0.54,2.2500000000000004,512,1024,0.0069830446129513744,1.0,logarithmic accumulation,103,0.7192535951339916,28,1.213134942532124,0.001819479177213522,1.2119498442578533,1.2076690994266306,0.6118222521069736,0.0017324759115625592,0.6110204851097453,0.6124503380894631
FB2,0.12,0.65,0.54,2.2500000000000004,512,1024,0.0069830446129513744,1.0,logarithmic accumulation,104,0.726236639746943,28,1.2092749833289327,0.0018195828634786923,1.2083503811105838,1.2041353599093294,0.6127874006739615,0.0017341360117170029,0.6122331708811375,0.6136646964154094
FB2,0.12,0.65,0.54,2.2500000000000004,512,1024,0.0069830446129513744,1.0,logarithmic accumulation,105,0.7332196843598943,28,1.205282199265113,0.001823653918213703,1.2048082546723744,1.2006589006722548,0.6134979548393743,0.0017402298508162094,0.6134369459742995,0.6148701003044315
FB2,0.12,0.65,0.54,2.2500000000000004,512,1024,0.0069830446129513744,1.0,logarithmic accumulation,106,0.7402027289728457,28,1.2020577610687115,0.001828299381275259,1.2013223830780633,1.1972386308619658,0.615033582911197,0.0017469841542915106,0.6146318814638654,0.6160666217757277
FB2,0.12,0.65,0.54,2.2500000000000004,512,1024,0.0069830446129513744,1.0,logarithmic accumulation,107,0.7471857735857971,28,1.1987535039993424,0.0018371746589399157,1.1978917064749646,1.1938734818243546,0.6162931487056239,0.001757752045908958,0.6158180479237756,0.6172543323260159
FB2,0.12,0.65,0.54,2.2500000000000004,512,1024,0.0069830446129513744,1.0,logarithmic accumulation,108,0.7541688181987485,29,1.1960452084850695,0.0018526736245473862,1.1945151865552173,1.1905624066358125,0.6181038185310783,0.001775989035838876,0.6169955154280256,0.6184333029308168
FB2,0.12,0.65,0.54,2.2500000000000004,512,1024,0.0069830446129513744,1.0,logarithmic accumulation,109,0.7611518628116998,29,1.1923141707351275,0.001869672488908361,1.1908773022055417,1.1869890951809279,0.6188444380874644,0.0017948913238137684,0.6178636287552302,0.6193021819378951
FB2,0.12,0.65,0.54,2.2500000000000004,512,1024,0.0069830446129513744,1.0,logarithmic accumulation,110,0.7681349074246512,29,1.1886356029130942,0.001859078367825476,1.1872957025928,1.1834719756729934,0.6196099783264613,0.0017846399774506356,0.6187270907635906,0.6201663767504233
FB2,0.12,0.65,0.54,2.2500000000000004,512,1024,0.0069830446129513744,1.0,logarithmic accumulation,111,0.7751179520376026,29,1.1852488678095052,0.0018530655387794144,1.183769349146524,1.1800100014938006,0.6205211118872027,0.0017797708504471543,0.6195859119310261,0.6210258987077949
FB2,0.12,0.65,0.54,2.2500000000000004,512,1024,0.0069830446129513744,1.0,logarithmic accumulation,112,0.7821009966505539,29,1.181673314356035,0.0018387942011498315,1.1802972240884435,1.1766021469941623,0.6213121225499213,0.0017678402975541204,0.6204401031817667,0.6218807595730488
FB2,0.12,0.65,0.54,2.2500000000000004,512,1024,0.0069830446129513744,1.0,logarithmic accumulation,113,0.7890840412635053,29,1.1781847255988862,0.0018339201187854474,1.1768783299959802,1.1732474070560241,0.6220624084581288,0.001764412729998483,0.6212896758712648,0.622730971518386
FB2,0.12,0.65,0.54,2.2500000000000004,512,1024,0.0069830446129513744,1.0,logarithmic accumulation,114,0.7960670858764567,29,1.1744750723947701,0.0018264885780116748,1.173511689375191,1.169944796663976,0.6225165528258119,0.001757946207405133,0.6221346417714781,0.6235765471110415
FB2,0.12,0.65,0.54,2.2500000000000004,512,1024,0.0069830446129513744,1.0,logarithmic accumulation,115,0.8030501304894081,29,1.1711829387947845,0.0018260095318392792,1.170196344242962,1.166693350485955,0.6234319869816053,0.0017583604239731806,0.6229750130565144,0.624417499299504
FB2,0.12,0.65,0.54,2.2500000000000004,512,1024,0.0069830446129513744,1.0,logarithmic accumulation,116,0.8100331751023594,29,1.1680648436609262,0.0018197643867000927,1.1669313557182408,1.1634921224629347,0.6243581520055911,0.001752747586709492,0.6238108022886324,0.6252538414000729
FB2,0.12,0.65,0.54,2.2500000000000004,512,1024,0.0069830446129513744,1.0,logarithmic accumulation,117,0.8170162197153108,30,1.1648562568778826,0.001831805149969855,1.1637158036221105,1.1603401854074131,0.6252484222580497,0.0017655184783270078,0.6246420224045869,0.6260855870837494
FB2,0.12,0.65,0.54,2.2500000000000004,512,1024,0.0069830446129513744,1.0,logarithmic accumulation,118,0.8239992643282622,30,1.161310375001934,0.0018227107245484978,1.1602555891189015,1.1569426995678063,0.6256571425473897,0.0017569075660338722,0.6251879264111957,0.6266313389923414
FB2,0.12,0.65,0.54,2.2500000000000004,512,1024,0.0069830446129513744,1.0,logarithmic accumulation,119,0.8309823089412136,30,1.1578316122003902,0.0018269417131861925,1.1568468879978564,1.1535965745163757,0.6261681532879775,0.0017624270023085462,0.6257329445815347,0.6271761851588481
FB2,0.12,0.65,0.54,2.2500000000000004,512,1024,0.0069830446129513744,1.0,logarithmic accumulation,120,0.8379653535541649,30,1.1545669855384997,0.0018430774687644813,1.1534887758812267,1.1503008793814817,0.6267854800343478,0.001780867679297057,0.6262770364787124,0.6277200858428282
FB2,0.12,0.65,0.54,2.2500000000000004,512,1024,0.0069830446129513744,1.0,logarithmic accumulation,121,0.8449483981671163,30,1.150757878261734,0.0018412976453756255,1.1501803465269225,1.1470547015865775,0.6268694310369092,0.0017809533936304492,0.6268201628724757,0.6282630024895324
FB2,0.12,0.65,0.54,2.2500000000000004,512,1024,0.0069830446129513744,1.0,logarithmic accumulation,122,0.8519314427800677,30,1.147801332317987,0.0018453755618894488,1.1469207114534365,1.1438571464734855,0.6276504417440801,0.0017864680790328372,0.6273622857119158,0.6288048977032107
FB2,0.12,0.65,0.54,2.2500000000000004,512,1024,0.0069830446129513744,1.0,logarithmic accumulation,123,0.858914487393019,30,1.1447144549500283,0.0018500829180850538,1.1437089995728038,1.1407073369336662,0.6282901858867636,0.0017924091679817104,0.6279033680987509,0.6293457352209766
FB2,0.12,0.65,0.54,2.2500000000000004,512,1024,0.0069830446129513744,1.0,logarithmic accumulation,124,0.8658975320059704,30,1.1416497608563776,0.0018400033619898125,1.1405443568314144,1.1376044130473213,0.6289398650002873,0.001783126579826836,0.6284433742611749,0.6298854798872258
FB2,0.12,0.65,0.54,2.2500000000000004,512,1024,0.0069830446129513744,1.0,logarithmic accumulation,125,0.8728805766189218,30,1.1372912711517211,0.001830090964904372,1.1374259458585123,1.1345475317301457,0.6282817308180584,0.0017736924236298485,0.6289822695282619,0.63042409762859
FB2,0.12,0.65,0.54,2.2500000000000004,512,1024,0.0069830446129513744,1.0,logarithmic accumulation,126,0.8798636212318732,31,1.1341183944573576,0.0018187950548226009,1.1343529456222106,1.1315358663875736,0.6288091614714457,0.0017628602949393622,0.6295200203049114,0.6309615554294212
FB2,0.12,0.65,0.54,2.2500000000000004,512,1024,0.0069830446129513744,1.0,logarithmic accumulation,127,0.8868466658448245,31,1.1307237787493811,0.001811521473931322,1.1310505731349167,1.1282939368748208,0.6290215249971807,0.0017568653891952104,0.6297938974131158,0.6312345155041487
FB2,0.12,0.65,0.54,2.2500000000000004,512,1024,0.0069830446129513744,1.0,logarithmic accumulation,128,0.8938297104577759,31,1.1272878150888073,0.0018203288954672964,1.1277956279549068,1.1250992353002898,0.62909985061208,0.0017670564430982613,0.6300699927563296,0.631509685096301
FB2,0.12,0.65,0.54,2.2500000000000004,512,1024,0.0069830446129513744,1.0,logarithmic accumulation,129,0.9008127550707273,31,1.1241304141152493,0.001829096665408411,1.1245872818701346,1.1219509283453186,0.6294488080761934,0.00177711481517441,0.6303482247604344,0.6317869831766132
FB2,0.12,0.65,0.54,2.2500000000000004,512,1024,0.0069830446129513744,1.0,logarithmic accumulation,130,0.9077957996836786,31,1.1215490643565489,0.00183023636071099,1.1214247225897036,1.118848198753007,0.6303467552818182,0.0017792602298531753,0.6306285136617422,0.6320663305071758
FB2,0.12,0.65,0.54,2.2500000000000004,512,1024,0.0069830446129513744,1.0,logarithmic accumulation,131,0.91477884429663,31,1.1179699181716443,0.0018305654897455708,1.1183071534196476,1.115790245002254,0.6301462782702707,0.0017804705370996253,0.6309107814701517,0.6323476496051749
FB2,0.12,0.65,0.54,2.2500000000000004,512,1024,0.0069830446129513744,1.0,logarithmic accumulation,132,0.9217618889095814,31,1.1152353492543599,0.0018403375622466824,1.1152337929455762,1.1127762809886417,0.6307433722185298,0.001791878495581907,0.6311949519330449,0.6326308647073544
FB2,0.12,0.65,0.54,2.2500000000000004,512,1024,0.0069830446129513744,1.0,logarithmic accumulation,133,0.9287449335225328,31,1.111772412884817,0.001845425029326658,1.1122038747220298,1.109805535712018,0.630615042166292,0.0017978460966899445,0.6314809504999064,0.6329159017351867
FB2,0.12,0.65,0.54,2.2500000000000004,512,1024,0.0069830446129513744,1.0,logarithmic accumulation,134,0.9357279781354841,31,1.1088333059312865,0.0018522830929474366,1.1092166469684015,1.10687725297063,0.6310655384176426,0.0018062443093729477,0.63176870428765,0.6332026882607331
FB2,0.12,0.65,0.54,2.2500000000000004,512,1024,0.0069830446129513744,1.0,logarithmic accumulation,135,0.9427110227484355,32,1.1052165001477938,0.0018465252055745547,1.1062713722712831,1.1039906910616748,0.6306577224974914,0.0018006964152687762,0.632058142046642,0.6334911534731866
FB2,0.12,0.65,0.54,2.2500000000000004,512,1024,0.0069830446129513744,1.0,logarithmic accumulation,136,0.949694067361387,32,1.102171367376974,0.0018393392786301458,1.1031107445719976,1.1008878867270493,0.630854368268935,0.0017942549075074061,0.6321028918171966,0.6335343547645201
FB2,0.12,0.65,0.54,2.2500000000000004,512,1024,0.0069830446129513744,1.0,logarithmic accumulation,137,0.9566771119743382,32,1.0984888369762253,0.0018474812469957476,1.0999940200208107,1.0978287509148024,0.6303868700773259,0.0018037995174337259,0.6321524055018448,0.633582320812674
FB2,0.12,0.65,0.54,2.2500000000000004,512,1024,0.0069830446129513744,1.0,logarithmic accumulation,138,0.9636601565872897,32,1.0953326544396171,0.001849212367442443,1.0969204518007478,1.0948125329151588,0.6303956293491063,0.0018059310145938886,0.6322065685595973,0.6336349374845877
FB2,0.12,0.65,0.54,2.2500000000000004,512,1024,0.0069830446129513744,1.0,logarithmic accumulation,139,0.9706432012002411,32,1.0920078493923504,0.0018350990295236155,1.0938893071629305,1.0918384962081449,0.6301299824660764,0.0017918369050622506,0.6322652687340055,0.6336920929145761
FB2,0.12,0.65,0.54,2.2500000000000004,512,1024,0.0069830446129513744,1.0,logarithmic accumulation,140,0.9776262458131925,32,1.089452326912232,0.001820082910653563,1.0908998671445858,1.0889059181798821,0.6305593776563575,0.0017773036069039746,0.6323283960089582,0.633753677460686
FB2,0.12,0.65,0.54,2.2500000000000004,512,1024,0.0069830446129513744,1.0,logarithmic accumulation,141,0.9846092904261438,32,1.0869789571052806,0.0018133206609095365,1.087951426292947,1.0860140898447688,0.6311378374328217,0.0017714598755314006,0.6323958425653399,0.6338195836618936
FB2,0.12,0.65,0.54,2.2500000000000004,512,1024,0.0069830446129513744,1.0,logarithmic accumulation,142,0.9915923350390952,32,1.0839719684500828,0.0018148264282137458,1.0850432923949267,1.0831623155734245,0.6310572610834977,0.0017736886982953266,0.6324675027385284,0.6338897061961307
FB2,0.12,0.65,0.54,2.2500000000000004,512,1024,0.0069830446129513744,1.0,logarithmic accumulation,143,0.9985753796520466,32,1.0816427490318552,0.0018250823963075265,1.082174786212427,1.080349912826279,0.6316651378704177,0.0017846435444980365,0.6325432729767203,0.6339639418391213
FB2,0.12,0.65,0.54,2.2500000000000004,512,1024,0.0069830446129513744,1.0,logarithmic accumulation,144,1.005558424264998,33,1.0785655876790174,0.0018250372873852686,1.0793452412231759,1.0775762118926746,0.6314841417165542,0.0017854788642019683,0.6326230518000651,0.6340421894240084
FB2,0.12,0.65,0.54,2.2500000000000004,512,1024,0.0069830446129513744,1.0,logarithmic accumulation,145,1.0125414688779493,33,1.0751715483090527,0.001820466974413961,1.076313215672187,1.0745991504213857,0.6309806515226085,0.0017819476403288896,0.6324753599952492,0.6338924336878693
FB2,0.12,0.65,0.54,2.2500000000000004,512,1024,0.0069830446129513744,1.0,logarithmic accumulation,146,1.0195245134909006,33,1.0727673269412579,0.001820648391299657,1.0733220312992928,1.0716626702314316,0.6314290011860839,0.001782486528775266,0.6323345065765235,0.6337495252715577
FB2,0.12,0.65,0.54,2.2500000000000004,512,1024,0.0069830446129513744,1.0,logarithmic accumulation,147,1.026507558103852,33,1.0697960926575347,0.001807940547258673,1.0703710105547315,1.0687660909238694,0.6313091256525354,0.0017703458801158092,0.6322003508557243,0.6336133237729027
FB2,0.12,0.65,0.54,2.2500000000000004,512,1024,0.0069830446129513744,1.0,logarithmic accumulation,148,1.0334906027168034,33,1.0670545606566932,0.0017991864884742083,1.0674594883998052,1.0659087447144078,0.6312785998041958,0.0017619196496575947,0.6320727547960912,0.6334836914258412
FB2,0.12,0.65,0.54,2.2500000000000004,512,1024,0.0069830446129513744,1.0,logarithmic accumulation,149,1.040473647329755,33,1.0640364554307864,0.0017962801391940982,1.0645868120600637,1.0630899761849781,0.6309955724022503,0.0017594033029222386,0.6319515829624966,0.6333604930511785
FB2,0.12,0.65,0.54,2.2500000000000004,512,1024,0.0069830446129513744,1.0,logarithmic accumulation,150,1.0474566919427062,33,1.0612884417333956,0.0018060842229797734,1.0617523407835803,1.0603091420404023,0.6309771802948241,0.0017699461266164741,0.6318367024726288,0.6332435960082843
FB2,0.12,0.65,0.54,2.2500000000000004,512,1024,0.0069830446129513744,1.0,logarithmic accumulation,151,1.0544397365556575,33,1.0580080562505843,0.0017981810578533365,1.0589554456042158,1.0575656108700444,0.6303764747443596,0.00176230651085449,0.6317279829491025,0.6331328701476995
FB2,0.12,0.65,0.54,2.2500000000000004,512,1024,0.0069830446129513744,1.0,logarithmic accumulation,152,1.061422781168609,33,1.054681079295122,0.0017933680066286413,1.056195509109757,1.0548587629143484,0.6297419971650187,0.0017581134921681382,0.6316252964724811,0.6330281877646439
FB2,0.12,0.65,0.54,2.2500000000000004,512,1024,0.0069830446129513744,1.0,logarithmic accumulation,153,1.0684058257815603,34,1.0523820636999865,0.0017911081759049614,1.0534719252148323,1.0521879898361535,0.6300563710769416,0.0017561992987726851,0.6315285175351969,0.6329294235534019
FB2,0.12,0.65,0.54,2.2500000000000004,512,1024,0.0069830446129513744,1.0,logarithmic accumulation,154,1.0753888703945116,34,1.0494077645799715,0.0017900853932403913,1.050557696322156,1.0493257070710498,0.62965422843269,0.001755638969183523,0.6312197633731489,0.6326181903157547
FB2,0.12,0.65,0.54,2.2500000000000004,512,1024,0.0069830446129513744,1.0,logarithmic accumulation,155,1.082371915007463,34,1.047247208286807,0.0017904069905235115,1.04768162817069,1.0465013083861396,0.6300673985958324,0.0017566202720819828,0.6309195246762105,0.6323154882552657
FB2,0.12,0.65,0.54,2.2500000000000004,512,1024,0.0069830446129513744,1.0,logarithmic accumulation,156,1.0893549596204144,34,1.044607967275155,0.0017831091890635152,1.0448431024959512,1.043714173550819,0.6299414914838448,0.0017497378749129129,0.6306276402936881,0.632021156399973
FB2,0.12,0.65,0.54,2.2500000000000004,512,1024,0.0069830446129513744,1.0,logarithmic accumulation,157,1.0963380042333657,34,1.0412804483192546,0.0017876131250294642,1.0420415122303446,1.0409636936181568,0.6291937491648256,0.0017550979455826909,0.6303439520046331,0.6317350366941463
FB2,0.12,0.65,0.54,2.2500000000000004,512,1024,0.0069830446129513744,1.0,logarithmic accumulation,158,1.1033210488463172,34,1.0384211323454715,0.0017816100695780969,1.0392762612857525,1.0382492707060174,0.6288355334736137,0.0017496584886910096,0.6300683044639757,0.6314569739449198
FB2,0.12,0.65,0.54,2.2500000000000004,512,1024,0.0069830446129513744,1.0,logarithmic accumulation,159,1.1103040934592685,34,1.0359091207210773,0.0017814902725247612,1.0365467643405526,1.0355703177826185,0.6287851691050709,0.0017498815911403838,0.6298005451496729,0.6311868157699219
FB2,0.12,0.65,0.54,2.2500000000000004,512,1024,0.0069830446129513744,1.0,logarithmic accumulation,160,1.11728713807222,34,1.0334792862023903,0.001777039092399803,1.0338524466309718,1.0329262584564316,0.6287960535078414,0.0017460681339507395,0.6295405243108495,0.6309244125458835
FB2,0.12,0.65,0.54,2.2500000000000004,512,1024,0.0069830446129513744,1.0,logarithmic accumulation,161,1.1242701826851713,34,1.0310182484764654,0.0017553572873239827,1.0311927437466823,1.0303165267703318,0.6287786576176463,0.0017243119303039602,0.629288094916913,0.6306696173582063
FB2,0.12,0.65,0.54,2.2500000000000004,512,1024,0.0069830446129513744,1.0,logarithmic accumulation,162,1.1312532272981226,35,1.0278215615635262,0.0017552435881636888,1.0285671014305542,1.027740566999912,0.627986810101707,0.0017243450951718278,0.6290431126076245,0.6304222859514725
FB2,0.12,0.65,0.54,2.2500000000000004,512,1024,0.0069830446129513744,1.0,logarithmic accumulation,163,1.1382362719110741,35,1.0254303984077426,0.0017570072317773515,1.0257617106567385,1.0249840141333428,0.6278842650412813,0.0017266617527545117,0.6286001396277855,0.629976505095084
FB2,0.12,0.65,0.54,2.2500000000000004,512,1024,0.0069830446129513744,1.0,logarithmic accumulation,164,1.1452193165240254,35,1.0227342193543265,0.001748075420861815,1.0229921164429996,1.02226297153008,0.6275050582214716,0.0017180057827715265,0.6281670243145989,0.6295406032330583
FB2,0.12,0.65,0.54,2.2500000000000004,512,1024,0.0069830446129513744,1.0,logarithmic accumulation,165,1.1522023611369767,35,1.0203380790389731,0.0017452197401418498,1.0202577515718838,1.019576870742366,0.627412929824921,0.0017155667829128717,0.6277435897856697,0.629114403568426
FB2,0.12,0.65,0.54,2.2500000000000004,512,1024,0.0069830446129513744,1.0,logarithmic accumulation,166,1.1591854057499282,35,1.0176826689981675,0.0017395785028686283,1.0175580589082869,1.0169251534763695,0.6270823419838076,0.0017102241708579044,0.6273296622938012,0.6286977324275667
FB2,0.12,0.65,0.54,2.2500000000000004,512,1024,0.0069830446129513744,1.0,logarithmic accumulation,167,1.1661684503628795,35,1.0151770773331814,0.0017415705545104658,1.0148924912067239,1.0143072713981531,0.6268513265464057,0.0017127625610404626,0.6269250711702318,0.6282904192039095
FB2,0.12,0.65,0.54,2.2500000000000004,512,1024,0.0069830446129513744,1.0,logarithmic accumulation,168,1.1731514949758308,35,1.0127710726694152,0.0017340348750865622,1.01226051092247,1.0117226859435278,0.6266491106483687,0.0017054954354740394,0.6265296487689253,0.6278922963026758
FB2,0.12,0.65,0.54,2.2500000000000004,512,1024,0.0069830446129513744,1.0,logarithmic accumulation,169,1.1801345395887823,35,1.009897393839778,0.0017321761974069872,1.0096615900264998,1.0091708681317058,0.625988380956856,0.0017040771403456078,0.6261432304118991,0.6275031990866429
FB2,0.12,0.65,0.54,2.2500000000000004,512,1024,0.0069830446129513744,1.0,logarithmic accumulation,170,1.1871175842017336,35,1.0077480347805272,0.001737853607815494,1.0070952098241384,1.0066512983826823,0.6260249790591099,0.0017103005589735063,0.6257656543355683,0.6271229658229115
FB2,0.12,0.65,0.54,2.2500000000000004,512,1024,0.0069830446129513744,1.0,logarithmic accumulation,171,1.194100628814685,36,1.0053345991140126,0.0017352198680183563,1.0045608607773524,1.0041634663382613,0.6257829757960393,0.0017079117867955232,0.6253967616380857,0.6267514376306548
FB2,0.12,0.65,0.54,2.2500000000000004,512,1024,0.0069830446129513744,1.0,logarithmic accumulation,172,1.2010836734276364,36,1.00270321322517,0.001741064509365173,1.0018568082148396,1.0015051099552235,0.6252835695136186,0.0017144018646912897,0.6248425334332985,0.62619414673389
FB2,0.12,0.65,0.54,2.2500000000000004,512,1024,0.0069830446129513744,1.0,logarithmic accumulation,173,1.2080667180405877,36,0.9999609544059929,0.0017442921481825556,0.9991864514067885,0.9988801592705203,0.6247258903695884,0.0017180203614491074,0.6242992231811875,0.6256477997112102
FB2,0.12,0.65,0.54,2.2500000000000004,512,1024,0.0069830446129513744,1.0,logarithmic accumulation,174,1.2150497626535393,36,0.9973645812446486,0.001740414162504514,0.9965492673625793,0.9962880906669178,0.6242347490109589,0.0017144530039345553,0.6237666421970551,0.6251122078830291
FB2,0.12,0.65,0.54,2.2500000000000004,512,1024,0.0069830446129513744,1.0,logarithmic accumulation,175,1.2220328072664906,36,0.9946758301854983,0.0017408823610937682,0.9939447422238832,0.9937283897175444,0.6235560971287271,0.0017153396538141614,0.6232446050770117,0.624587185840244
FB2,0.12,0.65,0.54,2.2500000000000004,512,1024,0.0069830446129513744,1.0,logarithmic accumulation,176,1.2290158518794418,36,0.991993704261878,0.001728125084275786,0.9913723710927294,0.9912005510128339,0.6229885513523403,0.0017028834450049672,0.6227329296392845,0.6240725513859783
FB2,0.12,0.65,0.54,2.2500000000000004,512,1024,0.0069830446129513744,1.0,logarithmic accumulation,177,1.2359988964923934,36,0.9895301495717828,0.001736535661359818,0.9888316578629853,0.9887040779908903,0.6225675829402475,0.0017116435539942596,0.6222314368666101,0.6235681254783961
FB2,0.12,0.65,0.54,2.2500000000000004,512,1024,0.0069830446129513744,1.0,logarithmic accumulation,178,1.2429819411053447,36,0.9868785110417595,0.001741387288126402,0.9863221150551783,0.9862384827712014,0.6219700394655965,0.0017169746417487865,0.6217399508496895,0.6230737321745613
FB2,0.12,0.65,0.54,2.2500000000000004,512,1024,0.0069830446129513744,1.0,logarithmic accumulation,179,1.249964985718296,36,0.9847735894530997,0.0017366599360905488,0.9838432636545893,0.9838032859916376,0.621879728714325,0.0017124310525662098,0.6212582987316853,0.6225891985753296
FB2,0.12,0.65,0.54,2.2500000000000004,512,1024,0.0069830446129513744,1.0,logarithmic accumulation,180,1.2569480303312475,37,0.982144021868954,0.001741178240458617,0.9813946329525547,0.9813980166486612,0.6212433722685801,0.0017173309378040603,0.6207863106537411,0.6221143547712455
FB2,0.12,0.65,0.54,2.2500000000000004,512,1024,0.0069830446129513744,1.0,logarithmic accumulation,181,1.2639310749441988,37,0.979496024590293,0.0017394115955372451,0.9787855704139328,0.978831521325318,0.6205605849262467,0.0017158136892410068,0.6201404692760848,0.6214652589924333
FB2,0.12,0.65,0.54,2.2500000000000004,512,1024,0.0069830446129513744,1.0,logarithmic accumulation,182,1.27091411955715,37,0.9770859971311572,0.001727226203793791,0.9762083233104237,0.9762965523831661,0.6201086376116439,0.001703908842127862,0.6195063691005671,0.6208279340386657
FB2,0.12,0.65,0.54,2.2500000000000004,512,1024,0.0069830446129513744,1.0,logarithmic accumulation,183,1.2778971641701016,37,0.9746070633405765,0.0017335356090966338,0.9736624072124749,0.9737926252532252,0.6195529266483539,0.0017106272485926857,0.6188838128963309,0.6202021826157728
FB2,0.12,0.65,0.54,2.2500000000000004,512,1024,0.0069830446129513744,1.0,logarithmic accumulation,184,1.2848802087830529,37,0.971924195796886,0.001734533880692433,0.9711473460086204,0.9713192637308752,0.6187599981953398,0.001711876290908189,0.6182726068099624,0.6195878107980882
FB2,0.12,0.65,0.54,2.2500000000000004,512,1024,0.0069830446129513744,1.0,logarithmic accumulation,185,1.2918632533960042,37,0.9696045389679586,0.0017302981112067835,0.9686626717511577,0.9688759998205807,0.6183219905891776,0.0017078392110003783,0.617672560305663,0.6189846279690254
FB2,0.12,0.65,0.54,2.2500000000000004,512,1024,0.0069830446129513744,1.0,logarithmic accumulation,186,1.2988462980089557,37,0.9673043326295576,0.0017233705426775213,0.9662079245048473,0.9664623735836442,0.6178826191096569,0.0017008749114008866,0.6170834861065179,0.6183924467627353
FB2,0.12,0.65,0.54,2.2500000000000004,512,1024,0.0069830446129513744,1.0,logarithmic accumulation,187,1.305829342621907,37,0.9650769406278652,0.0017273511639815538,0.9637826521985765,0.9640779329889329,0.6175103993779953,0.0017052918752285136,0.616505200136839,0.617811083006827
FB2,0.12,0.65,0.54,2.2500000000000004,512,1024,0.0069830446129513744,1.0,logarithmic accumulation,188,1.3128123872348585,38,0.9625662365872574,0.0017208544875578382,0.9613864104799241,0.9617222337665139,0.6168537757630095,0.0016989883902042652,0.6159375214655647,0.6172403556661311
FB2,0.12,0.65,0.54,2.2500000000000004,512,1024,0.0069830446129513744,1.0,logarithmic accumulation,189,1.3197954318478098,38,0.9596068441790585,0.0017134843731258372,0.958838718899676,0.9592143193584692,0.615716556505638,0.001691865762195733,0.615206604991803,0.616506017737606
FB2,0.12,0.65,0.54,2.2500000000000004,512,1024,0.0069830446129513744,1.0,logarithmic accumulation,190,1.326778476460761,38,0.9570291145467611,0.0017157767629125368,0.956321570527684,0.9567366636829735,0.6149261780311694,0.0016945589062476478,0.6144882259158777,0.615784249882216
FB2,0.12,0.65,0.54,2.2500000000000004,512,1024,0.0069830446129513744,1.0,logarithmic accumulation,191,1.3337615210737126,38,0.9549909057196043,0.0017128176580560686,0.9538345075972783,0.9542888091810904,0.6146744884556625,0.0016918894648366614,0.6137821782202554,0.6150748459674886
FB2,0.12,0.65,0.54,2.2500000000000004,512,1024,0.0069830446129513744,1.0,logarithmic accumulation,192,1.340744565686664,38,0.9527169352592062,0.0017149474427396335,0.951377080090164,0.9518703060792497,0.6141799812168625,0.001694496811295353,0.6130882593732483,0.614377603338794
FB2,0.12,0.65,0.54,2.2500000000000004,512,1024,0.0069830446129513744,1.0,logarithmic accumulation,193,1.3477276102996152,38,0.9502775888079936,0.0017061768328814374,0.9489488455945074,0.9494807122465325,0.6134746741958514,0.0016859414864921248,0.6124062702677407,0.6136923227584566
FB2,0.12,0.65,0.54,2.2500000000000004,512,1024,0.0069830446129513744,1.0,logarithmic accumulation,194,1.3547106549125667,38,0.9474907883049345,0.0016820391407783924,0.9465493691657736,0.9471195930547094,0.6123833829000098,0.0016618129246629817,0.6117360151610318,0.6130188083459689
FB2,0.12,0.65,0.54,2.2500000000000004,512,1024,0.0069830446129513744,1.0,logarithmic accumulation,195,1.361693699525518,38,0.9456083011062095,0.0016733221492923006,0.9441782231902562,0.9447865212409823,0.6122179850158103,0.0016533083413939826,0.6110773016157733,0.612356867519288
FB2,0.12,0.65,0.54,2.2500000000000004,512,1024,0.0069830446129513744,1.0,logarithmic accumulation,196,1.3686767441384693,38,0.9431000178938158,0.0016771394745115173,0.9418349872512473,0.9424810767733743,0.6113803907899548,0.0016575109570202081,0.6104299404419837,0.6117063109371975
FB2,0.12,0.65,0.54,2.2500000000000004,512,1024,0.0069830446129513744,1.0,logarithmic accumulation,197,1.3756597887514208,39,0.9407869838860423,0.0016901819174061491,0.9395192479977929,0.9402028467187107,0.6107833149846966,0.0016709834725154619,0.6097937456401157,0.6110669524427098
FB2,0.12,0.65,0.54,2.2500000000000004,512,1024,0.0069830446129513744,1.0,logarithmic accumulation,198,1.382642833364372,39,0.9383623417398481,0.0016794353931595914,0.9370599296576618,0.9377803020282895,0.6100501170138806,0.0016603844589266387,0.6090038129158429,0.6102735066718848
FB2,0.12,0.65,0.54,2.2500000000000004,512,1024,0.0069830446129513744,1.0,logarithmic accumulation,199,1.3896258779773236,39,0.9357435304815162,0.0016655590052464728,0.9346295574702792,0.9353864264220761,0.6091104479757854,0.0016465915949749603,0.6082268505774371,0.6094930662669413
FB2,0.12,0.65,0.54,2.2500000000000004,512,1024,0.0069830446129513744,1.0,logarithmic accumulation,200,1.396608922590275,39,0.9332810853255953,0.001651790057969969,0.9322277046408602,0.9330207936198529,0.6082988837615084,0.001633035927580594,0.6074626493982379,0.6087254218357802
FB2,0.12,0.65,0.54,2.2500000000000004,512,1024,0.0069830446129513744,1.0,logarithmic accumulation,201,1.4035919672032262,39,0.9309940635989805,0.0016465209484563198,0.9298539514936284,0.9306829844886637,0.607644930855702,0.0016280147061952478,0.6067110036539654,0.6079703674818712
FB2,0.12,0.65,0.54,2.2500000000000004,512,1024,0.0069830446129513744,1.0,logarithmic accumulation,202,1.4105750118161777,39,0.9286726400861871,0.0016443958093270903,0.9275078853431394,0.9283725869134785,0.6069322364746765,0.0016261735733949152,0.6059717110615968,0.6072277007434832
FB2,0.12,0.65,0.54,2.2500000000000004,512,1024,0.0069830446129513744,1.0,logarithmic accumulation,203,1.417558056429129,39,0.9264497381946284,0.0016463490576879903,0.9251891003680691,0.9260891956703308,0.6062677227334292,0.0016282219248664478,0.6052445727193522,0.6064972225340134
FB2,0.12,0.65,0.54,2.2500000000000004,512,1024,0.0069830446129513744,1.0,logarithmic accumulation,204,1.4245411010420803,39,0.9243946462745769,0.001650003989774606,0.9228971974874157,0.9238324123018744,0.6057538176464898,0.0016322146396277354,0.6045293930477659,0.6057787370833886
FB2,0.12,0.65,0.54,2.2500000000000004,512,1024,0.0069830446129513744,1.0,logarithmic accumulation,205,1.4315241456550318,39,0.9221953030233857,0.0016537642866070212,0.9206317842390674,0.9216018449953121,0.6050879309246097,0.0016363129270821784,0.6038259797318261,0.6050720518805243
FB2,0.12,0.65,0.54,2.2500000000000004,512,1024,0.0069830446129513744,1.0,logarithmic accumulation,206,1.4385071902679831,,0.919969373959099,0.001652446206096715,0.9183924746606893,0.9193971084626512,0.6044260581051293,0.0016351145083735958,0.60313414366416,0.6043769776168187
FB2,0.12,0.65,0.54,2.2500000000000004,512,1024,0.0069830446129513744,2.0,summable injection,0,0.0,16,1.8283819497113956,6.952486265422992e-18,1.8283819497113956,1.8186769159814271,0.0,0.0,0.0,0.0
FB2,0.12,0.65,0.54,2.2500000000000004,512,1024,0.0069830446129513744,2.0,summable injection,1,0.0069830446129513744,17,1.8180780088633142,0.0003695907140878883,1.8182290711128108,1.8085465840225656,0.015013809522449822,0.00018028538413310735,0.014892540163609119,0.01492623829962724
FB2,0.12,0.65,0.54,2.2500000000000004,512,1024,0.0069830446129513744,2.0,summable injection,2,0.013966089225902749,17,1.806632716942939,0.0005133591084552271,1.8073860734469338,1.7977247866309967,0.02871613227719602,0.00023337103743658013,0.028718264078335307,0.028783386548569295
FB2,0.12,0.65,0.54,2.2500000000000004,512,1024,0.0069830446129513744,2.0,summable injection,3,0.020949133838854123,17,1.7961844021528166,0.0006202272874241304,1.796820014331864,1.7871808008421066,0.04254073066677515,0.00029284753690474424,0.042367227284346436,0.04246349822160745
FB2,0.12,0.65,0.54,2.2500000000000004,512,1024,0.0069830446129513744,2.0,summable injection,4,0.027932178451805498,17,1.7859026770484285,0.0006971308285489236,1.7865242096829645,1.7769079654143436,0.05635389483593818,0.000349827302690649,0.05584202116843186,0.05596916350712074
FB2,0.12,0.65,0.54,2.2500000000000004,512,1024,0.0069830446129513744,2.0,summable injection,5,0.034915223064756876,18,1.7763486719827686,0.0007729399391124391,1.776492133464138,1.7668997748162725,0.06980335170752656,0.00039310464476861846,0.0691451955451159,0.06930293117920198
FB2,0.12,0.65,0.54,2.2500000000000004,512,1024,0.0069830446129513744,2.0,summable injection,6,0.04189826767770825,18,1.7657853429649668,0.0008270385040528927,1.765864480802053,1.7562950081553346,0.08208114447486115,0.00043403270487779957,0.08149839923525727,0.08168467739846279
FB2,0.12,0.65,0.54,2.2500000000000004,512,1024,0.0069830446129513744,2.0,summable injection,7,0.04888131229065962,18,1.7558278637152762,0.0008844944134031655,1.755499229730747,1.7459536105431228,0.0943038473373014,0.0004781362649713545,0.09369457778749013,0.09390913233326237
FB2,0.12,0.65,0.54,2.2500000000000004,512,1024,0.0069830446129513744,2.0,summable injection,8,0.055864356903610995,18,1.745477371214541,0.0009339743125176067,1.7453901332404484,1.7358693491241335,0.1062243181495095,0.0005057631896381179,0.10573602352858225,0.10597858782180532
FB2,0.12,0.65,0.54,2.2500000000000004,512,1024,0.0069830446129513744,2.0,summable injection,9,0.06284740151656237,19,1.7355973373911482,0.0009854493582306986,1.735531090980477,1.726036135752884,0.11847123128070369,0.0005459138257649731,0.11762499213405089,0.11789529917623615
FB2,0.12,0.65,0.54,2.2500000000000004,512,1024,0.0069830446129513744,2.0,summable injection,10,0.06983044612951375,19,1.7252652017024055,0.0010210195884383594,1.7251541554919188,1.7156843020836616,0.12939803378852655,0.00058757537426716,0.1286636807318497,0.12895987182057697
FB2,0.12,0.65,0.54,2.2500000000000004,512,1024,0.0069830446129513744,2.0,summable injection,11,0.07681349074246512,19,1.7147594916730364,0.0010568290966089255,1.715025581324381,1.7055818574462318,0.1400137026980092,0.0006147542546123709,0.1395629766234825,0.1398847968704976
FB2,0.12,0.65,0.54,2.2500000000000004,512,1024,0.0069830446129513744,2.0,summable injection,12,0.0837965353554165,19,1.7045662069613492,0.0010863708882039155,1.7051395329833698,1.6957229732783512,0.15055310893224616,0.0006343886281312617,0.15032490489276437,0.15067209948876395
FB2,0.12,0.65,0.54,2.2500000000000004,512,1024,0.0069830446129513744,2.0,summable injection,13,0.09077957996836787,20,1.6954116826650338,0.0011104398013934583,1.695490311014366,1.6861019554466048,0.16128547733857876,0.0006491431104994358,0.1609514583687035,0.1613237726808846
FB2,0.12,0.65,0.54,2.2500000000000004,512,1024,0.0069830446129513744,2.0,summable injection,14,0.09776262458131924,20,1.6856438472093231,0.0011204438229325043,1.685387577657298,1.6760269111467558,0.17141427201212378,0.0006713402301933201,0.17081348555128079,0.1712092278854138
FB2,0.12,0.65,0.54,2.2500000000000004,512,1024,0.0069830446129513744,2.0,summable injection,15,0.10474566919427061,20,1.6755301100325348,0.0011503156528994481,1.6755197393634955,1.6661878215126373,0.18133078252411267,0.000700084667447554,0.18055190292095977,0.18097083076846154
FB2,0.12,0.65,0.54,2.2500000000000004,512,1024,0.0069830446129513744,2.0,summable injection,16,0.11172871380722199,20,1.6664568200965615,0.0011727600776727473,1.6658813468470748,1.656579238241977,0.19124165828924142,0.000729743091189543,0.1901684964482902,0.19061036782768837
FB2,0.12,0.65,0.54,2.2500000000000004,512,1024,0.0069830446129513744,2.0,summable injection,17,0.11871175842017337,21,1.656948472957943,0.0011864093334482077,1.656467076982497,1.6471958378741285,0.2004565112229405,0.000744308981459246,0.19966502378006545,0.200129597311303
FB2,0.12,0.65,0.54,2.2500000000000004,512,1024,0.0069830446129513744,2.0,summable injection,18,0.12569480303312475,21,1.6476290414856583,0.0012036608680484442,1.646653073911889,1.6374123516942625,0.20972036964244298,0.0007654394780762948,0.20847132503722107,0.2089570554876792
FB2,0.12,0.65,0.54,2.2500000000000004,512,1024,0.0069830446129513744,2.0,summable injection,19,0.13267784764607612,21,1.6381334715548266,0.001223661168168881,1.6370611192718014,1.627851982096025,0.21837974813378513,0.0007909608850135123,0.21716816623610052,0.2176748242530781
FB2,0.12,0.65,0.54,2.2500000000000004,512,1024,0.0069830446129513744,2.0,summable injection,20,0.1396608922590275,21,1.6292264101547453,0.001239718227305462,1.6276861253139607,1.6185096374678951,0.22713818016343812,0.0008093347728959884,0.2257571191778129,0.2262844762838951
FB2,0.12,0.65,0.54,2.2500000000000004,512,1024,0.0069830446129513744,2.0,summable injection,21,0.14664393687197885,22,1.6202667381334406,0.0012583945327138666,1.6185231212746172,1.6093803421164141,0.2358974355533257,0.000834544262676783,0.2342397308569713,0.23478755950484584
FB2,0.12,0.65,0.54,2.2500000000000004,512,1024,0.0069830446129513744,2.0,summable injection,22,0.15362698148493023,22,1.610519620285675,0.0012794622305044162,1.6090056302560933,1.5998963291676103,0.24375742580595666,0.0008575645351444004,0.24209690730412545,0.2426637916637157
FB2,0.12,0.65,0.54,2.2500000000000004,512,1024,0.0069830446129513744,2.0,summable injection,23,0.1606100260978816,22,1.601090864922409,0.001304375779986502,1.59969798324369,1.5906232179153508,0.2513110315466235,0.0008779918056021615,0.24985732628272844,0.25044305064797173
FB2,0.12,0.65,0.54,2.2500000000000004,512,1024,0.0069830446129513744,2.0,summable injection,24,0.167593070710833,22,1.5921328686380392,0.0013230589505457847,1.5905954302462773,1.5815562506083964,0.25896255509868227,0.0009138944059924046,0.2575223676010917,0.2581267174057795
FB2,0.12,0.65,0.54,2.2500000000000004,512,1024,0.0069830446129513744,2.0,summable injection,25,0.17457611532378436,23,1.5834337782298127,0.0013363548128437807,1.581693329746912,1.5726907771200944,0.26652635648845424,0.0009326814191705753,0.26509338940966987,0.2657161512659862
FB2,0.12,0.65,0.54,2.2500000000000004,512,1024,0.0069830446129513744,2.0,summable injection,26,0.18155915993673574,23,1.5740568705530495,0.001343269858014222,1.5724750657078246,1.5635089984078236,0.27356140986758876,0.0009545293021724464,0.27209579896228103,0.2727356721177917
FB2,0.12,0.65,0.54,2.2500000000000004,512,1024,0.0069830446129513744,2.0,summable injection,27,0.18854220454968712,23,1.5653134355165186,0.0013649182713631153,1.5634550893821557,1.5545265393596535,0.2805620833524618,0.0009802641335179634,0.27901286729830665,0.27966964994923077
FB2,0.12,0.65,0.54,2.2500000000000004,512,1024,0.0069830446129513744,2.0,summable injection,28,0.19552524916263847,23,1.557010576200207,0.0013703856082234098,1.5546289658084944,1.5457389541732955,0.2875643680191909,0.0009948121910704566,0.2858458019950469,0.286519293672293
FB2,0.12,0.65,0.54,2.2500000000000004,512,1024,0.0069830446129513744,2.0,summable injection,29,0.20250829377558985,24,1.5483822276142503,0.0013908757725565354,1.545992360615314,1.5371418969724968,0.29444268572663373,0.0010199684443835306,0.29259579179163653,0.29328579338580824
FB2,0.12,0.65,0.54,2.2500000000000004,512,1024,0.0069830446129513744,2.0,summable injection,30,0.20949133838854123,24,1.5392884478482065,0.0014094256192243907,1.537072255248336,1.5282612599435166,0.3005796299743816,0.001043044277003578,0.29882726093454803,0.2995325746167097
FB2,0.12,0.65,0.54,2.2500000000000004,512,1024,0.0069830446129513744,2.0,summable injection,31,0.2164743830014926,24,1.5310998757185608,0.0014119280553254803,1.5283395234055825,1.519568990570068,0.3071041091605471,0.0010529399150718765,0.30498365862374344,0.30570409655548686
FB2,0.12,0.65,0.54,2.2500000000000004,512,1024,0.0069830446129513744,2.0,summable injection,32,0.22345742761444398,24,1.5221144257576598,0.0014212876663559262,1.51979002357668,1.5110609341183998,0.3130079799303358,0.0010709568716564684,0.31106603785107634,0.31180141366555847
FB2,0.12,0.65,0.54,2.2500000000000004,512,1024,0.0069830446129513744,2.0,summable injection,33,0.23044047222739536,25,1.5136965807273581,0.0014230547155953577,1.511419707543385,1.5027330286414933,0.31896045557677655,0.0010856393460968016,0.3170754352959375,0.3178255641116984
FB2,0.12,0.65,0.54,2.2500000000000004,512,1024,0.0069830446129513744,2.0,summable injection,34,0.23742351684034674,25,1.5049344896834995,0.0014309789564553672,1.5027938946296495,1.4941495868636439,0.32427135892982256,0.0011016752310253001,0.322610674601232,0.3233744511025998
FB2,0.12,0.65,0.54,2.2500000000000004,512,1024,0.0069830446129513744,2.0,summable injection,35,0.24440656145329812,25,1.4962891574198207,0.0014344976832185562,1.4943451686739169,1.4857441790095811,0.329467080257847,0.0011129953663974027,0.32808008792680043,0.3288573381473125
FB2,0.12,0.65,0.54,2.2500000000000004,512,1024,0.0069830446129513744,2.0,summable injection,36,0.2513896060662495,26,1.4882800105831098,0.0014442488913964525,1.4860696612343496,1.4775129216264178,0.33530434368224604,0.0011257311945913537,0.3334845894631819,0.334275140996854
FB2,0.12,0.65,0.54,2.2500000000000004,512,1024,0.0069830446129513744,2.0,summable injection,37,0.25837265067920084,26,1.4796179832176088,0.0014519564755856083,1.4775663756959279,1.4690538855434283,0.34008748185768445,0.0011398944219117846,0.33845357886199146,0.3392564087143238
FB2,0.12,0.65,0.54,2.2500000000000004,512,1024,0.0069830446129513744,2.0,summable injection,38,0.26535569529215225,26,1.471203841976986,0.0014535393455142283,1.4692341165531406,1.4607667846775074,0.3449661910952942,0.0011365425718651186,0.3433641960193239,0.3441791422957647
FB2,0.12,0.65,0.54,2.2500000000000004,512,1024,0.0069830446129513744,2.0,summable injection,39,0.2723387399051036,26,1.4627379917019412,0.0014677500677274776,1.4610691883650528,1.4526479075734555,0.34959054965561265,0.0011572628336201938,0.3482172438718127,0.3490441462856047
FB2,0.12,0.65,0.54,2.2500000000000004,512,1024,0.0069830446129513744,2.0,summable injection,40,0.279321784518055,27,1.4544541244143008,0.001474754192251198,1.453067977827896,1.444693624628497,0.35417494313705583,0.0011647829342709597,0.35301351311218265,0.35385221298224323
FB2,0.12,0.65,0.54,2.2500000000000004,512,1024,0.0069830446129513744,2.0,summable injection,41,0.28630482913100636,27,1.4463136387629016,0.0014833339039883704,1.4448596139489465,1.436532197550255,0.3587268470192758,0.0011870167338791093,0.3574095341139694,0.35825908407470586
FB2,0.12,0.65,0.54,2.2500000000000004,512,1024,0.0069830446129513744,2.0,summable injection,42,0.2932878737439577,27,1.4383101226546673,0.001491106398735071,1.4368128709853158,1.4285332419392274,0.36309136496946737,0.0012011129426137115,0.361754739321371,0.3626149907992447
FB2,0.12,0.65,0.54,2.2500000000000004,512,1024,0.0069830446129513744,2.0,summable injection,43,0.3002709183569091,28,1.430855003687943,0.0015016509572599985,1.4289242964119109,1.4206932882942152,0.36763549257278383,0.0012158665634856988,0.36604981887283183,0.36692062492213345
FB2,0.12,0.65,0.54,2.2500000000000004,512,1024,0.0069830446129513744,2.0,summable injection,44,0.30725396296986046,28,1.4225257340005144,0.0014974153124090908,1.420849722284098,1.4126673603891557,0.37137548019590005,0.0012165521115803436,0.36997562830573727,0.3708561089833331
FB2,0.12,0.65,0.54,2.2500000000000004,512,1024,0.0069830446129513744,2.0,summable injection,45,0.31423700758281187,28,1.4146745125725366,0.0015017384262041046,1.412931178787379,1.4047982690823884,0.3753409930753613,0.0012240687973509668,0.3738567755988814,0.3747467936578319
FB2,0.12,0.65,0.54,2.2500000000000004,512,1024,0.0069830446129513744,2.0,summable injection,46,0.3212200521957632,28,1.4067481949509748,0.0014953915631407825,1.4051653676285671,1.3970826986337772,0.37899303822555735,0.001222822501312393,0.3776938594823521,0.3785932793062369
FB2,0.12,0.65,0.54,2.2500000000000004,512,1024,0.0069830446129513744,2.0,summable injection,47,0.3282030968087146,29,1.3995110315399035,0.001500899353686396,1.3975490628563931,1.3895174055236428,0.3830250173732809,0.001230700084642068,0.38148746974967845,0.3823961573397082
FB2,0.12,0.65,0.54,2.2500000000000004,512,1024,0.0069830446129513744,2.0,summable injection,48,0.335186141421666,29,1.3918537013019634,0.0015067070779753522,1.3897621928886572,1.3817815624077345,0.3868063211365562,0.0012383415313717548,0.38494023808101635,0.3858573762321689
FB2,0.12,0.65,0.54,2.2500000000000004,512,1024,0.0069830446129513744,2.0,summable injection,49,0.3421691860346173,29,1.3841578425243097,0.0015132916844455507,1.3821228109114632,1.3741939492227435,0.390012789546451,0.0012494968240327948,0.38835452844369367,0.3892799924289914
FB2,0.12,0.65,0.54,2.2500000000000004,512,1024,0.0069830446129513744,2.0,summable injection,50,0.34915223064756873,30,1.3769087295922713,0.0015195765231040704,1.3746278340180058,1.3667514652617103,0.393428690905656,0.001260867419704612,0.39173084790973506,0.3926645146058658
FB2,0.12,0.65,0.54,2.2500000000000004,512,1024,0.0069830446129513744,2.0,summable injection,51,0.3561352752605201,30,1.3689427059884214,0.0015223601004985914,1.366978711695477,1.3591548521298886,0.396147854220693,0.0012685093224704346,0.3947914973807108,0.3957326055651656
FB2,0.12,0.65,0.54,2.2500000000000004,512,1024,0.0069830446129513744,2.0,summable injection,52,0.3631183198734715,30,1.3611639500699075,0.0015304950866174445,1.3594719686023358,1.3517013126352424,0.39917189390971586,0.001286636055540524,0.39781876305634706,0.3987671984750484
FB2,0.12,0.65,0.54,2.2500000000000004,512,1024,0.0069830446129513744,2.0,summable injection,53,0.37010136448642283,31,1.3534372113212743,0.0015264904928425334,1.3521046587526033,1.3443878829089082,0.40193186032788886,0.001285945347231729,0.4008130767853028,0.401768726760515
FB2,0.12,0.65,0.54,2.2500000000000004,512,1024,0.0069830446129513744,2.0,summable injection,54,0.37708440909937424,31,1.346170445092342,0.0015347215262522976,1.3445976651886604,1.3369347814690384,0.40471839618923,0.0012985900214342986,0.40351452031418394,0.4044766748711675
FB2,0.12,0.65,0.54,2.2500000000000004,512,1024,0.0069830446129513744,2.0,summable injection,55,0.3840674537123256,31,1.338689558718102,0.0015315623744788537,1.3372280870581008,1.3296197418510698,0.40727907572016064,0.0013011463010310098,0.40618722799863083,0.40715578293249893
FB2,0.12,0.65,0.54,2.2500000000000004,512,1024,0.0069830446129513744,2.0,summable injection,56,0.39105049832527694,31,1.331376625764322,0.0015325518020537826,1.329993109281717,1.3224399311389816,0.40976270652179503,0.001302936504936038,0.40883156327532133,0.4098064159192486
FB2,0.12,0.65,0.54,2.2500000000000004,512,1024,0.0069830446129513744,2.0,summable injection,57,0.39803354293822835,32,1.3245291017535006,0.0015148273792538307,1.3228899773247091,1.3153925769970551,0.41264961138329603,0.0012880447977190377,0.41144788442956987,0.41242893363252464
FB2,0.12,0.65,0.54,2.2500000000000004,512,1024,0.0069830446129513744,2.0,summable injection,58,0.4050165875511797,32,1.31714706104796,0.001508044866617793,1.3156573093663595,1.3082156721475555,0.41497150046413356,0.0012880930910946183,0.41379236975032935,0.4147789539527598
FB2,0.12,0.65,0.54,2.2500000000000004,512,1024,0.0069830446129513744,2.0,summable injection,59,0.4119996321641311,32,1.3101380873133674,0.001512337278225474,1.308554604747223,1.3011693112282567,0.41729058119652696,0.0012958396897758946,0.41611271004593364,0.41710473613990406
FB2,0.12,0.65,0.54,2.2500000000000004,512,1024,0.0069830446129513744,2.0,summable injection,60,0.41898267677708245,33,1.30306773115644,0.0015148482897679825,1.3015792300959699,1.2942508432599473,0.4194525793833377,0.0013052479264140497,0.4184092016070545,0.4194065779541251
FB2,0.12,0.65,0.54,2.2500000000000004,512,1024,0.0069830446129513744,2.0,summable injection,61,0.42596572139003386,33,1.2965312799269275,0.0015158381565959535,1.294485794018881,1.2872142873527819,0.42205485787154096,0.0013118934126550301,0.42045269714752986,0.42145480541635544
FB2,0.12,0.65,0.54,2.2500000000000004,512,1024,0.0069830446129513744,2.0,summable injection,62,0.4329487660029852,33,1.2895303025220153,0.0015080205841505236,1.2875178283343982,1.2803037348348059,0.4240126446850327,0.0013049917915272976,0.42247590581040306,0.4234826620264225
FB2,0.12,0.65,0.54,2.2500000000000004,512,1024,0.0069830446129513744,2.0,summable injection,63,0.4399318106159366,34,1.2828092350668039,0.0015034658063003527,1.2806728153746432,1.2735166507120566,0.4260599285283891,0.0013048992042634555,0.42447906752399117,0.4254903891287236
FB2,0.12,0.65,0.54,2.2500000000000004,512,1024,0.0069830446129513744,2.0,summable injection,64,0.44691485522888796,34,1.2762535924941805,0.001484834138541444,1.2737199391466594,1.2666216623857198,0.42806344024296294,0.001287528215797765,0.42624642424802484,0.4272617327658391
FB2,0.12,0.65,0.54,2.2500000000000004,512,1024,0.0069830446129513744,2.0,summable injection,65,0.4538978998418393,34,1.2696546679905587,0.0014911949735391455,1.266888187035582,1.2598482842238208,0.430029049676683,0.0012973719750706066,0.42799701544961055,0.4290162356158786
FB2,0.12,0.65,0.54,2.2500000000000004,512,1024,0.0069830446129513744,2.0,summable injection,66,0.4608809444547907,35,1.2624994714485112,0.0014946730764946153,1.2601751517821849,1.2531940919976388,0.4315675669812513,0.0013075989597950489,0.42973102982844513,0.43075408773562857
FB2,0.12,0.65,0.54,2.2500000000000004,512,1024,0.0069830446129513744,2.0,summable injection,67,0.46786398906774207,35,1.2557892016011734,0.0015034895473799504,1.253363339532931,1.2464410654169076,0.4332003823025673,0.001318246244153054,0.4312449592981157,0.4322713132887871
FB2,0.12,0.65,0.54,2.2500000000000004,512,1024,0.0069830446129513744,2.0,summable injection,68,0.4748470336806935,35,1.248993647242587,0.001501633901518147,1.2466684527783245,1.239805404310267,0.43479192699901426,0.0013198900703307345,0.4327453370414317,0.4337749201417511
FB2,0.12,0.65,0.54,2.2500000000000004,512,1024,0.0069830446129513744,2.0,summable injection,69,0.4818300782936448,36,1.2425701042856907,0.001510987436031713,1.2400881895505207,1.2332847901592907,0.4363590792697031,0.0013320078281824999,0.4342323052131157,0.4352650517430984
FB2,0.12,0.65,0.54,2.2500000000000004,512,1024,0.0069830446129513744,2.0,summable injection,70,0.48881312290659623,36,1.2356793172721465,0.0015105802642614268,1.2334172641831949,1.2266734386093145,0.4375731210656969,0.0013345287156593041,0.4355135921356683,0.4365489945101884
FB2,0.12,0.65,0.54,2.2500000000000004,512,1024,0.0069830446129513744,2.0,summable injection,71,0.4957961675195476,36,1.2290628608443643,0.0015113219873340022,1.226859213027924,1.2201753562606683,0.4387407625713466,0.0013377523774232207,0.43678425996821774,0.4378222590912511
FB2,0.12,0.65,0.54,2.2500000000000004,512,1024,0.0069830446129513744,2.0,summable injection,72,0.502779212132499,37,1.2225250152381921,0.0015106483854924761,1.2204118344765504,1.2137883254247444,0.4397499794787476,0.001338104056992854,0.43804440859706556,0.4390849466001056
FB2,0.12,0.65,0.54,2.2500000000000004,512,1024,0.0069830446129513744,2.0,summable injection,73,0.5097622567454503,37,1.2161823046243219,0.0015159739984323777,1.2138810575898504,1.207317802060995,0.44089466353849527,0.0013483828889969834,0.439112098064232,0.44015469894373177
FB2,0.12,0.65,0.54,2.2500000000000004,512,1024,0.0069830446129513744,2.0,summable injection,74,0.5167453013584017,37,1.2096208770954988,0.0015112709507695452,1.2074592496276764,1.2009565988614037,0.44193016934074153,0.0013457081560950955,0.4401718438061557,0.44121645593866937
FB2,0.12,0.65,0.54,2.2500000000000004,512,1024,0.0069830446129513744,2.0,summable injection,75,0.5237283459713531,38,1.2034817663628727,0.0015120324375549644,1.2011443046001045,1.194702594267088,0.44313679021500174,0.0013511423518906245,0.44122370734843086,0.44227028026957094
FB2,0.12,0.65,0.54,2.2500000000000004,512,1024,0.0069830446129513744,2.0,summable injection,76,0.5307113905843045,38,1.1971386638080523,0.001509197360120762,1.1947524774789715,1.188371593799088,0.44408916208245597,0.0013508420546381446,0.4420952703800231,0.4431433574015027
FB2,0.12,0.65,0.54,2.2500000000000004,512,1024,0.0069830446129513744,2.0,summable injection,77,0.5376944351972558,38,1.190542937092902,0.0014999795970591515,1.188465857832495,1.1821461096684196,0.44467748910911764,0.0013444133512283138,0.4429613294355434,0.4440108860102867
FB2,0.12,0.65,0.54,2.2500000000000004,512,1024,0.0069830446129513744,2.0,summable injection,78,0.5446774798102072,39,1.1846043691635064,0.001482665016026964,1.182282430739734,1.1760241119292971,0.44577700793346475,0.0013288401536704925,0.4438219112528884,0.4448728939231317
FB2,0.12,0.65,0.54,2.2500000000000004,512,1024,0.0069830446129513744,2.0,summable injection,79,0.5516605244231586,39,1.1783249527578659,0.0014830163378046902,1.17602797950017,1.169830956340229,0.4464409534342094,0.0013340278438083257,0.44451339165242093,0.4455653809770859
FB2,0.12,0.65,0.54,2.2500000000000004,512,1024,0.0069830446129513744,2.0,summable injection,80,0.55864356903611,39,1.172175469888837,0.0014863531568294552,1.169875115332059,1.1637396557862458,0.44709053235027335,0.0013404772458780383,0.4452015918755021,0.44625454999775405
FB2,0.12,0.65,0.54,2.2500000000000004,512,1024,0.0069830446129513744,2.0,summable injection,81,0.5656266136490613,40,1.1663604535139485,0.0014732024745529016,1.1638219100262264,1.15774826760235,0.44790874691152294,0.001328626360691211,0.4458865071411709,0.44694039722316514
FB2,0.12,0.65,0.54,2.2500000000000004,512,1024,0.0069830446129513744,2.0,summable injection,82,0.5726096582620127,40,1.160099151513739,0.0014666760073671382,1.1577029574580622,1.1516909784631815,0.44830872684958445,0.0013266510454426363,0.44641265218231535,0.44746708013807773
FB2,0.12,0.65,0.54,2.2500000000000004,512,1024,0.0069830446129513744,2.0,summable injection,83,0.5795927028749641,40,1.1538612360297753,0.0014598885883131756,1.151682109327586,1.1457320223856802,0.4487042525217747,0.0013213046870744537,0.44693754278422343,0.4479924770719512
FB2,0.12,0.65,0.54,2.2500000000000004,512,1024,0.0069830446129513744,2.0,summable injection,84,0.5865757474879154,41,1.1475591758522135,0.0014764021343727156,1.1457575199703625,1.139869539836721,0.44892370319366337,0.001342861145566402,0.447461145639127,0.4485165556657124
FB2,0.12,0.65,0.54,2.2500000000000004,512,1024,0.0069830446129513744,2.0,summable injection,85,0.5935587921008668,41,1.1415794801063557,0.001465355764616893,1.1397719461841826,1.1339458993340619,0.44936585444158184,0.001334552216334032,0.44783552270356936,0.44889103800283053
FB2,0.12,0.65,0.54,2.2500000000000004,512,1024,0.0069830446129513744,2.0,summable injection,86,0.6005418367138182,41,1.1352817294338449,0.0014590216559487094,1.133881128329038,1.1281172056667341,0.44941692033009994,0.001330394313418863,0.44821048929648233,0.44926608427801457
FB2,0.12,0.65,0.54,2.2500000000000004,512,1024,0.0069830446129513744,2.0,summable injection,87,0.6075248813267696,42,1.1295059913927255,0.001449711064761946,1.1280832993052448,1.1223816784656502,0.44988330291175455,0.0013208020908819131,0.44858598632315855,0.44964163627548964
FB2,0.12,0.65,0.54,2.2500000000000004,512,1024,0.0069830446129513744,2.0,summable injection,88,0.6145079259397209,42,1.123742229937118,0.0014521832521744273,1.1222287929340358,1.1165892809053473,0.4501503521298111,0.00132618341015998,0.4488210872841607,0.44987644376586045
FB2,0.12,0.65,0.54,2.2500000000000004,512,1024,0.0069830446129513744,2.0,summable injection,89,0.6214909705526723,43,1.1179794563487586,0.0014524519885480923,1.1164658242063858,1.1108885758354519,0.4502309067335544,0.0013286452892317447,0.4490584548325927,0.4501134978530887
FB2,0.12,0.65,0.54,2.2500000000000004,512,1024,0.0069830446129513744,2.0,summable injection,90,0.6284740151656237,43,1.1122837983562812,0.0014426104772048707,1.1106517085040233,1.105136524514211,0.450413558640149,0.0013200792784934052,0.44916368725663947,0.45021808814710895
FB2,0.12,0.65,0.54,2.2500000000000004,512,1024,0.0069830446129513744,2.0,summable injection,91,0.635457059778575,43,1.1066152086109304,0.0014401630890041879,1.1049276642690504,1.0994746773986073,0.45043641096108544,0.001320186814384952,0.4492727886702088,0.4503265319414138
FB2,0.12,0.65,0.54,2.2500000000000004,512,1024,0.0069830446129513744,2.0,summable injection,92,0.6424401043915264,44,1.1011231129993058,0.0014430284956876217,1.0992920377463766,1.0939013684777008,0.4506868403519428,0.0013245937418595644,0.44938565393785485,0.45043872486750575
FB2,0.12,0.65,0.54,2.2500000000000004,512,1024,0.0069830446129513744,2.0,summable injection,93,0.6494231490044778,44,1.0957548128117307,0.0014397153608249045,1.093608711838412,1.0882801419170924,0.4509461949646553,0.0013227958448628816,0.44937396461953066,0.4504260538114963
FB2,0.12,0.65,0.54,2.2500000000000004,512,1024,0.0069830446129513744,2.0,summable injection,94,0.6564061936174292,44,1.0900164366218479,0.001440793728894292,1.0880123922687643,1.0827460211579765,0.4507484208003525,0.0013259902965998974,0.44936752182827866,0.45041861879827955
FB2,0.12,0.65,0.54,2.2500000000000004,512,1024,0.0069830446129513744,2.0,summable injection,95,0.6633892382303805,45,1.0846204788607048,0.001420833259412798,1.0825014949764307,1.0772974104900535,0.4508648163566017,0.0013062560239974906,0.4493662016679133,0.4504162966306324
FB2,0.12,0.65,0.54,2.2500000000000004,512,1024,0.0069830446129513744,2.0,summable injection,96,0.670372282843332,45,1.0790499904534334,0.0014159787213082425,1.0769460300240943,1.071803995651702,0.4508581545922912,0.0013031102730265056,0.44924736582765845,0.450296167400468
FB2,0.12,0.65,0.54,2.2500000000000004,512,1024,0.0069830446129513744,2.0,summable injection,97,0.6773553274562834,46,1.0736409409538528,0.0014184620319725554,1.0714746297023126,1.0663947133326137,0.4508576151091035,0.0013080191795710081,0.4491350247982764,0.45018252718207696
FB2,0.12,0.65,0.54,2.2500000000000004,512,1024,0.0069830446129513744,2.0,summable injection,98,0.6843383720692346,46,1.0685441718944035,0.0014131482713034271,1.065962974299676,1.0609449330491378,0.45094715673752955,0.0013052029223929733,0.44891184885618546,0.449957776900355
FB2,0.12,0.65,0.54,2.2500000000000004,512,1024,0.0069830446129513744,2.0,summable injection,99,0.691321416682186,46,1.063073074091013,0.0014088259102857164,1.0605340198045576,1.055577902331539,0.4506380991572517,0.0013031835270545288,0.4486964324617295,0.44974078416054
FB2,0.12,0.65,0.54,2.2500000000000004,512,1024,0.0069830446129513744,2.0,summable injection,100,0.6983044612951375,47,1.0574287902728472,0.0014087205879820825,1.0551862827689393,1.0502921270852663,0.4501910946597622,0.0013056141518688151,0.4484886171685833,0.4495313911080971
FB2,0.12,0.65,0.54,2.2500000000000004,512,1024,0.0069830446129513744,2.0,summable injection,101,0.7052875059080889,47,1.0518823173098495,0.0013992700171447437,1.0498008048713927,1.0449683509121659,0.4496941260635595,0.0012986654866772576,0.4481760482315754,0.4492169850968747
FB2,0.12,0.65,0.54,2.2500000000000004,512,1024,0.0069830446129513744,2.0,summable injection,102,0.7122705505210402,47,1.0463152545442367,0.001376543815227886,1.0444952353406054,1.039724502972563,0.44912232434412863,0.0012761068002003103,0.44787225116141177,0.44891135309812935
FB2,0.12,0.65,0.54,2.2500000000000004,512,1024,0.0069830446129513744,2.0,summable injection,103,0.7192535951339916,48,1.0411020611886919,0.0013839859132182965,1.0392681524429515,1.03455915147544,0.44888583852103014,0.001286426375418087,0.44757705420998684,0.44861432389193334
FB2,0.12,0.65,0.54,2.2500000000000004,512,1024,0.0069830446129513744,2.0,summable injection,104,0.726236639746943,48,1.035851008223092,0.0013748971580492618,1.0340056219222586,1.0293580760307686,0.44845635918235593,0.0012785325329468266,0.44718276840411336,0.4482179613427153
FB2,0.12,0.65,0.54,2.2500000000000004,512,1024,0.0069830446129513744,2.0,summable injection,105,0.7332196843598943,49,1.031008169589156,0.0013638448960877742,1.0288203218865626,1.0242342238081261,0.44842542323236145,0.0012687190416680834,0.4467981666166629,0.44783128882264056
FB2,0.12,0.65,0.54,2.2500000000000004,512,1024,0.0069830446129513744,2.0,summable injection,106,0.7402027289728457,49,1.0257282463601805,0.0013639982441356938,1.0236029851341826,1.0190780527341554,0.44789063101722826,0.001270778587699494,0.4463199366174815,0.4473507570337612
FB2,0.12,0.65,0.54,2.2500000000000004,512,1024,0.0069830446129513744,2.0,summable injection,107,0.7471857735857971,49,1.0204354656464083,0.001363631604872088,1.0184616221618865,1.0139978317827705,0.44727701155149663,0.0012717620615467927,0.4458523875492811,0.44688091535510965
FB2,0.12,0.65,0.54,2.2500000000000004,512,1024,0.0069830446129513744,2.0,summable injection,108,0.7541688181987485,50,1.0154239423173181,0.0013660699560095245,1.013394900354077,1.0089922192395178,0.4468184675028753,0.0012754578544678316,0.44539532210135524,0.44642156690521234
FB2,0.12,0.65,0.54,2.2500000000000004,512,1024,0.0069830446129513744,2.0,summable injection,109,0.7611518628116998,50,1.0098985546640833,0.0013638515041427446,1.008297985257824,1.0039561163850177,0.4458071608635622,0.0012757833209842747,0.4448495485668078,0.44587329239008305
FB2,0.12,0.65,0.54,2.2500000000000004,512,1024,0.0069830446129513744,2.0,summable injection,110,0.7681349074246512,51,1.004692314649736,0.0013498424203043776,1.0032745071362263,0.998993402395036,0.4451403069859462,0.0012623852698376917,0.44431518159145933,0.44533643700554587
FB2,0.12,0.65,0.54,2.2500000000000004,512,1024,0.0069830446129513744,2.0,summable injection,111,0.7751179520376026,51,0.9996432945589527,0.001350764811284849,0.9982237583976561,0.9940031154287067,0.44450630505737176,0.0012652051375683828,0.4436969031693365,0.4447154640910336
FB2,0.12,0.65,0.54,2.2500000000000004,512,1024,0.0069830446129513744,2.0,summable injection,112,0.7821009966505539,51,0.9947251787491118,0.0013386324046755478,0.9932452449403537,0.989085000935606,0.4440294718634863,0.0012540359957513307,0.44309087847491074,0.44410676028424023
FB2,0.12,0.65,0.54,2.2500000000000004,512,1024,0.0069830446129513744,2.0,summable injection,113,0.7890840412635053,52,0.9894295793229497,0.0013305342014251432,0.9883377171257004,0.9842378010970614,0.44310871979637334,0.0012469895340652712,0.44249688962332046,0.4435101080359712
FB2,0.12,0.65,0.54,2.2500000000000004,512,1024,0.0069830446129513744,2.0,summable injection,114,0.7960670858764567,52,0.9842483994779041,0.001329297079168119,0.9834043978629966,0.9793644940354781,0.44213765859809157,0.0012472699734472012,0.44182327572160757,0.4428336362102182
FB2,0.12,0.65,0.54,2.2500000000000004,512,1024,0.0069830446129513744,2.0,summable injection,115,0.8030501304894081,53,0.9792356200250616,0.0013195787809960641,0.9785409139762553,0.9745609376628706,0.44133973072677757,0.0012373273125422407,0.441162481826035,0.4421700027257777
FB2,0.12,0.65,0.54,2.2500000000000004,512,1024,0.0069830446129513744,2.0,summable injection,116,0.8100331751023594,53,0.9744407744969188,0.00130900919285251,0.9736541550967435,0.9697337857746622,0.44065171438591266,0.0012279925734088302,0.440426291925873,0.4414307892706412
FB2,0.12,0.65,0.54,2.2500000000000004,512,1024,0.0069830446129513744,2.0,summable injection,117,0.8170162197153108,53,0.9698139086985882,0.0012945143326962625,0.9688360860229931,0.9649752259343694,0.44015577902399355,0.0012143488792029566,0.43970364002901285,0.44070513463243727
FB2,0.12,0.65,0.54,2.2500000000000004,512,1024,0.0069830446129513744,2.0,summable injection,118,0.8239992643282622,54,0.9650193579087234,0.001285374877064012,0.9640855343234824,0.960284078403894,0.4394030038942185,0.0012063009921605612,0.4389942919300488,0.439992804853891
FB2,0.12,0.65,0.54,2.2500000000000004,512,1024,0.0069830446129513744,2.0,summable injection,119,0.8309823089412136,54,0.9601827922341957,0.0012912243302643568,0.9593128908006243,0.9555705066290033,0.4385433107934465,0.0012142864995436451,0.4382132923526269,0.43920864985445107
FB2,0.12,0.65,0.54,2.2500000000000004,512,1024,0.0069830446129513744,2.0,summable injection,120,0.8379653535541649,55,0.9554790246340537,0.0012839767831110155,0.9546066689658853,0.9509232393572777,0.4377792996238823,0.0012084094434784626,0.43744626092496997,0.4384384863716222
FB2,0.12,0.65,0.54,2.2500000000000004,512,1024,0.0069830446129513744,2.0,summable injection,121,0.8449483981671163,55,0.9503777226994705,0.0012822391949367086,0.9498805319745213,0.9462557204194606,0.43655227275303327,0.001208711367496179,0.43661131945633497,0.43760024850248574
FB2,0.12,0.65,0.54,2.2500000000000004,512,1024,0.0069830446129513744,2.0,summable injection,122,0.8519314427800677,55,0.9454956633173403,0.0012744142110757961,0.9452197272282512,0.9416534050172523,0.4355547011019399,0.0012022779080389603,0.43579095257750877,0.43677661076648905
FB2,0.12,0.65,0.54,2.2500000000000004,512,1024,0.0069830446129513744,2.0,summable injection,123,0.858914487393019,56,0.9408039300218104,0.0012736565595515622,0.9406231541023425,0.937115186043759,0.4346111552947426,0.0012033406187303933,0.43498491338890777,0.43596732643104547
FB2,0.12,0.65,0.54,2.2500000000000004,512,1024,0.0069830446129513744,2.0,summable injection,124,0.8658975320059704,56,0.936077591223321,0.001272926862155016,0.9360076077520636,0.932557646957914,0.43357052736791074,0.0012036001868603223,0.4341142433832237,0.4350932559870496
FB2,0.12,0.65,0.54,2.2500000000000004,512,1024,0.0069830446129513744,2.0,summable injection,125,0.8728805766189218,57,0.9315929062579511,0.0012643873882422552,0.9314552516188643,0.9280631522699314,0.4327785233589369,0.0011960187994175442,0.4332584618704772,0.4342341017644243
FB2,0.12,0.65,0.54,2.2500000000000004,512,1024,0.0069830446129513744,2.0,summable injection,126,0.8798636212318732,57,0.9271312615155287,0.0012564321944837993,0.9268858132798725,0.9235512250960347,0.43194325021972313,0.0011890024833994652,0.43234137017349006,0.4333134904432847
FB2,0.12,0.65,0.54,2.2500000000000004,512,1024,0.0069830446129513744,2.0,summable injection,127,0.8868466658448245,57,0.9224577649507395,0.0012400016979973883,0.9223785310444823,0.9191012981401417,0.43091876616085273,0.0011731496689313357,0.43143967697823704,0.4324083072534183
FB2,0.12,0.65,0.54,2.2500000000000004,512,1024,0.0069830446129513744,2.0,summable injection,128,0.8938297104577759,58,0.9181733306239999,0.0012293748236403051,0.9179323710556111,0.9147123318361403,0.43019088998723964,0.0011634411338791375,0.4305531257807167,0.4315182957832478
FB2,0.12,0.65,0.54,2.2500000000000004,512,1024,0.0069830446129513744,2.0,summable injection,129,0.9008127550707273,58,0.9137231469154259,0.0012229588075905564,0.9134698737070398,0.9103066690042195,0.429246881099576,0.0011585033821960877,0.4296081425299732,0.43056971336903777
FB2,0.12,0.65,0.54,2.2500000000000004,512,1024,0.0069830446129513744,2.0,summable injection,130,0.9077957996836786,59,0.9092160215015352,0.0012192349775763352,0.9090675104987201,0.9059609694922788,0.4282345826036782,0.0011559831677027891,0.4286787725148708,0.42963677566932396
FB2,0.12,0.65,0.54,2.2500000000000004,512,1024,0.0069830446129513744,2.0,summable injection,131,0.91477884429663,59,0.9047942529576991,0.0012227701439068142,0.904650459685248,0.9016002205222513,0.4272923110337869,0.001160994298445307,0.42769392640748083,0.42864823046701406
FB2,0.12,0.65,0.54,2.2500000000000004,512,1024,0.0069830446129513744,2.0,summable injection,132,0.9217618889095814,60,0.900602386585478,0.0012286237353555877,0.9002925628608018,0.897298446020083,0.42643201947926324,0.0011684927841253078,0.4267251201362776,0.42767575823043485
FB2,0.12,0.65,0.54,2.2500000000000004,512,1024,0.0069830446129513744,2.0,summable injection,133,0.9287449335225328,60,0.8962711898726798,0.001225882862708524,0.8959215042521385,0.8929831454061625,0.4254515695538119,0.0011665057028321432,0.42570362534483486,0.4266504731512391
FB2,0.12,0.65,0.54,2.2500000000000004,512,1024,0.0069830446129513744,2.0,summable injection,134,0.9357279781354841,60,0.8920175717833966,0.0012219952537767568,0.8916086283529201,0.8887258397893462,0.424482377536488,0.001163700651776227,0.424698555271927,0.4256416474684805
FB2,0.12,0.65,0.54,2.2500000000000004,512,1024,0.0069830446129513744,2.0,summable injection,135,0.9427110227484355,61,0.887639947262522,0.0012062936326070585,0.8873529842111277,0.8845255735032345,0.42338682250723975,0.0011484169310865056,0.42370964168630315,0.4246490129502255
FB2,0.12,0.65,0.54,2.2500000000000004,512,1024,0.0069830446129513744,2.0,summable injection,136,0.949694067361387,61,0.8834293323723077,0.0012042227241343883,0.8830846672957335,0.8803122631557114,0.4224111671168882,0.0011475294870314614,0.42267040870395467,0.4236059414317008
FB2,0.12,0.65,0.54,2.2500000000000004,512,1024,0.0069830446129513744,2.0,summable injection,137,0.9566771119743382,62,0.8793565766654168,0.0012030315150111264,0.8788726546420287,0.8761550572114978,0.4215674277765361,0.0011475064170005324,0.42164768707551176,0.4225794173663844
FB2,0.12,0.65,0.54,2.2500000000000004,512,1024,0.0069830446129513744,2.0,summable injection,138,0.9636601565872897,62,0.8753558079678002,0.0012092904812937481,0.8746493078217182,0.8719861440372021,0.4207520578130867,0.001155184457174939,0.42057713768875243,0.42150495428088547
FB2,0.12,0.65,0.54,2.2500000000000004,512,1024,0.0069830446129513744,2.0,summable injection,139,0.9706432012002411,63,0.8710049785291825,0.0012039174662279155,0.870481346829628,0.8678724098736844,0.41953557438119116,0.0011505526713659236,0.41952341776847135,0.4204473580907432
FB2,0.12,0.65,0.54,2.2500000000000004,512,1024,0.0069830446129513744,2.0,summable injection,140,0.9776262458131925,63,0.8669717143339805,0.001190230079690133,0.8663032914151143,0.8637482066616455,0.41858135756577775,0.001136966646962952,0.4184242236251832,0.4193441824304117
FB2,0.12,0.65,0.54,2.2500000000000004,512,1024,0.0069830446129513744,2.0,summable injection,141,0.9846092904261438,64,0.8627538026842132,0.0011939912167100285,0.862179713108162,0.859678267238225,0.4174222039921869,0.001141947685563026,0.41734214269963515,0.41825815865724264
FB2,0.12,0.65,0.54,2.2500000000000004,512,1024,0.0069830446129513744,2.0,summable injection,142,0.9915923350390952,64,0.8587470744235417,0.0011854781438523795,0.8580471886481016,0.855599005686642,0.41640348840257035,0.0011346538676706432,0.4162168116925248,0.41712878526114666
FB2,0.12,0.65,0.54,2.2500000000000004,512,1024,0.0069830446129513744,2.0,summable injection,143,0.9985753796520466,64,0.8544703646643148,0.0011840821163610442,0.8539682428506847,0.8515731034199,0.41510398144498595,0.0011344301144076412,0.415108845531617,0.41601681653558603
FB2,0.12,0.65,0.54,2.2500000000000004,512,1024,0.0069830446129513744,2.0,summable injection,144,1.005558424264998,65,0.8504979709683177,0.0011769424517188622,0.8499420187321409,0.8475996998677916,0.41408573039908414,0.0011281189627409323,0.4140179662870329,0.4149219744472666
FB2,0.12,0.65,0.54,2.2500000000000004,512,1024,0.0069830446129513744,2.0,summable injection,145,1.0125414688779493,65,0.8466971641924319,0.0011740664323698258,0.8459070797122692,0.8436172007313592,0.413171719483716,0.0011263989450558214,0.4128856690379198,0.4137856201264944
FB2,0.12,0.65,0.54,2.2500000000000004,512,1024,0.0069830446129513744,2.0,summable injection,146,1.0195245134909006,66,0.8427602293827215,0.0011675352417545623,0.8419240049123162,0.8396863374476646,0.4120654142630796,0.0011208916885448242,0.41177068949813617,0.41266662428524287
FB2,0.12,0.65,0.54,2.2500000000000004,512,1024,0.0069830446129513744,2.0,summable injection,147,1.026507558103852,66,0.8389125314979593,0.001170783330859845,0.8379332294610048,0.8357473921339184,0.41104586600416326,0.0011248955920364757,0.4106162898137964,0.41150811918623864
FB2,0.12,0.65,0.54,2.2500000000000004,512,1024,0.0069830446129513744,2.0,summable injection,148,1.0334906027168034,67,0.8346782396105954,0.0011689432152249075,0.8339934708033765,0.8318592302502206,0.4095909521906916,0.001123824363106234,0.40947941025103474,0.4103671759513242
FB2,0.12,0.65,0.54,2.2500000000000004,512,1024,0.0069830446129513744,2.0,summable injection,149,1.040473647329755,67,0.8309521137422482,0.001159204096618214,0.8300469519352375,0.8279639262843863,0.4086441395296101,0.0011148245342511934,0.4083050012178891,0.4091886189883583
FB2,0.12,0.65,0.54,2.2500000000000004,512,1024,0.0069830446129513744,2.0,summable injection,150,1.0474566919427062,68,0.8269377356507311,0.0011546475127804624,0.8261506128603338,0.8241185641437687,0.4073521099286684,0.001111029807781503,0.4071482881867178,0.40802780066826566
FB2,0.12,0.65,0.54,2.2500000000000004,512,1024,0.0069830446129513744,2.0,summable injection,151,1.0544397365556575,68,0.8232277215365802,0.0011534159105766367,0.822248385526067,0.8202669315791162,0.40631996033211504,0.0011105339889677102,0.4059558356446205,0.406831163189658
FB2,0.12,0.65,0.54,2.2500000000000004,512,1024,0.0069830446129513744,2.0,summable injection,152,1.061422781168609,68,0.819310384072163,0.0011536945233916805,0.8183955117437176,0.8164644103718555,0.4050782507582965,0.0011115727081069885,0.40478123018600753,0.4056524162628342
FB2,0.12,0.65,0.54,2.2500000000000004,512,1024,0.0069830446129513744,2.0,summable injection,153,1.0684058257815603,69,0.8153482407892461,0.0011486780377336619,0.8145912180887771,0.8127102244760438,0.4037699912016813,0.0011070242063012715,0.4036241906947355,0.4044912785831568
FB2,0.12,0.65,0.54,2.2500000000000004,512,1024,0.0069830446129513744,2.0,summable injection,154,1.0753888703945116,69,0.8114084478383191,0.0011476641775989796,0.8107810925327464,0.8089498218092332,0.4024721899362935,0.0011068358724957857,0.40243283288590764,0.4032957471313534
FB2,0.12,0.65,0.54,2.2500000000000004,512,1024,0.0069830446129513744,2.0,summable injection,155,1.082371915007463,70,0.8075225918991423,0.001144931233840115,0.807018758740053,0.8052369624208522,0.40122319546953655,0.0011047776249462112,0.4012591781607724,0.4021179627831744
FB2,0.12,0.65,0.54,2.2500000000000004,512,1024,0.0069830446129513744,2.0,summable injection,156,1.0893549596204144,70,0.8037336124750314,0.0011386942128430763,0.8032513682653691,0.8015186617698424,0.4000158823661465,0.0010996247853563262,0.40005282020978195,0.4009074038927508
FB2,0.12,0.65,0.54,2.2500000000000004,512,1024,0.0069830446129513744,2.0,summable injection,157,1.0963380042333657,71,0.8000671480503795,0.001131007609947268,0.7995309914602327,0.7978471229784753,0.39888074712144983,0.0010925328779710292,0.39886428049498707,0.3997147079351764
FB2,0.12,0.65,0.54,2.2500000000000004,512,1024,0.0069830446129513744,2.0,summable injection,158,1.1033210488463172,71,0.7963264473139033,0.001132332994396269,0.7958062773514869,0.79417086277381,0.3976603941329079,0.0010944106001766019,0.3976445684863283,0.3984907722983678
FB2,0.12,0.65,0.54,2.2500000000000004,512,1024,0.0069830446129513744,2.0,summable injection,159,1.1103040934592685,72,0.7925850694839836,0.0011310518287320796,0.792127809314423,0.7905405938364867,0.39639259022182816,0.0010936803943010075,0.3964427693434096,0.39728479483986323
FB2,0.12,0.65,0.54,2.2500000000000004,512,1024,0.0069830446129513744,2.0,summable injection,160,1.11728713807222,72,0.7889657523066509,0.0011251269227287848,0.788445671406028,0.7869062715660581,0.3952583730379262,0.0010885017260982548,0.3952112495647559,0.3960490330947037
FB2,0.12,0.65,0.54,2.2500000000000004,512,1024,0.0069830446129513744,2.0,summable injection,161,1.1242701826851713,73,0.7853338174630669,0.0011133485613571215,0.7848090226518557,0.7833171809685398,0.39406417821859446,0.0010770888545786224,0.3939977181109933,0.39483130554462653
FB2,0.12,0.65,0.54,2.2500000000000004,512,1024,0.0069830446129513744,2.0,summable injection,162,1.1312532272981226,73,0.7816472748536742,0.0011089010974853558,0.7811693231149922,0.77972465694643,0.3927826266162567,0.0010731540108978796,0.39275584296780736,0.3935851742020637
FB2,0.12,0.65,0.54,2.2500000000000004,512,1024,0.0069830446129513744,2.0,summable injection,163,1.1382362719110741,74,0.7779675989519792,0.0011017433986304274,0.7775743666425992,0.7761766161351616,0.39144731390525256,0.0010663769411467033,0.3915320137082661,0.3923571351151404
FB2,0.12,0.65,0.54,2.2500000000000004,512,1024,0.0069830446129513744,2.0,summable injection,164,1.1452193165240254,74,0.774297751989439,0.0011001335986760043,0.7739769334671357,0.772625716965514,0.3901557549551269,0.0010657850712133413,0.39028114725685426,0.39110200210395585
FB2,0.12,0.65,0.54,2.2500000000000004,512,1024,0.0069830446129513744,2.0,summable injection,165,1.1522023611369767,75,0.7708767800667733,0.0010902589866716584,0.7704235082078257,0.7691185637782213,0.38906088991453697,0.0010561110461187915,0.38904836754020294,0.38986500264789803
FB2,0.12,0.65,0.54,2.2500000000000004,512,1024,0.0069830446129513744,2.0,summable injection,166,1.1591854057499282,75,0.7672003785250807,0.001089387155159291,0.7668681384048678,0.7656090855398482,0.38768249606224114,0.0010558562898269036,0.38778979066716573,0.38860215250542474
FB2,0.12,0.65,0.54,2.2500000000000004,512,1024,0.0069830446129513744,2.0,summable injection,167,1.1661684503628795,76,0.7637090664836872,0.0010839884937371975,0.7633560523946218,0.7621426273601635,0.38646894191883807,0.0010506381153317856,0.3865493257928417,0.38735746157929396
FB2,0.12,0.65,0.54,2.2500000000000004,512,1024,0.0069830446129513744,2.0,summable injection,168,1.1731514949758308,76,0.7602307992645485,0.0010774520813461586,0.7598425149429974,0.7586743385352472,0.3852725168411637,0.0010442931409419003,0.3852842410665175,0.3860881003135641
FB2,0.12,0.65,0.54,2.2500000000000004,512,1024,0.0069830446129513744,2.0,summable injection,169,1.1801345395887823,77,0.7565244107705583,0.0010670012973967513,0.7563715482416565,0.7552483551944107,0.3838018474395111,0.0010339473441022514,0.38403727906848073,0.3848369093421619
FB2,0.12,0.65,0.54,2.2500000000000004,512,1024,0.0069830446129513744,2.0,summable injection,170,1.1871175842017336,77,0.7532584030337497,0.0010649303146242123,0.7528995867995246,0.7518209993625231,0.38271399772318404,0.0010325074871918986,0.38276681528584455,0.38356216898898227
FB2,0.12,0.65,0.54,2.2500000000000004,512,1024,0.0069830446129513744,2.0,summable injection,171,1.194100628814685,78,0.7498025042347316,0.0010539762308430076,0.7494694941778131,0.7484352458091272,0.3814635668409685,0.0010219566416680504,0.3815144714160609,0.3823055964164426
FB2,0.12,0.65,0.54,2.2500000000000004,512,1024,0.0069830446129513744,2.0,summable injection,172,1.2010836734276364,78,0.7464691391793182,0.0010524853899641106,0.7460388295786842,0.7450485441258915,0.38027732234972916,0.0010209218455934858,0.38023968786661777,0.3810265393129659
FB2,0.12,0.65,0.54,2.2500000000000004,512,1024,0.0069830446129513744,2.0,summable injection,173,1.2080667180405877,79,0.7430653605313253,0.0010561196222746995,0.7426493429921144,0.7417027528827371,0.3790109607250443,0.0010251166034315254,0.37898300879950897,0.37976563481681674
FB2,0.12,0.65,0.54,2.2500000000000004,512,1024,0.0069830446129513744,2.0,summable injection,174,1.2150497626535393,79,0.7394756400742386,0.0010495400422170884,0.739259675542849,0.738356406360733,0.377551386928564,0.0010187257229078174,0.37770489926597184,0.3784832576114281
FB2,0.12,0.65,0.54,2.2500000000000004,512,1024,0.0069830446129513744,2.0,summable injection,175,1.2220328072664906,79,0.7359827723119912,0.0010406311985483281,0.7359105064098574,0.7350502897861795,0.3761602730999507,0.0010101292270016057,0.3764448670433508,0.37721900605666947
FB2,0.12,0.65,0.54,2.2500000000000004,512,1024,0.0069830446129513744,2.0,summable injection,176,1.2290158518794418,80,0.7325067016167808,0.0010336016787116141,0.7326012304627771,0.7317837972202554,0.3747659405704367,0.001003543922551742,0.37520263624856265,0.3759726039334782
FB2,0.12,0.65,0.54,2.2500000000000004,512,1024,0.0069830446129513744,2.0,summable injection,177,1.2359988964923934,80,0.7291946341180291,0.0010281501300167739,0.7292915453847982,0.7285165221743657,0.37350712215334625,0.000998427239331867,0.3739396646881506,0.37470542094871706
FB2,0.12,0.65,0.54,2.2500000000000004,512,1024,0.0069830446129513744,2.0,summable injection,178,1.2429819411053447,81,0.7259206308202095,0.0010299395258035388,0.7260211050758221,0.7252882222668293,0.3722600396458506,0.001000444240756785,0.37269446532948936,0.37345605833290224
FB2,0.12,0.65,0.54,2.2500000000000004,512,1024,0.0069830446129513744,2.0,summable injection,179,1.249964985718296,81,0.7225088419887802,0.001029473534194125,0.7227506092689497,0.7220594956269222,0.3708564835185563,0.001000347188254238,0.37142944571775727,0.3721868377108971
FB2,0.12,0.65,0.54,2.2500000000000004,512,1024,0.0069830446129513744,2.0,summable injection,180,1.2569480303312475,82,0.7194538606878336,0.0010236125730247554,0.7195187201251798,0.7188691057746603,0.36978174965012517,0.0009947047834652605,0.3701821586367967,0.3709353979131959
FB2,0.12,0.65,0.54,2.2500000000000004,512,1024,0.0069830446129513744,2.0,summable injection,181,1.2639310749441988,83,0.7160560057016834,0.0010214746907782244,0.7162871027094755,0.7156786186468858,0.36836698149270464,0.0009929559771096037,0.36891592676486507,0.36966497779731095
FB2,0.12,0.65,0.54,2.2500000000000004,512,1024,0.0069830446129513744,2.0,summable injection,182,1.27091411955715,83,0.7129981983165599,0.0010117668053197305,0.7130566150544846,0.7124888950798561,0.3672508747400644,0.0009834328536772188,0.36763184891811684,0.3683766786487266
FB2,0.12,0.65,0.54,2.2500000000000004,512,1024,0.0069830446129513744,2.0,summable injection,183,1.2778971641701016,84,0.7098315616251933,0.001008229140398474,0.7098640393445139,0.7093368140422561,0.3660090780373564,0.0009801484782260242,0.36636565930140597,0.36710631654098375
FB2,0.12,0.65,0.54,2.2500000000000004,512,1024,0.0069830446129513744,2.0,summable injection,184,1.2848802087830529,84,0.7065955151662728,0.0010010521205423334,0.7066728546230134,0.706185760136554,0.36468858530162507,0.0009731222746648666,0.36508240765608446,0.36581886136425096
FB2,0.12,0.65,0.54,2.2500000000000004,512,1024,0.0069830446129513744,2.0,summable injection,185,1.2918632533960042,85,0.7033637792314436,0.0010028211061354957,0.7035189562789628,0.7030717234156023,0.36335205363962875,0.0009753289791847818,0.36381696906985317,0.3645492680904586
FB2,0.12,0.65,0.54,2.2500000000000004,512,1024,0.0069830446129513744,2.0,summable injection,186,1.2988462980089557,85,0.7003323609256192,0.0009963357509231848,0.7003666892576721,0.6999589566078928,0.3622086547643504,0.0009689573779952661,0.362535214413387,0.36326332962131763
FB2,0.12,0.65,0.54,2.2500000000000004,512,1024,0.0069830446129513744,2.0,summable injection,187,1.305829342621907,86,0.6972287751934801,0.0009935798918578216,0.697251093805106,0.6968825925737271,0.3609587797521795,0.0009667531499617537,0.36127119017958687,0.3619951704200728
FB2,0.12,0.65,0.54,2.2500000000000004,512,1024,0.0069830446129513744,2.0,summable injection,188,1.3128123872348585,86,0.693892077630371,0.000985949397456053,0.6941373504985602,0.6938077218212366,0.35947332564770607,0.0009595684609026081,0.3599915598365535,0.36071137780240903
FB2,0.12,0.65,0.54,2.2500000000000004,512,1024,0.0069830446129513744,2.0,summable injection,189,1.3197954318478098,87,0.6907971237978836,0.0009867660066101237,0.6910596746087119,0.6907686502535658,0.35821299104088167,0.0009610322465481162,0.3587295703820309,0.35944527488983086
FB2,0.12,0.65,0.54,2.2500000000000004,512,1024,0.0069830446129513744,2.0,summable injection,190,1.326778476460761,87,0.6877714159245221,0.0009778331389247107,0.6879840534660331,0.6877312772065631,0.3569919978160705,0.000952545618080042,0.357452650656919,0.35816421612472477
FB2,0.12,0.65,0.54,2.2500000000000004,512,1024,0.0069830446129513744,2.0,summable injection,191,1.3337615210737126,88,0.6848706475531827,0.0009756100760160011,0.6849439061348301,0.6847291104596909,0.3558951500368075,0.0009505247792030107,0.3561932759223966,0.35690075110966396
FB2,0.12,0.65,0.54,2.2500000000000004,512,1024,0.0069830446129513744,2.0,summable injection,192,1.340744565686664,88,0.6819378892207455,0.000973172648649841,0.6819059991320663,0.6817288305399272,0.35469892542422066,0.0009483092546081157,0.3549196144006968,0.3556229753624786
FB2,0.12,0.65,0.54,2.2500000000000004,512,1024,0.0069830446129513744,2.0,summable injection,193,1.3477276102996152,89,0.6789436824606381,0.0009693769627820929,0.6789029827656936,0.6787631746147007,0.35344923339508816,0.0009449260757438935,0.35366339611008185,0.3543626915217663
FB2,0.12,0.65,0.54,2.2500000000000004,512,1024,0.0069830446129513744,2.0,summable injection,194,1.3547106549125667,89,0.6759526389855984,0.0009630167323215968,0.6759023764109788,0.675799578007065,0.35219080116089363,0.0009388450533440303,0.352393503826694,0.35308871129627684
FB2,0.12,0.65,0.54,2.2500000000000004,512,1024,0.0069830446129513744,2.0,summable injection,195,1.361693699525518,90,0.6730280062250716,0.0009671164773193236,0.6729360878251444,0.6728700335369158,0.35097969951630914,0.0009434702920782219,0.3511409476255763,0.3518321157188888
FB2,0.12,0.65,0.54,2.2500000000000004,512,1024,0.0069830446129513744,2.0,summable injection,196,1.3686767441384693,90,0.6700483700251987,0.0009653385949375723,0.6699723640833459,0.6699427061009755,0.3497121308508701,0.0009419127482765337,0.3498753011088793,0.35056240890681306
FB2,0.12,0.65,0.54,2.2500000000000004,512,1024,0.0069830446129513744,2.0,summable injection,197,1.3756597887514208,91,0.6670907552867951,0.0009563566642763844,0.6670423954228357,0.6670488692586387,0.348438957838165,0.0009332880562636254,0.348626878580448,0.34930997451519197
FB2,0.12,0.65,0.54,2.2500000000000004,512,1024,0.0069830446129513744,2.0,summable injection,198,1.382642833364372,91,0.664188463095368,0.0009511938965947863,0.6641151325658193,0.664157393366193,0.3471926045689443,0.0009284343522696111,0.3473659217797923,0.3480449863288945
FB2,0.12,0.65,0.54,2.2500000000000004,512,1024,0.0069830446129513744,2.0,summable injection,199,1.3896258779773236,92,0.6614385717213612,0.0009466547349290738,0.6612210721503993,0.6612988566971694,0.34608067791227065,0.0009241522017386343,0.34612207234581926,0.34679715378509207
FB2,0.12,0.65,0.54,2.2500000000000004,512,1024,0.0069830446129513744,2.0,summable injection,200,1.396608922590275,92,0.6585645635285159,0.0009483596735129625,0.6583298455385536,0.6584428120014569,0.34483946656422304,0.000926210524737207,0.34486621844965626,0.34553729858068694
FB2,0.12,0.65,0.54,2.2500000000000004,512,1024,0.0069830446129513744,2.0,summable injection,201,1.4035919672032262,93,0.6558246424505845,0.0009408331753111818,0.6554712786407948,0.6556191651897847,0.34370486132802325,0.0009188902111355385,0.3436273511636622,0.34429447808445207
FB2,0.12,0.65,0.54,2.2500000000000004,512,1024,0.0069830446129513744,2.0,summable injection,202,1.4105750118161777,93,0.6529023432781729,0.0009385695980270464,0.6526156614410084,0.6527981293315408,0.3424083014902951,0.0009170151861811659,0.34237698431502905,0.3430401410820358
FB2,0.12,0.65,0.54,2.2500000000000004,512,1024,0.0069830446129513744,2.0,summable injection,203,1.417558056429129,94,0.6501300871365594,0.000935512139617525,0.6497921710011682,0.6500089599030134,0.34121574059895676,0.0009141835214969979,0.34114347955425217,0.34180271406748
FB2,0.12,0.65,0.54,2.2500000000000004,512,1024,0.0069830446129513744,2.0,summable injection,204,1.4245411010420803,95,0.647097265856797,0.0009283548336823065,0.646971734846046,0.6472225091581554,0.3397496289100739,0.0009072161431483552,0.3398989564698686,0.34055425297476083
FB2,0.12,0.65,0.54,2.2500000000000004,512,1024,0.0069830446129513744,2.0,summable injection,205,1.4315241456550318,95,0.6445026029653259,0.0009282319944741298,0.6441548919108393,0.6444393187809991,0.33871827235089746,0.0009074224407958708,0.3386441201470571,0.3392954644256952
FB2,0.12,0.65,0.54,2.2500000000000004,512,1024,0.0069830446129513744,2.0,summable injection,206,1.4385071902679831,,0.6417479891130661,0.0009280006977003665,0.6413695793000025,0.6416874012011583,0.33750728080192466,0.0009074877617215962,0.3374061306630557,0.33805357058310453
